candidate_id,experience_years,education_level,college_tier,role_track,location_type,internships_count,github_projects,dsa_problems_solved,certifications_count,has_python,has_sql,has_react_node,has_cloud_aws,has_docker_k8s,has_ml_pytorch,has_system_design,total_skills,salary_lpa,readiness_tier,coding_intensity_index,cloud_devops_depth,ai_data_depth,fullstack_systems_depth,college_tier_score,education_score,loc_tier1_hub,loc_remote,skill_breadth,competitiveness_score,cluster,pca_1,pca_2,pca_3,cluster_archetype
CP-1000,1.0,B.Tech/B.E,Tier 1 (IIT/NIT/BITS),Data Science & AI/ML,Tier 1 Tech Hub (Bengaluru/NCR/Hyd),0,3,56.0,0,1,0,1,0,0,0,0,2,13.15,Junior Associate,3.5,0,1,1,3,3.0,1,0,2,41.0,2,-2.199526701758214,-0.9399731663470159,-1.3710149709377035,Cloud & DevOps Infrastructure Architects
CP-1001,6.6,M.Tech/M.S,Tier 2 (Top State/Private),Data Science & AI/ML,Tier 1 Tech Hub (Bengaluru/NCR/Hyd),0,3,74.0,1,1,0,0,1,1,1,1,5,34.64,High-Demand Specialist,3.95,2,2,1,2,4.0,1,0,5,73.2,3,3.113424101885523,-1.6525496469630112,1.5800699350745393,Emerging Full-Stack & Entry Developers
CP-1002,2.9,Non-CS Degree,Tier 3 (Affiliated Colleges),Data Analytics & BI,Tier 2 City,2,3,136.0,1,0,1,0,1,0,1,0,3,16.92,Job-Ready Mid-Level,8.5,1,2,0,1,1.0,0,0,3,48.5,0,-0.026721404676594812,0.7346161985885981,1.3057947741717075,Core Systems & Algorithmic Backend Specialists
CP-1003,2.0,B.Tech/B.E,Tier 3 (Affiliated Colleges),Full Stack Web,Tier 1 Tech Hub (Bengaluru/NCR/Hyd),0,3,114.0,1,1,0,0,0,0,1,0,2,15.26,Job-Ready Mid-Level,4.95,0,2,0,1,3.0,1,0,2,40.1,1,-2.0007096538601368,-0.3617832719704511,-0.2077372270713572,Applied AI/ML & Data Science Specialists
CP-1004,0.4,MCA,Tier 2 (Top State/Private),Data Analytics & BI,Tier 2 City,1,3,113.0,0,1,1,0,1,0,0,0,3,8.65,Entry-Level Learner,6.42,1,2,0,2,2.5,0,0,3,41.3,1,-0.6356188416206313,-0.3024650154509083,1.431100326516297,Applied AI/ML & Data Science Specialists
CP-1005,0.4,BCA/B.Sc CS,Tier 2 (Top State/Private),Full Stack Web,Remote Global,1,4,129.0,2,0,0,1,0,0,0,1,2,16.91,Job-Ready Mid-Level,7.52,0,0,2,2,2.0,0,1,2,37.4,2,-1.9606613308200544,-0.02020455671313691,-2.0995842364010255,Cloud & DevOps Infrastructure Architects
CP-1006,0.1,Non-CS Degree,Tier 2 (Top State/Private),Full Stack Web,Tier 1 Tech Hub (Bengaluru/NCR/Hyd),1,6,129.0,0,1,1,0,0,0,0,0,2,8.38,Entry-Level Learner,8.92,0,2,0,2,1.0,1,0,2,35.2,1,-1.8790337904647323,1.1965408257562669,-0.4478164859578833,Applied AI/ML & Data Science Specialists
CP-1007,4.4,B.Tech/B.E,Tier 1 (IIT/NIT/BITS),Full Stack Web,Tier 1 Tech Hub (Bengaluru/NCR/Hyd),1,4,65.0,0,1,0,0,0,1,0,0,2,25.95,High-Demand Specialist,5.92,1,1,0,3,3.0,1,0,2,62.1,2,-0.831740533783503,0.9093522526870106,1.4545775921442707,Cloud & DevOps Infrastructure Architects
CP-1008,2.0,MCA,Tier 2 (Top State/Private),Data Analytics & BI,Tier 1 Tech Hub (Bengaluru/NCR/Hyd),0,2,40.0,0,1,0,1,0,0,0,0,2,13.8,Junior Associate,2.4,0,1,1,2,2.5,1,0,2,38.5,2,-2.4692144969376453,-1.4212604889054878,-1.337092623683108,Cloud & DevOps Infrastructure Architects
CP-1009,2.7,B.Tech/B.E,Tier 2 (Top State/Private),Data Science & AI/ML,Remote Global,2,4,153.0,1,1,1,0,0,1,0,1,4,27.62,High-Demand Specialist,9.62,1,2,1,2,3.0,0,1,4,63.9,0,1.9285163909025422,0.6941360116770631,0.3033504732475409,Core Systems & Algorithmic Backend Specialists
CP-1010,0.0,B.Tech/B.E,Tier 2 (Top State/Private),Data Science & AI/ML,Tier 2 City,0,2,0.0,1,1,0,0,0,0,0,0,1,3.9,Entry-Level Learner,1.4,0,1,0,2,3.0,0,0,1,24.2,2,-4.296276778848009,-1.4492991071775398,0.25131490705388226,Cloud & DevOps Infrastructure Architects
CP-1011,7.7,B.Tech/B.E,Tier 3 (Affiliated Colleges),Cloud & DevOps,Remote Global,1,10,54.0,0,1,0,0,1,0,0,0,2,32.97,High-Demand Specialist,9.85,1,1,0,1,3.0,0,1,2,63.3,0,-0.06481285971754566,2.799832375082512,1.7712326703016168,Core Systems & Algorithmic Backend Specialists
CP-1012,3.9,Non-CS Degree,Tier 2 (Top State/Private),Full Stack Web,Tier 1 Tech Hub (Bengaluru/NCR/Hyd),0,3,62.0,1,1,1,1,1,1,0,0,5,21.08,Job-Ready Mid-Level,3.65,2,2,1,2,1.0,1,0,5,57.9,3,2.112551771009533,-2.1274563857043507,1.4572376853192233,Emerging Full-Stack & Entry Developers
CP-1013,0.5,M.Tech/M.S,Tier 2 (Top State/Private),Full Stack Web,Tier 2 City,1,7,29.0,0,1,0,1,0,0,0,0,2,11.43,Junior Associate,7.12,0,1,1,2,4.0,0,0,2,43.5,2,-1.536968679008894,0.760264241057929,-1.2922455140909055,Cloud & DevOps Infrastructure Architects
CP-1014,0.4,MCA,Tier 2 (Top State/Private),Cloud & DevOps,Tier 1 Tech Hub (Bengaluru/NCR/Hyd),1,4,31.0,0,0,1,1,1,0,0,0,3,13.26,Junior Associate,5.07,1,1,1,2,2.5,1,0,3,39.1,2,-0.8405057906791883,-0.88508732150299,0.11545953557217399,Cloud & DevOps Infrastructure Architects
CP-1015,0.4,Non-CS Degree,Tier 3 (Affiliated Colleges),Full Stack Web,Tier 1 Tech Hub (Bengaluru/NCR/Hyd),3,7,117.0,1,0,1,0,1,0,0,0,2,15.12,Job-Ready Mid-Level,12.32,1,1,0,1,1.0,1,0,2,38.2,0,-1.1850589009327601,2.7321065313982897,1.2243372394411562,Core Systems & Algorithmic Backend Specialists
CP-1016,0.8,B.Tech/B.E,Tier 2 (Top State/Private),Cloud & DevOps,Remote Global,1,2,32.0,0,0,0,0,1,0,1,0,2,16.43,Job-Ready Mid-Level,3.7,1,1,0,2,3.0,0,1,2,36.2,2,-2.246991559159527,-0.8824101441047406,2.002586316980594,Cloud & DevOps Infrastructure Architects
CP-1017,1.6,B.Tech/B.E,Tier 1 (IIT/NIT/BITS),Full Stack Web,Tier 1 Tech Hub (Bengaluru/NCR/Hyd),1,2,237.0,0,1,0,0,0,1,1,0,3,22.94,Job-Ready Mid-Level,8.82,1,2,0,3,3.0,1,0,3,57.1,0,0.3069151291436364,0.7815395779017271,1.268216056141084,Core Systems & Algorithmic Backend Specialists
CP-1018,1.2,B.Tech/B.E,Tier 2 (Top State/Private),Data Analytics & BI,Remote Global,3,4,34.0,0,1,1,1,0,0,0,1,4,22.27,Job-Ready Mid-Level,8.15,0,2,2,2,3.0,0,1,4,54.0,3,1.302496328525773,0.060613733817412516,-2.7018754368628777,Emerging Full-Stack & Entry Developers
CP-1019,0.8,B.Tech/B.E,Tier 3 (Affiliated Colleges),Cloud & DevOps,Tier 1 Tech Hub (Bengaluru/NCR/Hyd),1,3,44.0,0,0,0,1,0,1,0,0,2,13.23,Junior Associate,4.7,1,0,1,1,3.0,1,0,2,33.7,2,-2.347342378198308,-0.732055671671394,0.4746239244455192,Cloud & DevOps Infrastructure Architects
CP-1020,2.1,B.Tech/B.E,Tier 2 (Top State/Private),Full Stack Web,Tier 2 City,1,6,16.0,2,1,1,1,0,1,1,0,5,17.31,Job-Ready Mid-Level,6.1,1,3,1,2,3.0,0,0,5,59.2,3,2.66103017020394,-0.8978755094559521,-0.23030645948164735,Emerging Full-Stack & Entry Developers
CP-1021,0.3,B.Tech/B.E,Tier 3 (Affiliated Colleges),Cloud & DevOps,Tier 1 Tech Hub (Bengaluru/NCR/Hyd),1,4,53.0,2,1,1,0,0,1,0,0,3,11.01,Junior Associate,5.62,1,2,0,1,3.0,1,0,3,36.9,1,-0.812159179615037,-0.5903528500141715,1.3161910690570102,Applied AI/ML & Data Science Specialists
CP-1022,0.8,B.Tech/B.E,Tier 3 (Affiliated Colleges),Backend Systems,Tier 1 Tech Hub (Bengaluru/NCR/Hyd),1,4,205.0,2,1,1,0,0,1,0,0,3,15.12,Job-Ready Mid-Level,9.43,1,2,0,1,3.0,1,0,3,45.8,1,-0.06726711088045377,0.7801541959704646,1.3002506650024614,Applied AI/ML & Data Science Specialists
CP-1023,1.0,B.Tech/B.E,Tier 3 (Affiliated Colleges),Full Stack Web,Tier 1 Tech Hub (Bengaluru/NCR/Hyd),2,4,51.0,0,1,1,1,0,0,0,0,3,15.61,Job-Ready Mid-Level,7.07,0,2,1,1,3.0,1,0,3,42.8,1,-0.47268441998781235,0.12913765461803217,-1.718132946084659,Applied AI/ML & Data Science Specialists
CP-1024,1.3,B.Tech/B.E,Tier 3 (Affiliated Colleges),Full Stack Web,Tier 1 Tech Hub (Bengaluru/NCR/Hyd),0,2,44.0,3,1,0,0,0,0,0,0,1,8.57,Entry-Level Learner,2.5,0,1,0,1,3.0,1,0,1,28.4,2,-3.928125351307193,-0.9733431627713788,0.08820658555100959,Cloud & DevOps Infrastructure Architects
CP-1025,3.4,B.Tech/B.E,Tier 2 (Top State/Private),Data Analytics & BI,Tier 1 Tech Hub (Bengaluru/NCR/Hyd),1,3,38.0,1,1,0,0,0,0,1,0,2,19.83,Job-Ready Mid-Level,4.55,0,2,0,2,3.0,1,0,2,50.6,1,-1.4687265946816865,0.10542703085272237,-0.3206128476422553,Applied AI/ML & Data Science Specialists
CP-1026,0.5,Non-CS Degree,Tier 1 (IIT/NIT/BITS),Cloud & DevOps,Tier 2 City,1,3,0.0,2,1,0,0,1,0,0,0,2,10.53,Junior Associate,3.6,1,1,0,3,1.0,0,0,2,32.5,2,-2.468290805879056,-0.7793192156987552,1.5906179364498405,Cloud & DevOps Infrastructure Architects
CP-1027,1.6,M.Tech/M.S,Tier 3 (Affiliated Colleges),Data Science & AI/ML,Tier 1 Tech Hub (Bengaluru/NCR/Hyd),2,5,30.0,2,1,1,1,0,0,0,1,4,18.56,Job-Ready Mid-Level,7.25,0,2,2,1,4.0,1,0,4,53.4,3,1.298180640099296,-0.30652761885092183,-3.0494213574093094,Emerging Full-Stack & Entry Developers
CP-1028,2.0,Non-CS Degree,Tier 2 (Top State/Private),Backend Systems,Tier 1 Tech Hub (Bengaluru/NCR/Hyd),2,4,26.0,1,0,1,0,0,0,0,0,1,12.85,Junior Associate,6.45,0,1,0,2,1.0,1,0,1,36.4,2,-3.1364042349202492,1.0777127966856894,-0.2202887014352331,Cloud & DevOps Infrastructure Architects
CP-1029,0.1,B.Tech/B.E,Tier 1 (IIT/NIT/BITS),Data Science & AI/ML,Tier 1 Tech Hub (Bengaluru/NCR/Hyd),1,3,53.0,0,1,1,0,0,0,1,0,3,15.47,Job-Ready Mid-Level,4.92,0,3,0,3,3.0,1,0,3,43.1,1,-0.6525898426619821,-0.6183280529899371,-0.570459547916419,Applied AI/ML & Data Science Specialists
CP-1030,2.1,B.Tech/B.E,Tier 3 (Affiliated Colleges),Data Analytics & BI,Tier 1 Tech Hub (Bengaluru/NCR/Hyd),1,4,143.0,1,1,0,1,0,1,1,0,4,20.01,Job-Ready Mid-Level,7.88,1,2,1,1,3.0,1,0,4,53.8,3,1.2833738065437386,-0.160692324306317,-0.08348898802407069,Emerging Full-Stack & Entry Developers
CP-1031,0.4,M.Tech/M.S,Tier 2 (Top State/Private),Data Analytics & BI,Tier 2 City,1,4,136.0,0,1,1,1,1,1,0,1,6,16.36,Job-Ready Mid-Level,7.7,2,2,2,2,4.0,0,0,6,60.7,3,3.88483407042364,-1.5635039218314537,0.34861431186026004,Emerging Full-Stack & Entry Developers
CP-1032,0.1,B.Tech/B.E,Tier 2 (Top State/Private),Backend Systems,Remote Global,1,6,29.0,0,0,1,0,0,1,0,1,3,15.53,Job-Ready Mid-Level,6.42,1,1,1,2,3.0,0,1,3,41.4,2,-0.5843544013079441,-0.46842168007046786,0.6056176877695315,Cloud & DevOps Infrastructure Architects
CP-1033,6.5,B.Tech/B.E,Tier 2 (Top State/Private),Data Science & AI/ML,Tier 1 Tech Hub (Bengaluru/NCR/Hyd),2,4,46.0,0,1,0,1,1,0,0,0,3,29.56,High-Demand Specialist,6.95,1,1,1,2,3.0,1,0,3,66.8,0,0.7782362326376314,0.9390023794193558,0.01057774620010855,Core Systems & Algorithmic Backend Specialists
CP-1034,7.4,B.Tech/B.E,Tier 2 (Top State/Private),Cloud & DevOps,Tier 1 Tech Hub (Bengaluru/NCR/Hyd),3,6,132.0,1,1,1,1,1,0,0,0,4,35.92,High-Demand Specialist,12.0,1,2,1,2,3.0,1,0,4,79.4,0,3.2030534530742614,2.6939320455408833,-0.3701770249107585,Core Systems & Algorithmic Backend Specialists
CP-1035,3.6,B.Tech/B.E,Tier 3 (Affiliated Colleges),Full Stack Web,Tier 2 City,2,5,136.0,0,1,1,1,0,0,1,0,4,19.52,Job-Ready Mid-Level,9.9,0,3,1,1,3.0,0,0,4,64.7,0,2.033471526793643,1.147112639704597,-1.8531160116405634,Core Systems & Algorithmic Backend Specialists
CP-1036,0.8,B.Tech/B.E,Tier 2 (Top State/Private),Full Stack Web,Tier 1 Tech Hub (Bengaluru/NCR/Hyd),0,2,13.0,2,1,1,1,1,0,0,0,4,13.03,Junior Associate,1.72,1,2,1,2,3.0,1,0,4,41.2,3,0.07415560812453821,-2.7391377108595703,0.005473634002567375,Emerging Full-Stack & Entry Developers
CP-1037,0.2,B.Tech/B.E,Tier 2 (Top State/Private),Data Science & AI/ML,Tier 1 Tech Hub (Bengaluru/NCR/Hyd),2,8,64.0,0,1,1,1,0,0,0,0,3,12.46,Junior Associate,10.2,0,2,1,2,3.0,1,0,3,48.2,0,0.18367680241101417,1.6012397166396966,-1.857665550564583,Core Systems & Algorithmic Backend Specialists
CP-1038,2.5,BCA/B.Sc CS,Tier 2 (Top State/Private),Cloud & DevOps,Tier 1 Tech Hub (Bengaluru/NCR/Hyd),3,8,27.0,1,0,1,1,1,0,0,1,4,24.45,High-Demand Specialist,10.77,1,1,2,2,2.0,1,0,4,61.7,0,2.098061221955104,1.4639136293710868,-1.5156807777474526,Core Systems & Algorithmic Backend Specialists
CP-1039,1.3,B.Tech/B.E,Tier 3 (Affiliated Colleges),Full Stack Web,Tier 1 Tech Hub (Bengaluru/NCR/Hyd),1,4,15.0,0,1,0,0,1,1,0,1,4,16.73,Job-Ready Mid-Level,4.68,2,1,1,1,3.0,1,0,4,44.5,3,0.5312315180883879,-1.5380541618247152,1.7747471454405188,Emerging Full-Stack & Entry Developers
CP-1040,0.3,B.Tech/B.E,Tier 3 (Affiliated Colleges),Data Science & AI/ML,Tier 1 Tech Hub (Bengaluru/NCR/Hyd),1,2,0.0,2,1,0,0,1,0,0,0,2,9.78,Junior Associate,2.9,1,1,0,1,3.0,1,0,2,28.2,2,-2.6690828572302454,-1.2412015579486169,1.586911972534422,Cloud & DevOps Infrastructure Architects
CP-1041,1.5,M.Tech/M.S,Tier 2 (Top State/Private),Cloud & DevOps,Tier 1 Tech Hub (Bengaluru/NCR/Hyd),2,5,0.0,1,1,1,0,1,0,1,0,4,22.1,Job-Ready Mid-Level,6.5,1,3,0,2,4.0,1,0,4,55.8,1,1.5011689677612285,0.047779190538575954,0.9229272280685717,Applied AI/ML & Data Science Specialists
CP-1042,0.1,B.Tech/B.E,Tier 3 (Affiliated Colleges),Data Analytics & BI,Tier 2 City,1,6,125.0,0,1,1,0,1,1,0,0,4,11.41,Junior Associate,8.82,2,2,0,1,3.0,0,0,4,45.4,3,1.0575193030111505,0.16372261012472678,2.994827384181272,Emerging Full-Stack & Entry Developers
CP-1043,5.3,B.Tech/B.E,Tier 1 (IIT/NIT/BITS),Data Analytics & BI,Tier 1 Tech Hub (Bengaluru/NCR/Hyd),3,4,38.0,1,0,1,0,0,0,0,0,1,27.77,High-Demand Specialist,8.25,0,1,0,3,3.0,1,0,1,64.8,2,-1.4574746021859075,2.721835821070752,-0.27627571478153057,Cloud & DevOps Infrastructure Architects
CP-1044,0.7,MCA,Tier 3 (Affiliated Colleges),Backend Systems,Tier 1 Tech Hub (Bengaluru/NCR/Hyd),1,3,49.0,0,0,1,0,1,0,1,1,4,18.03,Job-Ready Mid-Level,4.82,1,2,1,1,2.5,1,0,4,40.2,3,0.3456574307272132,-1.7291124181123596,-0.0554295336069974,Emerging Full-Stack & Entry Developers
CP-1045,2.4,B.Tech/B.E,Tier 2 (Top State/Private),Full Stack Web,Tier 1 Tech Hub (Bengaluru/NCR/Hyd),1,4,111.0,1,1,1,0,0,0,0,0,2,17.83,Job-Ready Mid-Level,7.07,0,2,0,2,3.0,1,0,2,49.8,1,-1.282023426781973,0.8923209178974506,-0.33387345279698327,Applied AI/ML & Data Science Specialists
CP-1046,0.8,B.Tech/B.E,Tier 3 (Affiliated Colleges),Backend Systems,Tier 1 Tech Hub (Bengaluru/NCR/Hyd),2,4,147.0,1,0,1,0,0,1,1,0,3,15.83,Job-Ready Mid-Level,9.48,1,2,0,1,3.0,1,0,3,45.8,0,0.028763889990500238,0.9703661968942554,1.2306791101283587,Core Systems & Algorithmic Backend Specialists
CP-1047,1.6,B.Tech/B.E,Tier 1 (IIT/NIT/BITS),Backend Systems,Tier 1 Tech Hub (Bengaluru/NCR/Hyd),1,3,46.0,0,1,0,0,0,0,0,1,2,17.5,Job-Ready Mid-Level,4.75,0,1,1,3,3.0,1,0,2,46.1,2,-1.7947180300855745,-0.31269424133213053,-1.4188305881538996,Cloud & DevOps Infrastructure Architects
CP-1048,1.7,B.Tech/B.E,Tier 2 (Top State/Private),Full Stack Web,Remote Global,2,2,56.0,1,1,1,0,0,0,0,0,2,15.95,Job-Ready Mid-Level,5.8,0,2,0,2,3.0,0,1,2,44.2,1,-1.6759689173352776,0.30623691818607396,0.12190035830588422,Applied AI/ML & Data Science Specialists
CP-1049,0.4,BCA/B.Sc CS,Tier 2 (Top State/Private),Data Science & AI/ML,Tier 1 Tech Hub (Bengaluru/NCR/Hyd),1,4,25.0,0,1,0,1,0,0,1,0,3,12.96,Junior Associate,4.92,0,2,1,2,2.0,1,0,3,37.3,1,-1.0045238130723062,-0.8694548303065538,-1.7238672657890597,Applied AI/ML & Data Science Specialists
CP-1050,7.7,M.Tech/M.S,Tier 3 (Affiliated Colleges),Full Stack Web,Tier 2 City,1,5,56.0,1,1,0,1,1,1,1,0,5,28.56,High-Demand Specialist,6.4,2,2,1,1,4.0,0,0,5,73.2,3,3.5204016944939496,-0.35065530336589845,1.64052704256084,Emerging Full-Stack & Entry Developers
CP-1051,3.3,B.Tech/B.E,Tier 2 (Top State/Private),Full Stack Web,Tier 1 Tech Hub (Bengaluru/NCR/Hyd),0,3,66.0,1,1,1,1,0,0,0,0,3,18.28,Job-Ready Mid-Level,3.75,0,2,1,2,3.0,1,0,3,53.0,1,-0.39830282359446334,-1.0562222556566783,-1.606542293221249,Applied AI/ML & Data Science Specialists
CP-1052,6.2,BCA/B.Sc CS,Tier 3 (Affiliated Colleges),Cloud & DevOps,Tier 2 City,1,5,54.0,1,0,1,1,0,0,0,0,2,19.36,Job-Ready Mid-Level,6.35,0,1,1,1,2.0,0,0,2,54.3,2,-1.1011769786065506,0.7488628721068312,-1.3208110352161262,Cloud & DevOps Infrastructure Architects
CP-1053,5.0,B.Tech/B.E,Tier 2 (Top State/Private),Cloud & DevOps,Tier 1 Tech Hub (Bengaluru/NCR/Hyd),1,4,41.0,2,1,0,0,0,0,0,1,2,24.0,High-Demand Specialist,5.32,0,1,1,2,3.0,1,0,2,59.9,2,-0.9875691787508581,0.4037489679006201,-1.4454615307378116,Cloud & DevOps Infrastructure Architects
CP-1054,2.0,B.Tech/B.E,Tier 2 (Top State/Private),Data Analytics & BI,Tier 1 Tech Hub (Bengaluru/NCR/Hyd),2,7,144.0,1,1,1,0,0,0,0,1,3,20.58,Job-Ready Mid-Level,11.5,0,2,1,2,3.0,1,0,3,59.4,0,0.818478325509247,2.101739038950344,-1.8251002036192627,Core Systems & Algorithmic Backend Specialists
CP-1055,5.6,BCA/B.Sc CS,Tier 1 (IIT/NIT/BITS),Full Stack Web,Tier 2 City,0,8,62.0,1,0,0,1,0,1,1,0,3,23.2,Job-Ready Mid-Level,7.15,1,1,1,3,2.0,0,0,3,68.2,0,0.8224463438509361,0.8238661155934064,0.17898672498873622,Core Systems & Algorithmic Backend Specialists
CP-1056,0.2,B.Tech/B.E,Tier 3 (Affiliated Colleges),Data Science & AI/ML,Tier 1 Tech Hub (Bengaluru/NCR/Hyd),1,4,45.0,2,1,1,1,0,0,1,0,4,11.17,Junior Associate,5.42,0,3,1,1,3.0,1,0,4,40.2,1,0.46630944179348466,-1.244309667293173,-1.8967099900197335,Applied AI/ML & Data Science Specialists
CP-1057,0.5,B.Tech/B.E,Tier 2 (Top State/Private),Data Analytics & BI,Tier 2 City,0,2,10.0,2,0,1,1,0,0,1,0,3,9.05,Junior Associate,1.65,0,2,1,2,3.0,0,0,3,35.5,1,-1.3548685348918164,-2.4290142437609656,-1.3703658990793661,Applied AI/ML & Data Science Specialists
CP-1058,0.1,B.Tech/B.E,Tier 3 (Affiliated Colleges),Full Stack Web,Tier 1 Tech Hub (Bengaluru/NCR/Hyd),1,6,147.0,1,1,1,0,1,1,0,0,4,15.24,Job-Ready Mid-Level,9.38,2,2,0,1,3.0,1,0,4,46.3,0,1.1893267104645942,0.3779462704918694,2.8118797321752065,Core Systems & Algorithmic Backend Specialists
CP-1059,0.9,B.Tech/B.E,Tier 3 (Affiliated Colleges),Backend Systems,Remote Global,3,6,207.0,2,1,1,0,1,1,1,0,5,25.29,High-Demand Specialist,13.88,2,3,0,1,3.0,0,1,5,62.0,0,3.662893203173022,1.9895939395135323,2.8611519884693184,Core Systems & Algorithmic Backend Specialists
CP-1060,1.1,B.Tech/B.E,Tier 3 (Affiliated Colleges),Data Science & AI/ML,Tier 2 City,1,1,142.0,3,0,1,1,1,1,0,1,5,14.72,Junior Associate,5.75,2,1,2,1,3.0,0,0,5,49.5,3,2.005629229760509,-2.259744375186033,0.6726935057055003,Emerging Full-Stack & Entry Developers
CP-1061,0.7,MCA,Tier 2 (Top State/Private),Backend Systems,Remote Global,1,5,351.0,0,0,0,0,1,1,1,0,3,24.46,High-Demand Specialist,13.78,2,1,0,2,2.5,0,1,3,55.1,0,0.7561860067724651,2.2712477794821333,3.4686318554557265,Core Systems & Algorithmic Backend Specialists
CP-1062,3.9,B.Tech/B.E,Tier 3 (Affiliated Colleges),Data Science & AI/ML,Tier 1 Tech Hub (Bengaluru/NCR/Hyd),1,2,23.0,0,1,1,0,1,0,0,1,4,23.47,Job-Ready Mid-Level,3.47,1,2,1,1,3.0,1,0,4,55.5,3,0.8887792516215837,-1.6580197212601153,-0.03305683945327329,Emerging Full-Stack & Entry Developers
CP-1063,1.0,B.Tech/B.E,Tier 3 (Affiliated Colleges),Data Science & AI/ML,Tier 1 Tech Hub (Bengaluru/NCR/Hyd),0,1,0.0,0,1,1,1,1,0,0,1,5,14.82,Junior Associate,0.7,1,2,2,1,3.0,1,0,5,40.5,3,0.9542806010521042,-4.05050894674324,-1.2706317703424397,Emerging Full-Stack & Entry Developers
CP-1064,0.7,B.Tech/B.E,Tier 1 (IIT/NIT/BITS),Data Science & AI/ML,Tier 2 City,1,3,45.0,3,1,1,1,1,1,0,0,5,14.04,Junior Associate,4.72,2,2,1,3,3.0,0,0,5,54.1,3,2.2411956637794366,-1.8068441436315006,1.6436796856157219,Emerging Full-Stack & Entry Developers
CP-1065,1.7,M.Tech/M.S,Tier 3 (Affiliated Colleges),Cloud & DevOps,Remote Global,1,2,29.0,0,1,0,1,0,0,0,0,2,15.1,Job-Ready Mid-Level,3.62,0,1,1,1,4.0,0,1,2,39.5,2,-2.2027736499543447,-0.9152818693874395,-0.8507170918668384,Cloud & DevOps Infrastructure Architects
CP-1066,0.3,BCA/B.Sc CS,Tier 1 (IIT/NIT/BITS),Data Analytics & BI,Remote Global,1,4,30.0,1,1,0,1,0,0,0,0,2,15.3,Job-Ready Mid-Level,5.05,0,1,1,3,2.0,0,1,2,37.0,2,-2.188651309237007,-0.3420605342716862,-1.0410593942018995,Cloud & DevOps Infrastructure Architects
CP-1067,3.6,BCA/B.Sc CS,Tier 2 (Top State/Private),Full Stack Web,Tier 1 Tech Hub (Bengaluru/NCR/Hyd),2,7,64.0,2,1,0,0,1,0,0,0,2,21.43,Job-Ready Mid-Level,9.5,1,1,0,2,2.0,1,0,2,56.8,0,-0.5614296221814412,2.345839970087837,1.2661645924000147,Core Systems & Algorithmic Backend Specialists
CP-1068,0.2,M.Tech/M.S,Tier 1 (IIT/NIT/BITS),Backend Systems,Tier 2 City,2,6,37.0,3,1,1,1,1,1,0,0,5,16.32,Job-Ready Mid-Level,8.12,2,2,1,3,4.0,0,0,5,60.4,3,3.0399321626501945,-0.11921387879629056,1.5337958706279597,Emerging Full-Stack & Entry Developers
CP-1069,9.5,MCA,Tier 2 (Top State/Private),Cloud & DevOps,Tier 1 Tech Hub (Bengaluru/NCR/Hyd),2,5,33.0,1,0,1,0,1,0,0,0,2,36.24,High-Demand Specialist,7.32,1,1,0,2,2.5,1,0,2,61.7,0,-0.27949624519372873,1.8702613374378405,1.3327531168427371,Core Systems & Algorithmic Backend Specialists
CP-1070,3.3,B.Tech/B.E,Tier 2 (Top State/Private),Cloud & DevOps,Tier 1 Tech Hub (Bengaluru/NCR/Hyd),2,5,339.0,0,0,0,1,0,1,0,0,2,26.2,High-Demand Specialist,14.98,1,0,1,2,3.0,1,0,2,67.5,0,0.2641943062224488,3.7327951671048227,0.2684069909914787,Core Systems & Algorithmic Backend Specialists
CP-1071,0.5,B.Tech/B.E,Tier 2 (Top State/Private),Data Analytics & BI,Tier 1 Tech Hub (Bengaluru/NCR/Hyd),3,7,27.0,0,1,0,1,1,1,0,0,4,19.25,Job-Ready Mid-Level,10.07,2,1,1,2,3.0,1,0,4,53.7,0,1.6661747520326717,1.2016128873467453,1.4940106986091533,Core Systems & Algorithmic Backend Specialists
CP-1072,0.0,MCA,Tier 3 (Affiliated Colleges),Full Stack Web,Tier 1 Tech Hub (Bengaluru/NCR/Hyd),1,4,0.0,3,1,1,1,0,0,0,0,3,8.86,Entry-Level Learner,4.3,0,2,1,1,2.5,1,0,3,31.6,1,-1.2242648206617812,-1.2574121825803446,-1.6547632544574422,Applied AI/ML & Data Science Specialists
CP-1073,3.7,Non-CS Degree,Tier 1 (IIT/NIT/BITS),Full Stack Web,Remote Global,0,3,22.0,2,1,0,0,0,1,1,1,4,27.33,High-Demand Specialist,2.65,1,2,1,3,1.0,0,1,4,55.2,3,0.7272138716309606,-2.0896345559689258,0.3488009922208469,Emerging Full-Stack & Entry Developers
CP-1074,2.7,MCA,Tier 2 (Top State/Private),Backend Systems,Tier 1 Tech Hub (Bengaluru/NCR/Hyd),1,4,148.0,2,0,1,0,1,1,0,0,3,21.91,Job-Ready Mid-Level,8.0,2,1,0,2,2.5,1,0,3,55.5,0,0.3171475971965439,0.6072606436785825,3.0419372840827124,Core Systems & Algorithmic Backend Specialists
CP-1075,2.9,B.Tech/B.E,Tier 2 (Top State/Private),Backend Systems,Tier 2 City,2,5,148.0,2,1,1,0,1,0,0,0,3,17.12,Job-Ready Mid-Level,10.2,1,2,0,2,3.0,0,0,3,61.7,0,0.8788111861398172,1.8618403175269602,1.2969072745984525,Core Systems & Algorithmic Backend Specialists
CP-1076,3.2,B.Tech/B.E,Tier 2 (Top State/Private),Backend Systems,Tier 1 Tech Hub (Bengaluru/NCR/Hyd),0,5,22.0,0,1,0,1,0,0,0,0,2,17.08,Job-Ready Mid-Level,4.05,0,1,1,2,3.0,1,0,2,48.8,2,-1.7159547492891993,-0.31923888464822187,-1.4115620778355948,Cloud & DevOps Infrastructure Architects
CP-1077,0.2,B.Tech/B.E,Tier 3 (Affiliated Colleges),Backend Systems,Tier 1 Tech Hub (Bengaluru/NCR/Hyd),0,6,15.0,1,1,0,0,0,0,1,0,2,10.65,Junior Associate,4.57,0,2,0,1,3.0,1,0,2,30.5,1,-2.389239857821202,-0.4777526898828215,-0.26732144234311395,Applied AI/ML & Data Science Specialists
CP-1078,1.0,M.Tech/M.S,Tier 2 (Top State/Private),Data Science & AI/ML,Tier 1 Tech Hub (Bengaluru/NCR/Hyd),0,3,108.0,0,1,0,1,1,0,1,0,4,19.39,Job-Ready Mid-Level,4.8,1,2,1,2,4.0,1,0,4,50.5,3,0.8084476538270051,-1.4759540685025947,-0.0017238795092271025,Emerging Full-Stack & Entry Developers
CP-1079,0.3,B.Tech/B.E,Tier 3 (Affiliated Colleges),Data Analytics & BI,Tier 1 Tech Hub (Bengaluru/NCR/Hyd),1,3,37.0,1,1,0,1,1,0,0,0,3,11.56,Junior Associate,4.52,1,1,1,1,3.0,1,0,3,35.1,2,-1.0924324402675514,-1.2224166827777692,0.19072128198933602,Cloud & DevOps Infrastructure Architects
CP-1080,4.4,B.Tech/B.E,Tier 2 (Top State/Private),Full Stack Web,Tier 1 Tech Hub (Bengaluru/NCR/Hyd),1,5,378.0,0,1,1,1,0,1,0,0,4,28.44,High-Demand Specialist,14.45,1,2,1,2,3.0,1,0,4,80.5,0,3.086659147914423,2.680530816858382,-0.1741604034028393,Core Systems & Algorithmic Backend Specialists
CP-1081,2.1,MCA,Tier 3 (Affiliated Colleges),Backend Systems,Tier 2 City,1,6,39.0,0,1,1,1,1,1,0,1,6,16.27,Job-Ready Mid-Level,6.67,2,2,2,1,2.5,0,0,6,58.6,3,3.696943785499147,-1.6743541497492453,0.25841111068656136,Emerging Full-Stack & Entry Developers
CP-1082,0.9,B.Tech/B.E,Tier 2 (Top State/Private),Full Stack Web,Remote Global,0,4,24.0,2,1,1,1,1,0,0,0,4,16.82,Job-Ready Mid-Level,3.4,1,2,1,2,3.0,0,1,4,44.5,3,0.4224501557554,-2.0211374136515667,0.407553948652094,Emerging Full-Stack & Entry Developers
CP-1083,0.1,MCA,Tier 2 (Top State/Private),Cloud & DevOps,Tier 1 Tech Hub (Bengaluru/NCR/Hyd),1,1,217.0,1,0,1,1,0,0,0,0,2,12.96,Junior Associate,7.62,0,1,1,2,2.5,1,0,2,37.7,2,-1.9611224649121415,0.09311827166984048,-1.367681671770108,Cloud & DevOps Infrastructure Architects
CP-1084,0.8,B.Tech/B.E,Tier 3 (Affiliated Colleges),Full Stack Web,Tier 1 Tech Hub (Bengaluru/NCR/Hyd),0,1,67.0,3,1,1,1,0,0,0,0,3,10.3,Junior Associate,2.38,0,2,1,1,3.0,1,0,3,34.0,1,-1.4167063691241986,-2.281004184860197,-1.492958691450246,Applied AI/ML & Data Science Specialists
CP-1085,0.9,B.Tech/B.E,Tier 1 (IIT/NIT/BITS),Full Stack Web,Tier 1 Tech Hub (Bengaluru/NCR/Hyd),0,3,67.0,1,1,1,0,1,1,0,0,4,17.15,Job-Ready Mid-Level,3.77,2,2,0,3,3.0,1,0,4,49.3,3,0.6929663699435203,-1.6594574602175378,2.8963300221114854,Emerging Full-Stack & Entry Developers
CP-1086,2.9,B.Tech/B.E,Tier 3 (Affiliated Colleges),Data Science & AI/ML,Tier 2 City,1,7,67.0,0,1,0,0,0,0,0,0,1,11.86,Junior Associate,8.07,0,1,0,1,3.0,0,0,1,45.7,2,-2.5110848773999663,1.9047303463598286,0.0424101909938219,Cloud & DevOps Infrastructure Architects
CP-1087,2.2,M.Tech/M.S,Tier 3 (Affiliated Colleges),Backend Systems,Tier 1 Tech Hub (Bengaluru/NCR/Hyd),1,4,130.0,1,1,1,1,1,0,0,1,5,22.76,Job-Ready Mid-Level,7.55,1,2,2,1,4.0,1,0,5,61.1,3,2.7595497714431123,-0.9177898475490543,-1.4071545410815147,Emerging Full-Stack & Entry Developers
CP-1088,4.8,B.Tech/B.E,Tier 2 (Top State/Private),Data Analytics & BI,Tier 1 Tech Hub (Bengaluru/NCR/Hyd),1,4,3.0,2,1,1,0,1,0,0,0,3,24.12,High-Demand Specialist,4.38,1,2,0,2,3.0,1,0,3,61.5,1,0.2846195021391454,-0.10184675448323767,1.2067415625960292,Applied AI/ML & Data Science Specialists
CP-1089,1.4,B.Tech/B.E,Tier 1 (IIT/NIT/BITS),Data Science & AI/ML,Tier 1 Tech Hub (Bengaluru/NCR/Hyd),1,5,73.0,1,1,0,1,1,0,0,0,3,20.25,Job-Ready Mid-Level,6.82,1,1,1,3,3.0,1,0,3,52.7,2,0.009160380318079918,0.21120276284530853,0.05327398907005595,Cloud & DevOps Infrastructure Architects
CP-1090,0.3,Non-CS Degree,Tier 1 (IIT/NIT/BITS),Data Analytics & BI,Remote Global,0,5,0.0,2,1,0,1,0,0,0,1,3,16.83,Job-Ready Mid-Level,3.5,0,1,2,3,1.0,0,1,3,35.5,2,-1.3306455614268577,-1.8450844754179203,-2.3738558245030963,Cloud & DevOps Infrastructure Architects
CP-1091,2.7,B.Tech/B.E,Tier 3 (Affiliated Colleges),Cloud & DevOps,Tier 1 Tech Hub (Bengaluru/NCR/Hyd),2,4,217.0,0,1,1,0,0,0,0,0,2,18.05,Job-Ready Mid-Level,11.22,0,2,0,1,3.0,1,0,2,54.1,0,-0.6967102502014046,2.4504371966806757,-0.38068843956959775,Core Systems & Algorithmic Backend Specialists
CP-1092,3.1,BCA/B.Sc CS,Tier 3 (Affiliated Colleges),Full Stack Web,Tier 1 Tech Hub (Bengaluru/NCR/Hyd),0,2,49.0,0,1,0,1,0,1,0,1,4,18.58,Job-Ready Mid-Level,2.62,1,1,2,1,2.0,1,0,4,46.9,3,0.20327656765384577,-2.614177176897941,-1.0796682825420274,Emerging Full-Stack & Entry Developers
CP-1093,1.8,BCA/B.Sc CS,Tier 1 (IIT/NIT/BITS),Data Science & AI/ML,Remote Global,0,4,4.0,2,0,1,1,1,1,0,1,5,26.22,High-Demand Specialist,2.9,2,1,2,3,2.0,0,1,5,53.4,3,1.89686674272663,-2.880707141835027,0.8340088195998173,Emerging Full-Stack & Entry Developers
CP-1094,3.2,B.Tech/B.E,Tier 2 (Top State/Private),Data Analytics & BI,Tier 2 City,2,4,65.0,0,1,1,0,0,1,0,0,3,16.67,Job-Ready Mid-Level,7.42,1,2,0,2,3.0,0,0,3,58.6,1,0.36233919111858975,0.8453468095909465,1.3641226970092855,Applied AI/ML & Data Science Specialists
CP-1095,1.5,BCA/B.Sc CS,Tier 2 (Top State/Private),Cloud & DevOps,Tier 2 City,1,4,127.0,1,1,1,1,0,1,0,0,4,13.63,Junior Associate,7.48,1,2,1,2,2.0,0,0,4,51.2,3,1.0516615907903306,-0.3688999829693622,0.04109488548273838,Emerging Full-Stack & Entry Developers
CP-1096,1.6,B.Tech/B.E,Tier 3 (Affiliated Colleges),Full Stack Web,Tier 1 Tech Hub (Bengaluru/NCR/Hyd),0,3,128.0,0,0,1,0,1,0,0,0,2,14.46,Junior Associate,5.3,1,1,0,1,3.0,1,0,2,38.7,2,-2.029637963231846,-0.40995047254613787,1.6153666545875864,Cloud & DevOps Infrastructure Architects
CP-1097,1.2,BCA/B.Sc CS,Tier 1 (IIT/NIT/BITS),Cloud & DevOps,Remote Global,0,5,67.0,1,0,0,1,1,0,1,0,3,21.21,Job-Ready Mid-Level,5.18,1,1,1,3,2.0,0,1,3,45.9,2,-0.5228639818336625,-0.8242654755714208,0.5430831120611941,Cloud & DevOps Infrastructure Architects
CP-1098,0.1,B.Tech/B.E,Tier 2 (Top State/Private),Data Science & AI/ML,Tier 2 City,2,6,145.0,0,1,1,0,1,0,1,0,4,13.36,Junior Associate,10.82,1,3,0,2,3.0,0,0,4,52.9,0,1.6753551343382052,1.2784959515976022,1.0397925422743668,Core Systems & Algorithmic Backend Specialists
CP-1099,0.3,BCA/B.Sc CS,Tier 3 (Affiliated Colleges),Full Stack Web,Remote Global,2,8,73.0,1,1,0,1,1,0,1,0,4,18.12,Job-Ready Mid-Level,10.42,1,2,1,1,2.0,0,1,4,45.9,0,1.2902883168769042,0.9331980217940536,0.14113845182689208,Core Systems & Algorithmic Backend Specialists
CP-1100,0.1,B.Tech/B.E,Tier 1 (IIT/NIT/BITS),Data Science & AI/ML,Tier 2 City,0,4,23.0,3,1,1,0,0,0,0,0,2,9.01,Junior Associate,3.38,0,2,0,3,3.0,0,0,2,36.3,1,-2.239577106067042,-0.8744664327489607,-0.08857727592398562,Applied AI/ML & Data Science Specialists
CP-1101,2.2,BCA/B.Sc CS,Tier 2 (Top State/Private),Data Science & AI/ML,Tier 2 City,1,2,244.0,0,1,1,1,1,0,0,0,4,17.19,Job-Ready Mid-Level,9.0,1,2,1,2,2.0,0,0,4,57.2,3,1.3954749151196477,0.08928403083114986,0.046794955542807576,Emerging Full-Stack & Entry Developers
CP-1102,0.8,B.Tech/B.E,Tier 3 (Affiliated Colleges),Cloud & DevOps,Tier 1 Tech Hub (Bengaluru/NCR/Hyd),0,4,54.0,1,1,1,1,1,1,0,0,5,15.38,Job-Ready Mid-Level,4.15,2,2,1,1,3.0,1,0,5,45.3,3,1.678658461149649,-2.3512001916865253,1.5727188741518665,Emerging Full-Stack & Entry Developers
CP-1103,1.6,B.Tech/B.E,Tier 3 (Affiliated Colleges),Backend Systems,Tier 1 Tech Hub (Bengaluru/NCR/Hyd),1,4,138.0,0,1,0,0,0,1,0,1,3,18.89,Job-Ready Mid-Level,7.75,1,1,1,1,3.0,1,0,3,47.0,2,-0.2938764236575224,0.02795061523988651,0.20667602789410322,Cloud & DevOps Infrastructure Architects
CP-1104,5.2,B.Tech/B.E,Tier 2 (Top State/Private),Full Stack Web,Tier 2 City,0,2,250.0,0,1,1,1,0,0,1,0,4,21.12,Job-Ready Mid-Level,7.65,0,3,1,2,3.0,0,0,4,72.1,1,1.9768393890609124,-0.016841066381763203,-1.6837711955687176,Applied AI/ML & Data Science Specialists
CP-1105,0.6,B.Tech/B.E,Tier 1 (IIT/NIT/BITS),Data Science & AI/ML,Tier 1 Tech Hub (Bengaluru/NCR/Hyd),1,6,34.0,0,1,1,1,0,0,1,0,4,17.34,Job-Ready Mid-Level,6.55,0,3,1,3,3.0,1,0,4,52.5,1,1.14534360855597,-0.3129682204629116,-2.02377579000783,Applied AI/ML & Data Science Specialists
CP-1106,1.2,MCA,Tier 1 (IIT/NIT/BITS),Cloud & DevOps,Tier 1 Tech Hub (Bengaluru/NCR/Hyd),0,3,25.0,1,0,1,1,1,1,0,0,4,19.58,Job-Ready Mid-Level,2.72,2,1,1,3,2.5,1,0,4,47.5,3,0.4697561824099408,-2.262755473289808,1.7642871564734557,Emerging Full-Stack & Entry Developers
CP-1107,3.1,B.Tech/B.E,Tier 2 (Top State/Private),Backend Systems,Tier 1 Tech Hub (Bengaluru/NCR/Hyd),1,3,205.0,0,1,1,1,1,0,0,0,4,23.35,Job-Ready Mid-Level,8.72,1,2,1,2,3.0,1,0,4,64.4,0,1.7999851906900977,0.35355534035885877,-0.1286241678158075,Core Systems & Algorithmic Backend Specialists
CP-1108,0.6,Non-CS Degree,Tier 3 (Affiliated Colleges),Data Analytics & BI,Tier 2 City,1,6,36.0,0,1,1,0,0,0,1,0,3,8.44,Entry-Level Learner,6.6,0,3,0,1,1.0,0,0,3,33.8,1,-0.9512420957004045,-0.11248660273846235,-0.4875251211900298,Applied AI/ML & Data Science Specialists
CP-1109,0.2,Non-CS Degree,Tier 2 (Top State/Private),Backend Systems,Tier 1 Tech Hub (Bengaluru/NCR/Hyd),1,5,70.0,1,0,1,0,0,0,1,1,3,13.94,Junior Associate,6.75,0,2,1,2,1.0,1,0,3,36.2,1,-0.8501531863226669,-0.46004483750427805,-1.7581111044008935,Applied AI/ML & Data Science Specialists
CP-1110,0.8,BCA/B.Sc CS,Tier 3 (Affiliated Colleges),Full Stack Web,Tier 2 City,0,2,13.0,2,1,1,1,1,1,0,1,6,10.52,Junior Associate,1.72,2,2,2,1,2.0,0,0,6,42.3,3,2.3491439919009207,-4.254058274629035,0.435136391568211,Emerging Full-Stack & Entry Developers
CP-1111,0.4,B.Tech/B.E,Tier 3 (Affiliated Colleges),Data Analytics & BI,Tier 2 City,1,5,35.0,0,0,0,0,1,0,0,1,2,12.03,Junior Associate,5.88,1,0,1,1,3.0,0,0,2,33.7,2,-2.166240487913221,-0.32363713909515335,0.5964514658286519,Cloud & DevOps Infrastructure Architects
CP-1112,5.8,B.Tech/B.E,Tier 2 (Top State/Private),Data Science & AI/ML,Tier 1 Tech Hub (Bengaluru/NCR/Hyd),2,7,145.0,1,0,1,1,1,0,1,1,5,36.32,High-Demand Specialist,11.52,1,2,2,2,3.0,1,0,5,82.7,0,4.354753660393887,1.4724404455616642,-1.667723446968139,Core Systems & Algorithmic Backend Specialists
CP-1113,3.6,M.Tech/M.S,Tier 2 (Top State/Private),Full Stack Web,Tier 1 Tech Hub (Bengaluru/NCR/Hyd),1,4,41.0,1,1,1,0,0,0,1,1,4,26.11,High-Demand Specialist,5.32,0,3,1,2,4.0,1,0,4,64.4,1,1.611053210006618,-0.6320052565437704,-1.8956922703375791,Applied AI/ML & Data Science Specialists
CP-1114,2.2,B.Tech/B.E,Tier 2 (Top State/Private),Full Stack Web,Tier 1 Tech Hub (Bengaluru/NCR/Hyd),1,4,124.0,0,1,1,1,0,0,0,0,3,19.4,Job-Ready Mid-Level,7.4,0,2,1,2,3.0,1,0,3,53.5,1,-0.0002683265741528253,0.3366991887458364,-1.6984351444232277,Applied AI/ML & Data Science Specialists
CP-1115,4.5,B.Tech/B.E,Tier 3 (Affiliated Colleges),Full Stack Web,Tier 1 Tech Hub (Bengaluru/NCR/Hyd),1,4,242.0,1,1,1,1,0,0,0,0,3,23.63,Job-Ready Mid-Level,10.35,0,2,1,1,3.0,1,0,3,65.8,0,0.8680667222031742,1.5766987831968027,-1.6951886527530018,Core Systems & Algorithmic Backend Specialists
CP-1116,3.6,BCA/B.Sc CS,Tier 3 (Affiliated Colleges),Backend Systems,Tier 1 Tech Hub (Bengaluru/NCR/Hyd),1,3,30.0,1,0,1,0,0,0,0,1,2,19.8,Job-Ready Mid-Level,4.35,0,1,1,1,2.0,1,0,2,44.0,2,-1.90307795701599,-0.5342613037302069,-1.4013847338549417,Cloud & DevOps Infrastructure Architects
CP-1117,0.5,MCA,Tier 1 (IIT/NIT/BITS),Backend Systems,Tier 1 Tech Hub (Bengaluru/NCR/Hyd),1,5,44.0,1,0,1,0,0,0,0,0,1,14.37,Junior Associate,6.1,0,1,0,3,2.5,1,0,1,37.1,2,-3.095195336048567,0.8256371005269921,-0.13938009767216689,Cloud & DevOps Infrastructure Architects
CP-1118,4.9,M.Tech/M.S,Tier 3 (Affiliated Colleges),Data Science & AI/ML,Remote Global,3,4,114.0,0,1,1,0,0,0,1,0,3,32.7,High-Demand Specialist,10.15,0,3,0,1,4.0,0,1,3,70.6,0,1.2890140812472526,2.2511649701940484,-0.22264232387245814,Core Systems & Algorithmic Backend Specialists
CP-1119,1.7,B.Tech/B.E,Tier 2 (Top State/Private),Data Science & AI/ML,Tier 1 Tech Hub (Bengaluru/NCR/Hyd),0,4,114.0,2,1,1,1,0,0,0,0,3,15.27,Job-Ready Mid-Level,5.65,0,2,1,2,3.0,1,0,3,48.1,1,-0.4017310857929297,-0.5798071003364861,-1.6228152104031353,Applied AI/ML & Data Science Specialists
CP-1120,3.6,BCA/B.Sc CS,Tier 3 (Affiliated Colleges),Full Stack Web,Tier 2 City,0,4,55.0,0,1,0,1,0,0,1,0,3,14.61,Junior Associate,4.18,0,2,1,1,2.0,0,0,3,47.9,1,-0.6363066547345024,-0.9941192578572016,-1.4709163904486746,Applied AI/ML & Data Science Specialists
CP-1121,5.0,B.Tech/B.E,Tier 1 (IIT/NIT/BITS),Full Stack Web,Tier 1 Tech Hub (Bengaluru/NCR/Hyd),1,3,50.0,0,1,1,1,0,0,0,0,3,26.66,High-Demand Specialist,4.85,0,2,1,3,3.0,1,0,3,67.5,1,0.4163645955324874,-0.029103181932664705,-1.7263318430309875,Applied AI/ML & Data Science Specialists
CP-1122,0.8,B.Tech/B.E,Tier 2 (Top State/Private),Cloud & DevOps,Tier 2 City,3,4,41.0,1,0,1,0,0,0,0,0,1,9.71,Junior Associate,8.32,0,1,0,2,3.0,0,0,1,39.7,2,-2.6712847283987085,1.868910133427348,-0.020457023201562004,Cloud & DevOps Infrastructure Architects
CP-1123,0.3,MCA,Tier 3 (Affiliated Colleges),Backend Systems,Tier 1 Tech Hub (Bengaluru/NCR/Hyd),3,8,38.0,0,0,1,1,1,1,1,0,5,20.24,Job-Ready Mid-Level,11.05,2,2,1,1,2.5,1,0,5,52.7,0,2.948440240896463,0.9191635074449476,1.2317114989462414,Core Systems & Algorithmic Backend Specialists
CP-1124,0.6,B.Tech/B.E,Tier 2 (Top State/Private),Backend Systems,Tier 2 City,1,3,29.0,0,1,0,0,0,1,0,1,3,10.02,Junior Associate,4.32,1,1,1,2,3.0,0,0,3,40.4,2,-0.9372947056570765,-1.2951290728564562,0.3990862203501982,Cloud & DevOps Infrastructure Architects
CP-1125,1.2,B.Tech/B.E,Tier 2 (Top State/Private),Cloud & DevOps,Tier 2 City,1,4,107.0,1,1,1,0,0,0,1,0,3,12.58,Junior Associate,6.98,0,3,0,2,3.0,0,0,3,47.8,1,-0.19382246610735296,0.19138673964425584,-0.39795852602706994,Applied AI/ML & Data Science Specialists
CP-1126,3.7,B.Tech/B.E,Tier 1 (IIT/NIT/BITS),Data Analytics & BI,Tier 2 City,1,2,27.0,1,1,1,1,1,1,1,0,6,22.25,Job-Ready Mid-Level,3.58,2,3,1,3,3.0,0,0,6,71.3,3,4.059172436074069,-2.236658068533328,1.3879168673788214,Emerging Full-Stack & Entry Developers
CP-1127,4.3,MCA,Tier 2 (Top State/Private),Full Stack Web,Tier 1 Tech Hub (Bengaluru/NCR/Hyd),1,2,354.0,0,1,0,0,1,0,1,0,3,28.54,High-Demand Specialist,11.75,1,2,0,2,2.5,1,0,3,69.7,0,1.1623625381545173,2.074224802289043,1.212839158861693,Core Systems & Algorithmic Backend Specialists
CP-1128,0.0,M.Tech/M.S,Tier 2 (Top State/Private),Data Science & AI/ML,Tier 2 City,1,3,150.0,1,0,1,1,0,1,0,0,3,13.87,Junior Associate,7.35,1,1,1,2,4.0,0,0,3,45.6,2,-0.30751493769052807,-0.23399531039993662,0.41411030404140814,Cloud & DevOps Infrastructure Architects
CP-1129,1.6,BCA/B.Sc CS,Tier 3 (Affiliated Colleges),Full Stack Web,Tier 1 Tech Hub (Bengaluru/NCR/Hyd),2,4,39.0,2,0,0,1,0,0,0,0,1,13.65,Junior Associate,6.78,0,0,1,1,2.0,1,0,1,33.9,2,-3.21214009374497,0.867656283701711,-1.263365255830943,Cloud & DevOps Infrastructure Architects
CP-1130,1.2,M.Tech/M.S,Tier 2 (Top State/Private),Cloud & DevOps,Tier 1 Tech Hub (Bengaluru/NCR/Hyd),1,2,0.0,3,1,0,0,1,0,0,0,2,15.26,Job-Ready Mid-Level,2.9,1,1,0,2,4.0,1,0,2,40.0,2,-2.0270724530439863,-0.8846625932210498,1.58321724630616,Cloud & DevOps Infrastructure Architects
CP-1131,0.6,B.Tech/B.E,Tier 2 (Top State/Private),Data Analytics & BI,Tier 1 Tech Hub (Bengaluru/NCR/Hyd),1,4,107.0,0,1,0,1,0,0,0,1,3,16.01,Job-Ready Mid-Level,6.98,0,1,2,2,3.0,1,0,3,44.8,2,-0.5226635666099819,-0.39348297101641944,-2.7732536350152763,Cloud & DevOps Infrastructure Architects
CP-1132,0.3,B.Tech/B.E,Tier 3 (Affiliated Colleges),Data Science & AI/ML,Tier 1 Tech Hub (Bengaluru/NCR/Hyd),1,5,127.0,1,0,1,1,0,1,0,0,3,13.78,Junior Associate,8.18,1,1,1,1,3.0,1,0,3,41.2,2,-0.4187666449798644,0.12041460703648535,0.1705502958441656,Cloud & DevOps Infrastructure Architects
CP-1133,0.9,B.Tech/B.E,Tier 2 (Top State/Private),Full Stack Web,Tier 1 Tech Hub (Bengaluru/NCR/Hyd),1,6,343.0,0,1,1,0,1,0,0,0,3,19.42,Job-Ready Mid-Level,14.27,1,2,0,2,3.0,1,0,3,58.5,0,0.9769245638156726,2.811905092280743,1.1643423518700318,Core Systems & Algorithmic Backend Specialists
CP-1134,6.3,B.Tech/B.E,Tier 2 (Top State/Private),Full Stack Web,Tier 2 City,1,8,35.0,2,1,1,0,1,0,0,0,3,21.13,Job-Ready Mid-Level,7.98,1,2,0,2,3.0,0,0,3,68.5,0,1.1287650859742562,1.6052300994103743,1.2700506926464075,Core Systems & Algorithmic Backend Specialists
CP-1135,0.9,B.Tech/B.E,Tier 3 (Affiliated Colleges),Backend Systems,Tier 1 Tech Hub (Bengaluru/NCR/Hyd),1,4,31.0,2,1,1,1,1,1,1,1,7,22.1,Job-Ready Mid-Level,5.07,2,3,2,1,3.0,1,0,7,51.5,3,4.504431811307977,-3.0867311855121566,-0.08518681733106911,Emerging Full-Stack & Entry Developers
CP-1136,1.6,Non-CS Degree,Tier 3 (Affiliated Colleges),Full Stack Web,Tier 1 Tech Hub (Bengaluru/NCR/Hyd),0,1,253.0,0,1,1,1,0,0,0,1,4,16.67,Job-Ready Mid-Level,7.02,0,2,2,1,1.0,1,0,4,43.7,3,0.34670693073142195,-1.4870754820362202,-2.9299150733072157,Emerging Full-Stack & Entry Developers
CP-1137,2.7,B.Tech/B.E,Tier 3 (Affiliated Colleges),Data Analytics & BI,Tier 1 Tech Hub (Bengaluru/NCR/Hyd),0,4,68.0,1,1,1,1,0,1,0,0,4,17.17,Job-Ready Mid-Level,4.5,1,2,1,1,3.0,1,0,4,51.2,3,0.7857594292886672,-1.4428168078770285,-0.002797724649635478,Emerging Full-Stack & Entry Developers
CP-1138,1.0,B.Tech/B.E,Tier 3 (Affiliated Colleges),Data Analytics & BI,Tier 2 City,1,2,153.0,2,1,1,0,1,1,1,0,5,16.49,Job-Ready Mid-Level,6.72,2,3,0,1,3.0,0,0,5,50.6,3,2.2602188118636715,-1.255012429243246,2.838680444639455,Emerging Full-Stack & Entry Developers
CP-1139,7.8,B.Tech/B.E,Tier 1 (IIT/NIT/BITS),Data Science & AI/ML,Tier 1 Tech Hub (Bengaluru/NCR/Hyd),2,5,25.0,1,1,1,0,1,0,1,0,4,36.17,High-Demand Specialist,7.12,1,3,0,3,3.0,1,0,4,75.4,0,2.6123942611476174,1.0591396669369058,0.8106457955007819,Core Systems & Algorithmic Backend Specialists
CP-1140,7.2,B.Tech/B.E,Tier 3 (Affiliated Colleges),Cloud & DevOps,Tier 1 Tech Hub (Bengaluru/NCR/Hyd),0,2,117.0,1,1,1,0,0,0,0,1,3,26.97,High-Demand Specialist,4.32,0,2,1,1,3.0,1,0,3,58.2,1,-0.010518678786004194,-0.824404050173855,-1.538721095351323,Applied AI/ML & Data Science Specialists
CP-1141,0.6,MCA,Tier 1 (IIT/NIT/BITS),Backend Systems,Tier 2 City,1,2,0.0,2,0,0,1,1,0,0,1,3,14.38,Junior Associate,2.9,1,0,2,3,2.5,0,0,3,40.6,2,-1.0291611700406933,-2.0178306854634322,-0.7733085210882126,Cloud & DevOps Infrastructure Architects
CP-1142,1.5,B.Tech/B.E,Tier 3 (Affiliated Colleges),Full Stack Web,Tier 1 Tech Hub (Bengaluru/NCR/Hyd),0,5,126.0,2,1,0,0,0,1,0,1,3,16.78,Job-Ready Mid-Level,6.65,1,1,1,1,3.0,1,0,3,44.6,2,-0.462982796768297,-0.5017361805461897,0.2507426442530701,Cloud & DevOps Infrastructure Architects
CP-1143,0.8,B.Tech/B.E,Tier 2 (Top State/Private),Backend Systems,Tier 1 Tech Hub (Bengaluru/NCR/Hyd),0,4,62.0,1,1,1,1,0,1,0,0,4,14.13,Junior Associate,4.35,1,2,1,2,3.0,1,0,4,45.6,3,0.507452365965103,-1.6725077638531685,-0.018300821771496896,Emerging Full-Stack & Entry Developers
CP-1144,0.7,M.Tech/M.S,Tier 3 (Affiliated Colleges),Data Science & AI/ML,Tier 1 Tech Hub (Bengaluru/NCR/Hyd),3,3,361.0,2,1,1,1,0,0,0,0,3,18.98,Job-Ready Mid-Level,15.62,0,2,1,1,4.0,1,0,3,57.7,0,1.1181354234265015,3.1526453266322387,-1.739777027841844,Core Systems & Algorithmic Backend Specialists
CP-1145,0.1,B.Tech/B.E,Tier 3 (Affiliated Colleges),Data Science & AI/ML,Tier 2 City,2,6,10.0,1,1,0,1,0,1,0,0,3,8.46,Entry-Level Learner,7.45,1,1,1,1,3.0,0,0,3,39.0,2,-0.531000554523845,0.21827853373680708,0.2563751108098542,Cloud & DevOps Infrastructure Architects
CP-1146,2.1,B.Tech/B.E,Tier 3 (Affiliated Colleges),Backend Systems,Tier 2 City,0,1,47.0,0,0,1,1,1,1,0,1,5,16.25,Job-Ready Mid-Level,1.88,2,1,2,1,3.0,0,0,5,48.0,3,1.4378453580531685,-3.6315531048626655,0.7415469673691418,Emerging Full-Stack & Entry Developers
CP-1147,1.5,B.Tech/B.E,Tier 2 (Top State/Private),Data Analytics & BI,Tier 1 Tech Hub (Bengaluru/NCR/Hyd),1,11,60.0,1,1,1,0,1,0,0,0,3,16.06,Job-Ready Mid-Level,10.7,1,2,0,2,3.0,1,0,3,55.5,0,0.7348247703943026,2.2128055931167667,1.0387275097671236,Core Systems & Algorithmic Backend Specialists
CP-1148,0.1,BCA/B.Sc CS,Tier 2 (Top State/Private),Backend Systems,Tier 1 Tech Hub (Bengaluru/NCR/Hyd),0,2,235.0,0,1,1,0,0,0,1,0,3,12.76,Junior Associate,7.28,0,3,0,2,2.0,1,0,3,39.7,1,-0.7595421934090303,-0.3725478581566343,-0.49015144624217977,Applied AI/ML & Data Science Specialists
CP-1149,0.7,Non-CS Degree,Tier 3 (Affiliated Colleges),Cloud & DevOps,Tier 1 Tech Hub (Bengaluru/NCR/Hyd),3,8,53.0,0,1,1,1,0,1,0,0,4,15.93,Job-Ready Mid-Level,11.42,1,2,1,1,1.0,1,0,4,46.5,0,1.3531537939188156,1.5390098065046673,-0.3852228297491984,Core Systems & Algorithmic Backend Specialists
CP-1150,5.3,M.Tech/M.S,Tier 3 (Affiliated Colleges),Backend Systems,Tier 2 City,0,4,25.0,2,0,1,0,1,0,1,0,3,20.62,Job-Ready Mid-Level,3.42,1,2,0,1,4.0,0,0,3,59.9,1,0.17751822325452882,-0.7635666810256525,1.5248395195279287,Applied AI/ML & Data Science Specialists
CP-1151,0.6,B.Tech/B.E,Tier 1 (IIT/NIT/BITS),Data Analytics & BI,Remote Global,0,1,0.0,3,1,0,0,0,0,0,0,1,10.61,Junior Associate,0.7,0,1,0,3,3.0,0,1,1,30.2,2,-4.044333807061874,-1.6022633685687306,0.5176230403344506,Cloud & DevOps Infrastructure Architects
CP-1152,0.3,MCA,Tier 3 (Affiliated Colleges),Data Analytics & BI,Tier 1 Tech Hub (Bengaluru/NCR/Hyd),1,3,71.0,2,0,1,0,0,0,0,0,1,9.15,Junior Associate,5.38,0,1,0,1,2.5,1,0,1,26.6,2,-3.690394120982384,0.07026673150655441,-0.015397727181468401,Cloud & DevOps Infrastructure Architects
CP-1153,1.5,B.Tech/B.E,Tier 3 (Affiliated Colleges),Cloud & DevOps,Tier 1 Tech Hub (Bengaluru/NCR/Hyd),2,8,70.0,0,1,0,1,1,1,0,0,4,19.19,Job-Ready Mid-Level,10.35,2,1,1,1,3.0,1,0,4,55.0,0,1.7189443058796186,1.1921873374062173,1.5581734174008575,Core Systems & Algorithmic Backend Specialists
CP-1154,9.3,B.Tech/B.E,Tier 2 (Top State/Private),Full Stack Web,Tier 2 City,0,5,28.0,1,0,1,0,0,1,0,0,2,26.17,High-Demand Specialist,4.2,1,1,0,2,3.0,0,0,2,58.0,2,-0.8772594224446137,0.30595317354977525,1.7111067712290786,Cloud & DevOps Infrastructure Architects
CP-1155,0.6,B.Tech/B.E,Tier 3 (Affiliated Colleges),Backend Systems,Tier 2 City,1,2,135.0,3,0,0,0,1,0,0,0,1,10.28,Junior Associate,6.28,1,0,0,1,3.0,0,0,1,31.2,2,-3.3516880689619017,0.2940764161610854,2.008303184025569,Cloud & DevOps Infrastructure Architects
CP-1156,2.5,B.Tech/B.E,Tier 2 (Top State/Private),Full Stack Web,Remote Global,0,2,0.0,2,1,1,0,0,0,1,0,3,17.77,Job-Ready Mid-Level,1.4,0,3,0,2,3.0,0,1,3,45.0,1,-0.9077012375936604,-1.96624384812573,0.00258971094118457,Applied AI/ML & Data Science Specialists
CP-1157,3.2,B.Tech/B.E,Tier 2 (Top State/Private),Full Stack Web,Tier 2 City,2,6,133.0,3,1,1,1,1,0,0,0,4,19.58,Job-Ready Mid-Level,10.52,1,2,1,2,3.0,0,0,4,67.9,0,2.381782951916665,1.4835046638827496,-0.09893961861391892,Core Systems & Algorithmic Backend Specialists
CP-1158,0.6,BCA/B.Sc CS,Tier 2 (Top State/Private),Full Stack Web,Remote Global,0,2,213.0,0,1,1,0,1,0,0,0,3,15.29,Job-Ready Mid-Level,6.72,1,2,0,2,2.0,0,1,3,41.3,1,-0.7433200799184009,-0.5848665125326881,1.7797008354173343,Applied AI/ML & Data Science Specialists
CP-1159,2.9,MCA,Tier 2 (Top State/Private),Cloud & DevOps,Tier 1 Tech Hub (Bengaluru/NCR/Hyd),2,5,219.0,2,1,0,1,1,1,0,0,4,24.72,High-Demand Specialist,11.98,2,1,1,2,2.5,1,0,4,67.3,0,2.388942083591537,1.75581579249538,1.563462843559074,Core Systems & Algorithmic Backend Specialists
CP-1160,1.0,B.Tech/B.E,Tier 3 (Affiliated Colleges),Full Stack Web,Tier 1 Tech Hub (Bengaluru/NCR/Hyd),1,4,148.0,2,1,0,1,0,0,0,0,2,12.37,Junior Associate,8.0,0,1,1,1,3.0,1,0,2,40.2,2,-1.6903960747229787,0.6447029984058933,-1.4085752102812175,Cloud & DevOps Infrastructure Architects
CP-1161,2.2,B.Tech/B.E,Tier 2 (Top State/Private),Data Science & AI/ML,Tier 1 Tech Hub (Bengaluru/NCR/Hyd),1,2,65.0,0,0,1,1,1,0,0,0,3,17.97,Job-Ready Mid-Level,4.53,1,1,1,2,3.0,1,0,3,48.8,2,-0.4700160516283385,-0.9386569175727275,0.17128537563496313,Cloud & DevOps Infrastructure Architects
CP-1162,2.2,B.Tech/B.E,Tier 3 (Affiliated Colleges),Backend Systems,Tier 2 City,3,6,107.0,0,0,1,0,0,0,1,0,2,16.86,Job-Ready Mid-Level,11.38,0,2,0,1,3.0,0,0,2,51.8,0,-0.6068286021537355,2.7664952020923317,-0.3171034681463665,Core Systems & Algorithmic Backend Specialists
CP-1163,1.7,B.Tech/B.E,Tier 3 (Affiliated Colleges),Full Stack Web,Tier 1 Tech Hub (Bengaluru/NCR/Hyd),3,5,60.0,2,1,0,1,0,0,0,0,2,14.42,Junior Associate,9.5,0,1,1,1,3.0,1,0,2,46.2,2,-1.1135272072767848,1.842657879353762,-1.578365722889582,Cloud & DevOps Infrastructure Architects
CP-1164,0.2,BCA/B.Sc CS,Tier 3 (Affiliated Colleges),Cloud & DevOps,Tier 1 Tech Hub (Bengaluru/NCR/Hyd),1,6,0.0,0,1,0,0,0,0,0,0,1,5.41,Entry-Level Learner,5.7,0,1,0,1,2.0,1,0,1,25.1,2,-3.7636983132418056,0.5078730357165168,-0.11933196664235741,Cloud & DevOps Infrastructure Architects
CP-1165,4.0,B.Tech/B.E,Tier 1 (IIT/NIT/BITS),Data Science & AI/ML,Tier 1 Tech Hub (Bengaluru/NCR/Hyd),0,5,110.0,0,0,1,0,0,1,0,1,3,28.29,High-Demand Specialist,6.25,1,1,1,3,3.0,1,0,3,64.8,3,0.43401205025088263,-0.014759900670948081,0.16687876515048672,Emerging Full-Stack & Entry Developers
CP-1166,0.9,MCA,Tier 3 (Affiliated Colleges),Data Science & AI/ML,Tier 1 Tech Hub (Bengaluru/NCR/Hyd),1,3,251.0,0,0,1,1,1,0,0,0,3,17.3,Job-Ready Mid-Level,9.88,1,1,1,1,2.5,1,0,3,45.4,2,-0.16777350727708215,0.5835381354085873,0.15699082647585078,Cloud & DevOps Infrastructure Architects
CP-1167,0.5,B.Tech/B.E,Tier 2 (Top State/Private),Data Science & AI/ML,Remote Global,1,4,0.0,0,1,1,0,1,1,0,0,4,16.49,Job-Ready Mid-Level,4.3,2,2,0,2,3.0,0,1,4,44.0,3,0.5313821670067551,-1.411678468807418,3.3006449482846922,Emerging Full-Stack & Entry Developers
CP-1168,0.1,B.Tech/B.E,Tier 2 (Top State/Private),Cloud & DevOps,Tier 1 Tech Hub (Bengaluru/NCR/Hyd),1,3,30.0,0,1,1,1,0,1,0,1,5,14.37,Junior Associate,4.35,1,2,2,2,3.0,1,0,5,46.3,3,1.6410905354913516,-2.4180877316879417,-1.3896023604373797,Emerging Full-Stack & Entry Developers
CP-1169,2.0,B.Tech/B.E,Tier 2 (Top State/Private),Data Science & AI/ML,Tier 1 Tech Hub (Bengaluru/NCR/Hyd),1,6,28.0,0,1,1,1,0,0,1,0,4,17.43,Job-Ready Mid-Level,6.4,0,3,1,2,3.0,1,0,4,55.0,1,1.2519450418050486,-0.26940488738994417,-2.0024387858708876,Applied AI/ML & Data Science Specialists
CP-1170,2.5,B.Tech/B.E,Tier 2 (Top State/Private),Backend Systems,Tier 2 City,0,3,5.0,0,1,1,1,1,1,1,1,7,17.35,Job-Ready Mid-Level,2.22,2,3,2,2,3.0,0,0,7,58.9,3,4.441090331466028,-4.014207397225341,0.14745933068373113,Emerging Full-Stack & Entry Developers
CP-1171,0.0,B.Tech/B.E,Tier 3 (Affiliated Colleges),Data Science & AI/ML,Tier 1 Tech Hub (Bengaluru/NCR/Hyd),1,4,105.0,2,1,1,0,0,0,0,1,3,11.74,Junior Associate,6.92,0,2,1,1,3.0,1,0,3,37.6,1,-0.7385367254304875,-0.4592223555772872,-1.6144218438913538,Applied AI/ML & Data Science Specialists
CP-1172,1.6,M.Tech/M.S,Tier 2 (Top State/Private),Data Science & AI/ML,Tier 2 City,1,8,7.0,0,0,1,1,1,0,0,0,3,16.41,Job-Ready Mid-Level,7.28,1,1,1,2,4.0,0,0,3,53.5,2,0.22599275435641633,0.554299314225774,0.23373127498392657,Cloud & DevOps Infrastructure Architects
CP-1173,0.6,B.Tech/B.E,Tier 3 (Affiliated Colleges),Data Science & AI/ML,Tier 2 City,0,4,0.0,0,1,0,0,0,1,0,0,2,7.11,Entry-Level Learner,2.8,1,1,0,1,3.0,0,0,2,29.5,2,-2.720566965839042,-1.3116587312598682,1.8159464402252405,Cloud & DevOps Infrastructure Architects
CP-1174,2.3,BCA/B.Sc CS,Tier 1 (IIT/NIT/BITS),Data Science & AI/ML,Remote Global,1,4,67.0,1,0,0,1,1,0,1,0,3,27.0,High-Demand Specialist,5.98,1,1,1,3,2.0,0,1,3,52.7,2,-0.09927975018446357,-0.23942209566242165,0.48987025847186766,Cloud & DevOps Infrastructure Architects
CP-1175,0.4,B.Tech/B.E,Tier 2 (Top State/Private),Data Analytics & BI,Remote Global,1,5,232.0,1,0,1,0,0,0,0,0,1,15.92,Job-Ready Mid-Level,10.8,0,1,0,2,3.0,0,1,1,41.9,2,-2.4657900805082043,2.231225373268278,0.3617257190690664,Cloud & DevOps Infrastructure Architects
CP-1176,2.6,B.Tech/B.E,Tier 3 (Affiliated Colleges),Backend Systems,Tier 1 Tech Hub (Bengaluru/NCR/Hyd),1,7,133.0,0,1,1,1,0,0,0,0,3,16.88,Job-Ready Mid-Level,9.72,0,2,1,1,3.0,1,0,3,55.2,0,0.3771832116044149,1.3610995043441831,-1.752661785024671,Core Systems & Algorithmic Backend Specialists
CP-1177,1.1,B.Tech/B.E,Tier 3 (Affiliated Colleges),Cloud & DevOps,Tier 1 Tech Hub (Bengaluru/NCR/Hyd),0,6,122.0,0,1,1,0,0,1,0,0,3,12.97,Junior Associate,7.25,1,2,0,1,3.0,1,0,3,43.6,1,-0.42292599186857077,0.0675609214315271,1.3188052631504352,Applied AI/ML & Data Science Specialists
CP-1178,6.1,M.Tech/M.S,Tier 2 (Top State/Private),Data Science & AI/ML,Tier 1 Tech Hub (Bengaluru/NCR/Hyd),1,3,47.0,0,1,0,1,0,1,0,1,4,31.95,High-Demand Specialist,4.77,1,1,2,2,4.0,1,0,4,70.4,3,1.760693587254791,-0.8835223089436209,-1.153034516458719,Emerging Full-Stack & Entry Developers
CP-1179,0.3,B.Tech/B.E,Tier 2 (Top State/Private),Full Stack Web,Tier 1 Tech Hub (Bengaluru/NCR/Hyd),0,1,232.0,2,1,1,0,1,1,0,0,4,15.72,Job-Ready Mid-Level,6.5,2,2,0,2,3.0,1,0,4,46.7,3,0.7666016169116733,-1.1796100930819882,2.980032245213738,Emerging Full-Stack & Entry Developers
CP-1180,0.9,M.Tech/M.S,Tier 2 (Top State/Private),Full Stack Web,Tier 1 Tech Hub (Bengaluru/NCR/Hyd),1,4,33.0,1,1,1,1,0,1,1,0,5,17.01,Job-Ready Mid-Level,5.12,1,3,1,2,4.0,1,0,5,54.7,3,2.314581134431758,-1.5228677645466129,-0.30525964619215984,Emerging Full-Stack & Entry Developers
CP-1181,0.3,B.Tech/B.E,Tier 2 (Top State/Private),Backend Systems,Tier 1 Tech Hub (Bengaluru/NCR/Hyd),2,5,247.0,0,1,1,0,0,0,0,1,3,20.01,Job-Ready Mid-Level,12.68,0,2,1,2,3.0,1,0,3,52.8,0,0.5030541363545762,2.0155716365601526,-1.7598543440562502,Core Systems & Algorithmic Backend Specialists
CP-1182,5.7,M.Tech/M.S,Tier 3 (Affiliated Colleges),Data Science & AI/ML,Remote Global,1,2,30.0,2,0,1,0,0,0,0,0,1,25.36,High-Demand Specialist,3.65,0,1,0,1,4.0,0,1,1,51.9,2,-2.5733447327840167,0.24236322145885433,0.48874514668395735,Cloud & DevOps Infrastructure Architects
CP-1183,4.6,B.Tech/B.E,Tier 3 (Affiliated Colleges),Data Analytics & BI,Tier 1 Tech Hub (Bengaluru/NCR/Hyd),0,3,40.0,0,1,1,1,0,0,0,1,4,21.78,Job-Ready Mid-Level,3.1,0,2,2,1,3.0,1,0,4,58.4,3,0.8720716085097868,-1.9609564330651028,-2.920479582248596,Emerging Full-Stack & Entry Developers
CP-1184,0.7,BCA/B.Sc CS,Tier 2 (Top State/Private),Full Stack Web,Tier 1 Tech Hub (Bengaluru/NCR/Hyd),1,1,61.0,0,1,1,0,1,1,0,0,4,13.88,Junior Associate,3.72,2,2,0,2,2.0,1,0,4,41.0,3,0.21057550052073515,-1.884885354325851,2.8788853535186525,Emerging Full-Stack & Entry Developers
CP-1185,2.4,BCA/B.Sc CS,Tier 3 (Affiliated Colleges),Full Stack Web,Tier 1 Tech Hub (Bengaluru/NCR/Hyd),3,6,25.0,1,1,1,0,0,0,0,0,2,15.75,Job-Ready Mid-Level,9.32,0,2,0,1,2.0,1,0,2,46.3,1,-1.1066648615855423,2.121002022769322,-0.5304056087398071,Applied AI/ML & Data Science Specialists
CP-1186,3.7,Non-CS Degree,Tier 2 (Top State/Private),Full Stack Web,Tier 1 Tech Hub (Bengaluru/NCR/Hyd),0,6,6.0,1,0,1,1,0,0,0,0,2,16.59,Job-Ready Mid-Level,4.35,0,1,1,2,1.0,1,0,2,45.5,2,-1.8315142337148667,-0.2562821633187186,-1.5154500970250928,Cloud & DevOps Infrastructure Architects
CP-1187,1.8,B.Tech/B.E,Tier 2 (Top State/Private),Data Science & AI/ML,Remote Global,2,7,250.0,1,1,1,0,1,0,0,0,3,24.89,High-Demand Specialist,14.15,1,2,0,2,3.0,0,1,3,62.8,0,1.2869612643669353,3.1836167030222873,1.5232379425335734,Core Systems & Algorithmic Backend Specialists
CP-1188,1.7,B.Tech/B.E,Tier 2 (Top State/Private),Data Analytics & BI,Tier 1 Tech Hub (Bengaluru/NCR/Hyd),1,2,60.0,0,0,1,0,0,0,0,1,2,15.53,Job-Ready Mid-Level,4.4,0,1,1,2,3.0,1,0,2,41.9,2,-2.021373747923479,-0.7191636453688689,-1.351810478867779,Cloud & DevOps Infrastructure Architects
CP-1189,0.6,B.Tech/B.E,Tier 3 (Affiliated Colleges),Data Science & AI/ML,Tier 2 City,2,6,45.0,1,1,1,1,0,0,1,0,4,11.54,Junior Associate,8.32,0,3,1,1,3.0,0,0,4,47.1,1,1.1301557856773863,0.21852207897329076,-1.846049686509218,Applied AI/ML & Data Science Specialists
CP-1190,0.2,MCA,Tier 2 (Top State/Private),Data Analytics & BI,Tier 1 Tech Hub (Bengaluru/NCR/Hyd),0,7,15.0,0,0,1,0,1,0,0,0,2,11.12,Junior Associate,5.28,1,1,0,2,2.5,1,0,2,34.3,2,-2.1289974302820505,-0.13966373673639557,1.470925396599218,Cloud & DevOps Infrastructure Architects
CP-1191,5.0,B.Tech/B.E,Tier 2 (Top State/Private),Data Science & AI/ML,Tier 1 Tech Hub (Bengaluru/NCR/Hyd),0,3,22.0,0,1,1,1,0,0,0,1,4,24.81,High-Demand Specialist,2.65,0,2,2,2,3.0,1,0,4,63.8,3,1.0918947194487203,-1.9123284950832156,-2.957199239914726,Emerging Full-Stack & Entry Developers
CP-1192,5.1,M.Tech/M.S,Tier 2 (Top State/Private),Backend Systems,Tier 1 Tech Hub (Bengaluru/NCR/Hyd),2,6,132.0,1,1,1,0,1,0,1,0,4,32.11,High-Demand Specialist,10.5,1,3,0,2,4.0,1,0,4,80.0,0,3.0306412920085397,2.087480745464358,0.8516441503031735,Core Systems & Algorithmic Backend Specialists
CP-1193,2.2,B.Tech/B.E,Tier 2 (Top State/Private),Data Science & AI/ML,Tier 2 City,1,6,68.0,2,0,0,1,0,0,0,0,1,13.29,Junior Associate,7.4,0,0,1,2,3.0,0,0,1,45.2,2,-2.5807677973947434,1.326657648996648,-1.0701353662071809,Cloud & DevOps Infrastructure Architects
CP-1194,0.9,B.Tech/B.E,Tier 3 (Affiliated Colleges),Backend Systems,Tier 1 Tech Hub (Bengaluru/NCR/Hyd),0,2,131.0,0,0,1,0,0,1,1,1,4,17.86,Job-Ready Mid-Level,4.68,1,2,1,1,3.0,1,0,4,42.5,3,0.3360519324585497,-2.077516145897582,0.09066196953504616,Emerging Full-Stack & Entry Developers
CP-1195,0.9,B.Tech/B.E,Tier 2 (Top State/Private),Data Analytics & BI,Tier 1 Tech Hub (Bengaluru/NCR/Hyd),1,1,23.0,1,0,1,1,1,0,0,0,3,12.87,Junior Associate,2.78,1,1,1,2,3.0,1,0,3,39.3,2,-1.0681589010840384,-1.8527614644727928,0.21464161513246804,Cloud & DevOps Infrastructure Architects
CP-1196,2.8,Non-CS Degree,Tier 1 (IIT/NIT/BITS),Backend Systems,Tier 1 Tech Hub (Bengaluru/NCR/Hyd),0,2,246.0,1,1,0,0,0,1,0,0,2,21.04,Job-Ready Mid-Level,7.55,1,1,0,3,1.0,1,0,2,50.5,2,-1.4336161639259561,0.597544108467014,1.504461914887051,Cloud & DevOps Infrastructure Architects
CP-1197,5.0,BCA/B.Sc CS,Tier 3 (Affiliated Colleges),Full Stack Web,Tier 2 City,2,2,66.0,2,1,1,1,0,0,0,0,3,18.0,Job-Ready Mid-Level,6.05,0,2,1,1,2.0,0,0,3,58.0,1,0.11373549581194843,0.12661789524204364,-1.560721064016483,Applied AI/ML & Data Science Specialists
CP-1198,4.8,Non-CS Degree,Tier 3 (Affiliated Colleges),Data Analytics & BI,Tier 2 City,1,3,217.0,0,1,0,1,0,0,0,0,2,16.77,Job-Ready Mid-Level,9.02,0,1,1,1,1.0,0,0,2,54.7,2,-1.1145993986277363,1.3405110916343588,-1.3193670619494196,Cloud & DevOps Infrastructure Architects
CP-1199,3.3,B.Tech/B.E,Tier 3 (Affiliated Colleges),Full Stack Web,Tier 1 Tech Hub (Bengaluru/NCR/Hyd),2,4,16.0,1,0,1,1,0,1,0,1,4,23.77,Job-Ready Mid-Level,6.2,1,1,2,1,3.0,1,0,4,57.0,3,1.302044833926416,-0.6883816056798451,-1.2306499640802704,Emerging Full-Stack & Entry Developers
CP-1200,2.3,BCA/B.Sc CS,Tier 2 (Top State/Private),Data Science & AI/ML,Tier 1 Tech Hub (Bengaluru/NCR/Hyd),2,5,111.0,1,1,1,0,1,0,1,0,4,21.87,Job-Ready Mid-Level,9.28,1,3,0,2,2.0,1,0,4,58.2,0,1.759797799220928,0.9678079850465299,0.8282605348669602,Core Systems & Algorithmic Backend Specialists
CP-1201,0.2,BCA/B.Sc CS,Tier 1 (IIT/NIT/BITS),Full Stack Web,Remote Global,0,2,57.0,0,0,1,1,0,0,0,0,2,14.25,Junior Associate,2.82,0,1,1,3,2.0,0,1,2,32.8,2,-2.706637705435589,-1.6179506550739362,-0.9081584983404691,Cloud & DevOps Infrastructure Architects
CP-1202,0.4,B.Tech/B.E,Tier 2 (Top State/Private),Data Science & AI/ML,Tier 2 City,1,4,71.0,1,1,0,0,0,0,0,0,1,6.24,Entry-Level Learner,6.07,0,1,0,2,3.0,0,0,1,34.0,2,-3.3021128948451186,0.638574732066692,0.11567935929513691,Cloud & DevOps Infrastructure Architects
CP-1203,5.0,MCA,Tier 1 (IIT/NIT/BITS),Backend Systems,Tier 2 City,2,5,30.0,1,1,1,1,1,0,0,0,4,23.45,Job-Ready Mid-Level,7.25,1,2,1,3,2.5,0,0,4,74.1,0,2.2746401760673782,0.6761138309516844,-0.13428197844202597,Core Systems & Algorithmic Backend Specialists
CP-1204,2.1,Non-CS Degree,Tier 3 (Affiliated Colleges),Data Science & AI/ML,Tier 2 City,1,7,117.0,2,1,1,1,0,0,1,0,4,14.27,Junior Associate,9.32,0,3,1,1,1.0,0,0,4,50.0,1,1.2653695413543362,0.5156144913423204,-1.9020998218492782,Applied AI/ML & Data Science Specialists
CP-1205,0.0,MCA,Tier 2 (Top State/Private),Cloud & DevOps,Tier 2 City,3,7,16.0,1,1,0,0,0,1,0,0,2,8.11,Entry-Level Learner,9.8,1,1,0,2,2.5,0,0,2,40.8,2,-1.2811368365501816,2.06768229276626,1.4701694516939476,Cloud & DevOps Infrastructure Architects
CP-1206,0.2,M.Tech/M.S,Tier 2 (Top State/Private),Cloud & DevOps,Tier 1 Tech Hub (Bengaluru/NCR/Hyd),1,5,31.0,0,1,0,0,1,1,0,0,3,16.7,Job-Ready Mid-Level,5.78,2,1,0,2,4.0,1,0,3,44.0,2,-0.4240252211700554,-0.26578517838697985,3.0991884547409776,Cloud & DevOps Infrastructure Architects
CP-1207,2.4,B.Tech/B.E,Tier 2 (Top State/Private),Full Stack Web,Remote Global,0,1,116.0,0,0,0,0,1,0,0,0,1,19.93,Job-Ready Mid-Level,3.6,1,0,0,2,3.0,0,1,1,39.9,2,-3.377066523163398,-0.5498083173589106,2.3366661430417106,Cloud & DevOps Infrastructure Architects
CP-1208,0.0,B.Tech/B.E,Tier 2 (Top State/Private),Cloud & DevOps,Remote Global,2,2,144.0,1,1,0,0,0,0,0,0,1,14.31,Junior Associate,8.0,0,1,0,2,3.0,0,1,1,35.2,2,-3.094185118477546,1.2134469486908248,0.37837992145449423,Cloud & DevOps Infrastructure Architects
CP-1209,0.4,Non-CS Degree,Tier 3 (Affiliated Colleges),Data Science & AI/ML,Tier 1 Tech Hub (Bengaluru/NCR/Hyd),0,4,349.0,1,1,1,1,1,0,0,0,4,15.12,Job-Ready Mid-Level,11.52,1,2,1,1,1.0,1,0,4,45.2,0,1.0342138437876633,0.4321306418117496,-0.1154481489339036,Core Systems & Algorithmic Backend Specialists
CP-1210,1.8,B.Tech/B.E,Tier 2 (Top State/Private),Cloud & DevOps,Tier 1 Tech Hub (Bengaluru/NCR/Hyd),0,3,73.0,0,0,1,1,0,0,0,0,2,16.1,Job-Ready Mid-Level,3.92,0,1,1,2,3.0,1,0,2,41.6,2,-2.098979955418341,-0.8666978644458583,-1.3389060956976615,Cloud & DevOps Infrastructure Architects
CP-1211,2.6,M.Tech/M.S,Tier 2 (Top State/Private),Full Stack Web,Remote Global,1,7,45.0,0,1,1,1,1,1,0,0,5,26.51,High-Demand Specialist,7.52,2,2,1,2,4.0,0,1,5,67.2,3,3.1660229379832985,-0.2267702397907966,1.8668710390629657,Emerging Full-Stack & Entry Developers
CP-1212,2.3,M.Tech/M.S,Tier 2 (Top State/Private),Backend Systems,Tier 1 Tech Hub (Bengaluru/NCR/Hyd),2,5,36.0,2,1,1,0,0,0,0,1,3,23.22,Job-Ready Mid-Level,7.4,0,2,1,2,4.0,1,0,3,57.2,1,0.3794204690916866,0.6322642925920955,-1.7250517851656069,Applied AI/ML & Data Science Specialists
CP-1213,0.6,BCA/B.Sc CS,Tier 2 (Top State/Private),Data Analytics & BI,Remote Global,1,3,117.0,0,0,1,0,1,0,1,0,3,18.66,Job-Ready Mid-Level,6.52,1,2,0,2,2.0,0,1,3,41.0,1,-0.615964332430144,-0.37711084449275833,1.6843826744645845,Applied AI/ML & Data Science Specialists
CP-1214,2.7,Non-CS Degree,Tier 1 (IIT/NIT/BITS),Backend Systems,Tier 1 Tech Hub (Bengaluru/NCR/Hyd),0,4,244.0,0,0,1,1,0,0,1,1,4,24.96,High-Demand Specialist,8.9,0,2,2,3,1.0,1,0,4,60.6,3,1.4727544010062004,-0.1576902084527044,-3.0956440295558605,Emerging Full-Stack & Entry Developers
CP-1215,0.6,B.Tech/B.E,Tier 3 (Affiliated Colleges),Data Science & AI/ML,Tier 1 Tech Hub (Bengaluru/NCR/Hyd),1,5,376.0,1,0,1,0,0,0,0,0,1,13.6,Junior Associate,14.4,0,1,0,1,3.0,1,0,1,44.7,0,-2.0103808592107697,3.4171074817786606,-0.07619017400272345,Core Systems & Algorithmic Backend Specialists
CP-1216,0.9,B.Tech/B.E,Tier 2 (Top State/Private),Full Stack Web,Tier 1 Tech Hub (Bengaluru/NCR/Hyd),0,4,373.0,1,0,1,0,0,0,1,0,2,17.72,Job-Ready Mid-Level,12.12,0,2,0,2,3.0,1,0,2,50.7,0,-0.8170565036029925,2.0512937523503645,-0.2710916370869637,Core Systems & Algorithmic Backend Specialists
CP-1217,3.0,B.Tech/B.E,Tier 3 (Affiliated Colleges),Data Science & AI/ML,Tier 1 Tech Hub (Bengaluru/NCR/Hyd),0,4,206.0,1,1,0,1,0,0,0,1,3,20.72,Job-Ready Mid-Level,7.95,0,1,2,1,3.0,1,0,3,54.3,2,-0.02030842001726359,-0.04198256773376377,-2.6988400487567774,Cloud & DevOps Infrastructure Architects
CP-1218,2.3,B.Tech/B.E,Tier 3 (Affiliated Colleges),Data Science & AI/ML,Tier 1 Tech Hub (Bengaluru/NCR/Hyd),0,2,363.0,0,1,0,1,1,0,1,0,4,20.58,Job-Ready Mid-Level,10.48,1,2,1,1,3.0,1,0,4,59.2,0,1.6231535875639884,0.34535277949410126,-0.00992438976712019,Core Systems & Algorithmic Backend Specialists
CP-1219,4.2,B.Tech/B.E,Tier 3 (Affiliated Colleges),Data Science & AI/ML,Tier 1 Tech Hub (Bengaluru/NCR/Hyd),1,2,72.0,3,0,1,1,0,0,0,0,2,21.03,Job-Ready Mid-Level,4.7,0,1,1,1,3.0,1,0,2,50.7,2,-1.4647094660049016,-0.21932274705942337,-1.371243446506369,Cloud & DevOps Infrastructure Architects
CP-1220,2.4,B.Tech/B.E,Tier 3 (Affiliated Colleges),Cloud & DevOps,Tier 2 City,2,6,363.0,0,0,1,0,1,0,0,0,2,18.28,Job-Ready Mid-Level,16.27,1,1,0,1,3.0,0,0,2,58.9,0,0.1101130082390698,4.138143854209005,1.549942943106126,Core Systems & Algorithmic Backend Specialists
CP-1221,1.8,MCA,Tier 2 (Top State/Private),Data Science & AI/ML,Remote Global,0,3,140.0,1,1,0,1,0,0,1,0,3,18.62,Job-Ready Mid-Level,5.6,0,2,1,2,2.5,0,1,3,47.0,1,-0.5451790182623265,-0.7846391057925152,-1.1676306428815302,Applied AI/ML & Data Science Specialists
CP-1222,0.2,Non-CS Degree,Tier 1 (IIT/NIT/BITS),Full Stack Web,Tier 1 Tech Hub (Bengaluru/NCR/Hyd),0,4,22.0,1,0,1,0,0,0,0,1,2,11.33,Junior Associate,3.35,0,1,1,3,1.0,1,0,2,30.5,2,-2.705340118850345,-1.3737548925804313,-1.433250855949678,Cloud & DevOps Infrastructure Architects
CP-1223,1.0,B.Tech/B.E,Tier 2 (Top State/Private),Backend Systems,Tier 1 Tech Hub (Bengaluru/NCR/Hyd),2,8,0.0,0,0,1,0,1,0,0,0,2,16.29,Job-Ready Mid-Level,8.6,1,1,0,2,3.0,1,0,2,45.4,2,-1.1326012494264484,1.7288854045956195,1.3146861637973404,Cloud & DevOps Infrastructure Architects
CP-1224,0.7,B.Tech/B.E,Tier 3 (Affiliated Colleges),Cloud & DevOps,Tier 1 Tech Hub (Bengaluru/NCR/Hyd),1,3,14.0,1,1,0,0,1,0,0,1,3,13.41,Junior Associate,3.95,1,1,1,1,3.0,1,0,3,36.1,2,-1.1016078333834807,-1.4818579773721337,0.2165302482358115,Cloud & DevOps Infrastructure Architects
CP-1225,0.6,Non-CS Degree,Tier 3 (Affiliated Colleges),Full Stack Web,Tier 1 Tech Hub (Bengaluru/NCR/Hyd),3,5,60.0,0,0,1,1,0,0,0,0,2,13.73,Junior Associate,9.5,0,1,1,1,1.0,1,0,2,34.5,2,-1.7928873378667303,1.4489343705370423,-1.6393477363908393,Cloud & DevOps Infrastructure Architects
CP-1226,7.9,B.Tech/B.E,Tier 3 (Affiliated Colleges),Full Stack Web,Tier 1 Tech Hub (Bengaluru/NCR/Hyd),0,5,132.0,0,1,0,1,0,0,0,0,2,27.57,High-Demand Specialist,6.8,0,1,1,1,3.0,1,0,2,58.2,2,-0.8597740744522934,0.9415660851225786,-1.4058804512587344,Cloud & DevOps Infrastructure Architects
CP-1227,1.1,B.Tech/B.E,Tier 1 (IIT/NIT/BITS),Full Stack Web,Tier 1 Tech Hub (Bengaluru/NCR/Hyd),0,4,7.0,0,1,1,0,0,0,0,0,2,14.65,Junior Associate,2.97,0,2,0,3,3.0,1,0,2,40.7,1,-2.1622101852902555,-0.8051267662522994,-0.2772198150308903,Applied AI/ML & Data Science Specialists
CP-1228,4.9,B.Tech/B.E,Tier 3 (Affiliated Colleges),Data Science & AI/ML,Tier 1 Tech Hub (Bengaluru/NCR/Hyd),1,6,140.0,1,1,0,1,0,0,0,1,3,24.46,High-Demand Specialist,9.2,0,1,2,1,3.0,1,0,3,65.9,0,0.769868385433237,1.136496301494149,-2.8390560549214667,Core Systems & Algorithmic Backend Specialists
CP-1229,2.2,BCA/B.Sc CS,Tier 2 (Top State/Private),Cloud & DevOps,Tier 1 Tech Hub (Bengaluru/NCR/Hyd),1,2,26.0,2,0,1,0,0,1,0,1,3,17.58,Job-Ready Mid-Level,3.55,1,1,1,2,2.0,1,0,3,44.0,2,-0.7962197438755473,-1.514518743183533,0.1976852269515143,Cloud & DevOps Infrastructure Architects
CP-1230,3.5,B.Tech/B.E,Tier 1 (IIT/NIT/BITS),Full Stack Web,Tier 1 Tech Hub (Bengaluru/NCR/Hyd),1,9,233.0,0,1,1,0,0,1,0,1,4,29.08,High-Demand Specialist,13.62,1,2,1,3,3.0,1,0,4,78.7,0,3.0580520902217754,2.6653780175879556,-0.2731171282214756,Core Systems & Algorithmic Backend Specialists
CP-1231,1.5,Non-CS Degree,Tier 2 (Top State/Private),Data Analytics & BI,Tier 2 City,1,6,108.0,3,0,1,0,0,1,1,0,3,13.51,Junior Associate,8.4,1,2,0,2,1.0,0,0,3,45.5,1,-0.10347380508613657,0.6394275347564454,1.3087240705058627,Applied AI/ML & Data Science Specialists
CP-1232,1.9,B.Tech/B.E,Tier 1 (IIT/NIT/BITS),Data Analytics & BI,Tier 1 Tech Hub (Bengaluru/NCR/Hyd),0,5,354.0,2,0,1,1,0,1,0,0,3,21.87,Job-Ready Mid-Level,12.35,1,1,1,3,3.0,1,0,3,64.5,0,1.0136676694337903,1.8263908613102988,0.1408634244772814,Core Systems & Algorithmic Backend Specialists
CP-1233,1.5,B.Tech/B.E,Tier 2 (Top State/Private),Cloud & DevOps,Remote Global,1,9,0.0,0,1,1,0,1,0,0,0,3,17.22,Job-Ready Mid-Level,7.8,1,2,0,2,3.0,0,1,3,50.7,1,0.14102729885606965,0.9591792272547298,1.559160796592539,Applied AI/ML & Data Science Specialists
CP-1234,0.5,B.Tech/B.E,Tier 2 (Top State/Private),Full Stack Web,Remote Global,1,4,250.0,2,0,1,1,0,0,0,0,2,18.27,Job-Ready Mid-Level,10.55,0,1,1,2,3.0,0,1,2,46.1,2,-1.1729904313655386,1.4198388541386162,-0.9785499474627345,Cloud & DevOps Infrastructure Architects
CP-1235,2.8,B.Tech/B.E,Tier 2 (Top State/Private),Data Science & AI/ML,Remote Global,1,4,35.0,1,1,1,0,0,1,0,0,3,21.2,Job-Ready Mid-Level,5.18,1,2,0,2,3.0,0,1,3,52.8,1,-0.1444742897762205,-0.26156289002234684,1.7194056258420969,Applied AI/ML & Data Science Specialists
CP-1236,0.7,BCA/B.Sc CS,Tier 3 (Affiliated Colleges),Data Analytics & BI,Remote Global,1,6,26.0,2,1,0,0,0,1,0,1,3,13.06,Junior Associate,6.35,1,1,1,1,2.0,0,1,3,37.0,2,-0.8144098764436627,-0.5430263473729329,0.5873083318796992,Cloud & DevOps Infrastructure Architects
CP-1237,0.1,M.Tech/M.S,Tier 3 (Affiliated Colleges),Full Stack Web,Tier 1 Tech Hub (Bengaluru/NCR/Hyd),1,4,65.0,2,1,1,1,1,0,1,0,5,17.74,Job-Ready Mid-Level,5.92,1,3,1,1,4.0,1,0,5,47.9,3,2.1228847168801495,-1.4909853661256658,-0.3015687308127016,Emerging Full-Stack & Entry Developers
CP-1238,2.3,M.Tech/M.S,Tier 3 (Affiliated Colleges),Data Science & AI/ML,Tier 1 Tech Hub (Bengaluru/NCR/Hyd),0,5,148.0,2,1,1,1,0,0,1,0,4,20.63,Job-Ready Mid-Level,7.2,0,3,1,1,4.0,1,0,4,56.8,1,1.4199775288941752,-0.3537985998858036,-1.8421958724793315,Applied AI/ML & Data Science Specialists
CP-1239,0.4,BCA/B.Sc CS,Tier 2 (Top State/Private),Data Science & AI/ML,Tier 1 Tech Hub (Bengaluru/NCR/Hyd),0,1,358.0,0,1,0,0,0,1,0,0,2,10.78,Junior Associate,9.65,1,1,0,2,2.0,1,0,2,41.0,2,-1.7322243526763994,0.7534045464308284,1.6213088495385601,Cloud & DevOps Infrastructure Architects
CP-1240,6.2,MCA,Tier 3 (Affiliated Colleges),Data Science & AI/ML,Tier 2 City,1,7,57.0,1,0,1,1,1,0,0,1,4,23.53,Job-Ready Mid-Level,7.82,1,1,2,1,2.5,0,0,4,66.7,3,2.0096804470141345,0.2471949783134195,-1.138893782544278,Emerging Full-Stack & Entry Developers
CP-1241,6.8,M.Tech/M.S,Tier 3 (Affiliated Colleges),Data Analytics & BI,Remote Global,0,4,226.0,1,0,1,0,1,1,0,0,3,35.09,High-Demand Specialist,8.45,2,1,0,1,4.0,0,1,3,68.2,0,1.019391836069177,0.9169406359045658,3.6365422983297706,Core Systems & Algorithmic Backend Specialists
CP-1242,5.4,M.Tech/M.S,Tier 1 (IIT/NIT/BITS),Data Science & AI/ML,Remote Global,1,6,71.0,0,1,1,0,0,0,0,0,2,32.4,High-Demand Specialist,7.48,0,2,0,3,4.0,0,1,2,70.8,1,-0.16372185326325547,1.831019058968543,0.052864649896813,Applied AI/ML & Data Science Specialists
CP-1243,1.0,B.Tech/B.E,Tier 2 (Top State/Private),Full Stack Web,Tier 1 Tech Hub (Bengaluru/NCR/Hyd),2,6,30.0,0,0,1,1,0,1,0,1,4,21.51,Job-Ready Mid-Level,7.95,1,1,2,2,3.0,1,0,4,52.6,3,1.2737247108866483,-0.13223164783759234,-1.2995166523027242,Emerging Full-Stack & Entry Developers
CP-1244,0.0,B.Tech/B.E,Tier 2 (Top State/Private),Full Stack Web,Tier 2 City,1,3,48.0,0,1,1,0,0,1,0,0,3,9.51,Junior Associate,4.8,1,2,0,2,3.0,0,0,3,38.2,1,-0.929065500519088,-0.9092679943581256,1.4947788257119246,Applied AI/ML & Data Science Specialists
CP-1245,5.8,B.Tech/B.E,Tier 1 (IIT/NIT/BITS),Cloud & DevOps,Tier 1 Tech Hub (Bengaluru/NCR/Hyd),0,3,53.0,2,1,1,1,1,1,0,0,5,32.58,High-Demand Specialist,3.42,2,2,1,3,3.0,1,0,5,73.4,3,3.0058571467175663,-1.6933327407090253,1.4909249248737109,Emerging Full-Stack & Entry Developers
CP-1246,1.2,BCA/B.Sc CS,Tier 3 (Affiliated Colleges),Backend Systems,Tier 1 Tech Hub (Bengaluru/NCR/Hyd),3,8,383.0,2,0,0,1,1,0,0,0,2,20.87,Job-Ready Mid-Level,19.67,1,0,1,1,2.0,1,0,2,49.7,0,0.12986502966685518,5.164386778430012,0.10264910442345378,Core Systems & Algorithmic Backend Specialists
CP-1247,7.5,B.Tech/B.E,Tier 3 (Affiliated Colleges),Backend Systems,Tier 2 City,0,5,136.0,3,1,0,1,0,0,0,0,2,21.45,Job-Ready Mid-Level,6.9,0,1,1,1,3.0,0,0,2,58.4,2,-0.7697422447772364,0.9130340913033062,-1.2256066855615102,Cloud & DevOps Infrastructure Architects
CP-1248,7.3,B.Tech/B.E,Tier 2 (Top State/Private),Full Stack Web,Tier 1 Tech Hub (Bengaluru/NCR/Hyd),0,2,71.0,0,1,0,0,0,1,0,1,3,30.43,High-Demand Specialist,3.18,1,1,1,2,3.0,1,0,3,60.5,2,-0.02950723899664443,-1.1300984720913716,0.2687409219529651,Cloud & DevOps Infrastructure Architects
CP-1249,4.2,MCA,Tier 3 (Affiliated Colleges),Data Science & AI/ML,Remote Global,1,3,134.0,1,0,0,1,0,0,0,0,1,21.8,Job-Ready Mid-Level,6.95,0,0,1,1,2.5,0,1,1,48.7,2,-2.6213769720805447,0.9848416316121125,-0.7164413701394778,Cloud & DevOps Infrastructure Architects
CP-1250,0.8,MCA,Tier 3 (Affiliated Colleges),Full Stack Web,Tier 1 Tech Hub (Bengaluru/NCR/Hyd),1,6,70.0,1,1,1,0,1,0,0,0,3,12.31,Junior Associate,7.45,1,2,0,1,2.5,1,0,3,40.9,1,-0.42670478493678926,0.3124112013091546,1.1991174755626444,Applied AI/ML & Data Science Specialists
CP-1251,1.1,MCA,Tier 3 (Affiliated Colleges),Cloud & DevOps,Remote Global,0,4,25.0,0,0,1,0,0,1,1,1,4,19.16,Job-Ready Mid-Level,3.42,1,2,1,1,2.5,0,1,4,39.8,3,0.128585306247323,-2.3737694043086304,0.48070365647175645,Emerging Full-Stack & Entry Developers
CP-1252,4.2,B.Tech/B.E,Tier 2 (Top State/Private),Cloud & DevOps,Tier 1 Tech Hub (Bengaluru/NCR/Hyd),1,5,27.0,0,1,0,1,1,0,0,0,3,22.67,Job-Ready Mid-Level,5.68,1,1,1,2,3.0,1,0,3,60.7,2,0.25681111118685607,0.15621047112589764,0.06398579990363266,Cloud & DevOps Infrastructure Architects
CP-1253,0.8,BCA/B.Sc CS,Tier 3 (Affiliated Colleges),Cloud & DevOps,Tier 2 City,1,5,129.0,0,1,1,1,0,0,1,1,5,13.68,Junior Associate,8.22,0,3,2,1,2.0,0,0,5,49.0,3,2.1365240019662033,-0.960724065099148,-3.132377244032027,Emerging Full-Stack & Entry Developers
CP-1254,0.4,B.Tech/B.E,Tier 2 (Top State/Private),Data Science & AI/ML,Tier 2 City,0,2,362.0,3,1,0,0,0,1,0,0,2,11.96,Junior Associate,10.45,1,1,0,2,3.0,0,0,2,45.5,2,-1.2752934256763662,1.1637090327163977,1.8125634381489315,Cloud & DevOps Infrastructure Architects
CP-1255,1.8,B.Tech/B.E,Tier 2 (Top State/Private),Cloud & DevOps,Remote Global,0,5,0.0,3,1,0,0,0,0,1,1,3,19.07,Job-Ready Mid-Level,3.5,0,2,1,2,3.0,0,1,3,45.0,1,-0.6672519003188491,-1.3899422613805041,-1.1663264431327356,Applied AI/ML & Data Science Specialists
CP-1256,6.1,B.Tech/B.E,Tier 1 (IIT/NIT/BITS),Data Science & AI/ML,Tier 1 Tech Hub (Bengaluru/NCR/Hyd),1,5,41.0,2,0,1,1,1,0,0,0,3,30.36,High-Demand Specialist,6.02,1,1,1,3,3.0,1,0,3,69.4,0,0.8751749189895791,0.5289752725443493,0.0262743167338056,Core Systems & Algorithmic Backend Specialists
CP-1257,2.6,B.Tech/B.E,Tier 1 (IIT/NIT/BITS),Data Analytics & BI,Remote Global,1,6,0.0,1,1,1,0,0,0,0,0,2,19.86,Job-Ready Mid-Level,5.7,0,2,0,3,3.0,0,1,2,52.7,1,-1.210367859639814,0.7310083703026619,0.041804999293974236,Applied AI/ML & Data Science Specialists
CP-1258,1.9,B.Tech/B.E,Tier 3 (Affiliated Colleges),Full Stack Web,Tier 1 Tech Hub (Bengaluru/NCR/Hyd),0,5,11.0,0,1,1,0,0,0,0,0,2,11.77,Junior Associate,3.78,0,2,0,1,3.0,1,0,2,37.7,1,-2.204568788782874,-0.5682926776273192,-0.24485203198191063,Applied AI/ML & Data Science Specialists
CP-1259,0.2,MCA,Tier 2 (Top State/Private),Cloud & DevOps,Tier 1 Tech Hub (Bengaluru/NCR/Hyd),0,3,140.0,2,0,1,0,0,0,0,0,1,11.21,Junior Associate,5.6,0,1,0,2,2.5,1,0,1,30.6,2,-3.5454674861179942,0.026998201830323327,0.017200129919300484,Cloud & DevOps Infrastructure Architects
CP-1260,2.1,B.Tech/B.E,Tier 2 (Top State/Private),Data Science & AI/ML,Tier 1 Tech Hub (Bengaluru/NCR/Hyd),1,4,0.0,0,1,1,0,0,0,0,0,2,12.36,Junior Associate,4.3,0,2,0,2,3.0,1,0,2,43.7,1,-1.8418089892781957,-0.09094723933975772,-0.3227849153085844,Applied AI/ML & Data Science Specialists
CP-1261,9.5,M.Tech/M.S,Tier 2 (Top State/Private),Full Stack Web,Tier 2 City,2,3,147.0,1,0,0,0,1,0,1,0,2,31.87,High-Demand Specialist,8.77,1,1,0,2,4.0,0,0,2,68.8,0,0.19707545641949054,2.2420667295805616,1.610403378814358,Core Systems & Algorithmic Backend Specialists
CP-1262,0.3,B.Tech/B.E,Tier 3 (Affiliated Colleges),Cloud & DevOps,Tier 1 Tech Hub (Bengaluru/NCR/Hyd),0,3,56.0,0,0,1,0,0,0,0,1,2,11.91,Junior Associate,3.5,0,1,1,1,3.0,1,0,2,29.2,2,-2.734105058689294,-1.5238706977234697,-1.2611119721289228,Cloud & DevOps Infrastructure Architects
CP-1263,1.6,B.Tech/B.E,Tier 1 (IIT/NIT/BITS),Data Science & AI/ML,Tier 2 City,1,11,0.0,3,1,1,1,0,0,0,0,3,12.92,Junior Associate,9.2,0,2,1,3,3.0,0,0,3,57.7,0,0.6839656234747667,1.661766082398359,-1.7338296320924758,Core Systems & Algorithmic Backend Specialists
CP-1264,4.6,B.Tech/B.E,Tier 3 (Affiliated Colleges),Data Analytics & BI,Tier 2 City,0,4,47.0,0,0,0,0,0,0,0,1,1,14.92,Junior Associate,3.97,0,0,1,1,3.0,0,0,1,47.3,2,-2.982003375681492,-0.13798709542705787,-0.902138398801026,Cloud & DevOps Infrastructure Architects
CP-1265,3.0,B.Tech/B.E,Tier 1 (IIT/NIT/BITS),Cloud & DevOps,Tier 1 Tech Hub (Bengaluru/NCR/Hyd),0,4,0.0,0,0,1,0,0,0,0,0,1,19.69,Job-Ready Mid-Level,2.8,0,1,0,3,3.0,1,0,1,45.7,2,-3.0766023712002624,-0.17445295318152584,-0.04155297259548932,Cloud & DevOps Infrastructure Architects
CP-1266,2.6,BCA/B.Sc CS,Tier 2 (Top State/Private),Cloud & DevOps,Remote Global,0,3,248.0,1,0,0,0,0,0,0,1,1,22.46,Job-Ready Mid-Level,8.3,0,0,1,2,2.0,0,1,1,45.6,2,-2.751438492940461,0.9080583776392823,-0.6646387003743509,Cloud & DevOps Infrastructure Architects
CP-1267,2.7,B.Tech/B.E,Tier 2 (Top State/Private),Full Stack Web,Tier 1 Tech Hub (Bengaluru/NCR/Hyd),2,3,0.0,0,1,0,1,0,0,0,0,2,16.69,Job-Ready Mid-Level,5.1,0,1,1,2,3.0,1,0,2,48.0,2,-1.6008633791683684,0.21903603385869214,-1.4905092210053958,Cloud & DevOps Infrastructure Architects
CP-1268,1.0,B.Tech/B.E,Tier 2 (Top State/Private),Full Stack Web,Remote Global,1,5,0.0,3,0,1,0,0,0,0,0,1,13.93,Junior Associate,5.0,0,1,0,2,3.0,0,1,1,35.2,2,-3.2058270790638814,0.3620858018891557,0.37215965004136115,Cloud & DevOps Infrastructure Architects
CP-1269,0.8,B.Tech/B.E,Tier 2 (Top State/Private),Cloud & DevOps,Tier 1 Tech Hub (Bengaluru/NCR/Hyd),2,7,125.0,0,1,1,1,0,0,0,0,3,16.23,Job-Ready Mid-Level,11.02,0,2,1,2,3.0,1,0,3,52.6,0,0.4287522130409344,1.8761861756599763,-1.8398281934096816,Core Systems & Algorithmic Backend Specialists
CP-1270,3.6,B.Tech/B.E,Tier 2 (Top State/Private),Full Stack Web,Tier 1 Tech Hub (Bengaluru/NCR/Hyd),1,5,365.0,2,1,1,0,1,0,0,0,3,26.1,High-Demand Specialist,14.12,1,2,0,2,3.0,1,0,3,71.7,0,1.6287414675268588,3.096762135979045,1.1643387798236275,Core Systems & Algorithmic Backend Specialists
CP-1271,3.7,MCA,Tier 3 (Affiliated Colleges),Cloud & DevOps,Tier 1 Tech Hub (Bengaluru/NCR/Hyd),2,8,227.0,1,1,0,1,0,0,0,1,3,25.21,High-Demand Specialist,14.27,0,1,2,1,2.5,1,0,3,66.8,0,1.351759490575676,3.057423544395728,-2.9802036784042265,Core Systems & Algorithmic Backend Specialists
CP-1272,4.4,B.Tech/B.E,Tier 3 (Affiliated Colleges),Full Stack Web,Tier 1 Tech Hub (Bengaluru/NCR/Hyd),0,2,49.0,1,1,0,0,0,0,1,0,2,18.26,Job-Ready Mid-Level,2.62,0,2,0,1,3.0,1,0,2,48.2,1,-1.845495685215227,-0.8557909645883617,-0.19801716364149607,Applied AI/ML & Data Science Specialists
CP-1273,5.4,M.Tech/M.S,Tier 1 (IIT/NIT/BITS),Data Science & AI/ML,Tier 1 Tech Hub (Bengaluru/NCR/Hyd),0,3,19.0,2,0,1,0,1,0,0,1,3,29.65,High-Demand Specialist,2.58,1,1,1,3,4.0,1,0,3,66.8,3,0.32088982208443156,-1.173105473356727,0.2226652815329425,Emerging Full-Stack & Entry Developers
CP-1274,1.6,BCA/B.Sc CS,Tier 2 (Top State/Private),Data Science & AI/ML,Tier 1 Tech Hub (Bengaluru/NCR/Hyd),3,5,139.0,1,1,1,1,0,1,0,0,4,21.97,Job-Ready Mid-Level,11.48,1,2,1,2,2.0,1,0,4,58.4,0,1.9038378896719599,1.6061485913087195,-0.31122341949359367,Core Systems & Algorithmic Backend Specialists
CP-1275,1.5,Non-CS Degree,Tier 3 (Affiliated Colleges),Data Science & AI/ML,Tier 1 Tech Hub (Bengaluru/NCR/Hyd),1,3,249.0,0,0,0,1,0,1,0,0,2,16.09,Job-Ready Mid-Level,9.82,1,0,1,1,1.0,1,0,2,39.5,2,-1.7283957340972567,0.9640330955984008,0.3742468720845756,Cloud & DevOps Infrastructure Architects
CP-1276,3.5,MCA,Tier 2 (Top State/Private),Full Stack Web,Tier 1 Tech Hub (Bengaluru/NCR/Hyd),2,5,31.0,0,1,1,1,1,0,1,0,5,26.22,High-Demand Specialist,7.28,1,3,1,2,2.5,1,0,5,66.6,3,3.0906547228909065,-0.10542851173608954,-0.5232972445463637,Emerging Full-Stack & Entry Developers
CP-1277,2.3,BCA/B.Sc CS,Tier 1 (IIT/NIT/BITS),Data Analytics & BI,Tier 1 Tech Hub (Bengaluru/NCR/Hyd),0,4,29.0,0,1,1,0,0,0,0,0,2,16.37,Job-Ready Mid-Level,3.52,0,2,0,3,2.0,1,0,2,44.4,1,-1.9836586473043178,-0.4988407808456738,-0.3296249886940538,Applied AI/ML & Data Science Specialists
CP-1278,2.7,BCA/B.Sc CS,Tier 3 (Affiliated Colleges),Data Analytics & BI,Tier 2 City,1,6,16.0,1,0,1,1,0,1,0,0,3,14.12,Junior Associate,6.1,1,1,1,1,2.0,0,0,3,46.6,2,-0.3561243734666251,-0.1893347877039194,0.2691468444591382,Cloud & DevOps Infrastructure Architects
CP-1279,3.5,MCA,Tier 3 (Affiliated Colleges),Data Science & AI/ML,Tier 1 Tech Hub (Bengaluru/NCR/Hyd),1,3,0.0,0,1,1,1,0,0,1,0,4,18.74,Job-Ready Mid-Level,3.6,0,3,1,1,2.5,1,0,4,52.1,1,0.7530548353017206,-1.4499179059020206,-1.9163433773343852,Applied AI/ML & Data Science Specialists
CP-1280,4.9,B.Tech/B.E,Tier 2 (Top State/Private),Backend Systems,Remote Global,0,2,49.0,0,1,1,0,0,0,0,1,3,25.43,High-Demand Specialist,2.62,0,2,1,2,3.0,0,1,3,59.1,1,-0.2980477565148667,-1.4758108387610027,-1.1044715089346877,Applied AI/ML & Data Science Specialists
CP-1281,0.9,B.Tech/B.E,Tier 1 (IIT/NIT/BITS),Full Stack Web,Tier 2 City,1,3,15.0,0,1,1,1,1,0,1,0,5,14.89,Junior Associate,3.97,1,3,1,3,3.0,0,0,5,53.8,3,2.085734494084483,-1.9516836424086739,-0.20380772450106546,Emerging Full-Stack & Entry Developers
CP-1282,1.0,B.Tech/B.E,Tier 1 (IIT/NIT/BITS),Backend Systems,Tier 2 City,1,3,4.0,1,1,0,0,1,0,1,0,3,13.31,Junior Associate,3.7,1,2,0,3,3.0,0,0,3,45.5,1,-0.5860028459140024,-0.9503322653129984,1.4080229350890154,Applied AI/ML & Data Science Specialists
CP-1283,0.2,MCA,Tier 3 (Affiliated Colleges),Cloud & DevOps,Tier 2 City,0,1,6.0,0,1,1,1,0,1,0,0,4,8.39,Entry-Level Learner,0.85,1,2,1,1,2.5,0,0,4,31.1,3,-0.6452233627862165,-3.4619672217093034,0.27117644043205386,Emerging Full-Stack & Entry Developers
CP-1284,1.9,M.Tech/M.S,Tier 2 (Top State/Private),Data Analytics & BI,Tier 1 Tech Hub (Bengaluru/NCR/Hyd),0,2,62.0,2,0,1,1,0,0,0,0,2,17.84,Job-Ready Mid-Level,2.95,0,1,1,2,4.0,1,0,2,43.6,2,-2.0051401056201925,-1.2123251306248388,-1.272238112871057,Cloud & DevOps Infrastructure Architects
CP-1285,0.1,B.Tech/B.E,Tier 2 (Top State/Private),Data Science & AI/ML,Tier 2 City,0,3,0.0,0,1,1,0,0,0,0,0,2,5.02,Entry-Level Learner,2.1,0,2,0,2,3.0,0,0,2,30.0,1,-2.7856046320761743,-1.5348769251992147,-0.023796846837596992,Applied AI/ML & Data Science Specialists
CP-1286,1.4,BCA/B.Sc CS,Tier 2 (Top State/Private),Data Science & AI/ML,Tier 1 Tech Hub (Bengaluru/NCR/Hyd),0,2,63.0,1,0,1,0,0,1,1,0,3,14.72,Junior Associate,2.97,1,2,0,2,2.0,1,0,3,39.0,1,-1.08781374303205,-1.7489350434935211,1.3548108838056323,Applied AI/ML & Data Science Specialists
CP-1287,1.7,B.Tech/B.E,Tier 2 (Top State/Private),Data Science & AI/ML,Remote Global,1,4,206.0,2,1,1,1,0,0,1,0,4,23.33,Job-Ready Mid-Level,9.45,0,3,1,2,3.0,0,1,4,58.6,1,1.6654942231258874,0.4293360657581736,-1.4971157886373585,Applied AI/ML & Data Science Specialists
CP-1288,0.7,B.Tech/B.E,Tier 3 (Affiliated Colleges),Data Analytics & BI,Tier 2 City,0,5,6.0,0,1,1,1,0,1,1,1,6,11.44,Junior Associate,3.65,1,3,2,1,3.0,0,0,6,48.1,3,2.860218195359783,-3.192823299539296,-1.4204809477520302,Emerging Full-Stack & Entry Developers
CP-1289,2.0,Non-CS Degree,Tier 3 (Affiliated Colleges),Full Stack Web,Tier 1 Tech Hub (Bengaluru/NCR/Hyd),0,5,113.0,2,0,0,1,0,0,0,0,1,14.68,Junior Associate,6.32,0,0,1,1,1.0,1,0,1,32.0,2,-3.4833662642336325,0.33384873560409356,-1.1984596440324107,Cloud & DevOps Infrastructure Architects
CP-1290,0.1,B.Tech/B.E,Tier 3 (Affiliated Colleges),Data Analytics & BI,Tier 2 City,2,4,206.0,1,1,0,1,1,0,0,1,4,13.21,Junior Associate,10.95,1,1,2,1,3.0,0,0,4,49.0,3,1.3082057617986391,0.4598665353412543,-1.0751469462475627,Emerging Full-Stack & Entry Developers
CP-1291,0.1,B.Tech/B.E,Tier 1 (IIT/NIT/BITS),Full Stack Web,Tier 1 Tech Hub (Bengaluru/NCR/Hyd),1,3,69.0,2,0,0,1,0,1,0,1,3,18.25,Job-Ready Mid-Level,5.32,1,0,2,3,3.0,1,0,3,43.7,2,-0.6441620043850537,-1.1415603956397555,-0.9271904400729643,Cloud & DevOps Infrastructure Architects
CP-1292,3.8,BCA/B.Sc CS,Tier 1 (IIT/NIT/BITS),Data Analytics & BI,Tier 1 Tech Hub (Bengaluru/NCR/Hyd),1,7,16.0,1,0,1,1,0,0,0,0,2,22.83,Job-Ready Mid-Level,6.8,0,1,1,3,2.0,1,0,2,57.4,2,-0.9132718442001351,1.1390994996849848,-1.6106280409431546,Cloud & DevOps Infrastructure Architects
CP-1293,1.0,M.Tech/M.S,Tier 2 (Top State/Private),Data Science & AI/ML,Tier 1 Tech Hub (Bengaluru/NCR/Hyd),1,5,0.0,0,1,0,0,0,0,0,1,2,15.15,Job-Ready Mid-Level,5.0,0,1,1,2,4.0,1,0,2,42.5,2,-1.8335829259780043,-0.18038422129143813,-1.3921351181819963,Cloud & DevOps Infrastructure Architects
CP-1294,0.3,B.Tech/B.E,Tier 2 (Top State/Private),Data Science & AI/ML,Tier 2 City,2,4,120.0,2,1,1,1,0,1,0,0,4,12.84,Junior Associate,8.8,1,2,1,2,3.0,0,0,4,50.5,3,1.275826401804238,0.18831232631773565,0.021671544988494124,Emerging Full-Stack & Entry Developers
CP-1295,1.6,BCA/B.Sc CS,Tier 3 (Affiliated Colleges),Full Stack Web,Tier 2 City,0,1,57.0,1,1,1,0,0,0,0,0,2,7.43,Entry-Level Learner,2.12,0,2,0,1,2.0,0,0,2,30.3,1,-2.848501144795202,-1.6982129049633925,0.00810484841869182,Applied AI/ML & Data Science Specialists
CP-1296,3.2,B.Tech/B.E,Tier 1 (IIT/NIT/BITS),Full Stack Web,Tier 2 City,1,4,0.0,0,1,0,0,1,0,0,0,2,15.13,Job-Ready Mid-Level,4.3,1,1,0,3,3.0,0,0,2,53.4,2,-1.359450878009563,0.16368352886758092,1.6162142254773133,Cloud & DevOps Infrastructure Architects
CP-1297,0.5,B.Tech/B.E,Tier 2 (Top State/Private),Full Stack Web,Tier 1 Tech Hub (Bengaluru/NCR/Hyd),1,3,236.0,2,1,1,1,0,0,0,0,3,15.09,Job-Ready Mid-Level,9.5,0,2,1,2,3.0,1,0,3,48.5,1,-0.02484139178693416,0.656910829307945,-1.6627659538763944,Applied AI/ML & Data Science Specialists
CP-1298,2.1,B.Tech/B.E,Tier 2 (Top State/Private),Data Analytics & BI,Tier 1 Tech Hub (Bengaluru/NCR/Hyd),0,4,112.0,2,0,1,0,0,0,0,0,1,15.76,Job-Ready Mid-Level,5.6,0,1,0,2,3.0,1,0,1,41.7,2,-2.9614889357512966,0.48221355695202456,-0.0073575935558411,Cloud & DevOps Infrastructure Architects
CP-1299,0.2,BCA/B.Sc CS,Tier 3 (Affiliated Colleges),Data Science & AI/ML,Tier 2 City,2,7,56.0,0,1,0,1,0,0,0,1,3,10.03,Junior Associate,9.3,0,1,2,1,2.0,0,0,3,39.4,2,-0.470257304461115,0.6295719178706193,-2.7446532813916495,Cloud & DevOps Infrastructure Architects
CP-1300,0.1,B.Tech/B.E,Tier 1 (IIT/NIT/BITS),Full Stack Web,Tier 1 Tech Hub (Bengaluru/NCR/Hyd),3,11,125.0,0,1,1,1,0,0,1,0,4,21.56,Job-Ready Mid-Level,15.32,0,3,1,3,3.0,1,0,4,64.0,0,2.7411700351427166,3.5436187622438102,-2.305842579831048,Core Systems & Algorithmic Backend Specialists
CP-1301,1.7,Non-CS Degree,Tier 2 (Top State/Private),Data Analytics & BI,Tier 2 City,3,7,9.0,1,0,1,1,0,0,0,0,2,13.09,Junior Associate,9.62,0,1,1,2,1.0,0,0,2,44.3,2,-1.2198771863497715,1.977700496245821,-1.5555335268061266,Cloud & DevOps Infrastructure Architects
CP-1302,1.7,M.Tech/M.S,Tier 2 (Top State/Private),Data Science & AI/ML,Tier 1 Tech Hub (Bengaluru/NCR/Hyd),0,6,124.0,2,1,0,0,0,0,1,0,2,17.6,Job-Ready Mid-Level,7.3,0,2,0,2,4.0,1,0,2,49.8,1,-1.1588989919331485,0.8991785809213548,-0.2845977358688519,Applied AI/ML & Data Science Specialists
CP-1303,2.2,Non-CS Degree,Tier 3 (Affiliated Colleges),Backend Systems,Tier 1 Tech Hub (Bengaluru/NCR/Hyd),0,3,0.0,0,1,1,0,0,1,0,0,3,12.01,Junior Associate,2.1,1,2,0,1,1.0,1,0,3,34.3,1,-1.4928270343368721,-1.951476287336565,1.3220650782031607,Applied AI/ML & Data Science Specialists
CP-1304,2.8,B.Tech/B.E,Tier 1 (IIT/NIT/BITS),Backend Systems,Tier 1 Tech Hub (Bengaluru/NCR/Hyd),3,6,125.0,1,1,1,0,1,1,0,1,5,31.45,High-Demand Specialist,11.82,2,2,1,3,3.0,1,0,5,76.4,0,4.06414073867903,1.626109295076721,1.2399152322061355,Core Systems & Algorithmic Backend Specialists
CP-1305,8.2,Non-CS Degree,Tier 3 (Affiliated Colleges),Data Science & AI/ML,Tier 2 City,1,6,0.0,1,1,1,0,0,0,1,0,3,21.74,Job-Ready Mid-Level,5.7,0,3,0,1,1.0,0,0,3,54.3,1,0.17772770898511026,0.49322382240190477,-0.5311529251258653,Applied AI/ML & Data Science Specialists
CP-1306,1.6,B.Tech/B.E,Tier 3 (Affiliated Colleges),Full Stack Web,Tier 1 Tech Hub (Bengaluru/NCR/Hyd),0,2,49.0,0,1,1,0,0,0,1,0,3,11.89,Junior Associate,2.62,0,3,0,1,3.0,1,0,3,38.4,1,-1.1708731091883493,-1.7582282381691405,-0.41740197182083466,Applied AI/ML & Data Science Specialists
CP-1307,0.9,B.Tech/B.E,Tier 2 (Top State/Private),Full Stack Web,Tier 1 Tech Hub (Bengaluru/NCR/Hyd),1,5,0.0,1,1,0,1,0,0,0,0,2,12.59,Junior Associate,5.0,0,1,1,2,3.0,1,0,2,38.9,2,-2.006900999421779,-0.14440422717343185,-1.4589199763805767,Cloud & DevOps Infrastructure Architects
CP-1308,3.5,B.Tech/B.E,Tier 3 (Affiliated Colleges),Data Analytics & BI,Tier 1 Tech Hub (Bengaluru/NCR/Hyd),0,4,126.0,0,0,1,1,0,0,1,1,4,23.9,Job-Ready Mid-Level,5.95,0,2,2,1,3.0,1,0,4,57.6,3,1.1693360224406826,-1.1415371777166148,-2.947504186067176,Emerging Full-Stack & Entry Developers
CP-1309,0.7,B.Tech/B.E,Tier 1 (IIT/NIT/BITS),Cloud & DevOps,Tier 1 Tech Hub (Bengaluru/NCR/Hyd),0,4,0.0,1,1,1,1,0,0,0,0,3,14.17,Junior Associate,2.8,0,2,1,3,3.0,1,0,3,42.5,1,-0.9431403078939197,-1.570638146640612,-1.6388869521907892,Applied AI/ML & Data Science Specialists
CP-1310,1.3,BCA/B.Sc CS,Tier 3 (Affiliated Colleges),Cloud & DevOps,Tier 1 Tech Hub (Bengaluru/NCR/Hyd),2,7,3.0,0,0,1,1,1,1,0,0,4,17.75,Job-Ready Mid-Level,7.98,2,1,1,1,2.0,1,0,4,46.9,3,1.091911677686239,0.11013018167935841,1.5603267893003863,Emerging Full-Stack & Entry Developers
CP-1311,0.2,B.Tech/B.E,Tier 2 (Top State/Private),Data Analytics & BI,Tier 1 Tech Hub (Bengaluru/NCR/Hyd),0,5,0.0,0,1,1,1,1,0,0,0,4,11.98,Junior Associate,3.5,1,2,1,2,3.0,1,0,4,41.2,3,0.2555731458284906,-1.921609835861017,-0.07135178376219796,Emerging Full-Stack & Entry Developers
CP-1312,0.1,B.Tech/B.E,Tier 2 (Top State/Private),Data Science & AI/ML,Tier 2 City,0,6,0.0,2,1,1,0,0,0,0,0,2,6.01,Entry-Level Learner,4.2,0,2,0,2,3.0,0,0,2,33.5,1,-2.271405301754872,-0.5228780060940131,-0.10837019724175176,Applied AI/ML & Data Science Specialists
CP-1313,7.2,BCA/B.Sc CS,Tier 2 (Top State/Private),Data Analytics & BI,Tier 1 Tech Hub (Bengaluru/NCR/Hyd),0,3,149.0,0,1,1,0,1,1,0,0,4,29.07,High-Demand Specialist,5.82,2,2,0,2,2.0,1,0,4,66.0,3,1.713773104712918,-0.3671374742963416,2.843435809871642,Emerging Full-Stack & Entry Developers
CP-1314,4.0,B.Tech/B.E,Tier 1 (IIT/NIT/BITS),Cloud & DevOps,Tier 2 City,1,3,344.0,1,1,1,0,1,0,0,1,4,24.16,High-Demand Specialist,12.2,1,2,1,3,3.0,0,0,4,78.9,0,2.803292628282859,1.6496076402852065,0.027102256238273652,Core Systems & Algorithmic Backend Specialists
CP-1315,2.6,BCA/B.Sc CS,Tier 3 (Affiliated Colleges),Cloud & DevOps,Tier 2 City,0,6,105.0,1,1,1,0,0,0,1,0,3,11.98,Junior Associate,6.82,0,3,0,1,2.0,0,0,3,47.3,1,-0.27557606890988784,0.12943984247818324,-0.40178970004386694,Applied AI/ML & Data Science Specialists
CP-1316,1.2,B.Tech/B.E,Tier 1 (IIT/NIT/BITS),Backend Systems,Tier 1 Tech Hub (Bengaluru/NCR/Hyd),1,4,230.0,0,1,0,0,0,1,0,0,2,19.87,Job-Ready Mid-Level,10.05,1,1,0,3,3.0,1,0,2,53.0,2,-0.9157846511105907,1.777117391079473,1.473330248746615,Cloud & DevOps Infrastructure Architects
CP-1317,0.4,MCA,Tier 3 (Affiliated Colleges),Cloud & DevOps,Tier 1 Tech Hub (Bengaluru/NCR/Hyd),1,8,10.0,0,1,0,1,1,0,1,1,5,17.73,Job-Ready Mid-Level,7.35,1,2,2,1,2.5,1,0,5,47.1,3,2.1301687390634307,-0.9781458969282024,-1.5624910148036224,Emerging Full-Stack & Entry Developers
CP-1318,0.4,MCA,Tier 2 (Top State/Private),Data Science & AI/ML,Remote Global,2,4,2.0,0,0,1,0,1,0,1,0,3,18.86,Job-Ready Mid-Level,5.85,1,2,0,2,2.5,0,1,3,40.4,1,-0.5793326485638554,-0.2614233020131189,1.6156377953502934,Applied AI/ML & Data Science Specialists
CP-1319,0.6,B.Tech/B.E,Tier 3 (Affiliated Colleges),Full Stack Web,Tier 1 Tech Hub (Bengaluru/NCR/Hyd),0,5,45.0,0,0,1,1,0,0,0,0,2,10.75,Junior Associate,4.62,0,1,1,1,3.0,1,0,2,32.6,2,-2.4016589547376976,-0.7576907935410151,-1.347159227709443,Cloud & DevOps Infrastructure Architects
CP-1320,1.8,B.Tech/B.E,Tier 2 (Top State/Private),Full Stack Web,Tier 1 Tech Hub (Bengaluru/NCR/Hyd),2,6,380.0,2,1,0,1,0,0,0,0,2,20.96,Job-Ready Mid-Level,16.7,0,1,1,2,3.0,1,0,2,60.0,0,0.15629788930874292,4.234103585544056,-1.5890369170929837,Core Systems & Algorithmic Backend Specialists
CP-1321,2.8,B.Tech/B.E,Tier 2 (Top State/Private),Data Science & AI/ML,Tier 1 Tech Hub (Bengaluru/NCR/Hyd),0,2,116.0,1,0,1,1,0,0,1,1,4,23.56,Job-Ready Mid-Level,4.3,0,2,2,2,3.0,1,0,4,55.5,3,0.8981698271054405,-1.8890192642731527,-2.918533357546004,Emerging Full-Stack & Entry Developers
CP-1322,2.4,M.Tech/M.S,Tier 2 (Top State/Private),Backend Systems,Tier 2 City,1,3,62.0,2,1,1,0,1,1,1,0,5,18.0,Job-Ready Mid-Level,5.15,2,3,0,2,4.0,0,0,5,62.2,3,2.7595638225759216,-1.2432660075972914,2.8091236211930153,Emerging Full-Stack & Entry Developers
CP-1323,0.7,B.Tech/B.E,Tier 3 (Affiliated Colleges),Data Science & AI/ML,Tier 1 Tech Hub (Bengaluru/NCR/Hyd),1,2,0.0,1,1,1,0,1,1,1,0,5,16.42,Job-Ready Mid-Level,2.9,2,3,0,1,3.0,1,0,5,42.7,3,1.5335665070216935,-2.564235301148467,2.671853778355606,Emerging Full-Stack & Entry Developers
CP-1324,6.8,B.Tech/B.E,Tier 1 (IIT/NIT/BITS),Cloud & DevOps,Remote Global,0,1,33.0,0,1,0,0,0,1,0,0,2,32.13,High-Demand Specialist,1.52,1,1,0,3,3.0,0,1,2,57.7,2,-1.4869553857778248,-0.9916700898611052,2.0637413033356067,Cloud & DevOps Infrastructure Architects
CP-1325,2.9,B.Tech/B.E,Tier 2 (Top State/Private),Full Stack Web,Remote Global,1,3,56.0,0,1,1,0,0,0,0,0,2,18.71,Job-Ready Mid-Level,5.0,0,2,0,2,3.0,0,1,2,48.9,1,-1.5868598514199594,0.1043405423195878,0.15332163043602948,Applied AI/ML & Data Science Specialists
CP-1326,1.8,B.Tech/B.E,Tier 2 (Top State/Private),Data Science & AI/ML,Tier 1 Tech Hub (Bengaluru/NCR/Hyd),0,3,143.0,0,1,1,0,0,0,0,1,3,17.69,Job-Ready Mid-Level,5.68,0,2,1,2,3.0,1,0,3,48.7,1,-0.48318670291852145,-0.7801648915401009,-1.5694646680354356,Applied AI/ML & Data Science Specialists
CP-1327,2.1,B.Tech/B.E,Tier 3 (Affiliated Colleges),Backend Systems,Tier 1 Tech Hub (Bengaluru/NCR/Hyd),0,3,19.0,0,0,0,0,0,0,0,0,0,10.72,Junior Associate,2.58,0,0,0,1,3.0,1,0,0,28.3,2,-5.134181273976391,-0.327768411826674,0.3086302022891556,Cloud & DevOps Infrastructure Architects
CP-1328,1.2,MCA,Tier 2 (Top State/Private),Data Analytics & BI,Tier 1 Tech Hub (Bengaluru/NCR/Hyd),1,3,221.0,1,1,0,1,1,0,0,0,3,18.23,Job-Ready Mid-Level,9.12,1,1,1,2,2.5,1,0,3,49.8,2,-0.02459332150871233,0.5772013509011695,0.11501024532931846,Cloud & DevOps Infrastructure Architects
CP-1329,0.6,B.Tech/B.E,Tier 2 (Top State/Private),Full Stack Web,Tier 1 Tech Hub (Bengaluru/NCR/Hyd),1,4,344.0,0,1,1,1,1,1,0,0,5,21.67,Job-Ready Mid-Level,12.9,2,2,1,2,3.0,1,0,5,63.0,0,3.293596791724923,0.9477791077938476,1.4492053255129376,Core Systems & Algorithmic Backend Specialists
CP-1330,1.0,B.Tech/B.E,Tier 2 (Top State/Private),Data Science & AI/ML,Tier 1 Tech Hub (Bengaluru/NCR/Hyd),0,2,239.0,1,1,1,1,1,0,1,0,5,20.88,Job-Ready Mid-Level,7.38,1,3,1,2,3.0,1,0,5,55.8,3,2.41119568855394,-1.2310214604009035,-0.26938992836170655,Emerging Full-Stack & Entry Developers
CP-1331,3.1,M.Tech/M.S,Tier 3 (Affiliated Colleges),Data Science & AI/ML,Tier 1 Tech Hub (Bengaluru/NCR/Hyd),0,6,220.0,0,1,0,1,1,1,0,0,4,22.24,Job-Ready Mid-Level,9.7,2,1,1,1,4.0,1,0,4,65.0,0,1.98763237875643,0.633585960887383,1.7689376736732965,Core Systems & Algorithmic Backend Specialists
CP-1332,0.0,MCA,Tier 3 (Affiliated Colleges),Full Stack Web,Tier 1 Tech Hub (Bengaluru/NCR/Hyd),0,1,0.0,1,0,1,0,0,0,0,0,1,5.63,Entry-Level Learner,0.7,0,1,0,1,2.5,1,0,1,17.3,2,-4.69594541867603,-1.9995662215235839,0.11964223718760722,Cloud & DevOps Infrastructure Architects
CP-1333,0.3,B.Tech/B.E,Tier 2 (Top State/Private),Data Science & AI/ML,Tier 1 Tech Hub (Bengaluru/NCR/Hyd),1,4,338.0,0,1,0,1,0,0,0,0,2,15.6,Job-Ready Mid-Level,12.75,0,1,1,2,3.0,1,0,2,48.8,0,-0.9478833916351628,2.27704126337694,-1.4491991550023784,Core Systems & Algorithmic Backend Specialists
CP-1334,0.1,B.Tech/B.E,Tier 2 (Top State/Private),Full Stack Web,Tier 1 Tech Hub (Bengaluru/NCR/Hyd),1,2,33.0,0,1,1,0,1,0,1,0,4,15.48,Job-Ready Mid-Level,3.72,1,3,0,2,3.0,1,0,4,41.1,1,0.3199329016576474,-1.738629537748224,1.0494791573969646,Applied AI/ML & Data Science Specialists
CP-1335,0.1,B.Tech/B.E,Tier 2 (Top State/Private),Backend Systems,Remote Global,0,4,233.0,0,0,0,0,0,1,1,1,3,21.3,Job-Ready Mid-Level,8.62,1,1,1,2,3.0,0,1,3,45.1,2,-0.332751311480619,-0.16207743295097848,0.7072187421739994,Cloud & DevOps Infrastructure Architects
CP-1336,4.3,Non-CS Degree,Tier 1 (IIT/NIT/BITS),Cloud & DevOps,Tier 1 Tech Hub (Bengaluru/NCR/Hyd),0,1,0.0,0,1,1,0,0,0,1,0,3,21.83,Job-Ready Mid-Level,0.7,0,3,0,3,1.0,1,0,3,50.8,1,-0.866204576586842,-1.946250567473378,-0.5591917937712215,Applied AI/ML & Data Science Specialists
CP-1337,2.7,B.Tech/B.E,Tier 2 (Top State/Private),Backend Systems,Remote Global,1,2,40.0,0,1,1,1,1,0,0,0,4,21.99,Job-Ready Mid-Level,3.9,1,2,1,2,3.0,0,1,4,54.4,3,0.8641670642025158,-1.5164098270278343,0.37487618828338726,Emerging Full-Stack & Entry Developers
CP-1338,1.4,Non-CS Degree,Tier 3 (Affiliated Colleges),Cloud & DevOps,Tier 1 Tech Hub (Bengaluru/NCR/Hyd),2,9,0.0,0,0,1,1,0,0,0,0,2,12.1,Junior Associate,9.3,0,1,1,1,1.0,1,0,2,38.1,2,-1.5688408975258523,1.6868643867690492,-1.6838775506848196,Cloud & DevOps Infrastructure Architects
CP-1339,0.2,BCA/B.Sc CS,Tier 2 (Top State/Private),Full Stack Web,Tier 1 Tech Hub (Bengaluru/NCR/Hyd),1,4,28.0,0,1,1,1,0,0,0,0,3,10.73,Junior Associate,5.0,0,2,1,2,2.0,1,0,3,36.4,1,-1.0626987845091775,-0.8803416655039074,-1.7118129411624319,Applied AI/ML & Data Science Specialists
CP-1340,1.5,B.Tech/B.E,Tier 3 (Affiliated Colleges),Data Analytics & BI,Tier 1 Tech Hub (Bengaluru/NCR/Hyd),2,7,337.0,0,0,1,1,0,0,1,0,3,21.97,Job-Ready Mid-Level,16.32,0,2,1,1,3.0,1,0,3,58.5,0,1.244949131850816,3.536006793057787,-1.8272652977381616,Core Systems & Algorithmic Backend Specialists
CP-1341,1.4,B.Tech/B.E,Tier 2 (Top State/Private),Full Stack Web,Tier 1 Tech Hub (Bengaluru/NCR/Hyd),0,7,148.0,2,1,0,0,1,1,0,0,3,17.55,Job-Ready Mid-Level,8.6,2,1,0,2,3.0,1,0,3,51.5,0,0.19845976104993293,0.7720346404384691,3.0540924067083925,Core Systems & Algorithmic Backend Specialists
CP-1342,0.4,B.Tech/B.E,Tier 3 (Affiliated Colleges),Backend Systems,Tier 1 Tech Hub (Bengaluru/NCR/Hyd),3,7,38.0,0,1,0,1,0,1,1,0,4,19.72,Job-Ready Mid-Level,10.35,1,2,1,1,3.0,1,0,4,49.5,0,1.483850736242869,1.1801764674184296,-0.2848088839291433,Core Systems & Algorithmic Backend Specialists
CP-1343,1.3,B.Tech/B.E,Tier 2 (Top State/Private),Full Stack Web,Remote Global,0,7,38.0,3,1,1,1,0,1,0,0,4,17.81,Job-Ready Mid-Level,5.85,1,2,1,2,3.0,0,1,4,50.6,3,1.02446388991423,-0.8522511674615804,0.3539354223843207,Emerging Full-Stack & Entry Developers
CP-1344,1.1,B.Tech/B.E,Tier 2 (Top State/Private),Data Science & AI/ML,Remote Global,3,6,113.0,1,0,1,1,1,1,0,0,4,25.6,High-Demand Specialist,11.52,2,1,1,2,3.0,0,1,4,59.1,0,2.067058550110184,1.5453755910522142,1.9765412499248165,Core Systems & Algorithmic Backend Specialists
CP-1345,2.1,BCA/B.Sc CS,Tier 2 (Top State/Private),Data Analytics & BI,Tier 1 Tech Hub (Bengaluru/NCR/Hyd),0,3,60.0,1,1,0,0,1,0,0,1,3,17.09,Job-Ready Mid-Level,3.6,1,1,1,2,2.0,1,0,3,43.6,2,-0.8846985675368972,-1.5451278995609066,0.1967522787821464,Cloud & DevOps Infrastructure Architects
CP-1346,2.2,Non-CS Degree,Tier 2 (Top State/Private),Cloud & DevOps,Tier 1 Tech Hub (Bengaluru/NCR/Hyd),1,2,127.0,1,0,0,0,0,0,1,0,1,16.25,Job-Ready Mid-Level,6.07,0,1,0,2,1.0,1,0,1,36.7,2,-3.2634822012489897,0.5432692897091308,-0.11296543239383264,Cloud & DevOps Infrastructure Architects
CP-1347,0.1,BCA/B.Sc CS,Tier 2 (Top State/Private),Backend Systems,Tier 1 Tech Hub (Bengaluru/NCR/Hyd),1,9,39.0,1,1,1,0,0,0,0,1,3,12.69,Junior Associate,8.77,0,2,1,2,2.0,1,0,3,42.2,1,-0.27407722116152916,0.7585830706314263,-1.8239430159581387,Applied AI/ML & Data Science Specialists
CP-1348,1.0,M.Tech/M.S,Tier 3 (Affiliated Colleges),Backend Systems,Tier 1 Tech Hub (Bengaluru/NCR/Hyd),1,8,111.0,0,0,1,1,1,0,0,0,3,17.56,Job-Ready Mid-Level,9.88,1,1,1,1,4.0,1,0,3,50.6,0,0.31515011009600385,1.2279755059454147,0.08528883201098346,Core Systems & Algorithmic Backend Specialists
CP-1349,2.2,B.Tech/B.E,Tier 3 (Affiliated Colleges),Data Science & AI/ML,Tier 1 Tech Hub (Bengaluru/NCR/Hyd),2,3,354.0,0,0,1,1,1,0,0,0,3,22.53,Job-Ready Mid-Level,13.95,1,1,1,1,3.0,1,0,3,60.3,0,0.973362993363019,2.4503187931511916,0.08606868470001897,Core Systems & Algorithmic Backend Specialists
CP-1350,1.5,B.Tech/B.E,Tier 2 (Top State/Private),Full Stack Web,Tier 1 Tech Hub (Bengaluru/NCR/Hyd),1,6,43.0,1,1,1,0,1,1,1,0,5,21.59,Job-Ready Mid-Level,6.78,2,3,0,2,3.0,1,0,5,57.3,3,2.691854593684639,-0.5754308829078326,2.514883065133525,Emerging Full-Stack & Entry Developers
CP-1351,4.3,B.Tech/B.E,Tier 1 (IIT/NIT/BITS),Full Stack Web,Tier 1 Tech Hub (Bengaluru/NCR/Hyd),3,8,30.0,0,1,1,0,0,0,0,0,2,25.06,High-Demand Specialist,10.85,0,2,0,3,3.0,1,0,2,69.8,0,0.22019015495430608,3.5059684688933452,-0.6337057972750737,Core Systems & Algorithmic Backend Specialists
CP-1352,2.4,BCA/B.Sc CS,Tier 2 (Top State/Private),Cloud & DevOps,Tier 1 Tech Hub (Bengaluru/NCR/Hyd),1,6,243.0,1,1,1,1,1,0,1,1,6,27.6,High-Demand Specialist,11.77,1,3,2,2,2.0,1,0,6,71.2,3,4.77353813808534,0.2908566013405854,-1.8430916132278985,Emerging Full-Stack & Entry Developers
CP-1353,0.4,Non-CS Degree,Tier 2 (Top State/Private),Data Analytics & BI,Tier 1 Tech Hub (Bengaluru/NCR/Hyd),1,2,205.0,2,1,1,0,1,0,0,1,4,17.52,Job-Ready Mid-Level,8.02,1,2,1,2,1.0,1,0,4,43.5,3,0.6822463657743549,-0.7204536768866628,-0.12626158234138102,Emerging Full-Stack & Entry Developers
CP-1354,0.2,BCA/B.Sc CS,Tier 2 (Top State/Private),Full Stack Web,Tier 1 Tech Hub (Bengaluru/NCR/Hyd),0,2,341.0,1,1,1,0,0,0,0,0,2,11.0,Junior Associate,9.93,0,2,0,2,2.0,1,0,2,40.5,1,-1.6615356268530022,0.9783730982139095,-0.2422784757878345,Applied AI/ML & Data Science Specialists
CP-1355,2.3,B.Tech/B.E,Tier 3 (Affiliated Colleges),Cloud & DevOps,Tier 1 Tech Hub (Bengaluru/NCR/Hyd),3,8,59.0,0,1,0,1,0,1,1,1,5,24.92,High-Demand Specialist,11.58,1,2,2,1,3.0,1,0,5,65.2,3,3.472156326246384,1.2441757123122896,-1.670436969167503,Emerging Full-Stack & Entry Developers
CP-1356,0.1,B.Tech/B.E,Tier 3 (Affiliated Colleges),Cloud & DevOps,Remote Global,1,8,49.0,0,1,0,1,0,0,0,0,2,11.23,Junior Associate,8.32,0,1,1,1,3.0,0,1,2,36.2,2,-1.805844039732609,0.95032897649523,-1.0442254631399652,Cloud & DevOps Infrastructure Architects
CP-1357,1.9,BCA/B.Sc CS,Tier 3 (Affiliated Colleges),Data Science & AI/ML,Tier 1 Tech Hub (Bengaluru/NCR/Hyd),1,8,22.0,0,1,0,0,0,0,0,0,1,10.82,Junior Associate,7.65,0,1,0,1,2.0,1,0,1,36.8,2,-2.974124438814827,1.6523829500780332,-0.19314968491803555,Cloud & DevOps Infrastructure Architects
CP-1358,6.2,B.Tech/B.E,Tier 2 (Top State/Private),Data Analytics & BI,Remote Global,1,4,7.0,1,1,1,0,0,1,0,0,3,28.83,High-Demand Specialist,4.47,1,2,0,2,3.0,0,1,3,62.7,1,0.33915379063609885,-0.0652211430378409,1.6988805274770695,Applied AI/ML & Data Science Specialists
CP-1359,1.9,MCA,Tier 3 (Affiliated Colleges),Cloud & DevOps,Tier 2 City,1,5,129.0,1,1,1,1,1,0,0,1,5,17.43,Job-Ready Mid-Level,8.22,1,2,2,1,2.5,0,0,5,56.0,3,2.53283839980003,-0.7818755330181768,-1.3102546905137986,Emerging Full-Stack & Entry Developers
CP-1360,1.1,M.Tech/M.S,Tier 3 (Affiliated Colleges),Backend Systems,Remote Global,3,9,22.0,1,1,0,1,0,0,0,0,2,17.15,Job-Ready Mid-Level,11.35,0,1,1,1,4.0,0,1,2,49.4,0,-0.6775638425558658,2.787663300809378,-1.1822208773347853,Core Systems & Algorithmic Backend Specialists
CP-1361,2.3,BCA/B.Sc CS,Tier 2 (Top State/Private),Full Stack Web,Tier 2 City,0,2,115.0,0,0,1,0,0,0,0,0,1,10.58,Junior Associate,4.28,0,1,0,2,2.0,0,0,1,37.4,2,-3.466988980226337,-0.23640038921394296,0.18855969714874837,Cloud & DevOps Infrastructure Architects
CP-1362,1.3,B.Tech/B.E,Tier 2 (Top State/Private),Data Science & AI/ML,Tier 2 City,0,1,238.0,0,1,0,0,1,1,0,0,3,12.97,Junior Associate,6.65,2,1,0,2,3.0,0,0,3,47.8,2,-0.42089581872681975,-0.5431548625911627,3.3980762888197824,Cloud & DevOps Infrastructure Architects
CP-1363,1.7,B.Tech/B.E,Tier 3 (Affiliated Colleges),Full Stack Web,Remote Global,0,1,365.0,3,1,1,0,1,0,0,0,3,18.36,Job-Ready Mid-Level,9.82,1,2,0,1,3.0,0,1,3,50.9,0,0.09100275651921451,0.47281721586027886,1.8590175554464872,Core Systems & Algorithmic Backend Specialists
CP-1364,6.2,B.Tech/B.E,Tier 2 (Top State/Private),Data Science & AI/ML,Tier 1 Tech Hub (Bengaluru/NCR/Hyd),2,6,22.0,0,1,0,0,0,0,0,0,1,24.84,High-Demand Specialist,7.75,0,1,0,2,3.0,1,0,1,59.8,2,-1.7542757607233317,2.5105629729178616,-0.23382650172394426,Cloud & DevOps Infrastructure Architects
CP-1365,1.1,B.Tech/B.E,Tier 2 (Top State/Private),Backend Systems,Tier 1 Tech Hub (Bengaluru/NCR/Hyd),0,3,74.0,0,1,1,1,0,1,0,0,4,14.74,Junior Associate,3.95,1,2,1,2,3.0,1,0,4,46.5,3,0.44744530671466076,-1.8563833243514622,0.006129368120130022,Emerging Full-Stack & Entry Developers
CP-1366,7.1,B.Tech/B.E,Tier 2 (Top State/Private),Data Science & AI/ML,Remote Global,0,3,60.0,0,0,1,0,1,0,1,1,4,42.77,High-Demand Specialist,3.6,1,2,1,2,3.0,0,1,4,65.4,3,1.5094221293527794,-1.4443101171231563,0.41612505711048253,Emerging Full-Stack & Entry Developers
CP-1367,5.2,BCA/B.Sc CS,Tier 2 (Top State/Private),Data Analytics & BI,Tier 2 City,0,4,60.0,0,1,1,0,0,1,0,0,3,17.32,Job-Ready Mid-Level,4.3,1,2,0,2,2.0,0,0,3,59.2,1,-0.03629953932534489,-0.4512852278672387,1.4490056495648904,Applied AI/ML & Data Science Specialists
CP-1368,0.5,BCA/B.Sc CS,Tier 2 (Top State/Private),Full Stack Web,Remote Global,1,6,113.0,2,0,0,0,1,0,0,0,1,16.15,Job-Ready Mid-Level,8.52,1,0,0,2,2.0,0,1,1,35.4,2,-2.916484939695678,1.4669666746296421,2.104571460121705,Cloud & DevOps Infrastructure Architects
CP-1369,0.2,B.Tech/B.E,Tier 3 (Affiliated Colleges),Full Stack Web,Tier 2 City,1,2,217.0,0,1,1,0,1,0,1,0,4,11.9,Junior Associate,8.32,1,3,0,1,3.0,0,0,4,45.1,1,0.8918225330327181,-0.33199009922919415,1.2504912877699448,Applied AI/ML & Data Science Specialists
CP-1370,0.2,B.Tech/B.E,Tier 3 (Affiliated Colleges),Data Science & AI/ML,Remote Global,0,8,44.0,1,1,1,0,0,0,0,0,2,9.22,Junior Associate,6.7,0,2,0,1,3.0,0,1,2,34.0,1,-2.0150122815987266,0.37130336444514445,0.1448519247335177,Applied AI/ML & Data Science Specialists
CP-1371,0.0,B.Tech/B.E,Tier 3 (Affiliated Colleges),Cloud & DevOps,Tier 2 City,3,9,45.0,0,0,0,0,1,1,0,0,2,10.47,Junior Associate,11.92,2,0,0,1,3.0,0,0,2,41.7,2,-0.9387271037586445,2.795644290786122,3.2760713056353716,Cloud & DevOps Infrastructure Architects
CP-1372,0.2,B.Tech/B.E,Tier 1 (IIT/NIT/BITS),Cloud & DevOps,Tier 2 City,3,4,46.0,1,1,1,0,0,0,0,1,3,15.2,Job-Ready Mid-Level,8.45,0,2,1,3,3.0,0,0,3,49.5,1,0.047398928689904536,0.806458642209707,-1.6406768887089094,Applied AI/ML & Data Science Specialists
CP-1373,2.5,MCA,Tier 3 (Affiliated Colleges),Full Stack Web,Tier 1 Tech Hub (Bengaluru/NCR/Hyd),0,3,105.0,2,1,0,0,0,0,0,1,2,16.47,Job-Ready Mid-Level,4.72,0,1,1,1,2.5,1,0,2,40.7,2,-2.074743834805044,-0.7232870287745836,-1.3129389653656984,Cloud & DevOps Infrastructure Architects
CP-1374,0.2,B.Tech/B.E,Tier 1 (IIT/NIT/BITS),Backend Systems,Remote Global,1,5,64.0,0,1,0,1,1,0,0,0,3,19.76,Job-Ready Mid-Level,6.6,1,1,1,3,3.0,0,1,3,46.4,2,-0.3627666230412458,-0.12880909234528146,0.5254491979802671,Cloud & DevOps Infrastructure Architects
CP-1375,0.8,B.Tech/B.E,Tier 1 (IIT/NIT/BITS),Full Stack Web,Tier 2 City,1,2,145.0,0,1,1,0,1,0,0,0,3,14.58,Junior Associate,6.52,1,2,0,3,3.0,0,0,3,49.2,1,-0.26148494294255514,-0.13227045582691382,1.4384676849341689,Applied AI/ML & Data Science Specialists
CP-1376,4.1,B.Tech/B.E,Tier 2 (Top State/Private),Full Stack Web,Tier 2 City,0,4,221.0,0,1,1,0,0,0,0,0,2,16.32,Job-Ready Mid-Level,8.32,0,2,0,2,3.0,0,0,2,60.4,1,-0.7790426881978646,1.3328595661323341,-0.10612649820546693,Applied AI/ML & Data Science Specialists
CP-1377,0.1,MCA,Tier 2 (Top State/Private),Full Stack Web,Tier 2 City,0,7,69.0,0,1,1,0,0,0,0,0,2,7.49,Entry-Level Learner,6.62,0,2,0,2,2.5,0,0,2,36.0,1,-2.0060296072910817,0.3679120464323083,-0.16048568227814677,Applied AI/ML & Data Science Specialists
CP-1378,3.7,BCA/B.Sc CS,Tier 2 (Top State/Private),Data Science & AI/ML,Tier 1 Tech Hub (Bengaluru/NCR/Hyd),1,2,338.0,1,1,1,0,0,0,1,0,3,24.61,High-Demand Specialist,11.35,0,3,0,2,2.0,1,0,3,64.5,0,0.8652365842050672,1.8320676955985231,-0.6031082119312887,Core Systems & Algorithmic Backend Specialists
CP-1379,0.7,B.Tech/B.E,Tier 1 (IIT/NIT/BITS),Backend Systems,Tier 1 Tech Hub (Bengaluru/NCR/Hyd),1,4,110.0,2,0,0,1,1,0,0,0,2,19.38,Job-Ready Mid-Level,7.05,1,0,1,3,3.0,1,0,2,45.5,2,-1.452573612546152,0.44471769208926293,0.3382147991845275,Cloud & DevOps Infrastructure Architects
CP-1380,0.3,B.Tech/B.E,Tier 2 (Top State/Private),Full Stack Web,Remote Global,0,1,249.0,0,0,1,0,1,1,1,0,4,20.87,Job-Ready Mid-Level,6.92,2,2,0,2,3.0,0,1,4,47.4,3,0.8086527983064783,-1.1662735674385287,3.4358438292346456,Emerging Full-Stack & Entry Developers
CP-1381,2.6,M.Tech/M.S,Tier 2 (Top State/Private),Data Science & AI/ML,Tier 1 Tech Hub (Bengaluru/NCR/Hyd),2,6,33.0,1,0,1,1,1,1,1,0,5,26.88,High-Demand Specialist,8.02,2,2,1,2,4.0,1,0,5,68.0,3,3.391082909223823,0.07893173038059971,1.361438560813139,Emerging Full-Stack & Entry Developers
CP-1382,2.2,Non-CS Degree,Tier 3 (Affiliated Colleges),Full Stack Web,Tier 1 Tech Hub (Bengaluru/NCR/Hyd),1,5,43.0,0,1,1,1,0,1,0,0,4,17.41,Job-Ready Mid-Level,6.08,1,2,1,1,1.0,1,0,4,45.1,3,0.6026540470498918,-0.8010048296700691,-0.17359885477644899,Emerging Full-Stack & Entry Developers
CP-1383,4.6,B.Tech/B.E,Tier 2 (Top State/Private),Cloud & DevOps,Tier 1 Tech Hub (Bengaluru/NCR/Hyd),1,3,54.0,0,1,1,1,1,1,0,0,5,26.73,High-Demand Specialist,4.95,2,2,1,2,3.0,1,0,5,69.8,3,2.910304475137861,-1.1815590275091086,1.459613277050056,Emerging Full-Stack & Entry Developers
CP-1384,2.9,MCA,Tier 3 (Affiliated Colleges),Full Stack Web,Tier 2 City,0,6,47.0,1,1,1,1,0,1,0,0,4,13.72,Junior Associate,5.37,1,2,1,1,2.5,0,0,4,52.1,3,0.9397787324439862,-0.977200437309691,0.10212873180269079,Emerging Full-Stack & Entry Developers
CP-1385,3.6,Non-CS Degree,Tier 2 (Top State/Private),Cloud & DevOps,Tier 2 City,1,4,16.0,2,0,0,0,1,1,0,1,3,17.17,Job-Ready Mid-Level,4.7,2,0,1,2,1.0,0,0,3,49.8,2,-0.3806338868518732,-0.827450369316487,2.0733214952101453,Cloud & DevOps Infrastructure Architects
CP-1386,0.7,MCA,Tier 1 (IIT/NIT/BITS),Data Science & AI/ML,Tier 2 City,0,5,233.0,0,1,0,0,1,0,0,0,2,13.4,Junior Associate,9.32,1,1,0,3,2.5,0,0,2,47.7,2,-1.260077758206686,1.2775113083566598,1.646466280458072,Cloud & DevOps Infrastructure Architects
CP-1387,0.4,BCA/B.Sc CS,Tier 3 (Affiliated Colleges),Full Stack Web,Tier 2 City,1,6,32.0,0,1,0,1,0,0,0,0,2,6.89,Entry-Level Learner,6.5,0,1,1,1,2.0,0,0,2,31.6,2,-2.2812965859320027,0.14491820006976128,-1.308343222934087,Cloud & DevOps Infrastructure Architects
CP-1388,3.1,BCA/B.Sc CS,Tier 2 (Top State/Private),Data Analytics & BI,Tier 1 Tech Hub (Bengaluru/NCR/Hyd),2,6,355.0,1,1,1,0,0,0,1,0,3,24.0,High-Demand Specialist,16.08,0,3,0,2,2.0,1,0,3,67.6,0,1.6341633251268215,3.940869316707679,-0.7783100138460745,Core Systems & Algorithmic Backend Specialists
CP-1389,3.6,B.Tech/B.E,Tier 2 (Top State/Private),Data Science & AI/ML,Tier 1 Tech Hub (Bengaluru/NCR/Hyd),2,3,41.0,1,1,1,1,0,0,0,1,4,23.3,Job-Ready Mid-Level,6.12,0,2,2,2,3.0,1,0,4,62.6,3,1.4939059078281212,-0.49993333155489994,-3.0868070700663224,Emerging Full-Stack & Entry Developers
CP-1390,9.5,M.Tech/M.S,Tier 3 (Affiliated Colleges),Data Analytics & BI,Tier 1 Tech Hub (Bengaluru/NCR/Hyd),1,8,1.0,2,0,1,0,0,1,0,1,3,37.9,High-Demand Specialist,7.12,1,1,1,1,4.0,1,0,3,66.0,0,1.1186491138177552,1.0507083726495092,0.11264899879551502,Core Systems & Algorithmic Backend Specialists
CP-1391,1.2,B.Tech/B.E,Tier 1 (IIT/NIT/BITS),Data Science & AI/ML,Tier 2 City,1,4,45.0,0,1,0,0,0,0,0,0,1,11.04,Junior Associate,5.42,0,1,0,3,3.0,0,0,1,41.1,2,-3.0533331838586846,0.6895256107679002,0.07592929137713134,Cloud & DevOps Infrastructure Architects
CP-1392,1.0,BCA/B.Sc CS,Tier 3 (Affiliated Colleges),Data Analytics & BI,Tier 1 Tech Hub (Bengaluru/NCR/Hyd),3,9,349.0,1,0,1,0,1,0,0,0,2,19.55,Job-Ready Mid-Level,19.52,1,1,0,1,2.0,1,0,2,48.7,0,0.12913092115042912,5.384254506981808,1.1982001661423562,Core Systems & Algorithmic Backend Specialists
CP-1393,3.3,B.Tech/B.E,Tier 2 (Top State/Private),Full Stack Web,Tier 2 City,1,3,51.0,0,1,1,1,1,1,0,1,6,20.3,Job-Ready Mid-Level,4.88,2,2,2,2,3.0,0,0,6,67.3,3,3.8822192865915817,-2.219103231573629,0.31551670352413513,Emerging Full-Stack & Entry Developers
CP-1394,0.9,M.Tech/M.S,Tier 2 (Top State/Private),Cloud & DevOps,Tier 1 Tech Hub (Bengaluru/NCR/Hyd),0,3,9.0,1,1,0,0,0,0,0,0,1,9.02,Junior Associate,2.32,0,1,0,2,4.0,1,0,1,33.4,2,-3.6950339592741255,-0.7792804916750059,0.0724370380187392,Cloud & DevOps Infrastructure Architects
CP-1395,5.9,MCA,Tier 1 (IIT/NIT/BITS),Data Science & AI/ML,Tier 1 Tech Hub (Bengaluru/NCR/Hyd),1,2,237.0,0,1,0,0,0,0,0,1,2,31.98,High-Demand Specialist,8.82,0,1,1,3,2.5,1,0,2,68.3,0,-0.3946063245331334,1.536892914088083,-1.4579154981210032,Core Systems & Algorithmic Backend Specialists
CP-1396,4.3,B.Tech/B.E,Tier 2 (Top State/Private),Data Science & AI/ML,Remote Global,0,1,0.0,0,1,1,1,1,1,0,0,5,26.38,High-Demand Specialist,0.7,2,2,1,2,3.0,0,1,5,61.2,3,1.9912333149994885,-3.1816525303146723,2.0529957727539743,Emerging Full-Stack & Entry Developers
CP-1397,1.2,MCA,Tier 3 (Affiliated Colleges),Data Science & AI/ML,Tier 1 Tech Hub (Bengaluru/NCR/Hyd),2,6,146.0,2,0,1,1,0,0,1,0,3,19.25,Job-Ready Mid-Level,10.85,0,2,1,1,2.5,1,0,3,48.6,0,0.2959760321926187,1.5378389539719397,-1.8068327245051141,Core Systems & Algorithmic Backend Specialists
CP-1398,3.1,B.Tech/B.E,Tier 3 (Affiliated Colleges),Data Science & AI/ML,Tier 2 City,1,4,40.0,1,1,1,0,0,0,1,0,3,14.81,Junior Associate,5.3,0,3,0,1,3.0,0,0,3,50.4,1,-0.213519071196915,-0.19593742129203323,-0.37722824615992884,Applied AI/ML & Data Science Specialists
CP-1399,3.1,MCA,Tier 2 (Top State/Private),Full Stack Web,Tier 1 Tech Hub (Bengaluru/NCR/Hyd),1,2,60.0,0,0,0,0,1,0,0,0,1,17.81,Job-Ready Mid-Level,4.4,1,0,0,2,2.5,1,0,1,43.1,2,-3.062037336972515,0.20723444359560558,1.7557884924280263,Cloud & DevOps Infrastructure Architects
CP-1400,0.2,B.Tech/B.E,Tier 1 (IIT/NIT/BITS),Full Stack Web,Tier 1 Tech Hub (Bengaluru/NCR/Hyd),0,2,32.0,1,0,1,1,0,1,1,0,4,16.71,Job-Ready Mid-Level,2.2,1,2,1,3,3.0,1,0,4,43.2,3,0.20466565584243698,-2.63295235072188,0.007909696415827642,Emerging Full-Stack & Entry Developers
CP-1401,5.1,B.Tech/B.E,Tier 3 (Affiliated Colleges),Cloud & DevOps,Tier 1 Tech Hub (Bengaluru/NCR/Hyd),1,3,220.0,1,1,1,1,1,0,0,0,4,25.67,High-Demand Specialist,9.1,1,2,1,1,3.0,1,0,4,70.4,0,2.157056302105015,0.6633322849407584,-0.11425419768376403,Core Systems & Algorithmic Backend Specialists
CP-1402,1.5,MCA,Tier 2 (Top State/Private),Data Analytics & BI,Tier 1 Tech Hub (Bengaluru/NCR/Hyd),2,4,211.0,0,1,1,0,0,1,0,0,3,17.19,Job-Ready Mid-Level,11.08,1,2,0,2,2.5,1,0,3,54.6,0,0.46610580013945424,1.7922354773690623,1.169130511227037,Core Systems & Algorithmic Backend Specialists
CP-1403,3.9,B.Tech/B.E,Tier 2 (Top State/Private),Cloud & DevOps,Tier 2 City,0,3,29.0,1,1,1,1,0,0,0,0,3,15.32,Job-Ready Mid-Level,2.82,0,2,1,2,3.0,0,0,3,54.4,1,-0.4165659418789947,-1.3021371689752603,-1.428474464513532,Applied AI/ML & Data Science Specialists
CP-1404,0.8,MCA,Tier 2 (Top State/Private),Cloud & DevOps,Tier 1 Tech Hub (Bengaluru/NCR/Hyd),1,5,47.0,0,1,0,1,1,1,0,0,4,17.71,Job-Ready Mid-Level,6.18,2,1,1,2,2.5,1,0,4,47.1,3,0.8025165736352933,-0.7825680148804839,1.667360048465604,Emerging Full-Stack & Entry Developers
CP-1405,5.0,B.Tech/B.E,Tier 2 (Top State/Private),Full Stack Web,Tier 1 Tech Hub (Bengaluru/NCR/Hyd),3,11,0.0,0,1,1,1,0,1,0,0,4,28.92,High-Demand Specialist,12.2,1,2,1,2,3.0,1,0,4,79.7,0,3.1909675028306212,3.1068194805689786,-0.46199983090076385,Core Systems & Algorithmic Backend Specialists
CP-1406,1.1,B.Tech/B.E,Tier 3 (Affiliated Colleges),Full Stack Web,Tier 1 Tech Hub (Bengaluru/NCR/Hyd),1,2,0.0,3,1,1,0,0,1,1,0,4,14.33,Junior Associate,2.9,1,3,0,1,3.0,1,0,4,40.5,1,0.29499348873073017,-2.0286000904719903,1.1111956208578087,Applied AI/ML & Data Science Specialists
CP-1407,0.0,B.Tech/B.E,Tier 3 (Affiliated Colleges),Full Stack Web,Tier 2 City,1,8,59.0,1,1,0,1,1,0,0,0,3,8.72,Entry-Level Learner,8.57,1,1,1,1,3.0,0,0,3,40.3,2,-0.34086878202878174,0.5801105716968846,0.23313670963162886,Cloud & DevOps Infrastructure Architects
CP-1408,5.2,BCA/B.Sc CS,Tier 2 (Top State/Private),Data Analytics & BI,Tier 2 City,1,1,74.0,2,1,1,1,1,0,0,0,4,19.69,Job-Ready Mid-Level,4.05,1,2,1,2,2.0,0,0,4,63.0,3,1.2998782784431988,-1.2185316395905588,0.05926674920765383,Emerging Full-Stack & Entry Developers
CP-1409,0.2,B.Tech/B.E,Tier 2 (Top State/Private),Data Science & AI/ML,Tier 1 Tech Hub (Bengaluru/NCR/Hyd),1,5,20.0,1,0,1,1,0,0,1,1,4,18.78,Job-Ready Mid-Level,5.5,0,2,2,2,3.0,1,0,4,44.5,3,0.6422879479378811,-1.3680281559746976,-3.0413550561642757,Emerging Full-Stack & Entry Developers
CP-1410,0.8,B.Tech/B.E,Tier 2 (Top State/Private),Data Science & AI/ML,Tier 1 Tech Hub (Bengaluru/NCR/Hyd),0,6,60.0,1,1,1,1,0,0,1,0,4,16.89,Job-Ready Mid-Level,5.7,0,3,1,2,3.0,1,0,4,47.9,1,0.823200299557604,-0.9422012256136297,-1.922919684061411,Applied AI/ML & Data Science Specialists
CP-1411,6.6,B.Tech/B.E,Tier 2 (Top State/Private),Cloud & DevOps,Tier 2 City,0,1,119.0,0,1,0,0,0,0,1,1,3,22.37,Job-Ready Mid-Level,3.68,0,2,1,2,3.0,0,0,3,61.3,1,-0.006411624640714404,-1.068286747205517,-1.373512762341746,Applied AI/ML & Data Science Specialists
CP-1412,6.6,B.Tech/B.E,Tier 2 (Top State/Private),Data Science & AI/ML,Tier 2 City,1,2,234.0,1,1,0,1,1,0,0,0,3,24.73,High-Demand Specialist,8.75,1,1,1,2,3.0,0,0,3,69.8,0,0.9744712282921605,1.0783670568000399,0.3043546942796724,Core Systems & Algorithmic Backend Specialists
CP-1413,1.9,Non-CS Degree,Tier 3 (Affiliated Colleges),Backend Systems,Tier 1 Tech Hub (Bengaluru/NCR/Hyd),2,6,39.0,1,1,1,1,0,1,1,0,5,19.87,Job-Ready Mid-Level,8.17,1,3,1,1,1.0,1,0,5,51.2,3,2.402843520115745,-0.24828114306150384,-0.5260825054471729,Emerging Full-Stack & Entry Developers
CP-1414,2.2,Non-CS Degree,Tier 2 (Top State/Private),Data Analytics & BI,Tier 2 City,0,7,133.0,0,0,1,0,1,1,0,1,4,16.66,Job-Ready Mid-Level,8.22,2,1,1,2,1.0,0,0,4,52.8,3,1.202747062232413,-0.23397562961734597,1.8192315765166542,Emerging Full-Stack & Entry Developers
CP-1415,1.3,B.Tech/B.E,Tier 2 (Top State/Private),Data Science & AI/ML,Tier 2 City,0,1,28.0,1,0,1,0,1,0,0,0,2,9.2,Junior Associate,1.4,1,1,0,2,3.0,0,0,2,34.9,2,-2.579766988706714,-1.8812384627433907,1.8279240206282588,Cloud & DevOps Infrastructure Architects
CP-1416,0.8,M.Tech/M.S,Tier 2 (Top State/Private),Data Science & AI/ML,Tier 2 City,1,3,58.0,0,1,1,0,0,1,1,0,4,14.59,Junior Associate,5.05,1,3,0,2,4.0,0,0,4,49.9,1,0.8925526503147072,-1.0574768336611957,1.2690008058231776,Applied AI/ML & Data Science Specialists
CP-1417,0.9,B.Tech/B.E,Tier 2 (Top State/Private),Full Stack Web,Tier 2 City,2,8,127.0,2,1,1,0,1,1,0,1,5,18.39,Job-Ready Mid-Level,11.77,2,2,1,2,3.0,0,0,5,62.7,0,3.4358658354142144,1.0974718333469093,1.487579284578529,Core Systems & Algorithmic Backend Specialists
CP-1418,2.5,BCA/B.Sc CS,Tier 1 (IIT/NIT/BITS),Cloud & DevOps,Remote Global,0,3,139.0,3,1,1,0,0,0,0,0,2,19.85,Job-Ready Mid-Level,5.57,0,2,0,3,2.0,0,1,2,48.9,1,-1.5445320747975197,0.045339762083410846,0.14739732218813206,Applied AI/ML & Data Science Specialists
CP-1419,3.1,M.Tech/M.S,Tier 3 (Affiliated Colleges),Data Science & AI/ML,Tier 1 Tech Hub (Bengaluru/NCR/Hyd),2,4,52.0,1,1,1,0,0,1,0,1,4,24.27,High-Demand Specialist,7.1,1,2,1,1,4.0,1,0,4,60.7,3,1.6245214001630548,-0.07949374422205782,-0.0795555727612927,Emerging Full-Stack & Entry Developers
CP-1420,3.5,Non-CS Degree,Tier 2 (Top State/Private),Data Analytics & BI,Remote Global,0,3,55.0,0,0,0,0,0,0,1,0,1,19.83,Job-Ready Mid-Level,3.47,0,1,0,2,1.0,0,1,1,38.9,2,-3.463478409233342,-0.3221611879678338,0.382564396836013,Cloud & DevOps Infrastructure Architects
CP-1421,3.4,B.Tech/B.E,Tier 3 (Affiliated Colleges),Cloud & DevOps,Tier 1 Tech Hub (Bengaluru/NCR/Hyd),3,8,246.0,1,0,1,0,0,1,0,0,2,25.4,High-Demand Specialist,16.25,1,1,0,1,3.0,1,0,2,63.9,0,0.4892064192006265,4.734183940995193,1.2761892901933574,Core Systems & Algorithmic Backend Specialists
CP-1422,0.2,M.Tech/M.S,Tier 2 (Top State/Private),Full Stack Web,Tier 2 City,1,7,137.0,1,0,1,0,0,0,1,1,3,13.88,Junior Associate,9.82,0,2,1,2,4.0,0,0,3,50.7,1,0.2955437352115059,0.9818322633762627,-1.5195090610924786,Applied AI/ML & Data Science Specialists
CP-1423,1.5,B.Tech/B.E,Tier 2 (Top State/Private),Data Science & AI/ML,Tier 1 Tech Hub (Bengaluru/NCR/Hyd),1,3,122.0,2,0,1,1,1,1,0,1,5,22.45,Job-Ready Mid-Level,6.65,2,1,2,2,3.0,1,0,5,57.1,3,2.484548908940127,-1.516836122444519,0.3994700087770913,Emerging Full-Stack & Entry Developers
CP-1424,0.1,Non-CS Degree,Tier 2 (Top State/Private),Data Analytics & BI,Tier 1 Tech Hub (Bengaluru/NCR/Hyd),1,2,109.0,0,1,1,0,1,0,0,0,3,11.01,Junior Associate,5.62,1,2,0,2,1.0,1,0,3,33.8,1,-1.1548281294868434,-0.8084710431918308,1.222024243078061,Applied AI/ML & Data Science Specialists
CP-1425,1.8,B.Tech/B.E,Tier 2 (Top State/Private),Data Science & AI/ML,Tier 2 City,2,4,0.0,1,1,1,1,1,0,1,0,5,16.99,Job-Ready Mid-Level,5.8,1,3,1,2,3.0,0,0,5,57.2,3,2.5348513760007023,-0.9839471029296953,-0.27623661793096216,Emerging Full-Stack & Entry Developers
CP-1426,1.3,BCA/B.Sc CS,Tier 1 (IIT/NIT/BITS),Data Analytics & BI,Tier 2 City,0,7,44.0,0,1,0,0,1,1,0,0,3,15.04,Job-Ready Mid-Level,6.0,2,1,0,3,2.0,0,0,3,47.8,2,-0.31955198856228745,-0.08616068875307513,3.1703381877921153,Cloud & DevOps Infrastructure Architects
CP-1427,4.8,BCA/B.Sc CS,Tier 2 (Top State/Private),Full Stack Web,Tier 1 Tech Hub (Bengaluru/NCR/Hyd),0,3,372.0,1,1,1,1,0,1,0,0,4,24.99,High-Demand Specialist,11.4,1,2,1,2,2.0,1,0,4,74.2,0,2.3867347574445703,1.1925363438323835,-0.09045461408229082,Core Systems & Algorithmic Backend Specialists
CP-1428,1.0,BCA/B.Sc CS,Tier 3 (Affiliated Colleges),Cloud & DevOps,Tier 1 Tech Hub (Bengaluru/NCR/Hyd),1,5,33.0,2,1,1,0,1,0,0,0,3,13.67,Junior Associate,5.82,1,2,0,1,2.0,1,0,3,37.6,1,-0.7427378317387264,-0.3493642544315415,1.2079314366399396,Applied AI/ML & Data Science Specialists
CP-1429,0.3,B.Tech/B.E,Tier 3 (Affiliated Colleges),Backend Systems,Tier 1 Tech Hub (Bengaluru/NCR/Hyd),2,3,42.0,2,1,1,1,1,0,1,0,5,15.69,Job-Ready Mid-Level,6.15,1,3,1,1,3.0,1,0,5,46.1,3,2.0438006986986204,-1.324545422468369,-0.3839471602603122,Emerging Full-Stack & Entry Developers
CP-1430,0.3,Non-CS Degree,Tier 2 (Top State/Private),Backend Systems,Remote Global,2,5,119.0,1,1,1,1,0,0,0,0,3,15.43,Job-Ready Mid-Level,9.48,0,2,1,2,1.0,0,1,3,41.3,1,-0.3807508180778724,0.8400335302094667,-1.3980481307797579,Applied AI/ML & Data Science Specialists
CP-1431,3.2,B.Tech/B.E,Tier 2 (Top State/Private),Full Stack Web,Remote Global,1,2,0.0,1,1,1,1,0,0,0,0,3,18.4,Job-Ready Mid-Level,2.9,0,2,1,2,3.0,0,1,3,51.0,1,-0.5503539691319821,-1.299906704461395,-1.183513753356566,Applied AI/ML & Data Science Specialists
CP-1432,2.1,BCA/B.Sc CS,Tier 2 (Top State/Private),Data Science & AI/ML,Tier 1 Tech Hub (Bengaluru/NCR/Hyd),1,5,38.0,2,1,0,1,0,0,1,0,3,18.84,Job-Ready Mid-Level,5.95,0,2,1,2,2.0,1,0,3,47.5,1,-0.3291596594244735,-0.145145171844315,-1.7697255920866077,Applied AI/ML & Data Science Specialists
CP-1433,0.2,B.Tech/B.E,Tier 2 (Top State/Private),Data Analytics & BI,Remote Global,0,6,19.0,1,0,1,0,1,0,1,0,3,16.31,Job-Ready Mid-Level,4.67,1,2,0,2,3.0,0,1,3,39.0,1,-0.7521075934644182,-0.9247911646832947,1.7212319230315942,Applied AI/ML & Data Science Specialists
CP-1434,0.2,B.Tech/B.E,Tier 1 (IIT/NIT/BITS),Full Stack Web,Remote Global,2,12,64.0,0,1,1,0,1,1,0,0,4,22.61,Job-Ready Mid-Level,12.6,2,2,0,3,3.0,0,1,4,60.5,0,2.37303649497335,2.593261102771092,2.9741367324266905,Core Systems & Algorithmic Backend Specialists
CP-1435,2.7,B.Tech/B.E,Tier 3 (Affiliated Colleges),Data Science & AI/ML,Tier 1 Tech Hub (Bengaluru/NCR/Hyd),2,6,147.0,2,1,1,1,0,0,0,1,4,23.68,Job-Ready Mid-Level,10.88,0,2,2,1,3.0,1,0,4,61.8,0,1.9935600295401017,1.1281814483630728,-3.1358740322720395,Core Systems & Algorithmic Backend Specialists
CP-1436,0.2,B.Tech/B.E,Tier 2 (Top State/Private),Backend Systems,Tier 2 City,1,4,60.0,0,1,0,0,1,1,0,0,3,10.53,Junior Associate,5.8,2,1,0,2,3.0,0,0,3,40.9,2,-0.6553287740735884,-0.4672927602908951,3.266734309242421,Cloud & DevOps Infrastructure Architects
CP-1437,3.8,B.Tech/B.E,Tier 2 (Top State/Private),Data Science & AI/ML,Tier 1 Tech Hub (Bengaluru/NCR/Hyd),1,2,71.0,1,0,1,1,0,0,0,1,3,21.71,Job-Ready Mid-Level,4.68,0,1,2,2,3.0,1,0,3,57.0,2,-0.13185272466619333,-0.9186742265004096,-2.738860475809851,Cloud & DevOps Infrastructure Architects
CP-1438,2.7,B.Tech/B.E,Tier 2 (Top State/Private),Data Science & AI/ML,Tier 2 City,3,8,26.0,0,1,1,0,0,1,0,0,3,14.69,Junior Associate,10.75,1,2,0,2,3.0,0,0,3,61.6,0,0.9869240825055454,2.5342979121298552,1.1890675858742048,Core Systems & Algorithmic Backend Specialists
CP-1439,0.2,B.Tech/B.E,Tier 1 (IIT/NIT/BITS),Data Science & AI/ML,Tier 1 Tech Hub (Bengaluru/NCR/Hyd),2,6,44.0,0,1,1,1,0,0,0,0,3,16.89,Job-Ready Mid-Level,8.3,0,2,1,3,3.0,1,0,3,49.2,1,0.0040684871547513905,0.888351920393906,-1.8344330222866732,Applied AI/ML & Data Science Specialists
CP-1440,0.2,M.Tech/M.S,Tier 3 (Affiliated Colleges),Cloud & DevOps,Tier 1 Tech Hub (Bengaluru/NCR/Hyd),1,5,35.0,1,1,1,1,0,0,0,0,3,11.62,Junior Associate,5.88,0,2,1,1,4.0,1,0,3,40.0,1,-0.6598721836697921,-0.46620389368012777,-1.6276280713463918,Applied AI/ML & Data Science Specialists
CP-1441,9.5,MCA,Tier 1 (IIT/NIT/BITS),Cloud & DevOps,Tier 1 Tech Hub (Bengaluru/NCR/Hyd),1,8,25.0,1,0,1,1,1,0,0,0,3,40.47,High-Demand Specialist,7.72,1,1,1,3,2.5,1,0,3,70.7,0,1.3310506499718273,1.5763860399481662,-0.07997389184505778,Core Systems & Algorithmic Backend Specialists
CP-1442,1.0,B.Tech/B.E,Tier 1 (IIT/NIT/BITS),Full Stack Web,Tier 1 Tech Hub (Bengaluru/NCR/Hyd),1,4,121.0,0,0,1,0,0,0,0,0,1,16.32,Job-Ready Mid-Level,7.32,0,1,0,3,3.0,1,0,1,43.2,2,-2.747028501454858,1.2598188976929408,-0.1016695915657994,Cloud & DevOps Infrastructure Architects
CP-1443,1.0,B.Tech/B.E,Tier 3 (Affiliated Colleges),Full Stack Web,Tier 2 City,1,5,145.0,0,0,1,0,0,0,0,0,1,10.53,Junior Associate,8.62,0,1,0,1,3.0,0,0,1,37.1,2,-2.9030327009129255,1.5032455913473488,0.11792573448599031,Cloud & DevOps Infrastructure Architects
CP-1444,3.7,B.Tech/B.E,Tier 2 (Top State/Private),Full Stack Web,Tier 1 Tech Hub (Bengaluru/NCR/Hyd),1,7,49.0,0,1,1,0,1,0,0,0,3,22.48,Job-Ready Mid-Level,7.62,1,2,0,2,3.0,1,0,3,61.4,0,0.5859617414928563,1.1281187829669923,1.130675802883951,Core Systems & Algorithmic Backend Specialists
CP-1445,6.5,B.Tech/B.E,Tier 3 (Affiliated Colleges),Cloud & DevOps,Tier 1 Tech Hub (Bengaluru/NCR/Hyd),0,3,13.0,1,1,1,1,0,0,1,1,5,30.22,High-Demand Specialist,2.42,0,3,2,1,3.0,1,0,5,63.4,3,2.3774314842054287,-2.481038349520132,-3.1811309496476388,Emerging Full-Stack & Entry Developers
CP-1446,9.4,BCA/B.Sc CS,Tier 2 (Top State/Private),Data Science & AI/ML,Remote Global,1,5,7.0,0,1,0,1,0,0,0,0,2,36.2,High-Demand Specialist,5.18,0,1,1,2,2.0,0,1,2,56.6,2,-0.9795124651559017,0.7059190446211242,-1.0832377872967274,Cloud & DevOps Infrastructure Architects
CP-1447,3.1,BCA/B.Sc CS,Tier 2 (Top State/Private),Backend Systems,Tier 1 Tech Hub (Bengaluru/NCR/Hyd),1,5,33.0,2,1,0,0,0,1,0,0,2,17.73,Job-Ready Mid-Level,5.82,1,1,0,2,2.0,1,0,2,48.1,2,-1.4490915309812389,0.5454455205084646,1.4356076792145034,Cloud & DevOps Infrastructure Architects
CP-1448,1.0,B.Tech/B.E,Tier 3 (Affiliated Colleges),Data Science & AI/ML,Tier 1 Tech Hub (Bengaluru/NCR/Hyd),1,4,9.0,0,1,0,0,0,0,0,1,2,13.21,Junior Associate,4.53,0,1,1,1,3.0,1,0,2,34.4,2,-2.3382529515460964,-0.6542444565658108,-1.3700443772838087,Cloud & DevOps Infrastructure Architects
CP-1449,0.2,B.Tech/B.E,Tier 1 (IIT/NIT/BITS),Backend Systems,Remote Global,0,1,25.0,2,1,1,0,0,1,0,0,3,14.28,Junior Associate,1.32,1,2,0,3,3.0,0,1,3,37.6,1,-1.3256172857412833,-2.405848074244694,1.8652842434257324,Applied AI/ML & Data Science Specialists
CP-1450,3.3,B.Tech/B.E,Tier 2 (Top State/Private),Data Science & AI/ML,Remote Global,2,7,47.0,1,1,0,1,0,0,0,0,2,21.25,Job-Ready Mid-Level,9.07,0,1,1,2,3.0,0,1,2,57.7,0,-0.6529814585758307,1.9993940635648413,-1.1521467428163505,Core Systems & Algorithmic Backend Specialists
CP-1451,1.8,MCA,Tier 2 (Top State/Private),Data Analytics & BI,Tier 1 Tech Hub (Bengaluru/NCR/Hyd),1,4,336.0,0,0,0,1,0,0,0,0,1,16.38,Job-Ready Mid-Level,12.7,0,0,1,2,2.5,1,0,1,50.5,2,-2.032294161630701,2.846332920277389,-1.2298335608869861,Cloud & DevOps Infrastructure Architects
CP-1452,1.2,Non-CS Degree,Tier 2 (Top State/Private),Data Science & AI/ML,Tier 1 Tech Hub (Bengaluru/NCR/Hyd),0,3,149.0,0,1,1,0,0,1,0,0,3,12.52,Junior Associate,5.82,1,2,0,2,1.0,1,0,3,39.7,1,-0.9204921041281116,-0.7222825923201239,1.2867196339208704,Applied AI/ML & Data Science Specialists
CP-1453,5.2,B.Tech/B.E,Tier 3 (Affiliated Colleges),Data Science & AI/ML,Remote Global,1,8,205.0,2,0,1,1,0,1,0,0,3,32.05,High-Demand Specialist,12.22,1,1,1,1,3.0,0,1,3,71.4,0,1.4909679826497002,2.508483548327994,0.49533276069625076,Core Systems & Algorithmic Backend Specialists
CP-1454,0.3,B.Tech/B.E,Tier 3 (Affiliated Colleges),Backend Systems,Tier 1 Tech Hub (Bengaluru/NCR/Hyd),2,5,22.0,3,1,1,0,0,0,0,1,3,13.68,Junior Associate,7.05,0,2,1,1,3.0,1,0,3,39.3,1,-0.5130789980004924,-0.03097837214645111,-1.710338834496839,Applied AI/ML & Data Science Specialists
CP-1455,1.5,MCA,Tier 3 (Affiliated Colleges),Data Analytics & BI,Tier 1 Tech Hub (Bengaluru/NCR/Hyd),2,4,0.0,3,1,0,1,1,0,1,0,4,19.58,Job-Ready Mid-Level,5.8,1,2,1,1,2.5,1,0,4,45.8,3,0.869277291282624,-0.7388046420174452,-0.19397759133622894,Emerging Full-Stack & Entry Developers
CP-1456,0.0,Non-CS Degree,Tier 3 (Affiliated Colleges),Full Stack Web,Tier 1 Tech Hub (Bengaluru/NCR/Hyd),0,3,32.0,0,1,1,1,0,0,0,0,3,7.32,Entry-Level Learner,2.9,0,2,1,1,1.0,1,0,3,24.6,1,-1.946766856292498,-2.173535615044311,-1.6167119021037157,Applied AI/ML & Data Science Specialists
CP-1457,1.4,B.Tech/B.E,Tier 2 (Top State/Private),Cloud & DevOps,Tier 1 Tech Hub (Bengaluru/NCR/Hyd),3,3,378.0,0,0,1,0,0,0,0,0,1,18.21,Job-Ready Mid-Level,16.05,0,1,0,2,3.0,1,0,1,53.9,0,-1.3822114414487676,4.475599696496696,-0.20044653271394391,Core Systems & Algorithmic Backend Specialists
CP-1458,0.1,B.Tech/B.E,Tier 2 (Top State/Private),Cloud & DevOps,Tier 2 City,0,1,39.0,0,1,0,0,1,0,0,1,3,10.2,Junior Associate,1.67,1,1,1,2,3.0,0,0,3,33.5,2,-1.5919440779543943,-2.684065146753706,0.4942980197068134,Cloud & DevOps Infrastructure Architects
CP-1459,0.3,B.Tech/B.E,Tier 2 (Top State/Private),Data Analytics & BI,Tier 2 City,3,7,31.0,0,1,0,1,1,0,0,0,3,11.53,Junior Associate,10.18,1,1,1,2,3.0,0,0,3,48.7,0,0.25739893226260385,1.6816549624875485,0.08475659320783821,Core Systems & Algorithmic Backend Specialists
CP-1460,0.3,BCA/B.Sc CS,Tier 2 (Top State/Private),Full Stack Web,Remote Global,0,2,26.0,0,1,1,1,1,1,0,1,6,20.03,Job-Ready Mid-Level,2.05,2,2,2,2,2.0,0,1,6,44.5,3,2.402436576473422,-4.1258764878676,0.6842057096189523,Emerging Full-Stack & Entry Developers
CP-1461,2.3,B.Tech/B.E,Tier 2 (Top State/Private),Full Stack Web,Tier 2 City,0,2,134.0,1,1,1,0,1,0,0,0,3,13.67,Junior Associate,4.75,1,2,0,2,3.0,0,0,3,49.6,1,-0.42416787902533887,-0.8579020451051144,1.5294014042411603,Applied AI/ML & Data Science Specialists
CP-1462,3.0,B.Tech/B.E,Tier 3 (Affiliated Colleges),Full Stack Web,Tier 1 Tech Hub (Bengaluru/NCR/Hyd),1,7,53.0,1,1,1,1,0,1,0,0,4,21.08,Job-Ready Mid-Level,7.72,1,2,1,1,3.0,1,0,4,58.1,3,1.5525579326570227,0.24139835281187025,-0.159302463573531,Emerging Full-Stack & Entry Developers
CP-1463,1.9,BCA/B.Sc CS,Tier 2 (Top State/Private),Full Stack Web,Tier 1 Tech Hub (Bengaluru/NCR/Hyd),1,3,36.0,1,1,0,0,0,0,0,0,1,12.52,Junior Associate,4.5,0,1,0,2,2.0,1,0,1,35.8,2,-3.4217687112363184,0.20710606319263575,-0.0888035388669621,Cloud & DevOps Infrastructure Architects
CP-1464,7.2,B.Tech/B.E,Tier 2 (Top State/Private),Backend Systems,Remote Global,1,5,368.0,0,1,1,0,1,0,0,0,3,38.6,High-Demand Specialist,14.2,1,2,0,2,3.0,0,1,3,78.9,0,2.0240493062178477,3.419039517576704,1.6084408123248817,Core Systems & Algorithmic Backend Specialists
CP-1465,1.0,M.Tech/M.S,Tier 2 (Top State/Private),Data Science & AI/ML,Tier 1 Tech Hub (Bengaluru/NCR/Hyd),2,3,54.0,0,1,1,1,0,0,1,0,4,18.84,Job-Ready Mid-Level,6.45,0,3,1,2,4.0,1,0,4,53.2,1,1.180543771814488,-0.414044712299787,-1.9419560775896028,Applied AI/ML & Data Science Specialists
CP-1466,0.7,B.Tech/B.E,Tier 3 (Affiliated Colleges),Data Science & AI/ML,Tier 1 Tech Hub (Bengaluru/NCR/Hyd),2,6,60.0,0,1,1,0,1,0,0,0,3,13.77,Junior Associate,8.7,1,2,0,1,3.0,1,0,3,44.0,0,-0.11944113876419865,0.9949041904719195,1.1501856898219744,Core Systems & Algorithmic Backend Specialists
CP-1467,4.5,B.Tech/B.E,Tier 3 (Affiliated Colleges),Cloud & DevOps,Remote Global,1,1,59.0,2,1,1,0,0,0,0,0,2,21.16,Job-Ready Mid-Level,3.68,0,2,0,1,3.0,0,1,2,50.5,1,-1.6208305182164915,-0.426223532132909,0.22737073670321728,Applied AI/ML & Data Science Specialists
CP-1468,0.6,BCA/B.Sc CS,Tier 3 (Affiliated Colleges),Cloud & DevOps,Tier 1 Tech Hub (Bengaluru/NCR/Hyd),1,2,106.0,2,1,0,1,0,1,1,1,5,17.71,Job-Ready Mid-Level,5.55,1,2,2,1,2.0,1,0,5,43.5,3,1.621535602794438,-2.2465513903928533,-1.3880412836804379,Emerging Full-Stack & Entry Developers
CP-1469,7.3,B.Tech/B.E,Tier 2 (Top State/Private),Data Science & AI/ML,Tier 1 Tech Hub (Bengaluru/NCR/Hyd),0,1,74.0,0,0,1,1,0,0,1,0,3,30.25,High-Demand Specialist,2.55,0,2,1,2,3.0,1,0,3,59.5,1,-0.09218372840874285,-1.3137465161990873,-1.573280795730713,Applied AI/ML & Data Science Specialists
CP-1470,0.0,Non-CS Degree,Tier 3 (Affiliated Colleges),Full Stack Web,Remote Global,0,1,0.0,1,0,1,1,1,1,1,1,6,17.49,Job-Ready Mid-Level,0.7,2,2,2,1,1.0,0,1,6,33.5,3,1.7793257369711197,-5.012219253451744,0.7078730493436864,Emerging Full-Stack & Entry Developers
CP-1471,7.7,B.Tech/B.E,Tier 1 (IIT/NIT/BITS),Backend Systems,Remote Global,1,4,146.0,0,1,1,0,0,0,0,0,2,36.58,High-Demand Specialist,7.95,0,2,0,3,3.0,0,1,2,68.5,1,-0.20593499809874666,1.8443086775848876,0.06133127131969553,Applied AI/ML & Data Science Specialists
CP-1472,0.1,B.Tech/B.E,Tier 3 (Affiliated Colleges),Data Science & AI/ML,Tier 1 Tech Hub (Bengaluru/NCR/Hyd),0,6,36.0,1,1,1,1,0,0,1,0,4,11.96,Junior Associate,5.1,0,3,1,1,3.0,1,0,4,39.2,1,0.3580768501383446,-1.3964590136684776,-1.8802089865224443,Applied AI/ML & Data Science Specialists
CP-1473,4.9,M.Tech/M.S,Tier 2 (Top State/Private),Cloud & DevOps,Remote Global,1,6,208.0,0,1,0,0,1,0,1,0,3,33.17,High-Demand Specialist,10.9,1,2,0,2,4.0,0,1,3,76.0,0,1.5741435081269328,2.339970461925049,1.6246195775405134,Core Systems & Algorithmic Backend Specialists
CP-1474,1.7,B.Tech/B.E,Tier 2 (Top State/Private),Data Analytics & BI,Tier 1 Tech Hub (Bengaluru/NCR/Hyd),1,4,111.0,1,0,1,1,1,0,0,0,3,18.1,Job-Ready Mid-Level,7.07,1,1,1,2,3.0,1,0,3,50.5,2,-0.07153660375607648,0.040629248357003,0.11664461708631234,Cloud & DevOps Infrastructure Architects
CP-1475,9.5,MCA,Tier 2 (Top State/Private),Full Stack Web,Tier 1 Tech Hub (Bengaluru/NCR/Hyd),0,3,44.0,0,0,1,1,1,1,1,0,5,38.32,High-Demand Specialist,3.2,2,2,1,2,2.5,1,0,5,67.3,3,2.8895004004933798,-1.7835482893630121,1.498844795144683,Emerging Full-Stack & Entry Developers
CP-1476,0.2,B.Tech/B.E,Tier 3 (Affiliated Colleges),Backend Systems,Remote Global,1,5,3.0,1,0,0,0,1,0,0,0,1,11.42,Junior Associate,5.08,1,0,0,1,3.0,0,1,1,27.2,2,-3.6229259942534715,0.09570842451125741,2.2170946749149705,Cloud & DevOps Infrastructure Architects
CP-1477,1.8,B.Tech/B.E,Tier 1 (IIT/NIT/BITS),Data Analytics & BI,Remote Global,0,2,112.0,0,1,1,0,0,0,0,0,2,18.27,Job-Ready Mid-Level,4.2,0,2,0,3,3.0,0,1,2,46.2,1,-1.8809200967656838,-0.5523808693796721,0.22440329799339584,Applied AI/ML & Data Science Specialists
CP-1478,7.7,B.Tech/B.E,Tier 3 (Affiliated Colleges),Full Stack Web,Tier 1 Tech Hub (Bengaluru/NCR/Hyd),1,4,107.0,1,1,1,0,0,0,1,0,3,30.35,High-Demand Specialist,6.98,0,3,0,1,3.0,1,0,3,62.7,1,0.6852543678141063,0.8728274304102687,-0.5844879505905295,Applied AI/ML & Data Science Specialists
CP-1479,1.6,B.Tech/B.E,Tier 2 (Top State/Private),Cloud & DevOps,Tier 1 Tech Hub (Bengaluru/NCR/Hyd),2,7,131.0,1,1,1,1,1,1,1,0,6,25.75,High-Demand Specialist,11.18,2,3,1,2,3.0,1,0,6,69.3,3,4.846671970072252,0.6314706053824791,1.0430659921189749,Emerging Full-Stack & Entry Developers
CP-1480,2.2,MCA,Tier 2 (Top State/Private),Cloud & DevOps,Tier 1 Tech Hub (Bengaluru/NCR/Hyd),1,8,39.0,2,1,0,1,1,1,1,0,5,22.73,Job-Ready Mid-Level,8.07,2,2,1,2,2.5,1,0,5,61.4,3,3.0119616820601416,-0.049919459986393785,1.313208290178724,Emerging Full-Stack & Entry Developers
CP-1481,2.6,M.Tech/M.S,Tier 1 (IIT/NIT/BITS),Cloud & DevOps,Tier 1 Tech Hub (Bengaluru/NCR/Hyd),0,5,342.0,0,1,1,0,1,1,0,0,4,27.16,High-Demand Specialist,12.05,2,2,0,3,4.0,1,0,4,74.8,0,2.6837943717426094,1.7064055387565005,2.843762963682131,Core Systems & Algorithmic Backend Specialists
CP-1482,1.3,B.Tech/B.E,Tier 2 (Top State/Private),Backend Systems,Tier 1 Tech Hub (Bengaluru/NCR/Hyd),1,4,42.0,1,1,1,0,0,0,1,0,3,16.65,Job-Ready Mid-Level,5.35,0,3,0,2,3.0,1,0,3,45.6,1,-0.42937668937021695,-0.3120626624307476,-0.5752376196023802,Applied AI/ML & Data Science Specialists
CP-1483,2.2,B.Tech/B.E,Tier 2 (Top State/Private),Full Stack Web,Tier 1 Tech Hub (Bengaluru/NCR/Hyd),0,5,60.0,2,1,1,0,0,1,1,0,4,17.89,Job-Ready Mid-Level,5.0,1,3,0,2,3.0,1,0,4,53.7,1,1.1018646550793265,-0.9258078891910574,1.0490528734931646,Applied AI/ML & Data Science Specialists
CP-1484,1.9,M.Tech/M.S,Tier 2 (Top State/Private),Full Stack Web,Tier 1 Tech Hub (Bengaluru/NCR/Hyd),1,4,380.0,0,0,0,0,1,0,0,0,1,20.59,Job-Ready Mid-Level,13.8,1,0,0,2,4.0,1,0,1,57.5,0,-1.4468900327204959,3.5077692074600866,1.747358592925231,Core Systems & Algorithmic Backend Specialists
CP-1485,5.1,Non-CS Degree,Tier 3 (Affiliated Colleges),Data Science & AI/ML,Tier 1 Tech Hub (Bengaluru/NCR/Hyd),1,5,140.0,0,0,0,0,0,0,0,0,0,20.44,Job-Ready Mid-Level,8.5,0,0,0,1,1.0,1,0,0,46.5,2,-3.7195836334105374,2.451080035521394,0.06625422935528912,Cloud & DevOps Infrastructure Architects
CP-1486,0.1,B.Tech/B.E,Tier 2 (Top State/Private),Data Science & AI/ML,Tier 1 Tech Hub (Bengaluru/NCR/Hyd),1,5,27.0,0,1,1,0,1,1,0,0,4,15.24,Job-Ready Mid-Level,5.68,2,2,0,2,3.0,1,0,4,44.3,3,0.7135586841435465,-0.8375966341817754,2.8146096396515317,Emerging Full-Stack & Entry Developers
CP-1487,0.7,B.Tech/B.E,Tier 3 (Affiliated Colleges),Data Science & AI/ML,Tier 2 City,2,8,213.0,1,0,0,1,1,0,0,0,2,12.55,Junior Associate,13.92,1,0,1,1,3.0,0,0,2,48.6,0,-0.5666516782509985,3.118114876874448,0.3978989452839479,Core Systems & Algorithmic Backend Specialists
CP-1488,6.6,B.Tech/B.E,Tier 2 (Top State/Private),Backend Systems,Tier 1 Tech Hub (Bengaluru/NCR/Hyd),1,2,0.0,0,1,1,0,1,1,1,1,6,34.67,High-Demand Specialist,2.9,2,3,1,2,3.0,1,0,6,72.5,3,4.119239853614297,-2.3906613707683495,1.2570153703998181,Emerging Full-Stack & Entry Developers
CP-1489,4.9,MCA,Tier 3 (Affiliated Colleges),Cloud & DevOps,Tier 1 Tech Hub (Bengaluru/NCR/Hyd),0,1,24.0,1,1,1,0,1,0,1,0,4,22.34,Job-Ready Mid-Level,1.3,1,3,0,1,2.5,1,0,4,55.3,1,0.7035217364076862,-2.2810339897991128,1.1169494264517723,Applied AI/ML & Data Science Specialists
CP-1490,1.3,B.Tech/B.E,Tier 1 (IIT/NIT/BITS),Cloud & DevOps,Remote Global,0,4,124.0,0,1,1,1,1,0,0,0,4,22.99,Job-Ready Mid-Level,5.9,1,2,1,3,3.0,0,1,4,54.9,3,1.0596185283622226,-0.9668854437942466,0.3627700809421482,Emerging Full-Stack & Entry Developers
CP-1491,2.1,B.Tech/B.E,Tier 2 (Top State/Private),Cloud & DevOps,Tier 2 City,2,3,0.0,0,0,1,0,0,0,1,0,2,13.27,Junior Associate,5.1,0,2,0,2,3.0,0,0,2,45.0,1,-1.627033487002711,0.2178167992239558,-0.18788584067492975,Applied AI/ML & Data Science Specialists
CP-1492,0.7,M.Tech/M.S,Tier 2 (Top State/Private),Data Analytics & BI,Tier 1 Tech Hub (Bengaluru/NCR/Hyd),0,4,205.0,1,1,1,0,0,0,0,0,2,13.78,Junior Associate,7.92,0,2,0,2,4.0,1,0,2,45.9,1,-1.416625491209626,0.7399302862705176,-0.21426374674769896,Applied AI/ML & Data Science Specialists
CP-1493,0.5,B.Tech/B.E,Tier 2 (Top State/Private),Full Stack Web,Tier 1 Tech Hub (Bengaluru/NCR/Hyd),1,6,231.0,1,1,0,0,1,0,1,1,4,23.01,Job-Ready Mid-Level,11.48,1,2,1,2,3.0,1,0,4,56.0,0,1.7819556995405093,1.0337681308137299,-0.17230957250075804,Core Systems & Algorithmic Backend Specialists
CP-1494,1.4,B.Tech/B.E,Tier 3 (Affiliated Colleges),Backend Systems,Tier 2 City,1,5,28.0,0,1,1,0,1,0,0,1,4,13.16,Junior Associate,5.7,1,2,1,1,3.0,0,0,4,46.7,3,0.7522675586594084,-1.0396398040991295,0.08759296800118364,Emerging Full-Stack & Entry Developers
CP-1495,1.0,B.Tech/B.E,Tier 1 (IIT/NIT/BITS),Full Stack Web,Tier 1 Tech Hub (Bengaluru/NCR/Hyd),1,7,252.0,0,1,0,1,1,0,0,0,3,22.65,Job-Ready Mid-Level,12.7,1,1,1,3,3.0,1,0,3,60.5,0,0.9102203536325798,2.341378584282178,-0.011541862365753644,Core Systems & Algorithmic Backend Specialists
CP-1496,1.9,B.Tech/B.E,Tier 1 (IIT/NIT/BITS),Backend Systems,Tier 2 City,2,4,21.0,1,0,1,1,0,0,0,0,2,14.96,Junior Associate,6.32,0,1,1,3,3.0,0,0,2,50.2,2,-1.2931217344664647,0.6368388242428209,-1.358885922448311,Cloud & DevOps Infrastructure Architects
CP-1497,0.2,B.Tech/B.E,Tier 3 (Affiliated Colleges),Cloud & DevOps,Tier 1 Tech Hub (Bengaluru/NCR/Hyd),1,9,56.0,0,0,0,0,1,1,0,1,3,15.92,Job-Ready Mid-Level,9.2,2,0,1,1,3.0,1,0,3,42.4,2,-0.15691894746984086,0.7000978402975901,1.8957290086578134,Cloud & DevOps Infrastructure Architects
CP-1498,8.1,B.Tech/B.E,Tier 2 (Top State/Private),Data Science & AI/ML,Tier 1 Tech Hub (Bengaluru/NCR/Hyd),1,7,222.0,0,0,1,1,1,0,0,0,3,36.15,High-Demand Specialist,11.95,1,1,1,2,3.0,1,0,3,75.1,0,1.767194305255792,2.726544413758912,-0.010309546148026016,Core Systems & Algorithmic Backend Specialists
CP-1499,9.4,B.Tech/B.E,Tier 3 (Affiliated Colleges),Cloud & DevOps,Tier 1 Tech Hub (Bengaluru/NCR/Hyd),2,7,218.0,1,0,1,1,1,1,0,1,5,43.73,High-Demand Specialist,13.35,2,1,2,1,3.0,1,0,5,81.6,0,4.649803362126817,2.0986237346034944,0.20567281624585154,Core Systems & Algorithmic Backend Specialists
CP-1500,2.6,BCA/B.Sc CS,Tier 2 (Top State/Private),Full Stack Web,Tier 2 City,1,2,69.0,1,1,1,1,1,0,0,0,4,13.62,Junior Associate,4.62,1,2,1,2,2.0,0,0,4,52.0,3,0.8109901967563995,-1.3260233192430626,0.05515761572481472,Emerging Full-Stack & Entry Developers
CP-1501,1.7,M.Tech/M.S,Tier 3 (Affiliated Colleges),Data Science & AI/ML,Remote Global,1,3,32.0,0,1,1,0,0,1,0,0,3,17.76,Job-Ready Mid-Level,4.4,1,2,0,1,4.0,0,1,3,45.0,1,-0.6056467913238681,-0.8641695265557588,1.8321099156589211,Applied AI/ML & Data Science Specialists
CP-1502,0.8,M.Tech/M.S,Tier 1 (IIT/NIT/BITS),Cloud & DevOps,Tier 1 Tech Hub (Bengaluru/NCR/Hyd),1,1,0.0,0,0,0,1,1,0,1,0,3,19.13,Job-Ready Mid-Level,2.2,1,1,1,3,4.0,1,0,3,45.2,2,-0.8035597682093517,-1.845436159219642,0.2123773734018559,Cloud & DevOps Infrastructure Architects
CP-1503,3.7,B.Tech/B.E,Tier 1 (IIT/NIT/BITS),Full Stack Web,Tier 1 Tech Hub (Bengaluru/NCR/Hyd),1,2,28.0,0,1,1,0,1,0,0,1,4,25.46,High-Demand Specialist,3.6,1,2,1,3,3.0,1,0,4,63.0,3,1.2584922503229827,-1.3786463801699238,-0.09987328142744432,Emerging Full-Stack & Entry Developers
CP-1504,2.5,B.Tech/B.E,Tier 2 (Top State/Private),Data Science & AI/ML,Tier 1 Tech Hub (Bengaluru/NCR/Hyd),2,4,43.0,1,1,1,0,0,0,1,0,3,19.31,Job-Ready Mid-Level,6.88,0,3,0,2,3.0,1,0,3,54.2,1,0.1739501801005801,0.6399934291470936,-0.6576728641258308,Applied AI/ML & Data Science Specialists
CP-1505,0.4,B.Tech/B.E,Tier 3 (Affiliated Colleges),Backend Systems,Tier 1 Tech Hub (Bengaluru/NCR/Hyd),0,2,8.0,1,0,1,1,0,1,0,0,3,8.89,Entry-Level Learner,1.6,1,1,1,1,3.0,1,0,3,30.7,2,-1.6407457653181017,-2.6324846928684416,0.33297344649323696,Cloud & DevOps Infrastructure Architects
CP-1506,5.3,B.Tech/B.E,Tier 2 (Top State/Private),Cloud & DevOps,Remote Global,0,3,54.0,0,1,0,1,0,0,0,1,3,27.52,High-Demand Specialist,3.45,0,1,2,2,3.0,0,1,3,61.0,2,-0.1496605026581727,-1.2510085571690712,-2.253527138743545,Cloud & DevOps Infrastructure Architects
CP-1507,3.8,B.Tech/B.E,Tier 2 (Top State/Private),Backend Systems,Tier 1 Tech Hub (Bengaluru/NCR/Hyd),3,9,217.0,2,1,1,0,0,1,0,1,4,29.57,High-Demand Specialist,16.23,1,2,1,2,3.0,1,0,4,78.4,0,3.4876692776027345,3.8846409001851723,-0.3793843698287668,Core Systems & Algorithmic Backend Specialists
CP-1508,6.6,BCA/B.Sc CS,Tier 3 (Affiliated Colleges),Cloud & DevOps,Remote Global,1,5,35.0,3,1,1,1,0,1,0,1,5,33.71,High-Demand Specialist,5.88,1,2,2,1,2.0,0,1,5,66.1,3,2.9168515123953225,-1.0845471103900268,-1.0412061095228868,Emerging Full-Stack & Entry Developers
CP-1509,2.8,B.Tech/B.E,Tier 3 (Affiliated Colleges),Full Stack Web,Tier 2 City,0,3,12.0,3,0,0,1,0,1,0,1,3,14.71,Junior Associate,2.4,1,0,2,1,3.0,0,0,3,44.0,2,-0.9164637660294759,-2.2234919539438374,-0.6292038721472714,Cloud & DevOps Infrastructure Architects
CP-1510,2.1,B.Tech/B.E,Tier 3 (Affiliated Colleges),Full Stack Web,Remote Global,1,3,384.0,3,0,0,1,0,0,1,0,2,23.08,Job-Ready Mid-Level,13.2,0,1,1,1,3.0,0,1,2,54.4,0,-0.5316964777009998,2.343569989025328,-0.9520835381237077,Core Systems & Algorithmic Backend Specialists
CP-1511,1.2,B.Tech/B.E,Tier 3 (Affiliated Colleges),Cloud & DevOps,Tier 2 City,3,6,35.0,2,1,0,1,0,0,0,0,2,10.81,Junior Associate,9.57,0,1,1,1,3.0,0,0,2,43.8,2,-1.1948655143875702,1.856729721874499,-1.4186563071980842,Cloud & DevOps Infrastructure Architects
CP-1512,5.9,BCA/B.Sc CS,Tier 1 (IIT/NIT/BITS),Backend Systems,Tier 1 Tech Hub (Bengaluru/NCR/Hyd),2,5,105.0,0,0,1,1,0,0,0,0,2,30.4,High-Demand Specialist,9.12,0,1,1,3,2.0,1,0,2,67.3,0,-0.2274664789556689,2.209438533503497,-1.6440252786241594,Core Systems & Algorithmic Backend Specialists
CP-1513,4.4,B.Tech/B.E,Tier 1 (IIT/NIT/BITS),Data Science & AI/ML,Tier 1 Tech Hub (Bengaluru/NCR/Hyd),1,2,31.0,0,1,1,1,0,0,0,1,4,26.96,High-Demand Specialist,3.68,0,2,2,3,3.0,1,0,4,66.7,3,1.3491810902253374,-1.394925639888419,-3.0290802718800953,Emerging Full-Stack & Entry Developers
CP-1514,0.1,BCA/B.Sc CS,Tier 3 (Affiliated Colleges),Backend Systems,Tier 1 Tech Hub (Bengaluru/NCR/Hyd),0,2,66.0,2,1,0,0,0,0,0,1,2,8.84,Entry-Level Learner,3.05,0,1,1,1,2.0,1,0,2,24.3,2,-3.052322677950858,-1.826760765810674,-1.2787764618392787,Cloud & DevOps Infrastructure Architects
CP-1515,0.1,B.Tech/B.E,Tier 3 (Affiliated Colleges),Backend Systems,Tier 1 Tech Hub (Bengaluru/NCR/Hyd),2,6,28.0,0,1,0,1,1,0,1,0,4,14.72,Junior Associate,7.9,1,2,1,1,3.0,1,0,4,43.9,3,0.9419612541245088,-0.006049986980695407,-0.21801773893183002,Emerging Full-Stack & Entry Developers
CP-1516,1.0,MCA,Tier 2 (Top State/Private),Cloud & DevOps,Tier 1 Tech Hub (Bengaluru/NCR/Hyd),1,6,62.0,0,1,0,1,1,0,0,0,3,16.92,Job-Ready Mid-Level,7.25,1,1,1,2,2.5,1,0,3,45.7,2,-0.3123558922037289,0.22307849225640514,0.04460345488273052,Cloud & DevOps Infrastructure Architects
CP-1517,3.7,MCA,Tier 2 (Top State/Private),Backend Systems,Tier 1 Tech Hub (Bengaluru/NCR/Hyd),2,8,58.0,0,1,1,1,0,1,0,1,5,26.73,High-Demand Specialist,10.05,1,2,2,2,2.5,1,0,5,72.2,3,3.5671492002498417,0.8149647004465462,-1.656542237809084,Emerging Full-Stack & Entry Developers
CP-1518,9.5,B.Tech/B.E,Tier 3 (Affiliated Colleges),Full Stack Web,Remote Global,0,3,33.0,1,1,1,1,0,0,1,1,5,42.74,High-Demand Specialist,2.92,0,3,2,1,3.0,0,1,5,64.2,3,2.6231062183565093,-2.209060170783725,-2.726094483304865,Emerging Full-Stack & Entry Developers
CP-1519,0.4,B.Tech/B.E,Tier 1 (IIT/NIT/BITS),Backend Systems,Tier 1 Tech Hub (Bengaluru/NCR/Hyd),0,2,36.0,0,1,0,0,0,0,1,0,2,12.17,Junior Associate,2.3,0,2,0,3,3.0,1,0,2,36.0,1,-2.4866635068582683,-1.35173647180388,-0.2268493250408215,Applied AI/ML & Data Science Specialists
CP-1520,2.0,B.Tech/B.E,Tier 2 (Top State/Private),Cloud & DevOps,Tier 2 City,1,1,48.0,0,1,0,1,0,0,1,0,3,13.02,Junior Associate,3.4,0,2,1,2,3.0,0,0,3,45.9,1,-0.7867225236166862,-1.3823353172842598,-1.4364767743698865,Applied AI/ML & Data Science Specialists
CP-1521,1.1,B.Tech/B.E,Tier 2 (Top State/Private),Data Science & AI/ML,Remote Global,0,3,21.0,1,1,1,0,0,0,0,1,3,14.98,Junior Associate,2.62,0,2,1,2,3.0,0,1,3,40.1,1,-1.1341253996554113,-2.0036500500675634,-1.0942595190591027,Applied AI/ML & Data Science Specialists
CP-1522,7.7,BCA/B.Sc CS,Tier 2 (Top State/Private),Backend Systems,Remote Global,1,4,366.0,3,1,1,0,1,1,0,1,5,44.68,High-Demand Specialist,13.45,2,2,1,2,2.0,0,1,5,82.8,0,4.478744888379868,1.7300992162436004,1.849766559178645,Core Systems & Algorithmic Backend Specialists
CP-1523,4.1,MCA,Tier 3 (Affiliated Colleges),Full Stack Web,Tier 1 Tech Hub (Bengaluru/NCR/Hyd),3,5,223.0,1,1,1,0,1,0,1,0,4,30.34,High-Demand Specialist,13.58,1,3,0,1,2.5,1,0,4,71.8,0,2.85778639586992,2.858780106038427,0.7860709123476894,Core Systems & Algorithmic Backend Specialists
CP-1524,4.0,BCA/B.Sc CS,Tier 2 (Top State/Private),Full Stack Web,Tier 1 Tech Hub (Bengaluru/NCR/Hyd),1,3,233.0,1,1,0,1,0,1,1,0,4,26.47,High-Demand Specialist,9.43,1,2,1,2,2.0,1,0,4,67.0,0,1.9637889772022756,0.6351729242123813,-0.15400263565371186,Core Systems & Algorithmic Backend Specialists
CP-1525,1.4,MCA,Tier 3 (Affiliated Colleges),Cloud & DevOps,Tier 1 Tech Hub (Bengaluru/NCR/Hyd),2,5,142.0,0,1,1,1,0,1,0,0,4,17.81,Job-Ready Mid-Level,10.05,1,2,1,1,2.5,1,0,4,52.4,0,1.4195356262733787,0.7598422103715042,-0.18451894030019184,Core Systems & Algorithmic Backend Specialists
CP-1526,1.2,B.Tech/B.E,Tier 2 (Top State/Private),Data Science & AI/ML,Tier 1 Tech Hub (Bengaluru/NCR/Hyd),1,5,33.0,0,1,0,0,1,1,0,1,4,19.46,Job-Ready Mid-Level,5.82,2,1,1,2,3.0,1,0,4,50.1,3,0.9285594656159455,-0.9291606209902306,1.7122541819470152,Emerging Full-Stack & Entry Developers
CP-1527,0.7,B.Tech/B.E,Tier 2 (Top State/Private),Full Stack Web,Tier 1 Tech Hub (Bengaluru/NCR/Hyd),2,6,53.0,1,1,1,0,1,1,1,1,6,21.59,Job-Ready Mid-Level,8.52,2,3,1,2,3.0,1,0,6,60.4,3,4.155623434188567,-0.6482412476153505,1.1133304698217565,Emerging Full-Stack & Entry Developers
CP-1528,0.1,M.Tech/M.S,Tier 3 (Affiliated Colleges),Data Analytics & BI,Tier 2 City,2,5,223.0,2,1,1,1,0,1,0,0,4,13.38,Junior Associate,12.08,1,2,1,1,4.0,0,0,4,54.0,0,1.7968648638817746,1.308789880431034,0.06165232497903741,Core Systems & Algorithmic Backend Specialists
CP-1529,4.4,B.Tech/B.E,Tier 2 (Top State/Private),Data Science & AI/ML,Tier 1 Tech Hub (Bengaluru/NCR/Hyd),1,7,4.0,2,1,1,0,0,0,1,0,3,21.12,Job-Ready Mid-Level,6.5,0,3,0,2,3.0,1,0,3,63.0,1,0.6315489649495828,0.8933997222298257,-0.6865166532787069,Applied AI/ML & Data Science Specialists
CP-1530,3.7,BCA/B.Sc CS,Tier 1 (IIT/NIT/BITS),Data Science & AI/ML,Tier 1 Tech Hub (Bengaluru/NCR/Hyd),1,1,27.0,1,0,0,0,1,1,0,0,2,23.6,Job-Ready Mid-Level,2.88,2,0,0,3,2.0,1,0,2,50.4,2,-1.692286530291307,-0.7235252718696207,3.317862885014745,Cloud & DevOps Infrastructure Architects
CP-1531,9.5,B.Tech/B.E,Tier 1 (IIT/NIT/BITS),Data Science & AI/ML,Remote Global,1,3,64.0,0,1,1,0,0,1,0,0,3,43.42,High-Demand Specialist,5.2,1,2,0,3,3.0,0,1,3,68.0,1,0.7874174052756059,0.4072165742598411,1.685140500923088,Applied AI/ML & Data Science Specialists
CP-1532,9.5,B.Tech/B.E,Tier 2 (Top State/Private),Full Stack Web,Tier 1 Tech Hub (Bengaluru/NCR/Hyd),1,5,0.0,1,1,1,0,0,1,0,0,3,35.03,High-Demand Specialist,5.0,1,2,0,2,3.0,1,0,3,63.5,1,0.6751664700002334,0.47827956258765997,1.2077906192741736,Applied AI/ML & Data Science Specialists
CP-1533,1.8,Non-CS Degree,Tier 2 (Top State/Private),Data Analytics & BI,Tier 1 Tech Hub (Bengaluru/NCR/Hyd),0,4,47.0,0,1,1,0,0,0,0,0,2,10.61,Junior Associate,3.97,0,2,0,2,1.0,1,0,2,35.4,1,-2.420318741432114,-0.6393037137979615,-0.3314416492203843,Applied AI/ML & Data Science Specialists
CP-1534,3.2,B.Tech/B.E,Tier 3 (Affiliated Colleges),Data Analytics & BI,Tier 2 City,2,4,339.0,0,0,1,1,0,0,0,0,2,16.6,Job-Ready Mid-Level,14.27,0,1,1,1,3.0,0,0,2,61.7,0,-0.11009275468739611,3.2743407408660925,-1.3257226857517077,Core Systems & Algorithmic Backend Specialists
CP-1535,6.4,Non-CS Degree,Tier 3 (Affiliated Colleges),Backend Systems,Tier 1 Tech Hub (Bengaluru/NCR/Hyd),3,7,134.0,1,0,1,1,1,0,0,0,3,31.66,High-Demand Specialist,12.75,1,1,1,1,1.0,1,0,3,66.0,0,1.3728222353529773,3.079907307056722,-0.18838660867758053,Core Systems & Algorithmic Backend Specialists
CP-1536,4.2,Non-CS Degree,Tier 3 (Affiliated Colleges),Cloud & DevOps,Tier 2 City,1,4,56.0,1,1,1,0,0,0,1,0,3,17.76,Job-Ready Mid-Level,5.7,0,3,0,1,1.0,0,0,3,50.3,1,-0.27462541456599393,-0.031137241599202826,-0.4678218695644617,Applied AI/ML & Data Science Specialists
CP-1537,0.6,M.Tech/M.S,Tier 2 (Top State/Private),Data Science & AI/ML,Tier 1 Tech Hub (Bengaluru/NCR/Hyd),1,3,128.0,2,1,1,0,1,0,0,1,4,19.34,Job-Ready Mid-Level,6.8,1,2,1,2,4.0,1,0,4,51.8,3,1.143446437560655,-0.7711651915801897,-0.03224997378368975,Emerging Full-Stack & Entry Developers
CP-1538,1.3,BCA/B.Sc CS,Tier 2 (Top State/Private),Backend Systems,Remote Global,1,6,33.0,1,1,1,0,0,0,0,0,2,15.33,Job-Ready Mid-Level,6.52,0,2,0,2,2.0,0,1,2,40.3,1,-1.7770860316682646,0.5838879651430987,0.04666755451032154,Applied AI/ML & Data Science Specialists
CP-1539,0.3,BCA/B.Sc CS,Tier 2 (Top State/Private),Data Analytics & BI,Tier 1 Tech Hub (Bengaluru/NCR/Hyd),1,8,146.0,2,1,1,0,1,0,0,0,3,14.2,Junior Associate,10.75,1,2,0,2,2.0,1,0,3,46.5,0,0.1989593199070614,1.645095317889266,1.0882310642500204,Core Systems & Algorithmic Backend Specialists
CP-1540,6.8,MCA,Tier 2 (Top State/Private),Cloud & DevOps,Tier 1 Tech Hub (Bengaluru/NCR/Hyd),1,2,239.0,0,1,0,0,0,1,1,0,3,31.64,High-Demand Specialist,8.88,1,2,0,2,2.5,1,0,3,68.4,0,0.9364750020328513,1.2923369508208775,1.2478488492113873,Core Systems & Algorithmic Backend Specialists
CP-1541,2.1,B.Tech/B.E,Tier 1 (IIT/NIT/BITS),Cloud & DevOps,Tier 1 Tech Hub (Bengaluru/NCR/Hyd),2,6,56.0,0,0,1,1,1,1,1,0,5,29.86,High-Demand Specialist,8.6,2,2,1,3,3.0,1,0,5,67.5,3,3.337108262860618,0.25405565867030255,1.2911750153852573,Emerging Full-Stack & Entry Developers
CP-1542,0.6,B.Tech/B.E,Tier 2 (Top State/Private),Backend Systems,Tier 1 Tech Hub (Bengaluru/NCR/Hyd),1,4,149.0,2,0,1,0,0,0,0,1,2,15.9,Job-Ready Mid-Level,8.02,0,1,1,2,3.0,1,0,2,42.4,2,-1.5542351743932166,0.5223551804686432,-1.4041305190817734,Cloud & DevOps Infrastructure Architects
CP-1543,2.5,BCA/B.Sc CS,Tier 3 (Affiliated Colleges),Data Analytics & BI,Tier 1 Tech Hub (Bengaluru/NCR/Hyd),0,3,72.0,0,1,0,1,0,1,0,0,3,15.8,Job-Ready Mid-Level,3.9,1,1,1,1,2.0,1,0,3,41.9,2,-0.996956240515122,-1.4103026121509052,0.23418144626274442,Cloud & DevOps Infrastructure Architects
CP-1544,2.1,B.Tech/B.E,Tier 2 (Top State/Private),Full Stack Web,Tier 1 Tech Hub (Bengaluru/NCR/Hyd),2,3,68.0,0,1,1,0,0,0,0,0,2,16.07,Job-Ready Mid-Level,6.8,0,2,0,2,3.0,1,0,2,47.9,1,-1.3989179668696028,0.8885059929525753,-0.37044969524382415,Applied AI/ML & Data Science Specialists
CP-1545,1.0,B.Tech/B.E,Tier 1 (IIT/NIT/BITS),Data Analytics & BI,Tier 1 Tech Hub (Bengaluru/NCR/Hyd),1,1,126.0,1,1,1,0,0,0,1,0,3,17.68,Job-Ready Mid-Level,5.35,0,3,0,3,3.0,1,0,3,48.3,1,-0.4012591736804445,-0.5341134109992286,-0.5286771876832921,Applied AI/ML & Data Science Specialists
CP-1546,0.3,B.Tech/B.E,Tier 3 (Affiliated Colleges),Data Science & AI/ML,Tier 1 Tech Hub (Bengaluru/NCR/Hyd),2,5,125.0,2,1,1,1,0,1,0,0,4,15.5,Job-Ready Mid-Level,9.62,1,2,1,1,3.0,1,0,4,47.7,0,1.252104004667565,0.46407668300171634,-0.15345671801057992,Core Systems & Algorithmic Backend Specialists
CP-1547,2.4,BCA/B.Sc CS,Tier 2 (Top State/Private),Full Stack Web,Tier 1 Tech Hub (Bengaluru/NCR/Hyd),0,4,132.0,1,0,0,0,1,1,0,0,2,18.56,Job-Ready Mid-Level,6.1,2,0,0,2,2.0,1,0,2,45.1,2,-1.637231735905221,0.08828733565509071,3.3437462549152603,Cloud & DevOps Infrastructure Architects
CP-1548,1.6,MCA,Tier 3 (Affiliated Colleges),Full Stack Web,Tier 1 Tech Hub (Bengaluru/NCR/Hyd),0,1,383.0,1,1,1,0,0,0,0,0,2,13.12,Junior Associate,10.27,0,2,0,1,2.5,1,0,2,45.4,1,-1.4099744503492815,1.1245795320216845,-0.17660737758896575,Applied AI/ML & Data Science Specialists
CP-1549,3.3,B.Tech/B.E,Tier 3 (Affiliated Colleges),Data Science & AI/ML,Tier 2 City,3,3,138.0,1,1,1,1,0,1,0,0,4,20.18,Job-Ready Mid-Level,10.05,1,2,1,1,3.0,0,0,4,63.5,0,1.9958221597475703,1.1096099772942756,-0.01678218191083157,Core Systems & Algorithmic Backend Specialists
CP-1550,1.6,Non-CS Degree,Tier 3 (Affiliated Colleges),Data Science & AI/ML,Tier 1 Tech Hub (Bengaluru/NCR/Hyd),0,1,120.0,1,1,0,0,0,0,1,0,2,11.55,Junior Associate,3.7,0,2,0,1,1.0,1,0,2,29.8,1,-2.754614273893305,-1.2070339435844097,-0.22729792705094373,Applied AI/ML & Data Science Specialists
CP-1551,4.2,BCA/B.Sc CS,Tier 2 (Top State/Private),Data Science & AI/ML,Tier 1 Tech Hub (Bengaluru/NCR/Hyd),2,5,215.0,2,1,1,0,1,0,1,0,4,28.44,High-Demand Specialist,11.88,1,3,0,2,2.0,1,0,4,72.0,0,2.671619597443651,2.156735376728594,0.8022922068023781,Core Systems & Algorithmic Backend Specialists
CP-1552,1.8,MCA,Tier 3 (Affiliated Colleges),Cloud & DevOps,Tier 2 City,2,4,57.0,1,1,1,0,0,0,0,0,2,10.24,Junior Associate,7.22,0,2,0,1,2.5,0,0,2,41.3,1,-1.6385478581457242,0.8765717722350971,-0.1993897788188456,Applied AI/ML & Data Science Specialists
CP-1553,1.8,BCA/B.Sc CS,Tier 2 (Top State/Private),Data Analytics & BI,Remote Global,1,4,68.0,0,0,1,0,1,0,0,0,2,18.79,Job-Ready Mid-Level,6.0,1,1,0,2,2.0,0,1,2,41.9,2,-1.7813362792894607,0.18637613551049548,1.9053011998136384,Cloud & DevOps Infrastructure Architects
CP-1554,4.6,M.Tech/M.S,Tier 3 (Affiliated Colleges),Backend Systems,Tier 1 Tech Hub (Bengaluru/NCR/Hyd),0,4,62.0,1,1,0,0,0,0,1,0,2,19.41,Job-Ready Mid-Level,4.35,0,2,0,1,4.0,1,0,2,55.2,1,-1.2537740530083992,0.04273059396889551,-0.2174532962562304,Applied AI/ML & Data Science Specialists
CP-1555,1.1,B.Tech/B.E,Tier 2 (Top State/Private),Full Stack Web,Tier 1 Tech Hub (Bengaluru/NCR/Hyd),1,5,43.0,0,1,1,0,1,0,0,1,4,18.17,Job-Ready Mid-Level,6.08,1,2,1,2,3.0,1,0,4,50.0,3,0.9489827317787217,-0.7961320815793776,-0.12588991884483686,Emerging Full-Stack & Entry Developers
CP-1556,0.3,M.Tech/M.S,Tier 2 (Top State/Private),Cloud & DevOps,Tier 1 Tech Hub (Bengaluru/NCR/Hyd),2,7,232.0,0,0,1,1,1,0,0,1,4,23.98,Job-Ready Mid-Level,13.7,1,1,2,2,4.0,1,0,4,61.8,0,2.307739016894593,1.9058979378346983,-1.3314239543944881,Core Systems & Algorithmic Backend Specialists
CP-1557,0.1,B.Tech/B.E,Tier 2 (Top State/Private),Backend Systems,Tier 1 Tech Hub (Bengaluru/NCR/Hyd),1,3,13.0,0,0,0,0,0,0,0,1,1,10.25,Junior Associate,3.92,0,0,1,2,3.0,1,0,1,28.9,2,-3.8225416040182094,-0.5988667257903636,-1.114453455891955,Cloud & DevOps Infrastructure Architects
CP-1558,3.1,MCA,Tier 2 (Top State/Private),Data Science & AI/ML,Tier 2 City,1,5,21.0,0,1,1,0,0,0,0,0,2,13.49,Junior Associate,5.52,0,2,0,2,2.5,0,0,2,49.2,1,-1.4730084081015313,0.5226823422718665,-0.20059544683720693,Applied AI/ML & Data Science Specialists
CP-1559,2.1,Non-CS Degree,Tier 3 (Affiliated Colleges),Data Analytics & BI,Tier 1 Tech Hub (Bengaluru/NCR/Hyd),1,5,207.0,0,1,1,1,1,0,0,1,5,22.41,Job-Ready Mid-Level,10.18,1,2,2,1,1.0,1,0,5,55.6,3,2.5835486397714873,-0.1675051594715093,-1.5578510400975236,Emerging Full-Stack & Entry Developers
CP-1560,2.7,B.Tech/B.E,Tier 3 (Affiliated Colleges),Data Analytics & BI,Tier 2 City,0,8,2.0,1,1,1,0,0,0,0,0,2,10.13,Junior Associate,5.65,0,2,0,1,3.0,0,0,2,44.8,1,-1.5797190304580582,0.471402511798719,-0.15506191475601935,Applied AI/ML & Data Science Specialists
CP-1561,0.5,B.Tech/B.E,Tier 3 (Affiliated Colleges),Data Science & AI/ML,Tier 1 Tech Hub (Bengaluru/NCR/Hyd),2,3,2.0,1,1,0,1,0,0,0,0,2,10.67,Junior Associate,5.15,0,1,1,1,3.0,1,0,2,33.0,2,-2.277615254822187,-0.2638089487501552,-1.4357579707448742,Cloud & DevOps Infrastructure Architects
CP-1562,0.3,M.Tech/M.S,Tier 1 (IIT/NIT/BITS),Backend Systems,Tier 1 Tech Hub (Bengaluru/NCR/Hyd),2,6,36.0,0,1,1,0,0,0,1,1,4,21.83,Job-Ready Mid-Level,8.1,0,3,1,3,4.0,1,0,4,56.7,1,1.578210090608176,0.3424713432109782,-2.024319233292697,Applied AI/ML & Data Science Specialists
CP-1563,0.0,B.Tech/B.E,Tier 3 (Affiliated Colleges),Data Analytics & BI,Tier 2 City,3,5,122.0,0,0,0,0,0,1,0,0,1,9.76,Junior Associate,11.05,1,0,0,1,3.0,0,0,1,36.1,2,-2.617064757454218,2.566738211223684,1.8261403608015627,Cloud & DevOps Infrastructure Architects
CP-1564,0.9,MCA,Tier 2 (Top State/Private),Data Science & AI/ML,Tier 1 Tech Hub (Bengaluru/NCR/Hyd),1,4,56.0,1,1,1,1,0,0,1,0,4,17.67,Job-Ready Mid-Level,5.7,0,3,1,2,2.5,1,0,4,46.8,1,0.7469974759898051,-0.9337596052826517,-1.9579657881724273,Applied AI/ML & Data Science Specialists
CP-1565,2.0,B.Tech/B.E,Tier 3 (Affiliated Colleges),Data Science & AI/ML,Tier 1 Tech Hub (Bengaluru/NCR/Hyd),2,4,376.0,0,1,1,1,0,1,0,1,5,25.57,High-Demand Specialist,15.2,1,2,2,1,3.0,1,0,5,69.4,0,3.760760995074037,1.7613830962703547,-1.4967401334527481,Core Systems & Algorithmic Backend Specialists
CP-1566,1.1,B.Tech/B.E,Tier 3 (Affiliated Colleges),Data Science & AI/ML,Remote Global,0,1,60.0,1,1,1,0,1,1,0,1,5,17.84,Job-Ready Mid-Level,2.2,2,2,1,1,3.0,0,1,5,43.5,3,1.3012071612134406,-3.4728280461962946,2.1413242297516972,Emerging Full-Stack & Entry Developers
CP-1567,1.3,Non-CS Degree,Tier 1 (IIT/NIT/BITS),Full Stack Web,Remote Global,1,10,223.0,1,1,1,1,0,0,1,0,4,24.64,High-Demand Specialist,14.08,0,3,1,3,1.0,0,1,4,62.3,0,2.3093727670169453,2.5327593974686184,-1.7754759310296389,Core Systems & Algorithmic Backend Specialists
CP-1568,5.2,BCA/B.Sc CS,Tier 3 (Affiliated Colleges),Full Stack Web,Tier 2 City,1,2,28.0,2,0,1,0,0,0,1,0,2,17.74,Job-Ready Mid-Level,3.6,0,2,0,1,2.0,0,0,2,49.7,1,-1.5936330389986217,-0.35537121132291283,-0.12508579941483208,Applied AI/ML & Data Science Specialists
CP-1569,0.9,MCA,Tier 1 (IIT/NIT/BITS),Full Stack Web,Tier 1 Tech Hub (Bengaluru/NCR/Hyd),2,3,0.0,0,1,1,1,1,0,0,0,4,17.14,Job-Ready Mid-Level,5.1,1,2,1,3,2.5,1,0,4,50.0,3,0.8512320008424413,-0.9003778789882951,-0.21747028385655767,Emerging Full-Stack & Entry Developers
CP-1570,1.6,B.Tech/B.E,Tier 2 (Top State/Private),Data Science & AI/ML,Tier 1 Tech Hub (Bengaluru/NCR/Hyd),2,7,27.0,1,1,1,1,0,0,0,0,3,16.51,Job-Ready Mid-Level,8.57,0,2,1,2,3.0,1,0,3,52.5,1,0.25148957216946105,1.1763272211135258,-1.8407085286312324,Applied AI/ML & Data Science Specialists
CP-1571,3.4,BCA/B.Sc CS,Tier 2 (Top State/Private),Backend Systems,Remote Global,3,6,11.0,1,1,1,1,1,0,0,0,4,25.72,High-Demand Specialist,8.98,1,2,1,2,2.0,0,1,4,63.2,0,1.967607616764026,1.1197276650947434,0.07711539469669272,Core Systems & Algorithmic Backend Specialists
CP-1572,1.1,BCA/B.Sc CS,Tier 1 (IIT/NIT/BITS),Full Stack Web,Tier 1 Tech Hub (Bengaluru/NCR/Hyd),2,4,60.0,1,1,1,1,0,0,1,0,4,21.15,Job-Ready Mid-Level,7.3,0,3,1,3,2.0,1,0,4,53.1,1,1.2253831850592947,-0.025743282711350627,-2.084861678738227,Applied AI/ML & Data Science Specialists
CP-1573,2.1,BCA/B.Sc CS,Tier 3 (Affiliated Colleges),Data Science & AI/ML,Remote Global,2,6,40.0,2,1,0,0,0,0,0,0,1,15.85,Job-Ready Mid-Level,8.2,0,1,0,1,2.0,0,1,1,38.8,2,-2.7836824498325714,1.8260052539718399,0.2480829802938736,Cloud & DevOps Infrastructure Architects
CP-1574,4.4,BCA/B.Sc CS,Tier 1 (IIT/NIT/BITS),Full Stack Web,Tier 1 Tech Hub (Bengaluru/NCR/Hyd),0,5,28.0,1,1,1,1,0,0,0,0,3,22.52,Job-Ready Mid-Level,4.2,0,2,1,3,2.0,1,0,3,60.2,1,0.006179454816167642,-0.45961595803969624,-1.7438646221878822,Applied AI/ML & Data Science Specialists
CP-1575,6.6,BCA/B.Sc CS,Tier 2 (Top State/Private),Full Stack Web,Tier 1 Tech Hub (Bengaluru/NCR/Hyd),2,3,222.0,0,1,0,0,0,0,0,0,1,28.01,High-Demand Specialist,10.65,0,1,0,2,2.0,1,0,1,61.5,0,-1.5493792010102734,3.130100022817739,-0.20414520507393394,Core Systems & Algorithmic Backend Specialists
CP-1576,0.3,B.Tech/B.E,Tier 2 (Top State/Private),Full Stack Web,Remote Global,1,2,54.0,1,1,1,0,0,0,0,0,2,11.64,Junior Associate,4.25,0,2,0,2,3.0,0,1,2,34.6,1,-2.3292294691031494,-0.6855740522457839,0.20621997016951205,Applied AI/ML & Data Science Specialists
CP-1577,5.7,B.Tech/B.E,Tier 3 (Affiliated Colleges),Data Science & AI/ML,Tier 1 Tech Hub (Bengaluru/NCR/Hyd),1,5,358.0,3,1,0,1,0,0,1,0,3,31.39,High-Demand Specialist,13.95,0,2,1,1,3.0,1,0,3,74.3,0,1.7449461541176943,3.0172547068440267,-1.7480775961895474,Core Systems & Algorithmic Backend Specialists
CP-1578,1.5,M.Tech/M.S,Tier 3 (Affiliated Colleges),Data Science & AI/ML,Tier 1 Tech Hub (Bengaluru/NCR/Hyd),0,7,210.0,2,1,1,0,0,1,0,0,3,17.33,Job-Ready Mid-Level,10.15,1,2,0,1,4.0,1,0,3,53.6,0,0.44589670145421906,1.2873007304492767,1.3194304144702171,Core Systems & Algorithmic Backend Specialists
CP-1579,0.7,B.Tech/B.E,Tier 3 (Affiliated Colleges),Data Analytics & BI,Tier 1 Tech Hub (Bengaluru/NCR/Hyd),1,6,31.0,3,0,1,1,1,1,0,0,4,15.29,Job-Ready Mid-Level,6.48,2,1,1,1,3.0,1,0,4,44.5,3,0.9011500583432178,-0.7693543782843653,1.7014014754977982,Emerging Full-Stack & Entry Developers
CP-1580,1.4,BCA/B.Sc CS,Tier 3 (Affiliated Colleges),Backend Systems,Tier 1 Tech Hub (Bengaluru/NCR/Hyd),0,4,58.0,0,1,1,0,0,0,0,1,3,12.32,Junior Associate,4.25,0,2,1,1,2.0,1,0,3,37.0,1,-1.172823869219341,-1.4377544664377218,-1.5926533826799214,Applied AI/ML & Data Science Specialists
CP-1581,8.6,B.Tech/B.E,Tier 2 (Top State/Private),Full Stack Web,Tier 1 Tech Hub (Bengaluru/NCR/Hyd),1,5,116.0,0,1,1,0,0,0,1,1,4,38.05,High-Demand Specialist,7.9,0,3,1,2,3.0,1,0,4,72.5,0,2.388512804931993,0.7093953107246467,-1.9857756038360888,Core Systems & Algorithmic Backend Specialists
CP-1582,1.5,BCA/B.Sc CS,Tier 1 (IIT/NIT/BITS),Full Stack Web,Tier 1 Tech Hub (Bengaluru/NCR/Hyd),1,2,146.0,0,1,1,0,0,0,0,0,2,14.38,Junior Associate,6.55,0,2,0,3,2.0,1,0,2,45.5,1,-1.6774589507279476,0.42462794370328505,-0.3452217713559697,Applied AI/ML & Data Science Specialists
CP-1583,0.9,M.Tech/M.S,Tier 1 (IIT/NIT/BITS),Cloud & DevOps,Tier 1 Tech Hub (Bengaluru/NCR/Hyd),2,4,227.0,0,1,1,0,0,0,0,0,2,21.13,Job-Ready Mid-Level,11.48,0,2,0,3,4.0,1,0,2,57.0,0,-0.4906751759887455,2.586009895429909,-0.39320020074217016,Core Systems & Algorithmic Backend Specialists
CP-1584,2.2,B.Tech/B.E,Tier 2 (Top State/Private),Data Analytics & BI,Tier 2 City,2,6,140.0,0,1,1,0,0,0,0,0,2,14.48,Junior Associate,10.7,0,2,0,2,3.0,0,0,2,54.9,0,-0.6421085185513359,2.501877775918664,-0.27956580637244605,Core Systems & Algorithmic Backend Specialists
CP-1585,0.6,B.Tech/B.E,Tier 3 (Affiliated Colleges),Full Stack Web,Tier 1 Tech Hub (Bengaluru/NCR/Hyd),1,4,24.0,2,0,1,0,0,1,1,1,4,15.97,Job-Ready Mid-Level,4.9,1,2,1,1,3.0,1,0,4,41.4,3,0.5039225982907,-1.6158930939539686,-0.026034506090572115,Emerging Full-Stack & Entry Developers
CP-1586,0.2,B.Tech/B.E,Tier 2 (Top State/Private),Backend Systems,Remote Global,1,3,39.0,1,1,1,0,1,1,0,0,4,16.14,Job-Ready Mid-Level,4.57,2,2,0,2,3.0,0,1,4,43.0,3,0.5073326530162257,-1.4741350056398173,3.328390228059825,Emerging Full-Stack & Entry Developers
CP-1587,0.3,BCA/B.Sc CS,Tier 3 (Affiliated Colleges),Cloud & DevOps,Tier 1 Tech Hub (Bengaluru/NCR/Hyd),0,3,220.0,1,0,1,1,0,1,0,0,3,15.22,Job-Ready Mid-Level,7.6,1,1,1,1,2.0,1,0,3,37.1,2,-0.8403609108505894,-0.5928085910211107,0.2511629950975389,Cloud & DevOps Infrastructure Architects
CP-1588,0.3,MCA,Tier 2 (Top State/Private),Full Stack Web,Tier 1 Tech Hub (Bengaluru/NCR/Hyd),1,4,149.0,0,0,0,1,0,1,0,0,2,13.89,Junior Associate,8.02,1,0,1,2,2.5,1,0,2,39.3,2,-1.7875161831574584,0.5077778038488866,0.3900433245491345,Cloud & DevOps Infrastructure Architects
CP-1589,0.4,B.Tech/B.E,Tier 1 (IIT/NIT/BITS),Cloud & DevOps,Tier 1 Tech Hub (Bengaluru/NCR/Hyd),0,3,251.0,0,0,1,0,0,1,0,0,2,15.79,Job-Ready Mid-Level,8.38,1,1,0,3,3.0,1,0,2,46.2,2,-1.442023041875157,0.6725058890609823,1.5850495482896678,Cloud & DevOps Infrastructure Architects
CP-1590,0.3,M.Tech/M.S,Tier 2 (Top State/Private),Backend Systems,Tier 2 City,3,10,118.0,1,1,0,0,1,0,0,0,2,12.82,Junior Associate,14.45,1,1,0,2,4.0,0,0,2,54.8,0,-0.022908659245771942,4.143978440504648,1.3994787096131465,Core Systems & Algorithmic Backend Specialists
CP-1591,2.3,B.Tech/B.E,Tier 3 (Affiliated Colleges),Data Analytics & BI,Remote Global,1,6,0.0,1,1,0,1,0,0,0,0,2,14.71,Junior Associate,5.7,0,1,1,1,3.0,0,1,2,42.9,2,-1.7422398022494736,0.21969309095232037,-1.006273620381854,Cloud & DevOps Infrastructure Architects
CP-1592,0.4,B.Tech/B.E,Tier 3 (Affiliated Colleges),Data Science & AI/ML,Tier 2 City,0,1,346.0,1,1,1,1,0,0,0,0,3,9.88,Junior Associate,9.35,0,2,1,1,3.0,0,0,3,43.6,1,-0.44583546037110505,-0.013766214465753225,-1.3275373817855476,Applied AI/ML & Data Science Specialists
CP-1593,0.9,Non-CS Degree,Tier 3 (Affiliated Colleges),Full Stack Web,Tier 1 Tech Hub (Bengaluru/NCR/Hyd),1,4,247.0,0,1,1,0,0,0,1,0,3,14.07,Junior Associate,10.48,0,3,0,1,1.0,1,0,3,41.8,1,-0.30288718736812686,1.0735855009044608,-0.6307472197340598,Applied AI/ML & Data Science Specialists
CP-1594,5.0,B.Tech/B.E,Tier 1 (IIT/NIT/BITS),Full Stack Web,Tier 1 Tech Hub (Bengaluru/NCR/Hyd),1,6,19.0,1,0,0,0,1,0,0,0,1,26.79,High-Demand Specialist,6.17,1,0,0,3,3.0,1,0,1,61.3,2,-1.853925235810303,1.7014801190663378,1.6137588390294157,Cloud & DevOps Infrastructure Architects
CP-1595,1.4,B.Tech/B.E,Tier 3 (Affiliated Colleges),Full Stack Web,Tier 2 City,1,6,9.0,0,1,1,1,1,0,0,0,4,12.34,Junior Associate,5.92,1,2,1,1,3.0,0,0,4,47.1,3,0.8322164443261781,-0.730078301182929,0.03300033914605652,Emerging Full-Stack & Entry Developers
CP-1596,2.4,B.Tech/B.E,Tier 2 (Top State/Private),Cloud & DevOps,Remote Global,0,6,38.0,0,1,0,0,1,1,0,0,3,19.86,Job-Ready Mid-Level,5.15,2,1,0,2,3.0,0,1,3,50.8,2,-0.248015156127928,-0.39612633982139167,3.5407915122416806,Cloud & DevOps Infrastructure Architects
CP-1597,0.4,B.Tech/B.E,Tier 1 (IIT/NIT/BITS),Data Analytics & BI,Remote Global,3,5,106.0,1,0,1,1,0,0,1,1,4,27.07,High-Demand Specialist,10.65,0,2,2,3,3.0,0,1,4,58.3,0,1.8479824604365616,0.9434825357767068,-2.765293854948035,Core Systems & Algorithmic Backend Specialists
CP-1598,0.5,B.Tech/B.E,Tier 3 (Affiliated Colleges),Data Analytics & BI,Tier 1 Tech Hub (Bengaluru/NCR/Hyd),0,4,42.0,0,1,1,1,0,1,0,0,4,12.15,Junior Associate,3.85,1,2,1,1,3.0,1,0,4,39.1,3,0.12046865259420284,-2.0230057846949907,0.020514779096463057,Emerging Full-Stack & Entry Developers
CP-1599,0.1,B.Tech/B.E,Tier 2 (Top State/Private),Backend Systems,Remote Global,0,6,19.0,3,0,1,0,1,0,1,0,3,15.87,Job-Ready Mid-Level,4.67,1,2,0,2,3.0,0,1,3,38.5,1,-0.7066637989477561,-0.9476848501453621,1.7216126462389543,Applied AI/ML & Data Science Specialists
CP-1600,0.4,BCA/B.Sc CS,Tier 3 (Affiliated Colleges),Data Science & AI/ML,Tier 1 Tech Hub (Bengaluru/NCR/Hyd),0,1,33.0,1,1,1,0,0,0,0,0,2,4.55,Entry-Level Learner,1.52,0,2,0,1,2.0,1,0,2,23.3,1,-3.2253772838775805,-2.0690781967535106,-0.15967120915112845,Applied AI/ML & Data Science Specialists
CP-1601,0.7,B.Tech/B.E,Tier 2 (Top State/Private),Backend Systems,Tier 1 Tech Hub (Bengaluru/NCR/Hyd),1,2,35.0,1,1,1,1,0,1,0,0,4,13.4,Junior Associate,3.78,1,2,1,2,3.0,1,0,4,44.2,3,0.39002804669827945,-1.8507031292651135,-0.030241746914429053,Emerging Full-Stack & Entry Developers
CP-1602,0.4,B.Tech/B.E,Tier 2 (Top State/Private),Data Analytics & BI,Tier 1 Tech Hub (Bengaluru/NCR/Hyd),0,1,50.0,0,0,1,0,1,1,0,0,3,11.39,Junior Associate,1.95,2,1,0,2,3.0,1,0,3,35.5,2,-1.3596524048404384,-2.3179143814843157,3.2460519370914076,Cloud & DevOps Infrastructure Architects
CP-1603,0.2,B.Tech/B.E,Tier 3 (Affiliated Colleges),Full Stack Web,Tier 1 Tech Hub (Bengaluru/NCR/Hyd),0,3,107.0,0,1,1,1,1,0,1,1,6,17.2,Job-Ready Mid-Level,4.77,1,3,2,1,3.0,1,0,6,47.5,3,2.8969250437518324,-3.0396478401192657,-1.5835356913900551,Emerging Full-Stack & Entry Developers
CP-1604,0.3,B.Tech/B.E,Tier 2 (Top State/Private),Data Analytics & BI,Tier 2 City,1,5,209.0,1,1,1,0,0,1,1,0,4,13.84,Junior Associate,10.22,1,3,0,2,3.0,0,0,4,52.9,0,1.5295109367402373,0.7354222464789013,1.1672180286586684,Core Systems & Algorithmic Backend Specialists
CP-1605,1.4,BCA/B.Sc CS,Tier 3 (Affiliated Colleges),Data Science & AI/ML,Remote Global,1,3,56.0,2,1,1,1,1,0,1,0,5,19.3,Job-Ready Mid-Level,5.0,1,3,1,1,2.0,0,1,5,46.6,3,1.8413604390967477,-1.9143657367121993,0.09554598486960289,Emerging Full-Stack & Entry Developers
CP-1606,0.5,Non-CS Degree,Tier 2 (Top State/Private),Data Analytics & BI,Tier 2 City,0,3,145.0,0,1,1,1,0,1,0,0,4,8.8,Entry-Level Learner,5.72,1,2,1,2,1.0,0,0,4,40.2,3,0.2001941372499761,-1.5381479719725897,0.10894292482873742,Emerging Full-Stack & Entry Developers
CP-1607,1.0,B.Tech/B.E,Tier 3 (Affiliated Colleges),Full Stack Web,Tier 2 City,0,3,114.0,1,1,0,0,1,0,0,0,2,9.35,Junior Associate,4.95,1,1,0,1,3.0,0,0,2,35.1,2,-2.240530727037647,-0.5932130565943191,1.7960295505179729,Cloud & DevOps Infrastructure Architects
CP-1608,1.5,MCA,Tier 2 (Top State/Private),Full Stack Web,Tier 1 Tech Hub (Bengaluru/NCR/Hyd),1,5,62.0,0,1,0,0,0,0,0,0,1,13.25,Junior Associate,6.55,0,1,0,2,2.5,1,0,1,38.7,2,-3.0542111664667186,1.0791921235959108,-0.12268233745604142,Cloud & DevOps Infrastructure Architects
CP-1609,2.6,BCA/B.Sc CS,Tier 2 (Top State/Private),Cloud & DevOps,Tier 2 City,0,6,30.0,1,1,0,1,0,0,0,0,2,11.96,Junior Associate,4.95,0,1,1,2,2.0,0,0,2,44.2,2,-1.8430892520340436,-0.11987748875064419,-1.2931361735335833,Cloud & DevOps Infrastructure Architects
CP-1610,0.1,BCA/B.Sc CS,Tier 2 (Top State/Private),Cloud & DevOps,Tier 1 Tech Hub (Bengaluru/NCR/Hyd),1,3,35.0,1,1,1,1,0,1,1,1,6,19.47,Job-Ready Mid-Level,4.47,1,3,2,2,2.0,1,0,6,47.5,3,2.896856330060507,-2.8972779276629663,-1.6864297978610048,Emerging Full-Stack & Entry Developers
CP-1611,3.5,B.Tech/B.E,Tier 2 (Top State/Private),Data Science & AI/ML,Tier 2 City,0,5,60.0,0,0,1,1,0,0,1,0,3,17.04,Job-Ready Mid-Level,5.0,0,2,1,2,3.0,0,0,3,56.0,1,-0.06328371198895247,-0.48804253565933015,-1.486044282756235,Applied AI/ML & Data Science Specialists
CP-1612,2.2,B.Tech/B.E,Tier 3 (Affiliated Colleges),Data Science & AI/ML,Tier 2 City,0,2,206.0,1,1,0,0,0,0,0,0,1,9.31,Junior Associate,6.55,0,1,0,1,3.0,0,0,1,39.6,2,-3.1280425360899407,0.5198272435329299,0.2495827177151262,Cloud & DevOps Infrastructure Architects
CP-1613,0.2,B.Tech/B.E,Tier 2 (Top State/Private),Full Stack Web,Tier 2 City,1,5,245.0,3,1,1,0,0,0,0,1,3,12.46,Junior Associate,11.12,0,2,1,2,3.0,0,0,3,49.7,0,0.25539608877196646,1.1970280567819793,-1.5077835471910879,Core Systems & Algorithmic Backend Specialists
CP-1614,4.5,BCA/B.Sc CS,Tier 2 (Top State/Private),Cloud & DevOps,Tier 1 Tech Hub (Bengaluru/NCR/Hyd),0,3,48.0,1,1,1,0,0,0,0,0,2,18.49,Job-Ready Mid-Level,3.3,0,2,0,2,2.0,1,0,2,50.9,1,-1.693213765425543,-0.4510137945991927,-0.29031009691949305,Applied AI/ML & Data Science Specialists
CP-1615,5.6,B.Tech/B.E,Tier 2 (Top State/Private),Backend Systems,Remote Global,0,4,254.0,0,0,1,0,0,0,1,1,3,35.69,High-Demand Specialist,9.15,0,2,1,2,3.0,0,1,3,70.5,0,0.9602989775554215,0.9245602485044893,-1.1804455313828388,Core Systems & Algorithmic Backend Specialists
CP-1616,0.1,MCA,Tier 2 (Top State/Private),Backend Systems,Tier 1 Tech Hub (Bengaluru/NCR/Hyd),1,5,209.0,0,1,0,0,1,0,0,1,3,16.35,Job-Ready Mid-Level,10.22,1,1,1,2,2.5,1,0,3,46.2,2,-0.08005347721771293,0.8466716950958951,0.09857542218659462,Cloud & DevOps Infrastructure Architects
CP-1617,0.7,B.Tech/B.E,Tier 3 (Affiliated Colleges),Full Stack Web,Tier 1 Tech Hub (Bengaluru/NCR/Hyd),2,8,225.0,3,0,1,1,1,1,1,1,6,27.22,High-Demand Specialist,14.22,2,2,2,1,3.0,1,0,6,65.7,3,5.000340189610834,1.082278178525974,-0.03381868685474323,Emerging Full-Stack & Entry Developers
CP-1618,3.6,B.Tech/B.E,Tier 3 (Affiliated Colleges),Data Analytics & BI,Tier 2 City,1,7,0.0,1,1,1,1,1,0,0,1,5,17.45,Job-Ready Mid-Level,6.4,1,2,2,1,3.0,0,0,5,63.0,3,2.8018022298351575,-0.8743966537760406,-1.353551383437619,Emerging Full-Stack & Entry Developers
CP-1619,3.0,M.Tech/M.S,Tier 2 (Top State/Private),Full Stack Web,Tier 1 Tech Hub (Bengaluru/NCR/Hyd),2,5,108.0,0,0,0,1,1,0,0,0,2,22.45,Job-Ready Mid-Level,9.2,1,0,1,2,4.0,1,0,2,59.5,2,-0.5296044275484837,1.8366770837443125,0.29188157032664186,Cloud & DevOps Infrastructure Architects
CP-1620,0.4,B.Tech/B.E,Tier 3 (Affiliated Colleges),Data Analytics & BI,Remote Global,2,7,113.0,0,1,1,1,0,1,0,0,4,18.4,Job-Ready Mid-Level,10.72,1,2,1,1,3.0,0,1,4,50.1,0,1.4386748151026254,0.9944537417037761,0.25079909206012496,Core Systems & Algorithmic Backend Specialists
CP-1621,0.5,B.Tech/B.E,Tier 2 (Top State/Private),Data Science & AI/ML,Tier 1 Tech Hub (Bengaluru/NCR/Hyd),3,4,109.0,3,1,0,1,1,0,0,1,4,20.09,Job-Ready Mid-Level,10.02,1,1,2,2,3.0,1,0,4,53.6,3,1.5912738022010307,0.6068458632968731,-1.3584345953929116,Emerging Full-Stack & Entry Developers
CP-1622,1.0,BCA/B.Sc CS,Tier 1 (IIT/NIT/BITS),Full Stack Web,Tier 1 Tech Hub (Bengaluru/NCR/Hyd),2,4,28.0,1,1,1,0,0,0,1,0,3,17.54,Job-Ready Mid-Level,6.5,0,3,0,3,2.0,1,0,3,47.1,1,-0.24026721486101627,0.32358089065249823,-0.7157843956646119,Applied AI/ML & Data Science Specialists
CP-1623,1.5,MCA,Tier 3 (Affiliated Colleges),Cloud & DevOps,Remote Global,1,5,113.0,0,1,0,0,0,0,1,1,3,19.98,Job-Ready Mid-Level,7.82,0,2,1,1,2.5,0,1,3,45.0,1,-0.36354372204050206,0.09527899209612146,-1.2269465619243838,Applied AI/ML & Data Science Specialists
CP-1624,2.1,M.Tech/M.S,Tier 2 (Top State/Private),Data Science & AI/ML,Tier 1 Tech Hub (Bengaluru/NCR/Hyd),1,6,42.0,0,1,1,1,1,0,0,1,5,23.51,Job-Ready Mid-Level,6.75,1,2,2,2,4.0,1,0,5,63.4,3,2.8349194019441133,-0.8616759152355392,-1.4897081127304734,Emerging Full-Stack & Entry Developers
CP-1625,1.0,BCA/B.Sc CS,Tier 3 (Affiliated Colleges),Data Analytics & BI,Tier 1 Tech Hub (Bengaluru/NCR/Hyd),0,4,247.0,2,1,1,0,1,0,0,0,3,13.92,Junior Associate,8.98,1,2,0,1,2.0,1,0,3,42.9,1,-0.32294994647950476,0.3794677981833423,1.2910565020700195,Applied AI/ML & Data Science Specialists
CP-1626,1.4,BCA/B.Sc CS,Tier 3 (Affiliated Colleges),Data Analytics & BI,Tier 1 Tech Hub (Bengaluru/NCR/Hyd),1,3,120.0,1,1,1,0,0,1,0,0,3,13.73,Junior Associate,6.6,1,2,0,1,2.0,1,0,3,40.9,1,-0.6523788495476388,-0.2536710662898614,1.2895987744558683,Applied AI/ML & Data Science Specialists
CP-1627,3.0,Non-CS Degree,Tier 2 (Top State/Private),Full Stack Web,Tier 1 Tech Hub (Bengaluru/NCR/Hyd),3,10,0.0,0,1,1,0,0,0,0,0,2,18.58,Job-Ready Mid-Level,11.5,0,2,0,2,1.0,1,0,2,54.0,0,-0.5011539924733283,3.4305546628877948,-0.7198193472315636,Core Systems & Algorithmic Backend Specialists
CP-1628,0.1,B.Tech/B.E,Tier 3 (Affiliated Colleges),Full Stack Web,Tier 2 City,1,2,13.0,1,1,1,1,0,0,0,0,3,6.51,Entry-Level Learner,3.22,0,2,1,1,3.0,0,0,3,31.9,1,-1.4223972062054335,-1.7959705239021226,-1.3993434341243434,Applied AI/ML & Data Science Specialists
CP-1629,0.6,B.Tech/B.E,Tier 3 (Affiliated Colleges),Data Analytics & BI,Tier 1 Tech Hub (Bengaluru/NCR/Hyd),1,3,152.0,0,1,1,0,0,1,0,0,3,13.61,Junior Associate,7.4,1,2,0,1,3.0,1,0,3,41.4,1,-0.5508120345387653,-0.035323178265447334,1.334646782632432,Applied AI/ML & Data Science Specialists
CP-1630,2.7,B.Tech/B.E,Tier 2 (Top State/Private),Data Analytics & BI,Remote Global,1,5,66.0,1,1,1,1,0,1,0,0,4,24.75,High-Demand Specialist,6.65,1,2,1,2,3.0,0,1,4,59.0,3,1.4201790108381425,-0.3121312274661827,0.3242331924596822,Emerging Full-Stack & Entry Developers
CP-1631,5.0,B.Tech/B.E,Tier 3 (Affiliated Colleges),Full Stack Web,Tier 2 City,1,5,60.0,0,1,0,0,0,1,0,1,3,18.52,Job-Ready Mid-Level,6.5,1,1,1,1,3.0,0,0,3,61.9,2,0.33618968382968284,0.2389521119324922,0.33271087906653113,Cloud & DevOps Infrastructure Architects
CP-1632,1.6,BCA/B.Sc CS,Tier 2 (Top State/Private),Full Stack Web,Tier 1 Tech Hub (Bengaluru/NCR/Hyd),1,9,116.0,0,1,1,1,0,0,0,1,4,20.08,Job-Ready Mid-Level,10.7,0,2,2,2,2.0,1,0,4,57.1,0,1.6757043092509825,1.025358495217224,-3.209493606660671,Core Systems & Algorithmic Backend Specialists
CP-1633,1.7,BCA/B.Sc CS,Tier 3 (Affiliated Colleges),Cloud & DevOps,Tier 2 City,1,3,245.0,0,1,0,1,0,0,0,1,3,13.1,Junior Associate,9.72,0,1,2,1,2.0,0,0,3,47.6,2,-0.24386135686145918,0.37262472680468184,-2.5899228178952454,Cloud & DevOps Infrastructure Architects
CP-1634,0.2,BCA/B.Sc CS,Tier 3 (Affiliated Colleges),Cloud & DevOps,Tier 2 City,1,2,29.0,0,1,1,0,0,1,0,1,4,8.69,Entry-Level Learner,3.62,1,2,1,1,2.0,0,0,4,34.1,3,-0.19966710420932737,-2.3557932055207487,0.17918934124016778,Emerging Full-Stack & Entry Developers
CP-1635,1.3,B.Tech/B.E,Tier 1 (IIT/NIT/BITS),Data Science & AI/ML,Tier 1 Tech Hub (Bengaluru/NCR/Hyd),1,7,61.0,0,0,0,1,0,0,0,0,1,15.63,Job-Ready Mid-Level,7.92,0,0,1,3,3.0,1,0,1,45.7,2,-2.540253651026773,1.628245091044701,-1.3035320646997395,Cloud & DevOps Infrastructure Architects
CP-1636,1.7,M.Tech/M.S,Tier 2 (Top State/Private),Full Stack Web,Tier 1 Tech Hub (Bengaluru/NCR/Hyd),2,3,238.0,0,1,1,1,0,0,1,1,5,25.8,High-Demand Specialist,11.05,0,3,2,2,4.0,1,0,5,68.6,3,3.4054199424312164,0.49098149026513044,-3.2999001391097558,Emerging Full-Stack & Entry Developers
CP-1637,0.6,B.Tech/B.E,Tier 3 (Affiliated Colleges),Backend Systems,Tier 1 Tech Hub (Bengaluru/NCR/Hyd),2,3,239.0,0,1,1,0,1,0,0,0,3,16.61,Job-Ready Mid-Level,11.08,1,2,0,1,3.0,1,0,3,47.5,0,0.1472091449089954,1.4748313410172487,1.222133726055086,Core Systems & Algorithmic Backend Specialists
CP-1638,0.7,BCA/B.Sc CS,Tier 1 (IIT/NIT/BITS),Cloud & DevOps,Tier 2 City,0,1,64.0,2,1,0,0,0,0,0,0,1,8.6,Entry-Level Learner,2.3,0,1,0,3,2.0,0,0,1,30.2,2,-3.9774913903446545,-1.0770294248601744,0.19410283952084786,Cloud & DevOps Infrastructure Architects
CP-1639,1.0,BCA/B.Sc CS,Tier 1 (IIT/NIT/BITS),Backend Systems,Tier 2 City,2,5,0.0,2,1,0,1,0,0,0,0,2,13.04,Junior Associate,6.5,0,1,1,3,2.0,0,0,2,42.9,2,-1.6406022832373246,0.6405143616145536,-1.4234385633707407,Cloud & DevOps Infrastructure Architects
CP-1640,0.0,B.Tech/B.E,Tier 2 (Top State/Private),Data Analytics & BI,Tier 1 Tech Hub (Bengaluru/NCR/Hyd),0,5,21.0,0,0,1,0,1,1,0,1,4,14.1,Junior Associate,4.03,2,1,1,2,3.0,1,0,4,41.1,3,0.320779223208343,-2.0382986819803603,1.8021420977532756,Emerging Full-Stack & Entry Developers
CP-1641,0.9,B.Tech/B.E,Tier 2 (Top State/Private),Backend Systems,Tier 2 City,0,2,370.0,1,1,1,0,0,1,0,0,3,10.69,Junior Associate,10.65,1,2,0,2,3.0,0,0,3,52.5,0,0.18159306750290635,0.8762427619767325,1.561266365245306,Core Systems & Algorithmic Backend Specialists
CP-1642,0.5,B.Tech/B.E,Tier 2 (Top State/Private),Data Science & AI/ML,Tier 2 City,1,5,44.0,1,1,0,1,0,0,0,0,2,9.48,Junior Associate,6.1,0,1,1,2,3.0,0,0,2,38.7,2,-1.9299731076570668,0.1306328146157284,-1.2771678788841927,Cloud & DevOps Infrastructure Architects
CP-1643,0.9,MCA,Tier 2 (Top State/Private),Data Analytics & BI,Tier 2 City,0,4,40.0,0,1,1,1,1,0,0,0,4,11.45,Junior Associate,3.8,1,2,1,2,2.5,0,0,4,43.6,3,0.3324348308775301,-1.8762410697591638,0.10840592468069526,Emerging Full-Stack & Entry Developers
CP-1644,0.3,MCA,Tier 2 (Top State/Private),Data Science & AI/ML,Tier 2 City,0,5,0.0,0,1,1,0,1,0,0,0,3,9.39,Junior Associate,3.5,1,2,0,2,2.5,0,0,3,36.0,1,-1.1343048193615228,-1.3362130733601403,1.4547492969695273,Applied AI/ML & Data Science Specialists
CP-1645,4.9,BCA/B.Sc CS,Tier 3 (Affiliated Colleges),Cloud & DevOps,Tier 1 Tech Hub (Bengaluru/NCR/Hyd),1,3,60.0,1,0,0,0,0,0,0,0,0,18.13,Job-Ready Mid-Level,5.1,0,0,0,1,2.0,1,0,0,43.4,2,-4.147516188334125,1.1449881812758769,0.16835320266985945,Cloud & DevOps Infrastructure Architects
CP-1646,2.0,B.Tech/B.E,Tier 2 (Top State/Private),Full Stack Web,Remote Global,1,5,126.0,0,1,0,0,0,0,1,0,2,19.41,Job-Ready Mid-Level,8.15,0,2,0,2,3.0,0,1,2,49.6,1,-1.1969806612015652,1.2288294491992928,0.09066102301309598,Applied AI/ML & Data Science Specialists
CP-1647,2.5,B.Tech/B.E,Tier 2 (Top State/Private),Full Stack Web,Tier 2 City,0,4,29.0,1,1,1,1,0,0,0,0,3,11.37,Junior Associate,3.52,0,2,1,2,3.0,0,0,3,48.6,1,-0.6002129593491533,-1.193120594471178,-1.4430880284632193,Applied AI/ML & Data Science Specialists
CP-1648,3.4,M.Tech/M.S,Tier 2 (Top State/Private),Backend Systems,Tier 2 City,1,5,29.0,1,1,1,0,1,1,0,0,4,18.4,Job-Ready Mid-Level,5.72,2,2,0,2,4.0,0,0,4,64.0,3,1.7276739454708552,-0.2351384287963365,3.003063171097753,Emerging Full-Stack & Entry Developers
CP-1649,1.5,M.Tech/M.S,Tier 2 (Top State/Private),Data Analytics & BI,Tier 1 Tech Hub (Bengaluru/NCR/Hyd),1,3,29.0,0,1,1,1,0,1,0,0,4,16.12,Job-Ready Mid-Level,4.32,1,2,1,2,4.0,1,0,4,52.2,3,0.8613929785118337,-1.3533743237166453,-0.02559884240928553,Emerging Full-Stack & Entry Developers
CP-1650,0.2,B.Tech/B.E,Tier 1 (IIT/NIT/BITS),Data Science & AI/ML,Tier 1 Tech Hub (Bengaluru/NCR/Hyd),1,5,35.0,1,1,1,1,0,1,1,1,6,21.86,Job-Ready Mid-Level,5.88,1,3,2,3,3.0,1,0,6,57.7,3,3.6134409361008513,-1.9876306490690567,-1.7383378761223325,Emerging Full-Stack & Entry Developers
CP-1651,1.7,B.Tech/B.E,Tier 1 (IIT/NIT/BITS),Cloud & DevOps,Tier 1 Tech Hub (Bengaluru/NCR/Hyd),2,7,147.0,0,1,1,1,1,0,1,0,5,26.68,High-Demand Specialist,11.58,1,3,1,3,3.0,1,0,5,70.5,0,3.730512799116276,1.4299607174593836,-0.5848555177105293,Core Systems & Algorithmic Backend Specialists
CP-1652,1.9,M.Tech/M.S,Tier 1 (IIT/NIT/BITS),Full Stack Web,Tier 1 Tech Hub (Bengaluru/NCR/Hyd),1,4,3.0,0,1,1,1,0,0,0,0,3,19.04,Job-Ready Mid-Level,4.38,0,2,1,3,4.0,1,0,3,54.3,1,-0.1726052862025464,-0.5228048895319992,-1.6817084314577724,Applied AI/ML & Data Science Specialists
CP-1653,3.0,B.Tech/B.E,Tier 3 (Affiliated Colleges),Full Stack Web,Tier 2 City,0,6,243.0,1,1,0,1,0,0,1,0,3,16.34,Job-Ready Mid-Level,10.27,0,2,1,1,3.0,0,0,3,58.2,0,0.5163688736318746,1.2460947841631957,-1.4954736362637837,Core Systems & Algorithmic Backend Specialists
CP-1654,1.2,B.Tech/B.E,Tier 3 (Affiliated Colleges),Data Analytics & BI,Tier 1 Tech Hub (Bengaluru/NCR/Hyd),0,1,1.0,1,1,0,1,0,1,0,0,3,11.04,Junior Associate,0.72,1,1,1,1,3.0,1,0,3,33.2,2,-1.6668631624913115,-2.8329121292232022,0.34703241400322793,Cloud & DevOps Infrastructure Architects
CP-1655,0.3,B.Tech/B.E,Tier 3 (Affiliated Colleges),Full Stack Web,Tier 2 City,1,4,21.0,0,1,1,1,1,0,1,1,6,13.11,Junior Associate,4.82,1,3,2,1,3.0,0,0,6,48.1,3,3.0214331282098907,-2.6970327534223837,-1.4960054901755342,Emerging Full-Stack & Entry Developers
CP-1656,0.7,B.Tech/B.E,Tier 3 (Affiliated Colleges),Backend Systems,Tier 2 City,1,4,62.0,0,1,0,0,0,0,0,1,2,9.75,Junior Associate,5.85,0,1,1,1,3.0,0,0,2,35.1,2,-2.2000379579190534,-0.2869156332027292,-1.1899056835358557,Cloud & DevOps Infrastructure Architects
CP-1657,1.0,MCA,Tier 3 (Affiliated Colleges),Data Science & AI/ML,Tier 2 City,0,4,352.0,1,0,1,0,0,1,1,1,4,15.06,Job-Ready Mid-Level,11.6,1,2,1,1,2.5,0,0,4,53.0,0,1.4933451500604298,0.4143963579226961,0.17879281366029906,Core Systems & Algorithmic Backend Specialists
CP-1658,2.3,Non-CS Degree,Tier 2 (Top State/Private),Cloud & DevOps,Tier 1 Tech Hub (Bengaluru/NCR/Hyd),0,4,74.0,2,1,0,0,0,0,0,0,1,11.88,Junior Associate,4.65,0,1,0,2,1.0,1,0,1,34.9,2,-3.4940347383336996,0.11085157693492813,-0.09237491882357814,Cloud & DevOps Infrastructure Architects
CP-1659,1.9,BCA/B.Sc CS,Tier 3 (Affiliated Colleges),Cloud & DevOps,Remote Global,2,8,113.0,3,1,1,0,0,1,0,0,3,19.8,Job-Ready Mid-Level,11.42,1,2,0,1,2.0,0,1,3,51.4,0,0.5405168530421791,2.130881574498782,1.5340152513607095,Core Systems & Algorithmic Backend Specialists
CP-1660,1.0,B.Tech/B.E,Tier 1 (IIT/NIT/BITS),Data Science & AI/ML,Tier 2 City,1,2,74.0,0,1,1,1,1,1,1,1,7,20.86,Job-Ready Mid-Level,4.75,2,3,2,3,3.0,0,0,7,59.8,3,4.730126304317798,-3.1382204740866055,0.07989535456490181,Emerging Full-Stack & Entry Developers
CP-1661,9.5,B.Tech/B.E,Tier 3 (Affiliated Colleges),Full Stack Web,Tier 2 City,1,5,1.0,0,1,1,0,1,1,0,0,4,26.6,High-Demand Specialist,5.03,2,2,0,1,3.0,0,0,4,63.6,3,1.8427621518486634,-0.14992118326772827,2.9793979068449006,Emerging Full-Stack & Entry Developers
CP-1662,2.0,B.Tech/B.E,Tier 3 (Affiliated Colleges),Data Analytics & BI,Tier 1 Tech Hub (Bengaluru/NCR/Hyd),2,4,25.0,2,0,1,1,0,0,1,0,3,17.64,Job-Ready Mid-Level,6.42,0,2,1,1,3.0,1,0,3,46.7,1,-0.21264105658428487,0.0034153523078041138,-1.729885922905326,Applied AI/ML & Data Science Specialists
CP-1663,0.6,B.Tech/B.E,Tier 2 (Top State/Private),Data Analytics & BI,Tier 1 Tech Hub (Bengaluru/NCR/Hyd),2,6,237.0,0,1,0,0,0,1,0,1,3,21.32,Job-Ready Mid-Level,13.12,1,1,1,2,3.0,1,0,3,55.1,0,0.6797235468178892,2.2557375641415445,0.04831532533311379,Core Systems & Algorithmic Backend Specialists
CP-1664,0.2,BCA/B.Sc CS,Tier 2 (Top State/Private),Full Stack Web,Tier 1 Tech Hub (Bengaluru/NCR/Hyd),1,7,4.0,0,1,1,0,0,0,0,0,2,9.83,Junior Associate,6.5,0,2,0,2,2.0,1,0,2,34.8,1,-2.0244439981785765,0.572923133427625,-0.42837882232438607,Applied AI/ML & Data Science Specialists
CP-1665,0.4,B.Tech/B.E,Tier 2 (Top State/Private),Full Stack Web,Tier 1 Tech Hub (Bengaluru/NCR/Hyd),1,4,122.0,1,1,1,0,1,1,0,0,4,16.19,Job-Ready Mid-Level,7.35,2,2,0,2,3.0,1,0,4,48.6,3,1.0606274102202666,-0.32832633936278965,2.8326157073482308,Emerging Full-Stack & Entry Developers
CP-1666,0.6,B.Tech/B.E,Tier 3 (Affiliated Colleges),Data Science & AI/ML,Tier 1 Tech Hub (Bengaluru/NCR/Hyd),3,5,358.0,0,1,1,0,0,0,1,0,3,20.71,Job-Ready Mid-Level,16.95,0,3,0,1,3.0,1,0,3,54.0,0,1.120870301204955,3.8681230691413964,-0.7206851708913244,Core Systems & Algorithmic Backend Specialists
CP-1667,0.4,B.Tech/B.E,Tier 3 (Affiliated Colleges),Data Science & AI/ML,Tier 1 Tech Hub (Bengaluru/NCR/Hyd),1,6,0.0,0,1,0,1,0,1,1,0,4,14.3,Junior Associate,5.7,1,2,1,1,3.0,1,0,4,41.7,3,0.5553618871204943,-0.9683548662532411,-0.11257506867201847,Emerging Full-Stack & Entry Developers
CP-1668,0.5,B.Tech/B.E,Tier 3 (Affiliated Colleges),Full Stack Web,Tier 2 City,0,3,64.0,0,0,1,1,1,0,0,0,3,11.53,Junior Associate,3.7,1,1,1,1,3.0,0,0,3,34.7,2,-1.250052325382113,-1.7990444577891758,0.4457535944543138,Cloud & DevOps Infrastructure Architects
CP-1669,0.7,B.Tech/B.E,Tier 2 (Top State/Private),Data Science & AI/ML,Tier 1 Tech Hub (Bengaluru/NCR/Hyd),0,5,12.0,3,1,1,1,1,0,0,0,4,13.8,Junior Associate,3.8,1,2,1,2,3.0,1,0,4,44.2,3,0.5275974743309427,-1.7471912687370954,-0.07788573777299015,Emerging Full-Stack & Entry Developers
CP-1670,0.4,B.Tech/B.E,Tier 3 (Affiliated Colleges),Data Analytics & BI,Tier 1 Tech Hub (Bengaluru/NCR/Hyd),1,3,30.0,1,1,1,0,1,0,1,0,4,16.24,Job-Ready Mid-Level,4.35,1,3,0,1,3.0,1,0,4,39.5,1,0.36412962746654504,-1.5119161907132115,1.0526524830291497,Applied AI/ML & Data Science Specialists
CP-1671,5.0,Non-CS Degree,Tier 2 (Top State/Private),Data Analytics & BI,Remote Global,2,7,0.0,1,1,1,1,1,0,0,0,4,28.96,High-Demand Specialist,7.9,1,2,1,2,1.0,0,1,4,66.3,0,1.9466389511285824,0.8106564178689198,0.06581083956171184,Core Systems & Algorithmic Backend Specialists
CP-1672,0.2,B.Tech/B.E,Tier 3 (Affiliated Colleges),Backend Systems,Tier 1 Tech Hub (Bengaluru/NCR/Hyd),0,2,140.0,1,1,0,1,1,1,0,0,4,12.22,Junior Associate,4.9,2,1,1,1,3.0,1,0,4,39.4,3,0.21795429702741673,-1.9578391212018,1.8747498100075166,Emerging Full-Stack & Entry Developers
CP-1673,1.6,B.Tech/B.E,Tier 2 (Top State/Private),Cloud & DevOps,Tier 2 City,0,4,115.0,1,1,1,0,1,0,1,1,5,16.8,Job-Ready Mid-Level,5.68,1,3,1,2,3.0,0,0,5,56.0,3,2.3276235177986546,-1.6616506185352646,-0.11328253459535141,Emerging Full-Stack & Entry Developers
CP-1674,1.2,MCA,Tier 2 (Top State/Private),Backend Systems,Tier 1 Tech Hub (Bengaluru/NCR/Hyd),2,2,143.0,2,0,0,0,0,1,0,0,1,16.08,Job-Ready Mid-Level,7.98,1,0,0,2,2.5,1,0,1,39.6,2,-2.8223801156212,1.3028118201300702,1.7321973998785336,Cloud & DevOps Infrastructure Architects
CP-1675,8.9,Non-CS Degree,Tier 2 (Top State/Private),Cloud & DevOps,Tier 1 Tech Hub (Bengaluru/NCR/Hyd),2,6,225.0,0,1,1,1,1,0,0,0,4,38.27,High-Demand Specialist,12.82,1,2,1,2,1.0,1,0,4,74.5,0,2.9406005003304343,2.674311908928686,-0.3864403284521013,Core Systems & Algorithmic Backend Specialists
CP-1676,0.3,BCA/B.Sc CS,Tier 3 (Affiliated Colleges),Cloud & DevOps,Tier 1 Tech Hub (Bengaluru/NCR/Hyd),0,1,21.0,1,1,1,1,0,1,0,0,4,8.5,Entry-Level Learner,1.23,1,2,1,1,2.0,1,0,4,30.6,3,-0.6171778606826348,-3.330142157610556,0.0681609049630597,Emerging Full-Stack & Entry Developers
CP-1677,1.1,M.Tech/M.S,Tier 3 (Affiliated Colleges),Backend Systems,Tier 2 City,1,3,26.0,0,1,0,0,1,1,0,1,4,14.21,Junior Associate,4.25,2,1,1,1,4.0,0,0,4,45.9,3,0.566412973871505,-1.773023864146973,2.0244184080603085,Emerging Full-Stack & Entry Developers
CP-1678,7.7,B.Tech/B.E,Tier 1 (IIT/NIT/BITS),Cloud & DevOps,Tier 1 Tech Hub (Bengaluru/NCR/Hyd),1,2,30.0,1,0,0,1,1,0,1,1,4,39.68,High-Demand Specialist,3.65,1,1,2,3,3.0,1,0,4,69.6,3,1.7720053022945077,-1.2490033782280636,-1.2387156757665951,Emerging Full-Stack & Entry Developers
CP-1679,4.4,B.Tech/B.E,Tier 1 (IIT/NIT/BITS),Data Science & AI/ML,Remote Global,0,1,0.0,1,1,1,1,0,1,1,1,6,32.91,High-Demand Specialist,0.7,1,3,2,3,3.0,0,1,6,70.0,3,3.5440863302506656,-3.7651128055770977,-1.133394937483391,Emerging Full-Stack & Entry Developers
CP-1680,3.7,B.Tech/B.E,Tier 3 (Affiliated Colleges),Data Analytics & BI,Tier 1 Tech Hub (Bengaluru/NCR/Hyd),2,5,31.0,0,1,0,0,0,1,1,0,3,22.63,Job-Ready Mid-Level,7.28,1,2,0,1,3.0,1,0,3,56.7,0,0.32175831380512354,0.8805439081470837,1.1765043953497585,Core Systems & Algorithmic Backend Specialists
CP-1681,0.7,BCA/B.Sc CS,Tier 2 (Top State/Private),Backend Systems,Tier 1 Tech Hub (Bengaluru/NCR/Hyd),0,4,67.0,1,0,0,0,0,0,0,0,0,7.77,Entry-Level Learner,4.47,0,0,0,2,2.0,1,0,0,25.5,2,-5.083437897343172,0.24048989481131794,0.21675466439921587,Cloud & DevOps Infrastructure Architects
CP-1682,0.4,BCA/B.Sc CS,Tier 3 (Affiliated Colleges),Data Analytics & BI,Tier 2 City,0,1,236.0,1,0,1,1,0,1,0,0,3,10.05,Junior Associate,6.6,1,1,1,1,2.0,0,0,3,35.9,2,-1.0558520519652197,-1.1508228771725533,0.48612843609004036,Cloud & DevOps Infrastructure Architects
CP-1683,2.4,B.Tech/B.E,Tier 2 (Top State/Private),Cloud & DevOps,Tier 1 Tech Hub (Bengaluru/NCR/Hyd),0,8,371.0,0,1,1,0,1,1,1,0,5,24.93,High-Demand Specialist,14.88,2,3,0,2,3.0,1,0,5,75.3,0,4.201053339398736,2.2844947376387363,2.4976080478285403,Core Systems & Algorithmic Backend Specialists
CP-1684,5.8,B.Tech/B.E,Tier 1 (IIT/NIT/BITS),Cloud & DevOps,Tier 2 City,0,3,34.0,0,0,1,0,0,0,0,0,1,19.41,Job-Ready Mid-Level,2.95,0,1,0,3,3.0,0,0,1,56.0,2,-2.5662032765698357,0.12131982663942108,0.14481315789029867,Cloud & DevOps Infrastructure Architects
CP-1685,1.8,BCA/B.Sc CS,Tier 3 (Affiliated Colleges),Backend Systems,Tier 1 Tech Hub (Bengaluru/NCR/Hyd),0,4,244.0,0,1,0,0,1,1,0,0,3,18.16,Job-Ready Mid-Level,8.9,2,1,0,1,2.0,1,0,3,46.8,2,-0.21677253163017093,0.4285798276181203,3.122503672161184,Cloud & DevOps Infrastructure Architects
CP-1686,1.9,B.Tech/B.E,Tier 3 (Affiliated Colleges),Data Science & AI/ML,Tier 1 Tech Hub (Bengaluru/NCR/Hyd),0,3,215.0,1,1,1,1,1,0,0,0,4,18.58,Job-Ready Mid-Level,7.48,1,2,1,1,3.0,1,0,4,52.2,3,1.0820416596750015,-0.6389974370488044,-0.01336182595588814,Emerging Full-Stack & Entry Developers
CP-1687,0.7,BCA/B.Sc CS,Tier 2 (Top State/Private),Cloud & DevOps,Tier 2 City,2,3,41.0,1,0,1,1,0,0,0,0,2,9.86,Junior Associate,6.12,0,1,1,2,2.0,0,0,2,36.6,2,-2.0370682470138592,0.05788783814584084,-1.3261001531491667,Cloud & DevOps Infrastructure Architects
CP-1688,3.2,BCA/B.Sc CS,Tier 2 (Top State/Private),Full Stack Web,Remote Global,0,3,0.0,2,1,1,1,1,0,1,0,5,22.68,Job-Ready Mid-Level,2.1,1,3,1,2,2.0,0,1,5,54.9,3,1.9266680549336679,-2.6995479367890045,0.11885848028209489,Emerging Full-Stack & Entry Developers
CP-1689,0.5,M.Tech/M.S,Tier 3 (Affiliated Colleges),Cloud & DevOps,Tier 1 Tech Hub (Bengaluru/NCR/Hyd),2,7,336.0,0,0,1,1,0,0,0,0,2,18.0,Job-Ready Mid-Level,16.3,0,1,1,1,4.0,1,0,2,52.5,0,-0.1965841336065195,3.8814185331371376,-1.5214715289727827,Core Systems & Algorithmic Backend Specialists
CP-1690,0.9,M.Tech/M.S,Tier 1 (IIT/NIT/BITS),Cloud & DevOps,Tier 2 City,1,3,143.0,0,0,1,1,1,1,1,0,5,19.58,Job-Ready Mid-Level,7.18,2,2,1,3,4.0,0,0,5,62.3,3,2.8407796860531462,-0.9228213064475621,1.6714856276255585,Emerging Full-Stack & Entry Developers
CP-1691,1.2,MCA,Tier 3 (Affiliated Colleges),Data Science & AI/ML,Tier 1 Tech Hub (Bengaluru/NCR/Hyd),1,4,352.0,1,0,0,0,1,0,0,0,1,16.46,Job-Ready Mid-Level,13.1,1,0,0,1,2.5,1,0,1,44.0,2,-2.1827587532915484,2.903877912782876,1.730795136901139,Cloud & DevOps Infrastructure Architects
CP-1692,1.6,B.Tech/B.E,Tier 2 (Top State/Private),Data Science & AI/ML,Tier 2 City,0,3,57.0,1,0,1,1,0,0,0,0,2,10.7,Junior Associate,3.52,0,1,1,2,3.0,0,0,2,39.9,2,-2.1857552691970517,-1.069014002154987,-1.1550403400414375,Cloud & DevOps Infrastructure Architects
CP-1693,0.6,M.Tech/M.S,Tier 2 (Top State/Private),Cloud & DevOps,Tier 2 City,0,2,54.0,1,1,0,0,0,0,0,0,1,6.93,Entry-Level Learner,2.75,0,1,0,2,4.0,0,0,1,32.6,2,-3.7373638594159315,-0.817375199079453,0.2810753905227746,Cloud & DevOps Infrastructure Architects
CP-1694,0.3,BCA/B.Sc CS,Tier 3 (Affiliated Colleges),Data Science & AI/ML,Tier 1 Tech Hub (Bengaluru/NCR/Hyd),1,5,0.0,0,1,0,0,1,0,0,0,2,8.85,Entry-Level Learner,5.0,1,1,0,1,2.0,1,0,2,28.6,2,-2.486404330012145,-0.291761381170191,1.4640009117388866,Cloud & DevOps Infrastructure Architects
CP-1695,2.1,B.Tech/B.E,Tier 3 (Affiliated Colleges),Data Science & AI/ML,Tier 1 Tech Hub (Bengaluru/NCR/Hyd),1,5,363.0,0,1,1,0,1,0,0,0,3,20.7,Job-Ready Mid-Level,14.08,1,2,0,1,3.0,1,0,3,60.0,0,0.9976919765934286,2.706206337263093,1.2135083870763252,Core Systems & Algorithmic Backend Specialists
CP-1696,0.7,B.Tech/B.E,Tier 2 (Top State/Private),Data Analytics & BI,Tier 1 Tech Hub (Bengaluru/NCR/Hyd),2,7,50.0,2,0,0,1,1,0,0,0,2,17.65,Job-Ready Mid-Level,9.15,1,0,1,2,3.0,1,0,2,44.8,2,-1.1423876420551675,1.563502048058238,0.2220985768881618,Cloud & DevOps Infrastructure Architects
CP-1697,1.9,B.Tech/B.E,Tier 3 (Affiliated Colleges),Full Stack Web,Tier 1 Tech Hub (Bengaluru/NCR/Hyd),2,3,0.0,0,1,1,0,0,0,0,0,2,13.51,Junior Associate,5.1,0,2,0,1,3.0,1,0,2,39.9,1,-1.924217980664083,0.14558050082566007,-0.3294250684193563,Applied AI/ML & Data Science Specialists
CP-1698,0.4,B.Tech/B.E,Tier 2 (Top State/Private),Full Stack Web,Tier 1 Tech Hub (Bengaluru/NCR/Hyd),1,2,41.0,0,0,0,0,0,0,0,0,0,8.91,Entry-Level Learner,3.92,0,0,0,2,3.0,1,0,0,26.2,2,-5.0876927182279745,0.11452009541201742,0.24655562669178774,Cloud & DevOps Infrastructure Architects
CP-1699,1.4,BCA/B.Sc CS,Tier 2 (Top State/Private),Backend Systems,Tier 2 City,1,4,63.0,0,0,0,0,0,1,0,0,1,11.43,Junior Associate,5.88,1,0,0,2,2.0,0,0,1,35.6,2,-3.288396232613413,0.534762679112929,1.9125251858739374,Cloud & DevOps Infrastructure Architects
CP-1700,1.7,MCA,Tier 3 (Affiliated Colleges),Data Science & AI/ML,Remote Global,2,4,72.0,1,1,0,0,1,0,0,0,2,17.33,Job-Ready Mid-Level,7.6,1,1,0,1,2.5,0,1,2,41.5,2,-1.5812242198032471,0.9153503086714492,1.8819743157295123,Cloud & DevOps Infrastructure Architects
CP-1701,0.1,B.Tech/B.E,Tier 3 (Affiliated Colleges),Full Stack Web,Tier 1 Tech Hub (Bengaluru/NCR/Hyd),1,5,106.0,0,1,1,0,0,1,0,0,3,13.21,Junior Associate,7.65,1,2,0,1,3.0,1,0,3,39.3,1,-0.5622792302761422,0.1718451854628141,1.2867938303071196,Applied AI/ML & Data Science Specialists
CP-1702,0.9,B.Tech/B.E,Tier 3 (Affiliated Colleges),Cloud & DevOps,Tier 1 Tech Hub (Bengaluru/NCR/Hyd),3,6,39.0,0,1,0,1,1,1,1,0,5,22.03,Job-Ready Mid-Level,9.67,2,2,1,1,3.0,1,0,5,55.0,3,2.8586708635316342,0.4533191659467591,1.2947195186803229,Emerging Full-Stack & Entry Developers
CP-1703,0.3,Non-CS Degree,Tier 2 (Top State/Private),Data Analytics & BI,Tier 1 Tech Hub (Bengaluru/NCR/Hyd),2,5,46.0,0,1,1,1,0,0,0,0,3,9.81,Junior Associate,7.65,0,2,1,2,1.0,1,0,3,38.2,1,-0.6991131500828514,0.29549875300965134,-1.8522428258140182,Applied AI/ML & Data Science Specialists
CP-1704,0.1,B.Tech/B.E,Tier 1 (IIT/NIT/BITS),Backend Systems,Remote Global,0,1,4.0,0,0,1,0,0,0,0,1,2,15.02,Job-Ready Mid-Level,0.8,0,1,1,3,3.0,0,1,2,32.0,2,-2.912440885680678,-2.4773203585429946,-0.807921324346489,Cloud & DevOps Infrastructure Architects
CP-1705,9.5,B.Tech/B.E,Tier 1 (IIT/NIT/BITS),Backend Systems,Tier 1 Tech Hub (Bengaluru/NCR/Hyd),0,2,53.0,1,1,0,0,0,0,1,0,2,34.92,High-Demand Specialist,2.72,0,2,0,3,3.0,1,0,2,59.7,1,-1.0142887276516273,-0.19014363913735108,-0.2776637735091245,Applied AI/ML & Data Science Specialists
CP-1706,0.9,BCA/B.Sc CS,Tier 2 (Top State/Private),Data Analytics & BI,Tier 1 Tech Hub (Bengaluru/NCR/Hyd),1,6,9.0,1,0,0,1,0,1,0,1,3,17.27,Job-Ready Mid-Level,5.92,1,0,2,2,2.0,1,0,3,41.4,2,-0.682592858674718,-0.7062129957804228,-1.0194872228133576,Cloud & DevOps Infrastructure Architects
CP-1707,3.7,B.Tech/B.E,Tier 3 (Affiliated Colleges),Data Science & AI/ML,Tier 1 Tech Hub (Bengaluru/NCR/Hyd),1,3,27.0,3,1,1,1,1,1,0,0,5,21.28,Job-Ready Mid-Level,4.27,2,2,1,1,3.0,1,0,5,60.0,3,2.4897563370335436,-1.7040690660976083,1.5035864233944642,Emerging Full-Stack & Entry Developers
CP-1708,0.6,B.Tech/B.E,Tier 2 (Top State/Private),Data Science & AI/ML,Tier 1 Tech Hub (Bengaluru/NCR/Hyd),1,4,128.0,0,1,1,1,0,0,0,1,4,17.11,Job-Ready Mid-Level,7.5,0,2,2,2,3.0,1,0,4,49.9,3,0.939547493766342,-0.6595827265465748,-3.0213276626930003,Emerging Full-Stack & Entry Developers
CP-1709,2.5,B.Tech/B.E,Tier 3 (Affiliated Colleges),Full Stack Web,Tier 1 Tech Hub (Bengaluru/NCR/Hyd),2,4,58.0,0,1,1,0,1,0,0,0,3,18.34,Job-Ready Mid-Level,7.25,1,2,0,1,3.0,1,0,3,50.6,1,0.004644514422945538,0.5966330584154649,1.189016683018414,Applied AI/ML & Data Science Specialists
CP-1710,3.1,B.Tech/B.E,Tier 1 (IIT/NIT/BITS),Data Science & AI/ML,Tier 1 Tech Hub (Bengaluru/NCR/Hyd),0,3,27.0,0,0,1,1,1,0,0,0,3,21.81,Job-Ready Mid-Level,2.77,1,1,1,3,3.0,1,0,3,54.5,2,-0.3779338965624183,-1.3828408301629915,0.17404628647045467,Cloud & DevOps Infrastructure Architects
CP-1711,2.0,BCA/B.Sc CS,Tier 2 (Top State/Private),Data Analytics & BI,Tier 1 Tech Hub (Bengaluru/NCR/Hyd),0,2,45.0,0,1,0,1,1,0,0,0,3,15.57,Job-Ready Mid-Level,2.52,1,1,1,2,2.0,1,0,3,41.3,2,-1.144591529954962,-1.8947066816966802,0.19917347027678792,Cloud & DevOps Infrastructure Architects
CP-1712,1.4,B.Tech/B.E,Tier 2 (Top State/Private),Cloud & DevOps,Tier 1 Tech Hub (Bengaluru/NCR/Hyd),0,3,32.0,1,0,1,0,0,0,0,0,1,13.84,Junior Associate,2.9,0,1,0,2,3.0,1,0,1,33.7,2,-3.6388899062641746,-0.6458789928077295,0.03341503405176408,Cloud & DevOps Infrastructure Architects
CP-1713,1.2,B.Tech/B.E,Tier 2 (Top State/Private),Data Science & AI/ML,Tier 1 Tech Hub (Bengaluru/NCR/Hyd),1,3,60.0,3,1,1,1,0,0,1,0,4,16.57,Job-Ready Mid-Level,5.1,0,3,1,2,3.0,1,0,4,48.9,1,0.8539918503778053,-1.1575274967052929,-1.9140517927237504,Applied AI/ML & Data Science Specialists
CP-1714,0.9,BCA/B.Sc CS,Tier 1 (IIT/NIT/BITS),Data Analytics & BI,Tier 1 Tech Hub (Bengaluru/NCR/Hyd),1,5,120.0,0,1,1,0,1,0,0,0,3,19.13,Job-Ready Mid-Level,8.0,1,2,0,3,2.0,1,0,3,49.1,1,-0.07943274849099845,0.6478337573334733,1.1346847896635495,Applied AI/ML & Data Science Specialists
CP-1715,5.8,MCA,Tier 3 (Affiliated Colleges),Data Science & AI/ML,Tier 1 Tech Hub (Bengaluru/NCR/Hyd),0,1,144.0,0,1,1,1,1,1,1,0,6,31.15,High-Demand Specialist,4.3,2,3,1,1,2.5,1,0,6,69.1,3,3.913860733108478,-2.345060108763331,1.3327918993015861,Emerging Full-Stack & Entry Developers
CP-1716,3.9,B.Tech/B.E,Tier 2 (Top State/Private),Full Stack Web,Remote Global,1,2,125.0,0,1,1,1,1,0,0,1,5,32.59,High-Demand Specialist,6.02,1,2,2,2,3.0,0,1,5,68.1,3,2.799325696529361,-1.3681140132172276,-0.9805703665592603,Emerging Full-Stack & Entry Developers
CP-1717,7.4,B.Tech/B.E,Tier 3 (Affiliated Colleges),Cloud & DevOps,Remote Global,0,2,61.0,2,1,1,0,0,0,1,1,4,35.24,High-Demand Specialist,2.92,0,3,1,1,3.0,0,1,4,60.1,1,1.187948683521212,-1.7998060138504892,-1.3322835393408032,Applied AI/ML & Data Science Specialists
CP-1718,0.3,BCA/B.Sc CS,Tier 2 (Top State/Private),Full Stack Web,Tier 1 Tech Hub (Bengaluru/NCR/Hyd),0,2,32.0,1,1,1,0,0,0,0,0,2,8.12,Entry-Level Learner,2.2,0,2,0,2,2.0,1,0,2,28.1,1,-2.905372298847696,-1.6184786247988427,-0.22089321467079306,Applied AI/ML & Data Science Specialists
CP-1719,2.9,B.Tech/B.E,Tier 3 (Affiliated Colleges),Full Stack Web,Tier 1 Tech Hub (Bengaluru/NCR/Hyd),1,4,118.0,3,1,1,1,1,1,0,0,5,22.48,Job-Ready Mid-Level,7.25,2,2,1,1,3.0,1,0,5,61.0,3,2.8224357470981665,-0.7257478227540187,1.476603847017525,Emerging Full-Stack & Entry Developers
CP-1720,6.1,B.Tech/B.E,Tier 2 (Top State/Private),Data Science & AI/ML,Tier 2 City,1,4,30.0,1,1,1,1,0,1,0,0,4,20.68,Job-Ready Mid-Level,5.05,1,2,1,2,3.0,0,0,4,67.8,3,1.7481853414398223,-0.4713897106562087,0.052677542979919285,Emerging Full-Stack & Entry Developers
CP-1721,0.4,BCA/B.Sc CS,Tier 3 (Affiliated Colleges),Full Stack Web,Tier 1 Tech Hub (Bengaluru/NCR/Hyd),1,5,6.0,1,1,1,0,1,0,0,0,3,11.82,Junior Associate,5.15,1,2,0,1,2.0,1,0,3,33.5,1,-1.0296301348719863,-0.6721079810543367,1.2158473318418148,Applied AI/ML & Data Science Specialists
CP-1722,0.2,MCA,Tier 1 (IIT/NIT/BITS),Data Analytics & BI,Tier 1 Tech Hub (Bengaluru/NCR/Hyd),2,5,122.0,0,1,1,0,0,0,0,1,3,18.32,Job-Ready Mid-Level,9.55,0,2,1,3,2.5,1,0,3,49.7,1,0.06883938309610071,1.0388508511476426,-1.8037884727423747,Applied AI/ML & Data Science Specialists
CP-1723,3.0,M.Tech/M.S,Tier 3 (Affiliated Colleges),Backend Systems,Tier 1 Tech Hub (Bengaluru/NCR/Hyd),2,4,29.0,3,1,0,0,0,1,0,1,3,20.21,Job-Ready Mid-Level,6.52,1,1,1,1,4.0,1,0,3,55.0,2,0.19840308981889285,0.144788804938731,0.16914625610171424,Cloud & DevOps Infrastructure Architects
CP-1724,1.9,BCA/B.Sc CS,Tier 3 (Affiliated Colleges),Full Stack Web,Remote Global,0,5,146.0,1,1,1,1,1,0,0,0,4,20.47,Job-Ready Mid-Level,7.15,1,2,1,1,2.0,0,1,4,48.5,3,0.8826871257926459,-0.692162630431049,0.3561341849619338,Emerging Full-Stack & Entry Developers
CP-1725,4.1,M.Tech/M.S,Tier 1 (IIT/NIT/BITS),Full Stack Web,Remote Global,1,6,71.0,1,1,1,0,1,0,0,1,4,33.92,High-Demand Specialist,7.48,1,2,1,3,4.0,0,1,4,74.6,3,2.334811268111132,0.4111507948220815,0.2801754175915786,Emerging Full-Stack & Entry Developers
CP-1726,0.3,B.Tech/B.E,Tier 1 (IIT/NIT/BITS),Cloud & DevOps,Tier 1 Tech Hub (Bengaluru/NCR/Hyd),1,3,69.0,0,0,1,1,0,0,0,1,3,18.33,Job-Ready Mid-Level,5.32,0,1,2,3,3.0,1,0,3,44.7,2,-0.662549426239131,-1.038452271106613,-2.766868153418747,Cloud & DevOps Infrastructure Architects
CP-1727,3.5,BCA/B.Sc CS,Tier 2 (Top State/Private),Backend Systems,Tier 1 Tech Hub (Bengaluru/NCR/Hyd),2,8,234.0,0,1,0,0,0,0,1,0,2,22.8,Job-Ready Mid-Level,14.45,0,2,0,2,2.0,1,0,2,64.5,0,0.18365817423479266,4.147302841830533,-0.5855994327871906,Core Systems & Algorithmic Backend Specialists
CP-1728,0.5,B.Tech/B.E,Tier 3 (Affiliated Colleges),Data Science & AI/ML,Remote Global,2,4,55.0,0,1,1,1,0,1,0,0,4,17.49,Job-Ready Mid-Level,7.18,1,2,1,1,3.0,0,1,4,44.7,3,0.7809471055402238,-0.49567723786370443,0.33790941135777564,Emerging Full-Stack & Entry Developers
CP-1729,0.4,B.Tech/B.E,Tier 2 (Top State/Private),Full Stack Web,Remote Global,0,4,33.0,0,1,0,1,0,0,1,0,3,14.07,Junior Associate,3.62,0,2,1,2,3.0,0,1,3,38.2,1,-1.109003345584358,-1.5420357080065272,-1.1543039615007813,Applied AI/ML & Data Science Specialists
CP-1730,0.4,M.Tech/M.S,Tier 2 (Top State/Private),Data Analytics & BI,Remote Global,0,2,15.0,3,0,1,1,0,1,0,0,3,14.77,Junior Associate,1.78,1,1,1,2,4.0,0,1,3,38.3,2,-1.1668170248949992,-2.438981163684493,0.7969541533051359,Cloud & DevOps Infrastructure Architects
CP-1731,3.7,BCA/B.Sc CS,Tier 1 (IIT/NIT/BITS),Cloud & DevOps,Tier 1 Tech Hub (Bengaluru/NCR/Hyd),1,7,15.0,1,1,0,1,0,0,0,0,2,21.79,Job-Ready Mid-Level,6.78,0,1,1,3,2.0,1,0,2,56.9,2,-0.9771292347307902,1.1836917606443635,-1.6165745317518019,Cloud & DevOps Infrastructure Architects
CP-1732,2.4,B.Tech/B.E,Tier 1 (IIT/NIT/BITS),Data Science & AI/ML,Tier 1 Tech Hub (Bengaluru/NCR/Hyd),1,2,25.0,1,1,0,1,1,0,0,0,3,20.33,Job-Ready Mid-Level,3.52,1,1,1,3,3.0,1,0,3,52.2,2,-0.39456915979882373,-1.0478148466111727,0.1311262119842982,Cloud & DevOps Infrastructure Architects
CP-1733,1.6,MCA,Tier 3 (Affiliated Colleges),Cloud & DevOps,Tier 2 City,0,2,33.0,1,1,1,1,0,1,1,0,5,11.75,Junior Associate,2.22,1,3,1,1,2.5,0,0,5,44.5,3,1.3758094906792098,-3.1088940068987614,-0.029206806757649164,Emerging Full-Stack & Entry Developers
CP-1734,1.0,B.Tech/B.E,Tier 1 (IIT/NIT/BITS),Data Science & AI/ML,Tier 1 Tech Hub (Bengaluru/NCR/Hyd),0,1,371.0,1,1,0,0,0,0,0,0,1,15.58,Job-Ready Mid-Level,9.98,0,1,0,3,3.0,1,0,1,47.7,2,-2.4782502246683844,1.6793969118755165,0.027640641594467066,Cloud & DevOps Infrastructure Architects
CP-1735,4.6,B.Tech/B.E,Tier 3 (Affiliated Colleges),Full Stack Web,Tier 1 Tech Hub (Bengaluru/NCR/Hyd),1,3,210.0,0,0,1,0,1,1,0,0,3,25.86,High-Demand Specialist,8.85,2,1,0,1,3.0,1,0,3,63.8,0,0.7033463210277271,1.0145515992217817,3.1017588598459245,Core Systems & Algorithmic Backend Specialists
CP-1736,1.1,B.Tech/B.E,Tier 3 (Affiliated Colleges),Full Stack Web,Tier 1 Tech Hub (Bengaluru/NCR/Hyd),0,4,146.0,0,0,1,0,0,0,1,0,2,11.74,Junior Associate,6.45,0,2,0,1,3.0,1,0,2,38.1,1,-1.9323010077300211,0.034930624974986835,-0.22224010660816945,Applied AI/ML & Data Science Specialists
CP-1737,3.7,M.Tech/M.S,Tier 2 (Top State/Private),Backend Systems,Remote Global,0,5,230.0,2,1,1,0,0,0,0,0,2,24.8,High-Demand Specialist,9.25,0,2,0,2,4.0,0,1,2,63.1,1,-0.4351499015821079,1.7120883313351227,0.18670269403514858,Applied AI/ML & Data Science Specialists
CP-1738,1.3,M.Tech/M.S,Tier 3 (Affiliated Colleges),Full Stack Web,Remote Global,0,3,34.0,0,1,0,1,1,0,0,0,3,16.52,Job-Ready Mid-Level,2.95,1,1,1,1,4.0,0,1,3,40.6,2,-1.036306620592621,-1.8176025576184618,0.7516303822955293,Cloud & DevOps Infrastructure Architects
CP-1739,1.0,B.Tech/B.E,Tier 1 (IIT/NIT/BITS),Data Science & AI/ML,Tier 1 Tech Hub (Bengaluru/NCR/Hyd),0,5,30.0,1,1,1,0,1,0,0,0,3,14.72,Junior Associate,4.25,1,2,0,3,3.0,1,0,3,46.5,1,-0.5064045095975477,-0.7666244367408561,1.25003869592322,Applied AI/ML & Data Science Specialists
CP-1740,1.4,BCA/B.Sc CS,Tier 3 (Affiliated Colleges),Data Science & AI/ML,Remote Global,1,8,17.0,1,0,1,0,0,0,0,0,1,13.04,Junior Associate,7.52,0,1,0,1,2.0,0,1,1,34.1,2,-3.0590480078131157,1.384457623972668,0.2784958269329918,Cloud & DevOps Infrastructure Architects
CP-1741,0.8,B.Tech/B.E,Tier 2 (Top State/Private),Backend Systems,Tier 1 Tech Hub (Bengaluru/NCR/Hyd),1,2,149.0,1,1,1,0,1,0,0,1,4,18.68,Job-Ready Mid-Level,6.62,1,2,1,2,3.0,1,0,4,49.4,3,0.9005519264341159,-0.9732302887623879,-0.04684050210020606,Emerging Full-Stack & Entry Developers
CP-1742,3.0,M.Tech/M.S,Tier 3 (Affiliated Colleges),Data Science & AI/ML,Tier 2 City,0,2,14.0,3,0,1,1,0,0,1,0,3,15.45,Job-Ready Mid-Level,1.75,0,2,1,1,4.0,0,0,3,47.1,1,-0.7149107338870417,-2.0453859902527562,-1.3212441476922507,Applied AI/ML & Data Science Specialists
CP-1743,1.5,B.Tech/B.E,Tier 2 (Top State/Private),Full Stack Web,Tier 1 Tech Hub (Bengaluru/NCR/Hyd),0,6,64.0,0,1,1,1,1,1,1,0,6,21.76,Job-Ready Mid-Level,5.8,2,3,1,2,3.0,1,0,6,59.9,3,3.7444622674057433,-1.7740371794098184,1.2184935599599496,Emerging Full-Stack & Entry Developers
CP-1744,0.6,B.Tech/B.E,Tier 2 (Top State/Private),Data Science & AI/ML,Tier 1 Tech Hub (Bengaluru/NCR/Hyd),0,4,228.0,1,0,1,1,0,1,0,1,4,19.17,Job-Ready Mid-Level,8.5,1,1,2,2,3.0,1,0,4,51.5,3,1.1047999705375757,-0.6938232442724735,-1.1127960953032934,Emerging Full-Stack & Entry Developers
CP-1745,5.1,Non-CS Degree,Tier 2 (Top State/Private),Data Analytics & BI,Tier 1 Tech Hub (Bengaluru/NCR/Hyd),1,6,12.0,1,1,1,1,0,1,0,0,4,24.03,High-Demand Specialist,6.0,1,2,1,2,1.0,1,0,4,63.1,3,1.5281671311569782,-0.1252602023203724,-0.2607464085613767,Emerging Full-Stack & Entry Developers
CP-1746,1.1,B.Tech/B.E,Tier 2 (Top State/Private),Full Stack Web,Tier 1 Tech Hub (Bengaluru/NCR/Hyd),0,2,29.0,3,1,1,1,0,1,0,1,5,16.63,Job-Ready Mid-Level,2.12,1,2,2,2,3.0,1,0,5,47.6,3,1.5191819083039029,-3.3545100972912043,-1.301271931720251,Emerging Full-Stack & Entry Developers
CP-1747,1.7,B.Tech/B.E,Tier 3 (Affiliated Colleges),Full Stack Web,Tier 1 Tech Hub (Bengaluru/NCR/Hyd),1,2,22.0,2,1,0,0,0,1,0,0,2,11.43,Junior Associate,3.45,1,1,0,1,3.0,1,0,2,36.1,2,-2.277077821106001,-0.8554815156560103,1.6074564479014777,Cloud & DevOps Infrastructure Architects
CP-1748,5.2,BCA/B.Sc CS,Tier 2 (Top State/Private),Full Stack Web,Tier 1 Tech Hub (Bengaluru/NCR/Hyd),0,6,53.0,0,0,0,1,1,0,1,0,3,26.1,High-Demand Specialist,5.52,1,1,1,2,2.0,1,0,3,61.3,2,0.26753700592642343,-0.02655167377428561,0.0540979979184614,Cloud & DevOps Infrastructure Architects
CP-1749,2.2,Non-CS Degree,Tier 3 (Affiliated Colleges),Data Analytics & BI,Remote Global,0,5,68.0,0,1,1,0,0,0,0,0,2,13.75,Junior Associate,5.2,0,2,0,1,1.0,0,1,2,35.3,1,-2.3063822142148576,-0.2614385730329988,0.12921240766266529,Applied AI/ML & Data Science Specialists
CP-1750,0.3,B.Tech/B.E,Tier 1 (IIT/NIT/BITS),Cloud & DevOps,Tier 1 Tech Hub (Bengaluru/NCR/Hyd),0,4,39.0,2,1,0,1,0,0,0,0,2,12.47,Junior Associate,3.78,0,1,1,3,3.0,1,0,2,38.0,2,-2.216459259422625,-0.8644548103478296,-1.3917547547666946,Cloud & DevOps Infrastructure Architects
CP-1751,6.2,B.Tech/B.E,Tier 3 (Affiliated Colleges),Data Analytics & BI,Tier 1 Tech Hub (Bengaluru/NCR/Hyd),0,1,32.0,0,0,1,0,1,0,0,0,2,22.84,Job-Ready Mid-Level,1.5,1,1,0,1,3.0,1,0,2,49.4,2,-1.8364159008845404,-1.2682551998627942,1.6441983194555891,Cloud & DevOps Infrastructure Architects
CP-1752,2.2,B.Tech/B.E,Tier 1 (IIT/NIT/BITS),Backend Systems,Tier 1 Tech Hub (Bengaluru/NCR/Hyd),1,3,47.0,0,0,1,1,1,0,0,1,4,24.77,High-Demand Specialist,4.77,1,1,2,3,3.0,1,0,4,57.5,3,1.1029980683227165,-1.3863259762502216,-1.2273134737105422,Emerging Full-Stack & Entry Developers
CP-1753,0.9,B.Tech/B.E,Tier 2 (Top State/Private),Backend Systems,Tier 1 Tech Hub (Bengaluru/NCR/Hyd),1,5,67.0,1,0,1,1,0,0,0,0,2,13.6,Junior Associate,6.68,0,1,1,2,3.0,1,0,2,41.7,2,-1.6939982900602109,0.3551240574627171,-1.4569284867417405,Cloud & DevOps Infrastructure Architects
CP-1754,0.3,B.Tech/B.E,Tier 2 (Top State/Private),Full Stack Web,Tier 1 Tech Hub (Bengaluru/NCR/Hyd),2,7,343.0,1,1,0,1,0,0,0,1,3,19.96,Job-Ready Mid-Level,16.47,0,1,2,2,3.0,1,0,3,56.7,0,1.0773850760674346,3.2568732696433877,-2.938183326796159,Core Systems & Algorithmic Backend Specialists
CP-1755,3.5,BCA/B.Sc CS,Tier 3 (Affiliated Colleges),Backend Systems,Tier 2 City,0,4,35.0,1,0,1,1,0,1,0,1,4,16.79,Job-Ready Mid-Level,3.68,1,1,2,1,2.0,0,0,4,50.7,3,0.6053500524884404,-2.0859946446871453,-0.9510477721672786,Emerging Full-Stack & Entry Developers
CP-1756,2.1,Non-CS Degree,Tier 2 (Top State/Private),Data Science & AI/ML,Tier 1 Tech Hub (Bengaluru/NCR/Hyd),0,8,110.0,1,1,1,1,0,0,0,0,3,15.11,Job-Ready Mid-Level,8.35,0,2,1,2,1.0,1,0,3,48.4,1,-0.15036298501885428,0.6628106092143297,-1.817062303633213,Applied AI/ML & Data Science Specialists
CP-1757,1.7,B.Tech/B.E,Tier 3 (Affiliated Colleges),Full Stack Web,Tier 2 City,0,3,151.0,1,0,0,0,0,0,1,0,1,10.14,Junior Associate,5.88,0,1,0,1,3.0,0,0,1,36.0,2,-3.262964764195161,0.24886265884721495,0.22679373922787996,Cloud & DevOps Infrastructure Architects
CP-1758,4.9,B.Tech/B.E,Tier 3 (Affiliated Colleges),Backend Systems,Tier 2 City,2,8,73.0,1,0,0,1,1,1,0,0,3,21.98,Job-Ready Mid-Level,10.42,2,0,1,1,3.0,0,0,3,67.9,0,1.2289027839085174,2.119708166116855,1.9595582536515144,Core Systems & Algorithmic Backend Specialists
CP-1759,3.4,B.Tech/B.E,Tier 2 (Top State/Private),Data Science & AI/ML,Tier 1 Tech Hub (Bengaluru/NCR/Hyd),0,2,0.0,3,1,1,1,1,1,0,0,5,20.49,Job-Ready Mid-Level,1.4,2,2,1,2,3.0,1,0,5,57.9,3,2.0482301788064583,-2.928229954051624,1.5728324484119183,Emerging Full-Stack & Entry Developers
CP-1760,0.4,B.Tech/B.E,Tier 3 (Affiliated Colleges),Data Science & AI/ML,Tier 1 Tech Hub (Bengaluru/NCR/Hyd),1,3,58.0,0,1,0,1,0,1,0,0,3,11.85,Junior Associate,5.05,1,1,1,1,3.0,1,0,3,36.5,2,-1.0467396388303905,-1.0548825368340122,0.22400038657458954,Cloud & DevOps Infrastructure Architects
CP-1761,0.8,MCA,Tier 1 (IIT/NIT/BITS),Full Stack Web,Remote Global,0,3,125.0,0,1,1,1,0,0,0,1,4,22.18,Job-Ready Mid-Level,5.22,0,2,2,3,2.5,0,1,4,49.7,3,0.5987113953093859,-1.7101296877449752,-2.5183196949158484,Emerging Full-Stack & Entry Developers
CP-1762,0.6,B.Tech/B.E,Tier 2 (Top State/Private),Cloud & DevOps,Tier 1 Tech Hub (Bengaluru/NCR/Hyd),0,1,56.0,0,0,1,0,1,0,0,0,2,9.86,Junior Associate,2.1,1,1,0,2,3.0,1,0,2,32.5,2,-2.6615159565248336,-1.7282207680720623,1.652003016012052,Cloud & DevOps Infrastructure Architects
CP-1763,3.0,B.Tech/B.E,Tier 3 (Affiliated Colleges),Full Stack Web,Tier 1 Tech Hub (Bengaluru/NCR/Hyd),3,5,20.0,2,1,1,0,1,0,0,0,3,20.07,Job-Ready Mid-Level,8.5,1,2,0,1,3.0,1,0,3,55.2,0,0.49735499529770166,1.4347991375910734,1.0876425096870816,Core Systems & Algorithmic Backend Specialists
CP-1764,0.1,BCA/B.Sc CS,Tier 3 (Affiliated Colleges),Data Analytics & BI,Remote Global,1,4,9.0,0,1,1,0,0,0,0,0,2,8.36,Entry-Level Learner,4.53,0,2,0,1,2.0,0,1,2,26.8,1,-2.690706106378075,-0.62628187092186,0.15033307973542517,Applied AI/ML & Data Science Specialists
CP-1765,1.9,B.Tech/B.E,Tier 3 (Affiliated Colleges),Backend Systems,Tier 1 Tech Hub (Bengaluru/NCR/Hyd),2,5,59.0,1,0,1,0,0,0,0,0,1,14.59,Junior Associate,7.98,0,1,0,1,3.0,1,0,1,40.5,2,-2.688381532715982,1.6965311870503386,-0.1365868078765016,Cloud & DevOps Infrastructure Architects
CP-1766,3.2,BCA/B.Sc CS,Tier 2 (Top State/Private),Cloud & DevOps,Tier 1 Tech Hub (Bengaluru/NCR/Hyd),1,5,18.0,0,1,1,1,0,0,0,0,3,16.86,Job-Ready Mid-Level,5.45,0,2,1,2,2.0,1,0,3,52.2,1,-0.2397073666039454,-0.12901070790097952,-1.7679764768442028,Applied AI/ML & Data Science Specialists
CP-1767,4.6,B.Tech/B.E,Tier 2 (Top State/Private),Data Science & AI/ML,Remote Global,1,7,223.0,2,0,1,1,0,0,0,1,3,32.66,High-Demand Specialist,11.98,0,1,2,2,3.0,0,1,3,73.2,0,1.441100123744999,2.1216798560913244,-2.437949125713943,Core Systems & Algorithmic Backend Specialists
CP-1768,0.9,M.Tech/M.S,Tier 1 (IIT/NIT/BITS),Backend Systems,Tier 1 Tech Hub (Bengaluru/NCR/Hyd),0,2,21.0,2,1,1,0,0,1,1,0,4,16.25,Job-Ready Mid-Level,1.92,1,3,0,3,4.0,1,0,4,49.4,1,0.5815369892386631,-2.2776703720121088,1.1535684210563353,Applied AI/ML & Data Science Specialists
CP-1769,3.8,Non-CS Degree,Tier 3 (Affiliated Colleges),Data Science & AI/ML,Tier 1 Tech Hub (Bengaluru/NCR/Hyd),1,6,41.0,1,1,1,0,0,0,0,0,2,18.44,Job-Ready Mid-Level,6.72,0,2,0,1,1.0,1,0,2,45.8,1,-1.525993573647901,0.9238728154843494,-0.4429698620106515,Applied AI/ML & Data Science Specialists
CP-1770,0.3,BCA/B.Sc CS,Tier 2 (Top State/Private),Data Science & AI/ML,Remote Global,0,2,120.0,0,0,1,0,0,0,0,0,1,10.72,Junior Associate,4.4,0,1,0,2,2.0,0,1,1,27.6,2,-3.9337553373724785,-0.566648582596277,0.48630638904716883,Cloud & DevOps Infrastructure Architects
CP-1771,4.1,Non-CS Degree,Tier 3 (Affiliated Colleges),Data Science & AI/ML,Remote Global,1,3,120.0,0,1,0,1,0,1,1,1,5,28.78,High-Demand Specialist,6.6,1,2,2,1,1.0,0,1,5,59.6,3,2.378249640956855,-1.3522919640439615,-1.0296020623616369,Emerging Full-Stack & Entry Developers
CP-1772,0.3,B.Tech/B.E,Tier 2 (Top State/Private),Cloud & DevOps,Tier 1 Tech Hub (Bengaluru/NCR/Hyd),1,4,68.0,0,1,1,1,1,1,0,0,5,16.57,Job-Ready Mid-Level,6.0,2,2,1,2,3.0,1,0,5,50.0,3,2.0909959710621306,-1.4348012564029273,1.4719732758003736,Emerging Full-Stack & Entry Developers
CP-1773,1.1,B.Tech/B.E,Tier 2 (Top State/Private),Data Science & AI/ML,Tier 1 Tech Hub (Bengaluru/NCR/Hyd),2,6,0.0,0,0,0,1,1,0,0,0,2,15.03,Job-Ready Mid-Level,7.2,1,0,1,2,3.0,1,0,2,43.5,2,-1.471462915407843,0.8727475467056822,0.2505230323368309,Cloud & DevOps Infrastructure Architects
CP-1774,3.5,BCA/B.Sc CS,Tier 2 (Top State/Private),Data Science & AI/ML,Tier 2 City,1,4,73.0,0,1,1,0,0,1,0,0,3,16.54,Job-Ready Mid-Level,6.12,1,2,0,2,2.0,0,0,3,54.8,1,-0.03903046459057501,0.1430757944814746,1.3919326010329327,Applied AI/ML & Data Science Specialists
CP-1775,0.4,BCA/B.Sc CS,Tier 1 (IIT/NIT/BITS),Full Stack Web,Tier 2 City,1,6,54.0,0,1,1,0,1,0,1,1,5,16.78,Job-Ready Mid-Level,7.05,1,3,1,3,2.0,0,0,5,53.3,3,2.3690146682710527,-0.8922212542121271,-0.2973443668680388,Emerging Full-Stack & Entry Developers
CP-1776,0.6,B.Tech/B.E,Tier 2 (Top State/Private),Full Stack Web,Tier 1 Tech Hub (Bengaluru/NCR/Hyd),0,5,58.0,0,1,1,0,0,1,1,0,4,14.04,Junior Associate,4.95,1,3,0,2,3.0,1,0,4,45.6,1,0.6430975229738333,-1.2008652197477667,1.0651653446104186,Applied AI/ML & Data Science Specialists
CP-1777,2.8,B.Tech/B.E,Tier 3 (Affiliated Colleges),Cloud & DevOps,Tier 1 Tech Hub (Bengaluru/NCR/Hyd),0,4,29.0,1,0,0,1,0,0,0,0,1,13.93,Junior Associate,3.52,0,0,1,1,3.0,1,0,1,37.6,2,-3.431775752470171,-0.4283180920615198,-1.092919489050206,Cloud & DevOps Infrastructure Architects
CP-1778,2.8,B.Tech/B.E,Tier 3 (Affiliated Colleges),Data Analytics & BI,Tier 1 Tech Hub (Bengaluru/NCR/Hyd),0,2,17.0,2,1,1,1,0,0,1,1,5,20.77,Job-Ready Mid-Level,1.82,0,3,2,1,3.0,1,0,5,51.4,3,1.6652660398069876,-3.240648853902129,-3.1308600452795488,Emerging Full-Stack & Entry Developers
CP-1779,2.3,B.Tech/B.E,Tier 2 (Top State/Private),Data Analytics & BI,Remote Global,1,3,250.0,1,1,0,1,1,1,0,0,4,26.77,High-Demand Specialist,9.85,2,1,1,2,3.0,0,1,4,62.3,0,1.8087764366405301,0.46490018703640756,2.173661815017767,Core Systems & Algorithmic Backend Specialists
CP-1780,2.6,B.Tech/B.E,Tier 2 (Top State/Private),Data Science & AI/ML,Remote Global,3,9,0.0,3,0,1,0,1,0,1,0,3,27.35,High-Demand Specialist,10.8,1,2,0,2,3.0,0,1,3,61.2,0,1.1892924040969093,2.5536990363809724,1.4028432941847466,Core Systems & Algorithmic Backend Specialists
CP-1781,1.7,M.Tech/M.S,Tier 1 (IIT/NIT/BITS),Data Science & AI/ML,Remote Global,0,3,41.0,0,1,0,1,1,0,0,0,3,21.82,Job-Ready Mid-Level,3.12,1,1,1,3,4.0,0,1,3,51.2,2,-0.5155924558664932,-1.4235620172523005,0.6789561476924548,Cloud & DevOps Infrastructure Architects
CP-1782,0.6,B.Tech/B.E,Tier 3 (Affiliated Colleges),Backend Systems,Remote Global,0,2,346.0,0,1,0,1,1,0,1,0,4,17.85,Job-Ready Mid-Level,10.05,1,2,1,1,3.0,0,1,4,50.0,3,1.1311521601792203,-0.15111548734742816,0.46752532066383556,Emerging Full-Stack & Entry Developers
CP-1783,0.9,B.Tech/B.E,Tier 1 (IIT/NIT/BITS),Data Science & AI/ML,Tier 1 Tech Hub (Bengaluru/NCR/Hyd),1,4,128.0,0,1,0,1,1,0,0,0,3,21.31,Job-Ready Mid-Level,7.5,1,1,1,3,3.0,1,0,3,51.4,2,-0.06440002773523171,0.2597289092845547,0.08223467123215933,Cloud & DevOps Infrastructure Architects
CP-1784,0.4,BCA/B.Sc CS,Tier 3 (Affiliated Colleges),Backend Systems,Tier 1 Tech Hub (Bengaluru/NCR/Hyd),2,7,36.0,3,0,1,0,1,0,1,0,3,15.02,Job-Ready Mid-Level,8.8,1,2,0,1,2.0,1,0,3,39.6,0,-0.16888188894725464,0.9334564259157191,1.0829007842673255,Core Systems & Algorithmic Backend Specialists
CP-1785,5.3,BCA/B.Sc CS,Tier 2 (Top State/Private),Data Science & AI/ML,Tier 2 City,1,5,0.0,0,1,1,0,0,1,0,0,3,18.43,Job-Ready Mid-Level,5.0,1,2,0,2,2.0,0,0,3,60.4,1,0.1847004348947749,0.13093127259599774,1.3544528718721924,Applied AI/ML & Data Science Specialists
CP-1786,1.9,MCA,Tier 2 (Top State/Private),Backend Systems,Tier 2 City,0,9,350.0,2,1,1,0,1,1,0,0,4,18.1,Job-Ready Mid-Level,15.05,2,2,0,2,2.5,0,0,4,67.3,0,2.7104270088320312,2.7277749661103643,2.8936314205614027,Core Systems & Algorithmic Backend Specialists
CP-1787,1.1,BCA/B.Sc CS,Tier 3 (Affiliated Colleges),Full Stack Web,Tier 1 Tech Hub (Bengaluru/NCR/Hyd),3,4,7.0,0,0,0,1,0,1,0,0,2,15.08,Job-Ready Mid-Level,7.48,1,0,1,1,2.0,1,0,2,36.7,2,-1.8502743775610464,0.7559343286396643,0.26550717372906474,Cloud & DevOps Infrastructure Architects
CP-1788,1.4,B.Tech/B.E,Tier 1 (IIT/NIT/BITS),Full Stack Web,Tier 1 Tech Hub (Bengaluru/NCR/Hyd),2,4,122.0,2,1,1,1,0,0,0,0,3,21.44,Job-Ready Mid-Level,8.85,0,2,1,3,3.0,1,0,3,56.1,0,0.3813239072363535,1.0601652864285702,-1.7961292944257705,Core Systems & Algorithmic Backend Specialists
CP-1789,6.5,M.Tech/M.S,Tier 2 (Top State/Private),Cloud & DevOps,Remote Global,0,3,226.0,0,1,1,1,0,0,0,1,4,37.81,High-Demand Specialist,7.75,0,2,2,2,4.0,0,1,4,75.4,3,2.194589083069644,-0.09647643044009369,-2.4742516432968498,Emerging Full-Stack & Entry Developers
CP-1790,0.4,B.Tech/B.E,Tier 2 (Top State/Private),Cloud & DevOps,Tier 1 Tech Hub (Bengaluru/NCR/Hyd),2,10,30.0,1,1,0,1,0,1,0,0,3,16.23,Job-Ready Mid-Level,10.75,1,1,1,2,3.0,1,0,3,50.1,0,0.4193262297588738,1.9585281304438922,-0.07505629840122433,Core Systems & Algorithmic Backend Specialists
CP-1791,1.9,B.Tech/B.E,Tier 2 (Top State/Private),Full Stack Web,Tier 1 Tech Hub (Bengaluru/NCR/Hyd),1,6,148.0,3,0,1,0,1,0,0,0,2,19.37,Job-Ready Mid-Level,9.4,1,1,0,2,3.0,1,0,2,51.2,0,-0.8171290127175573,1.6959397766554973,1.4212711231290585,Core Systems & Algorithmic Backend Specialists
CP-1792,1.6,BCA/B.Sc CS,Tier 2 (Top State/Private),Cloud & DevOps,Tier 2 City,1,8,365.0,2,1,1,0,0,0,0,0,2,12.95,Junior Associate,16.23,0,2,0,2,2.0,0,0,2,55.9,0,-0.0755706296799586,4.114386319657168,-0.3118588712757547,Core Systems & Algorithmic Backend Specialists
CP-1793,2.1,MCA,Tier 3 (Affiliated Colleges),Data Analytics & BI,Tier 2 City,1,4,147.0,2,1,1,0,1,0,0,1,4,15.27,Job-Ready Mid-Level,7.98,1,2,1,1,2.5,0,0,4,52.4,3,1.2297800788454794,-0.3017106919526765,0.08000126372463208,Emerging Full-Stack & Entry Developers
CP-1794,0.0,B.Tech/B.E,Tier 3 (Affiliated Colleges),Data Science & AI/ML,Tier 1 Tech Hub (Bengaluru/NCR/Hyd),2,5,39.0,0,1,0,1,0,0,1,1,4,18.13,Job-Ready Mid-Level,7.48,0,2,2,1,3.0,1,0,4,42.7,3,0.7154894458461547,-0.5586838800601823,-3.0840512392923993,Emerging Full-Stack & Entry Developers
CP-1795,4.5,B.Tech/B.E,Tier 1 (IIT/NIT/BITS),Data Science & AI/ML,Tier 2 City,1,2,225.0,1,1,1,1,1,0,1,0,5,24.79,High-Demand Specialist,8.52,1,3,1,3,3.0,0,0,5,79.4,3,3.68999415348512,0.0755651678110067,-0.2258215058964839,Emerging Full-Stack & Entry Developers
CP-1796,5.9,B.Tech/B.E,Tier 3 (Affiliated Colleges),Full Stack Web,Tier 1 Tech Hub (Bengaluru/NCR/Hyd),0,2,32.0,2,0,0,0,0,0,0,0,0,20.37,Job-Ready Mid-Level,2.2,0,0,0,1,3.0,1,0,0,42.2,2,-4.4144792788444605,-0.03268026629765648,0.30622796746923514,Cloud & DevOps Infrastructure Architects
CP-1797,1.8,B.Tech/B.E,Tier 2 (Top State/Private),Data Science & AI/ML,Tier 1 Tech Hub (Bengaluru/NCR/Hyd),3,5,60.0,0,1,0,0,0,0,0,0,1,17.34,Job-Ready Mid-Level,9.5,0,1,0,2,3.0,1,0,1,46.7,2,-2.270667026802869,2.6369796325449637,-0.24713967637459958,Cloud & DevOps Infrastructure Architects
CP-1798,2.6,B.Tech/B.E,Tier 2 (Top State/Private),Cloud & DevOps,Tier 1 Tech Hub (Bengaluru/NCR/Hyd),0,1,64.0,1,1,1,0,1,0,1,1,5,21.84,Job-Ready Mid-Level,2.3,1,3,1,2,3.0,1,0,5,55.4,3,1.9192466161537312,-2.9161826106286255,-0.2162450557922929,Emerging Full-Stack & Entry Developers
CP-1799,5.6,BCA/B.Sc CS,Tier 2 (Top State/Private),Data Science & AI/ML,Tier 2 City,1,4,20.0,0,1,1,0,0,0,0,0,2,17.24,Job-Ready Mid-Level,4.8,0,2,0,2,2.0,0,0,2,55.9,1,-1.23447530751993,0.4857697355045269,-0.21117344628993834,Applied AI/ML & Data Science Specialists
CP-1800,2.7,B.Tech/B.E,Tier 1 (IIT/NIT/BITS),Full Stack Web,Remote Global,1,2,26.0,0,1,1,0,0,0,1,0,3,23.36,Job-Ready Mid-Level,3.55,0,3,0,3,3.0,0,1,3,53.8,1,-0.3106856485435013,-0.8275037697871603,-0.10562023735276944,Applied AI/ML & Data Science Specialists
CP-1801,0.4,Non-CS Degree,Tier 1 (IIT/NIT/BITS),Data Science & AI/ML,Tier 2 City,0,3,22.0,1,1,0,1,0,1,0,0,3,9.16,Junior Associate,2.65,1,1,1,3,1.0,0,0,3,34.5,2,-1.4708369058996624,-2.0192249389098205,0.3308607053490343,Cloud & DevOps Infrastructure Architects
CP-1802,1.9,M.Tech/M.S,Tier 3 (Affiliated Colleges),Full Stack Web,Remote Global,0,1,60.0,0,1,1,0,1,0,0,0,3,15.02,Job-Ready Mid-Level,2.2,1,2,0,1,4.0,0,1,3,42.3,1,-1.0217185132870652,-1.9864401352523358,1.9193887806347123,Applied AI/ML & Data Science Specialists
CP-1803,2.1,BCA/B.Sc CS,Tier 2 (Top State/Private),Data Science & AI/ML,Tier 1 Tech Hub (Bengaluru/NCR/Hyd),2,4,1.0,0,0,1,1,1,0,0,0,3,19.3,Job-Ready Mid-Level,5.82,1,1,1,2,2.0,1,0,3,47.3,2,-0.34412217503590825,-0.1522590060589158,0.010845563560858985,Cloud & DevOps Infrastructure Architects
CP-1804,1.2,MCA,Tier 1 (IIT/NIT/BITS),Data Science & AI/ML,Tier 1 Tech Hub (Bengaluru/NCR/Hyd),1,6,64.0,0,1,1,0,0,0,0,0,2,15.49,Job-Ready Mid-Level,7.3,0,2,0,3,2.5,1,0,2,46.8,1,-1.395132956658104,1.0774468612153847,-0.4286767578346566,Applied AI/ML & Data Science Specialists
CP-1805,2.9,B.Tech/B.E,Tier 1 (IIT/NIT/BITS),Data Science & AI/ML,Tier 1 Tech Hub (Bengaluru/NCR/Hyd),1,3,29.0,1,0,1,0,1,0,0,1,3,24.6,High-Demand Specialist,4.32,1,1,1,3,3.0,1,0,3,56.1,2,-0.07969192323820527,-0.78940530848926,0.1327567510573069,Cloud & DevOps Infrastructure Architects
CP-1806,6.0,B.Tech/B.E,Tier 3 (Affiliated Colleges),Backend Systems,Tier 1 Tech Hub (Bengaluru/NCR/Hyd),1,6,251.0,1,1,1,1,0,0,1,0,4,32.4,High-Demand Specialist,11.98,0,3,1,1,3.0,1,0,4,75.2,0,2.7792686229932775,2.033460258384167,-2.014711386229425,Core Systems & Algorithmic Backend Specialists
CP-1807,5.7,BCA/B.Sc CS,Tier 3 (Affiliated Colleges),Data Science & AI/ML,Tier 2 City,1,8,140.0,0,1,1,0,1,0,1,0,4,22.47,Job-Ready Mid-Level,10.6,1,3,0,1,2.0,0,0,4,69.8,0,2.4585313388654075,1.8129507150850033,1.0016140505298523,Core Systems & Algorithmic Backend Specialists
CP-1808,1.3,MCA,Tier 2 (Top State/Private),Cloud & DevOps,Tier 2 City,1,5,52.0,3,1,1,0,1,1,0,0,4,14.74,Junior Associate,6.3,2,2,0,2,2.5,0,0,4,49.8,3,1.101886375537836,-0.5061668867124839,2.9617197808375098,Emerging Full-Stack & Entry Developers
CP-1809,0.3,M.Tech/M.S,Tier 1 (IIT/NIT/BITS),Data Science & AI/ML,Remote Global,0,4,71.0,0,1,1,0,0,0,1,0,3,18.82,Job-Ready Mid-Level,4.57,0,3,0,3,4.0,0,1,3,46.6,1,-0.5195809751586548,-0.833539642454063,-0.031563088793747494,Applied AI/ML & Data Science Specialists
CP-1810,9.2,B.Tech/B.E,Tier 2 (Top State/Private),Data Science & AI/ML,Tier 1 Tech Hub (Bengaluru/NCR/Hyd),1,1,47.0,1,0,0,1,1,1,1,0,4,38.56,High-Demand Specialist,3.38,2,1,1,2,3.0,1,0,4,65.0,3,1.6561648899535266,-1.2313578499265372,1.7501425320571615,Emerging Full-Stack & Entry Developers
CP-1811,4.0,Non-CS Degree,Tier 1 (IIT/NIT/BITS),Full Stack Web,Tier 1 Tech Hub (Bengaluru/NCR/Hyd),2,3,55.0,0,0,1,0,0,1,0,1,3,28.35,High-Demand Specialist,6.48,1,1,1,3,1.0,1,0,3,58.9,2,0.14614592717806435,0.17676853957791408,0.006521328456058307,Cloud & DevOps Infrastructure Architects
CP-1812,0.3,B.Tech/B.E,Tier 1 (IIT/NIT/BITS),Full Stack Web,Tier 1 Tech Hub (Bengaluru/NCR/Hyd),1,6,150.0,1,0,0,1,0,1,0,0,2,16.74,Job-Ready Mid-Level,9.45,1,0,1,3,3.0,1,0,2,47.5,2,-1.1525162810838963,1.3678609870230165,0.31900871512820483,Cloud & DevOps Infrastructure Architects
CP-1813,5.6,MCA,Tier 2 (Top State/Private),Backend Systems,Tier 1 Tech Hub (Bengaluru/NCR/Hyd),0,5,115.0,1,1,1,0,1,1,0,0,4,28.37,High-Demand Specialist,6.38,2,2,0,2,2.5,1,0,4,68.4,3,1.9029710296606117,-0.03427361669882727,2.8112309962815765,Emerging Full-Stack & Entry Developers
CP-1814,4.5,Non-CS Degree,Tier 2 (Top State/Private),Backend Systems,Tier 1 Tech Hub (Bengaluru/NCR/Hyd),3,8,4.0,1,1,1,0,0,0,0,0,2,22.73,Job-Ready Mid-Level,10.2,0,2,0,2,1.0,1,0,2,59.3,0,-0.39101612106423755,3.0292097031424263,-0.6787457253430355,Core Systems & Algorithmic Backend Specialists
CP-1815,1.6,B.Tech/B.E,Tier 2 (Top State/Private),Data Analytics & BI,Tier 1 Tech Hub (Bengaluru/NCR/Hyd),2,4,136.0,1,1,1,0,0,0,1,1,4,20.89,Job-Ready Mid-Level,9.2,0,3,1,2,3.0,1,0,4,57.7,1,1.6409962747038225,0.5084685750604858,-1.993478421543783,Applied AI/ML & Data Science Specialists
CP-1816,2.0,M.Tech/M.S,Tier 2 (Top State/Private),Cloud & DevOps,Tier 1 Tech Hub (Bengaluru/NCR/Hyd),0,10,121.0,2,0,0,1,0,0,0,0,1,15.97,Job-Ready Mid-Level,10.02,0,0,1,2,4.0,1,0,1,51.7,2,-1.9284924006301942,2.461265435920334,-1.2548542784423256,Cloud & DevOps Infrastructure Architects
CP-1817,1.1,B.Tech/B.E,Tier 3 (Affiliated Colleges),Full Stack Web,Tier 1 Tech Hub (Bengaluru/NCR/Hyd),3,3,66.0,0,1,1,0,1,1,1,1,6,24.2,High-Demand Specialist,8.25,2,3,1,1,3.0,1,0,6,57.8,3,3.9380007137392017,-0.8778337855877287,1.1562556026956115,Emerging Full-Stack & Entry Developers
CP-1818,0.1,B.Tech/B.E,Tier 3 (Affiliated Colleges),Full Stack Web,Tier 1 Tech Hub (Bengaluru/NCR/Hyd),1,5,22.0,1,0,0,0,0,0,0,0,0,8.21,Entry-Level Learner,5.55,0,0,0,1,3.0,1,0,0,23.3,2,-4.954030909201048,0.7865503566325045,0.20058986340815677,Cloud & DevOps Infrastructure Architects
CP-1819,0.9,B.Tech/B.E,Tier 2 (Top State/Private),Backend Systems,Tier 1 Tech Hub (Bengaluru/NCR/Hyd),0,1,30.0,0,1,0,0,0,0,1,0,2,12.05,Junior Associate,1.45,0,2,0,2,3.0,1,0,2,33.0,1,-2.7366456870652875,-1.7926750236728977,-0.1691554090246884,Applied AI/ML & Data Science Specialists
CP-1820,3.6,BCA/B.Sc CS,Tier 2 (Top State/Private),Cloud & DevOps,Tier 1 Tech Hub (Bengaluru/NCR/Hyd),0,3,25.0,2,0,1,0,1,1,0,1,4,22.12,Job-Ready Mid-Level,2.72,2,1,1,2,2.0,1,0,4,53.8,3,0.7716535716368187,-2.173086833772879,1.7833433485194319,Emerging Full-Stack & Entry Developers
CP-1821,0.0,Non-CS Degree,Tier 2 (Top State/Private),Cloud & DevOps,Tier 1 Tech Hub (Bengaluru/NCR/Hyd),1,4,61.0,1,1,1,0,0,0,1,0,3,10.65,Junior Associate,5.82,0,3,0,2,1.0,1,0,3,33.7,1,-1.0469226010685064,-0.5173994689201459,-0.6430954229092511,Applied AI/ML & Data Science Specialists
CP-1822,0.9,BCA/B.Sc CS,Tier 2 (Top State/Private),Data Science & AI/ML,Tier 1 Tech Hub (Bengaluru/NCR/Hyd),2,7,28.0,0,0,1,0,0,0,0,1,2,17.08,Job-Ready Mid-Level,8.6,0,1,1,2,2.0,1,0,2,41.8,2,-1.4830146282536119,1.2436211141131528,-1.5920171996112258,Cloud & DevOps Infrastructure Architects
CP-1823,1.1,B.Tech/B.E,Tier 3 (Affiliated Colleges),Data Science & AI/ML,Tier 1 Tech Hub (Bengaluru/NCR/Hyd),0,1,15.0,1,1,0,1,1,0,0,0,3,11.95,Junior Associate,1.08,1,1,1,1,3.0,1,0,3,33.3,2,-1.6014041572868474,-2.6980156387308627,0.311338369251465,Cloud & DevOps Infrastructure Architects
CP-1824,1.7,M.Tech/M.S,Tier 2 (Top State/Private),Backend Systems,Tier 1 Tech Hub (Bengaluru/NCR/Hyd),0,1,0.0,2,1,1,1,1,0,1,1,6,22.21,Job-Ready Mid-Level,0.7,1,3,2,2,4.0,1,0,6,55.5,3,2.981130384263705,-4.169979985648116,-1.52959759845081,Emerging Full-Stack & Entry Developers
CP-1825,5.6,Non-CS Degree,Tier 3 (Affiliated Colleges),Full Stack Web,Tier 1 Tech Hub (Bengaluru/NCR/Hyd),0,4,1.0,0,1,1,0,0,0,0,0,2,18.52,Job-Ready Mid-Level,2.82,0,2,0,1,1.0,1,0,2,45.3,1,-2.010430850652311,-0.6002289771746309,-0.32530780570170803,Applied AI/ML & Data Science Specialists
CP-1826,0.9,B.Tech/B.E,Tier 3 (Affiliated Colleges),Full Stack Web,Tier 1 Tech Hub (Bengaluru/NCR/Hyd),1,4,0.0,1,1,0,1,0,1,1,1,5,18.3,Job-Ready Mid-Level,4.3,1,2,2,1,3.0,1,0,5,46.0,3,1.7129433137099008,-2.3359630526083732,-1.3994651997240095,Emerging Full-Stack & Entry Developers
CP-1827,0.9,Non-CS Degree,Tier 2 (Top State/Private),Data Science & AI/ML,Tier 2 City,0,5,59.0,1,0,1,0,1,0,1,0,3,12.32,Junior Associate,4.97,1,2,0,2,1.0,0,0,3,36.7,1,-0.9487750179358886,-0.922051554990983,1.3819490548198619,Applied AI/ML & Data Science Specialists
CP-1828,2.9,B.Tech/B.E,Tier 2 (Top State/Private),Data Analytics & BI,Tier 2 City,0,4,0.0,0,1,1,0,1,0,0,0,3,14.08,Junior Associate,2.8,1,2,0,2,3.0,0,0,3,49.4,1,-0.5668119853309801,-1.2083666876496975,1.4775059217752702,Applied AI/ML & Data Science Specialists
CP-1829,1.3,M.Tech/M.S,Tier 1 (IIT/NIT/BITS),Data Science & AI/ML,Tier 2 City,1,4,24.0,1,0,1,1,1,0,0,1,4,18.36,Job-Ready Mid-Level,4.9,1,1,2,3,4.0,0,0,4,56.3,3,1.163486647179055,-1.3472424928451152,-1.0248042122297272,Emerging Full-Stack & Entry Developers
CP-1830,0.6,B.Tech/B.E,Tier 2 (Top State/Private),Data Analytics & BI,Tier 1 Tech Hub (Bengaluru/NCR/Hyd),2,5,141.0,0,1,0,0,0,0,0,0,1,12.32,Junior Associate,10.02,0,1,0,2,3.0,1,0,1,41.6,2,-2.534958017210675,2.3798545261798782,-0.17075391364600814,Cloud & DevOps Infrastructure Architects
CP-1831,1.3,B.Tech/B.E,Tier 2 (Top State/Private),Data Science & AI/ML,Tier 1 Tech Hub (Bengaluru/NCR/Hyd),1,2,141.0,2,1,1,1,0,0,1,0,4,16.77,Job-Ready Mid-Level,6.42,0,3,1,2,3.0,1,0,4,51.6,1,1.0262575406823904,-0.7935957030095807,-1.8925093265118655,Applied AI/ML & Data Science Specialists
CP-1832,0.3,B.Tech/B.E,Tier 2 (Top State/Private),Backend Systems,Tier 2 City,1,2,34.0,1,1,1,0,1,1,1,0,5,13.69,Junior Associate,3.75,2,3,0,2,3.0,0,0,5,46.3,3,1.7702822366475488,-2.2375667734990454,2.8200373444250055,Emerging Full-Stack & Entry Developers
CP-1833,0.4,BCA/B.Sc CS,Tier 3 (Affiliated Colleges),Data Analytics & BI,Tier 1 Tech Hub (Bengaluru/NCR/Hyd),1,5,36.0,2,1,1,1,1,0,1,0,5,15.91,Job-Ready Mid-Level,5.9,1,3,1,1,2.0,1,0,5,43.1,3,1.835868462343114,-1.4981930450202217,-0.40928883467169475,Emerging Full-Stack & Entry Developers
CP-1834,1.5,B.Tech/B.E,Tier 1 (IIT/NIT/BITS),Data Science & AI/ML,Tier 2 City,1,7,221.0,0,1,0,1,1,0,0,0,3,17.04,Job-Ready Mid-Level,11.92,1,1,1,3,3.0,0,0,3,61.7,0,0.894523242301737,2.130738568433397,0.16696920258972292,Core Systems & Algorithmic Backend Specialists
CP-1835,1.2,B.Tech/B.E,Tier 2 (Top State/Private),Cloud & DevOps,Tier 1 Tech Hub (Bengaluru/NCR/Hyd),3,7,150.0,0,1,1,0,1,0,0,0,3,18.45,Job-Ready Mid-Level,13.15,1,2,0,2,3.0,1,0,3,58.1,0,1.0276525487496213,3.0565402248635096,1.0059628970105543,Core Systems & Algorithmic Backend Specialists
CP-1836,5.4,BCA/B.Sc CS,Tier 3 (Affiliated Colleges),Full Stack Web,Tier 1 Tech Hub (Bengaluru/NCR/Hyd),2,8,50.0,0,1,1,0,0,0,0,0,2,23.68,Job-Ready Mid-Level,9.85,0,2,0,1,2.0,1,0,2,60.2,0,-0.4092790939091855,2.7250417171825343,-0.542709082194728,Core Systems & Algorithmic Backend Specialists
CP-1837,1.0,MCA,Tier 3 (Affiliated Colleges),Data Science & AI/ML,Tier 2 City,0,5,109.0,1,1,0,0,0,1,0,0,2,8.44,Entry-Level Learner,6.22,1,1,0,1,2.5,0,0,2,35.7,2,-2.0910220765289624,-0.025563566402515822,1.7561831372435626,Cloud & DevOps Infrastructure Architects
CP-1838,1.9,B.Tech/B.E,Tier 2 (Top State/Private),Data Analytics & BI,Tier 1 Tech Hub (Bengaluru/NCR/Hyd),1,5,29.0,2,1,1,1,0,1,0,0,4,17.74,Job-Ready Mid-Level,5.72,1,2,1,2,3.0,1,0,4,53.4,3,1.1282362651852924,-0.6908270386105184,-0.12545445911401357,Emerging Full-Stack & Entry Developers
CP-1839,2.2,B.Tech/B.E,Tier 3 (Affiliated Colleges),Full Stack Web,Tier 1 Tech Hub (Bengaluru/NCR/Hyd),1,3,62.0,2,1,0,1,1,1,0,1,5,21.59,Job-Ready Mid-Level,5.15,2,1,2,1,3.0,1,0,5,54.0,3,2.170844684406462,-1.9742775075135426,0.42429425310228086,Emerging Full-Stack & Entry Developers
CP-1840,0.0,B.Tech/B.E,Tier 2 (Top State/Private),Full Stack Web,Tier 1 Tech Hub (Bengaluru/NCR/Hyd),1,4,381.0,1,1,1,1,1,0,1,0,5,19.39,Job-Ready Mid-Level,13.82,1,3,1,2,3.0,1,0,5,61.6,0,3.36440630381979,1.2259235239282325,-0.3967337713835556,Core Systems & Algorithmic Backend Specialists
CP-1841,2.4,B.Tech/B.E,Tier 2 (Top State/Private),Data Science & AI/ML,Tier 1 Tech Hub (Bengaluru/NCR/Hyd),1,2,51.0,1,1,1,1,0,0,0,1,4,18.35,Job-Ready Mid-Level,4.18,0,2,2,2,3.0,1,0,4,53.3,3,0.7884843708320132,-1.6957959537060603,-2.9772927354044496,Emerging Full-Stack & Entry Developers
CP-1842,0.4,MCA,Tier 1 (IIT/NIT/BITS),Full Stack Web,Tier 1 Tech Hub (Bengaluru/NCR/Hyd),2,4,209.0,3,1,1,0,0,0,0,1,3,20.42,Job-Ready Mid-Level,11.02,0,2,1,3,2.5,1,0,3,53.2,0,0.42974359291176,1.4583146445110617,-1.7848815407312104,Core Systems & Algorithmic Backend Specialists
CP-1843,7.1,MCA,Tier 2 (Top State/Private),Backend Systems,Tier 1 Tech Hub (Bengaluru/NCR/Hyd),2,5,32.0,2,0,0,0,1,0,1,0,2,33.52,High-Demand Specialist,7.3,1,1,0,2,2.5,1,0,2,61.6,0,-0.3746327989225268,1.7216807304814157,1.3250184658278716,Core Systems & Algorithmic Backend Specialists
CP-1844,0.4,BCA/B.Sc CS,Tier 3 (Affiliated Colleges),Full Stack Web,Tier 2 City,1,3,55.0,1,1,1,0,0,0,1,0,3,10.8,Junior Associate,4.97,0,3,0,1,2.0,0,0,3,33.2,1,-1.1382465030087683,-0.9318022479501165,-0.36375004975442343,Applied AI/ML & Data Science Specialists
CP-1845,1.2,B.Tech/B.E,Tier 3 (Affiliated Colleges),Backend Systems,Tier 2 City,2,5,57.0,1,0,1,0,1,1,0,0,3,14.2,Junior Associate,7.92,2,1,0,1,3.0,0,0,3,45.2,2,-0.09961755770238045,0.5467589817653044,3.1995952339494758,Cloud & DevOps Infrastructure Architects
CP-1846,0.2,M.Tech/M.S,Tier 3 (Affiliated Colleges),Backend Systems,Tier 1 Tech Hub (Bengaluru/NCR/Hyd),2,4,125.0,1,1,0,1,1,0,1,0,4,20.03,Job-Ready Mid-Level,8.93,1,2,1,1,4.0,1,0,4,49.2,3,1.2943291003674868,0.22427323844323405,-0.13078794540230582,Emerging Full-Stack & Entry Developers
CP-1847,9.5,BCA/B.Sc CS,Tier 2 (Top State/Private),Data Science & AI/ML,Remote Global,2,5,19.0,1,0,0,1,0,1,1,0,3,44.33,High-Demand Specialist,6.98,1,1,1,2,2.0,0,1,3,63.7,0,0.8504364086571615,0.9799219592135855,0.4332611185275577,Core Systems & Algorithmic Backend Specialists
CP-1848,1.5,MCA,Tier 1 (IIT/NIT/BITS),Data Science & AI/ML,Tier 1 Tech Hub (Bengaluru/NCR/Hyd),3,5,125.0,2,1,1,1,1,0,0,0,4,25.29,High-Demand Specialist,11.12,1,2,1,3,2.5,1,0,4,63.0,0,2.181781814174629,1.6695337463536208,-0.3594118851829627,Core Systems & Algorithmic Backend Specialists
CP-1849,2.0,BCA/B.Sc CS,Tier 1 (IIT/NIT/BITS),Backend Systems,Tier 1 Tech Hub (Bengaluru/NCR/Hyd),0,1,119.0,0,1,1,0,0,1,0,0,3,17.27,Job-Ready Mid-Level,3.68,1,2,0,3,2.0,1,0,3,47.4,1,-0.7565219115447622,-1.3102708712183502,1.3423857093218492,Applied AI/ML & Data Science Specialists
CP-1850,0.2,M.Tech/M.S,Tier 2 (Top State/Private),Full Stack Web,Tier 2 City,0,4,60.0,1,0,1,0,0,1,1,1,4,14.31,Junior Associate,4.3,1,2,1,2,4.0,0,0,4,45.7,3,0.5965205733150456,-1.9368407100283866,0.23246940542170905,Emerging Full-Stack & Entry Developers
CP-1851,3.0,BCA/B.Sc CS,Tier 3 (Affiliated Colleges),Data Science & AI/ML,Tier 2 City,2,3,0.0,1,1,0,0,1,1,1,1,5,19.21,Job-Ready Mid-Level,5.1,2,2,1,1,2.0,0,0,5,54.8,3,2.2690639189912796,-1.529690486251386,1.60118848813974,Emerging Full-Stack & Entry Developers
CP-1852,0.5,B.Tech/B.E,Tier 3 (Affiliated Colleges),Data Science & AI/ML,Tier 2 City,2,8,14.0,1,1,1,0,0,0,0,1,3,10.94,Junior Associate,8.95,0,2,1,1,3.0,0,0,3,43.5,1,-0.12842047098176076,0.9297533213259694,-1.6141274092109237,Applied AI/ML & Data Science Specialists
CP-1853,5.0,Non-CS Degree,Tier 2 (Top State/Private),Cloud & DevOps,Tier 1 Tech Hub (Bengaluru/NCR/Hyd),2,5,132.0,1,1,0,0,0,1,0,0,2,24.13,High-Demand Specialist,9.8,1,1,0,2,1.0,1,0,2,61.1,0,-0.5081406494001329,2.3675682591436042,1.3003245337842906,Core Systems & Algorithmic Backend Specialists
CP-1854,0.5,B.Tech/B.E,Tier 2 (Top State/Private),Data Analytics & BI,Tier 1 Tech Hub (Bengaluru/NCR/Hyd),0,3,221.0,0,0,1,0,0,1,0,1,3,17.78,Job-Ready Mid-Level,7.62,1,1,1,2,3.0,1,0,3,45.4,2,-0.4407218247403221,-0.46973851746174633,0.28276259498163936,Cloud & DevOps Infrastructure Architects
CP-1855,0.5,BCA/B.Sc CS,Tier 2 (Top State/Private),Data Science & AI/ML,Remote Global,1,6,68.0,1,1,1,0,0,0,0,0,2,12.04,Junior Associate,7.4,0,2,0,2,2.0,0,1,2,37.8,1,-1.822247691248856,0.74937685608714,0.05171818788790309,Applied AI/ML & Data Science Specialists
CP-1856,0.1,B.Tech/B.E,Tier 2 (Top State/Private),Data Science & AI/ML,Tier 1 Tech Hub (Bengaluru/NCR/Hyd),0,4,44.0,1,0,1,0,0,0,0,0,1,9.12,Junior Associate,3.9,0,1,0,2,3.0,1,0,1,28.9,2,-3.7495575568524595,-0.418914473529431,0.01697672946714496,Cloud & DevOps Infrastructure Architects
CP-1857,1.4,BCA/B.Sc CS,Tier 2 (Top State/Private),Backend Systems,Tier 2 City,1,7,24.0,0,1,1,1,1,1,0,0,5,13.96,Junior Associate,7.0,2,2,1,2,2.0,0,0,5,54.1,3,2.4184704410972566,-0.7114864217584815,1.5220625689847835,Emerging Full-Stack & Entry Developers
CP-1858,1.8,BCA/B.Sc CS,Tier 1 (IIT/NIT/BITS),Data Analytics & BI,Tier 1 Tech Hub (Bengaluru/NCR/Hyd),0,2,53.0,3,1,1,1,0,0,0,0,3,17.14,Job-Ready Mid-Level,2.72,0,2,1,3,2.0,1,0,3,44.8,1,-0.8839929954108724,-1.7019275865139525,-1.6373511054535959,Applied AI/ML & Data Science Specialists
CP-1859,0.1,B.Tech/B.E,Tier 2 (Top State/Private),Cloud & DevOps,Tier 2 City,0,4,29.0,1,1,0,1,0,0,0,0,2,8.11,Entry-Level Learner,3.52,0,1,1,2,3.0,0,0,2,32.4,2,-2.5468595538876753,-1.1460701878861503,-1.173490735558058,Cloud & DevOps Infrastructure Architects
CP-1860,3.3,B.Tech/B.E,Tier 1 (IIT/NIT/BITS),Data Analytics & BI,Tier 1 Tech Hub (Bengaluru/NCR/Hyd),0,9,129.0,2,1,1,1,1,1,0,0,5,26.46,High-Demand Specialist,9.52,2,2,1,3,3.0,1,0,5,75.1,3,3.7551972125096964,0.6592054445908091,1.3346475969725158,Emerging Full-Stack & Entry Developers
CP-1861,1.3,BCA/B.Sc CS,Tier 2 (Top State/Private),Full Stack Web,Tier 1 Tech Hub (Bengaluru/NCR/Hyd),1,3,344.0,0,1,0,1,0,0,0,1,3,19.02,Job-Ready Mid-Level,12.2,0,1,2,2,2.0,1,0,3,53.9,0,0.2733395373828481,1.3096791164998678,-2.808498455459389,Core Systems & Algorithmic Backend Specialists
CP-1862,1.6,M.Tech/M.S,Tier 1 (IIT/NIT/BITS),Data Analytics & BI,Tier 1 Tech Hub (Bengaluru/NCR/Hyd),1,2,123.0,1,1,0,1,0,0,1,0,3,21.1,Job-Ready Mid-Level,5.98,0,2,1,3,4.0,1,0,3,55.5,1,0.009273078496648208,-0.23584975704615102,-1.6421706551626138,Applied AI/ML & Data Science Specialists
CP-1863,1.3,B.Tech/B.E,Tier 3 (Affiliated Colleges),Full Stack Web,Tier 2 City,0,3,25.0,1,1,1,1,0,1,0,0,4,10.31,Junior Associate,2.72,1,2,1,1,3.0,0,0,4,41.2,3,0.11925058035361365,-2.408777127980435,0.22287337979606175,Emerging Full-Stack & Entry Developers
CP-1864,1.1,B.Tech/B.E,Tier 2 (Top State/Private),Data Science & AI/ML,Tier 2 City,0,3,72.0,0,1,1,1,0,0,0,1,4,10.34,Junior Associate,3.9,0,2,2,2,3.0,0,0,4,46.4,3,0.3623167682125944,-2.163394577361601,-2.7423620628333807,Emerging Full-Stack & Entry Developers
CP-1865,1.8,BCA/B.Sc CS,Tier 3 (Affiliated Colleges),Data Analytics & BI,Tier 1 Tech Hub (Bengaluru/NCR/Hyd),0,1,0.0,0,1,0,1,1,0,0,0,3,12.19,Junior Associate,0.7,1,1,1,1,2.0,1,0,3,33.1,2,-1.7233667071468257,-2.7816633935604043,0.2664873061424568,Cloud & DevOps Infrastructure Architects
CP-1866,0.4,B.Tech/B.E,Tier 2 (Top State/Private),Full Stack Web,Tier 2 City,3,8,31.0,0,1,1,0,0,0,0,0,2,9.27,Junior Associate,10.88,0,2,0,2,3.0,0,0,2,46.2,0,-0.908645122070731,2.706616131243274,-0.38118467041852067,Core Systems & Algorithmic Backend Specialists
CP-1867,0.4,B.Tech/B.E,Tier 2 (Top State/Private),Backend Systems,Tier 1 Tech Hub (Bengaluru/NCR/Hyd),0,3,18.0,0,0,1,1,0,0,1,0,3,12.44,Junior Associate,2.55,0,2,1,2,3.0,1,0,3,36.5,1,-1.2597513620372047,-2.0019159678717773,-1.5784270589308038,Applied AI/ML & Data Science Specialists
CP-1868,4.4,B.Tech/B.E,Tier 2 (Top State/Private),Full Stack Web,Tier 1 Tech Hub (Bengaluru/NCR/Hyd),0,5,38.0,0,0,0,0,0,0,0,1,1,22.08,Job-Ready Mid-Level,4.45,0,0,1,2,3.0,1,0,1,51.3,2,-2.710358028818822,0.25933032281701657,-1.1429062899954705,Cloud & DevOps Infrastructure Architects
CP-1869,6.4,B.Tech/B.E,Tier 1 (IIT/NIT/BITS),Backend Systems,Tier 1 Tech Hub (Bengaluru/NCR/Hyd),2,6,129.0,1,1,1,1,1,0,0,1,5,39.78,High-Demand Specialist,10.42,1,2,2,3,3.0,1,0,5,85.1,0,4.318762866645445,1.2335747094191525,-1.6701068776109786,Core Systems & Algorithmic Backend Specialists
CP-1870,1.0,B.Tech/B.E,Tier 3 (Affiliated Colleges),Backend Systems,Tier 1 Tech Hub (Bengaluru/NCR/Hyd),1,6,50.0,0,0,0,1,1,1,0,0,3,16.21,Job-Ready Mid-Level,6.95,2,0,1,1,3.0,1,0,3,42.6,2,-0.4289717461337961,-0.10697444281621296,1.9446005377932687,Cloud & DevOps Infrastructure Architects
CP-1871,0.7,B.Tech/B.E,Tier 1 (IIT/NIT/BITS),Data Science & AI/ML,Tier 1 Tech Hub (Bengaluru/NCR/Hyd),1,4,225.0,2,0,1,0,0,0,0,1,2,20.62,Job-Ready Mid-Level,9.93,0,1,1,3,3.0,1,0,2,50.3,2,-1.017018109160548,1.3194790909726584,-1.4449589876364055,Cloud & DevOps Infrastructure Architects
CP-1872,2.3,B.Tech/B.E,Tier 3 (Affiliated Colleges),Data Analytics & BI,Tier 1 Tech Hub (Bengaluru/NCR/Hyd),1,2,0.0,1,1,1,0,0,0,0,0,2,11.59,Junior Associate,2.9,0,2,0,1,3.0,1,0,2,38.2,1,-2.255239166127327,-0.875131849328914,-0.2347940476294751,Applied AI/ML & Data Science Specialists
CP-1873,1.2,B.Tech/B.E,Tier 3 (Affiliated Colleges),Full Stack Web,Tier 2 City,3,6,34.0,0,1,0,0,0,0,0,0,1,9.93,Junior Associate,9.55,0,1,0,1,3.0,0,0,1,39.6,2,-2.578326346580147,2.49200140738833,-0.05224500236862201,Cloud & DevOps Infrastructure Architects
CP-1874,0.1,B.Tech/B.E,Tier 2 (Top State/Private),Backend Systems,Tier 2 City,0,4,56.0,0,1,1,1,0,0,0,0,3,7.35,Entry-Level Learner,4.2,0,2,1,2,3.0,0,0,3,37.7,1,-1.0958839761711032,-1.357666333424936,-1.4216977715045631,Applied AI/ML & Data Science Specialists
CP-1875,0.4,B.Tech/B.E,Tier 2 (Top State/Private),Full Stack Web,Tier 2 City,3,6,28.0,2,0,0,1,1,1,0,0,3,14.5,Junior Associate,9.4,2,0,1,2,3.0,0,0,3,47.9,2,0.22370250599072256,1.1944157776315305,1.9566906076966346,Cloud & DevOps Infrastructure Architects
CP-1876,2.8,B.Tech/B.E,Tier 3 (Affiliated Colleges),Data Analytics & BI,Tier 1 Tech Hub (Bengaluru/NCR/Hyd),2,4,379.0,2,0,1,1,0,0,0,1,3,24.19,High-Demand Specialist,15.27,0,1,2,1,3.0,1,0,3,65.0,0,1.317864135105764,2.7914507077612885,-2.843321628772909,Core Systems & Algorithmic Backend Specialists
CP-1877,2.4,MCA,Tier 2 (Top State/Private),Full Stack Web,Remote Global,1,7,44.0,0,1,0,1,0,0,1,0,3,22.6,Job-Ready Mid-Level,7.5,0,2,1,2,2.5,0,1,3,53.1,1,0.07175735325927941,0.6059360964973537,-1.3487697843551218,Applied AI/ML & Data Science Specialists
CP-1878,0.1,B.Tech/B.E,Tier 3 (Affiliated Colleges),Data Science & AI/ML,Tier 2 City,1,3,343.0,1,1,0,0,0,0,1,1,3,12.61,Junior Associate,12.18,0,2,1,1,3.0,0,0,3,46.8,0,0.09180808836902436,1.2068228374172056,-1.4335536427644269,Core Systems & Algorithmic Backend Specialists
CP-1879,0.6,B.Tech/B.E,Tier 1 (IIT/NIT/BITS),Data Science & AI/ML,Tier 1 Tech Hub (Bengaluru/NCR/Hyd),1,5,58.0,3,1,1,0,1,1,1,0,5,21.65,Job-Ready Mid-Level,6.45,2,3,0,3,3.0,1,0,5,56.5,3,2.6614649963555728,-0.80721275889762,2.515567432347399,Emerging Full-Stack & Entry Developers
CP-1880,0.6,B.Tech/B.E,Tier 1 (IIT/NIT/BITS),Full Stack Web,Tier 2 City,0,2,15.0,3,1,0,1,0,0,0,1,3,11.09,Junior Associate,1.78,0,1,2,3,3.0,0,0,3,40.3,2,-1.2118814700884903,-2.498100666814812,-2.493969323551136,Cloud & DevOps Infrastructure Architects
CP-1881,2.5,B.Tech/B.E,Tier 2 (Top State/Private),Data Analytics & BI,Tier 1 Tech Hub (Bengaluru/NCR/Hyd),0,7,3.0,0,1,1,1,0,0,0,0,3,14.69,Junior Associate,4.97,0,2,1,2,3.0,1,0,3,51.0,1,-0.2899824482461285,-0.36154170226774063,-1.7059168178581217,Applied AI/ML & Data Science Specialists
CP-1882,0.0,BCA/B.Sc CS,Tier 2 (Top State/Private),Cloud & DevOps,Tier 1 Tech Hub (Bengaluru/NCR/Hyd),3,10,251.0,1,1,0,0,1,0,0,0,2,15.11,Job-Ready Mid-Level,17.77,1,1,0,2,2.0,1,0,2,47.9,0,-0.09642120089032943,4.996122211245482,1.1408048642238995,Core Systems & Algorithmic Backend Specialists
CP-1883,0.2,BCA/B.Sc CS,Tier 3 (Affiliated Colleges),Cloud & DevOps,Tier 1 Tech Hub (Bengaluru/NCR/Hyd),1,3,15.0,1,1,1,1,1,0,0,0,4,9.09,Junior Associate,3.97,1,2,1,1,2.0,1,0,4,34.7,3,-0.02685256912096197,-1.9453157758096653,-0.09264497822988578,Emerging Full-Stack & Entry Developers
CP-1884,3.5,MCA,Tier 1 (IIT/NIT/BITS),Full Stack Web,Tier 1 Tech Hub (Bengaluru/NCR/Hyd),1,6,364.0,0,1,0,1,0,1,0,0,3,27.55,High-Demand Specialist,14.8,1,1,1,3,2.5,1,0,3,75.0,0,1.690378198105001,3.2937981625939394,9.40557338200793e-05,Core Systems & Algorithmic Backend Specialists
CP-1885,0.4,BCA/B.Sc CS,Tier 3 (Affiliated Colleges),Full Stack Web,Remote Global,2,5,71.0,2,0,1,1,1,1,1,0,5,22.93,Job-Ready Mid-Level,8.28,2,2,1,1,2.0,0,1,5,47.0,3,2.305518325521675,-0.6623207070366045,1.8226319669663769,Emerging Full-Stack & Entry Developers
CP-1886,2.3,Non-CS Degree,Tier 2 (Top State/Private),Data Science & AI/ML,Tier 1 Tech Hub (Bengaluru/NCR/Hyd),1,4,8.0,1,1,1,1,0,0,0,1,4,17.45,Job-Ready Mid-Level,4.5,0,2,2,2,1.0,1,0,4,47.1,3,0.4972492271496156,-1.5492362226924374,-3.108115180974074,Emerging Full-Stack & Entry Developers
CP-1887,0.6,B.Tech/B.E,Tier 2 (Top State/Private),Data Analytics & BI,Tier 1 Tech Hub (Bengaluru/NCR/Hyd),0,1,137.0,1,1,1,0,0,0,0,1,3,12.14,Junior Associate,4.12,0,2,1,2,3.0,1,0,3,40.1,1,-1.0565064205590708,-1.7131463817600414,-1.5017023632352773,Applied AI/ML & Data Science Specialists
CP-1888,0.2,B.Tech/B.E,Tier 2 (Top State/Private),Backend Systems,Remote Global,1,3,2.0,0,1,1,0,1,1,0,0,4,14.79,Junior Associate,3.65,2,2,0,2,3.0,0,1,4,41.5,3,0.32282201177976816,-1.7819868438231539,3.331238211730018,Emerging Full-Stack & Entry Developers
CP-1889,0.6,B.Tech/B.E,Tier 2 (Top State/Private),Full Stack Web,Remote Global,1,5,5.0,0,1,1,0,1,0,0,0,3,15.03,Job-Ready Mid-Level,5.12,1,2,0,2,3.0,0,1,3,41.7,1,-0.647682253102573,-0.5067179011946418,1.6795408226807378,Applied AI/ML & Data Science Specialists
CP-1890,2.8,B.Tech/B.E,Tier 1 (IIT/NIT/BITS),Data Science & AI/ML,Tier 2 City,0,5,235.0,0,1,1,0,1,1,1,1,6,23.81,Job-Ready Mid-Level,9.38,2,3,1,3,3.0,0,0,6,76.5,3,4.788808983739109,-0.4791348842209651,1.3964742416805689,Emerging Full-Stack & Entry Developers
CP-1891,4.3,B.Tech/B.E,Tier 2 (Top State/Private),Data Science & AI/ML,Tier 1 Tech Hub (Bengaluru/NCR/Hyd),3,5,63.0,2,0,1,0,0,1,1,0,3,29.1,High-Demand Specialist,9.57,1,2,0,2,3.0,1,0,3,67.7,0,1.2124160825825185,2.0527165987978946,1.0698933089795675,Core Systems & Algorithmic Backend Specialists
CP-1892,3.9,BCA/B.Sc CS,Tier 3 (Affiliated Colleges),Cloud & DevOps,Tier 1 Tech Hub (Bengaluru/NCR/Hyd),0,2,66.0,0,1,1,1,0,0,1,0,4,20.74,Job-Ready Mid-Level,3.05,0,3,1,1,2.0,1,0,4,51.7,1,0.5649418486589857,-1.9450631600884616,-1.846095602066589,Applied AI/ML & Data Science Specialists
CP-1893,1.1,B.Tech/B.E,Tier 2 (Top State/Private),Cloud & DevOps,Tier 2 City,1,1,25.0,0,0,0,1,1,1,0,0,3,12.1,Junior Associate,2.82,2,0,1,2,3.0,0,0,3,40.4,2,-1.0572677165553035,-1.8947925560820675,2.232276721791293,Cloud & DevOps Infrastructure Architects
CP-1894,2.4,Non-CS Degree,Tier 2 (Top State/Private),Data Analytics & BI,Tier 1 Tech Hub (Bengaluru/NCR/Hyd),0,5,27.0,0,1,1,1,0,1,0,0,4,14.94,Junior Associate,4.18,1,2,1,2,1.0,1,0,4,47.1,3,0.47234620201627575,-1.511530432253709,-0.13786409648057912,Emerging Full-Stack & Entry Developers
CP-1895,0.5,MCA,Tier 3 (Affiliated Colleges),Data Science & AI/ML,Tier 1 Tech Hub (Bengaluru/NCR/Hyd),1,3,28.0,0,1,1,0,0,0,0,0,2,7.82,Entry-Level Learner,4.3,0,2,0,1,2.5,1,0,2,30.0,1,-2.5510410685837317,-0.630300341716877,-0.267015358807689,Applied AI/ML & Data Science Specialists
CP-1896,0.8,B.Tech/B.E,Tier 3 (Affiliated Colleges),Data Analytics & BI,Tier 1 Tech Hub (Bengaluru/NCR/Hyd),1,3,50.0,1,1,0,1,1,0,0,0,3,12.97,Junior Associate,4.85,1,1,1,1,3.0,1,0,3,38.1,2,-0.9213632974536402,-1.0300301069313202,0.1850172602607162,Cloud & DevOps Infrastructure Architects
CP-1897,5.0,B.Tech/B.E,Tier 2 (Top State/Private),Cloud & DevOps,Tier 1 Tech Hub (Bengaluru/NCR/Hyd),1,5,137.0,1,0,1,0,1,0,0,0,2,24.91,High-Demand Specialist,8.43,1,1,0,2,3.0,1,0,2,65.1,0,-0.340923039592147,1.783087316565046,1.4207997690902805,Core Systems & Algorithmic Backend Specialists
CP-1898,0.0,B.Tech/B.E,Tier 2 (Top State/Private),Full Stack Web,Tier 1 Tech Hub (Bengaluru/NCR/Hyd),2,8,68.0,2,1,1,0,1,1,0,0,4,16.28,Job-Ready Mid-Level,10.3,2,2,0,2,3.0,1,0,4,51.5,0,1.6827531441666743,1.2468516081718508,2.6573868997987637,Core Systems & Algorithmic Backend Specialists
CP-1899,0.2,B.Tech/B.E,Tier 3 (Affiliated Colleges),Full Stack Web,Tier 1 Tech Hub (Bengaluru/NCR/Hyd),0,1,137.0,1,1,0,1,0,0,0,0,2,8.84,Entry-Level Learner,4.12,0,1,1,1,3.0,1,0,2,29.7,2,-2.7185130616814677,-1.3406736439894895,-1.2450040839579137,Cloud & DevOps Infrastructure Architects
CP-1900,0.5,B.Tech/B.E,Tier 2 (Top State/Private),Data Science & AI/ML,Tier 1 Tech Hub (Bengaluru/NCR/Hyd),2,4,33.0,0,1,1,1,1,1,0,0,5,17.92,Job-Ready Mid-Level,6.62,2,2,1,2,3.0,1,0,5,52.1,3,2.3082474918472653,-0.9538283427685026,1.4018074380142302,Emerging Full-Stack & Entry Developers
CP-1901,0.1,B.Tech/B.E,Tier 2 (Top State/Private),Full Stack Web,Tier 1 Tech Hub (Bengaluru/NCR/Hyd),1,2,4.0,0,1,1,1,0,0,0,0,3,10.19,Junior Associate,3.0,0,2,1,2,3.0,1,0,3,35.7,1,-1.2872796251436294,-1.7026118159374737,-1.6136874452752799,Applied AI/ML & Data Science Specialists
CP-1902,0.4,B.Tech/B.E,Tier 2 (Top State/Private),Backend Systems,Tier 1 Tech Hub (Bengaluru/NCR/Hyd),3,5,25.0,1,1,1,1,0,0,1,0,4,16.93,Job-Ready Mid-Level,8.62,0,3,1,2,3.0,1,0,4,50.7,1,1.3672846941682117,0.5841841614088175,-2.1005150844377454,Applied AI/ML & Data Science Specialists
CP-1903,1.9,B.Tech/B.E,Tier 3 (Affiliated Colleges),Full Stack Web,Tier 1 Tech Hub (Bengaluru/NCR/Hyd),1,3,112.0,1,1,1,1,0,1,0,1,5,19.67,Job-Ready Mid-Level,6.4,1,2,2,1,3.0,1,0,5,54.5,3,2.2393536821924767,-1.5670894131275606,-1.3787925889138084,Emerging Full-Stack & Entry Developers
CP-1904,1.2,Non-CS Degree,Tier 1 (IIT/NIT/BITS),Data Analytics & BI,Tier 2 City,0,1,140.0,1,1,1,1,0,0,0,1,4,13.59,Junior Associate,4.2,0,2,2,3,1.0,0,0,4,45.3,3,0.21335862948108755,-2.271163701348204,-2.805600399821015,Emerging Full-Stack & Entry Developers
CP-1905,4.9,BCA/B.Sc CS,Tier 3 (Affiliated Colleges),Cloud & DevOps,Tier 2 City,0,4,0.0,1,1,1,1,1,0,0,0,4,16.07,Job-Ready Mid-Level,2.8,1,2,1,1,2.0,0,0,4,56.2,3,0.8588465780211938,-1.7302227550562124,0.08708097934139408,Emerging Full-Stack & Entry Developers
CP-1906,3.7,Non-CS Degree,Tier 1 (IIT/NIT/BITS),Data Science & AI/ML,Tier 1 Tech Hub (Bengaluru/NCR/Hyd),2,4,15.0,0,1,0,1,0,0,1,0,3,24.26,High-Demand Specialist,6.18,0,2,1,3,1.0,1,0,3,56.9,1,0.05584709058097055,0.39463930202554576,-1.8992263947370818,Applied AI/ML & Data Science Specialists
CP-1907,0.9,B.Tech/B.E,Tier 3 (Affiliated Colleges),Cloud & DevOps,Tier 1 Tech Hub (Bengaluru/NCR/Hyd),2,4,126.0,1,0,0,1,1,0,0,0,2,15.21,Job-Ready Mid-Level,8.95,1,0,1,1,3.0,1,0,2,41.3,2,-1.461884417937747,1.0886727442818585,0.3331904347197801,Cloud & DevOps Infrastructure Architects
CP-1908,0.7,B.Tech/B.E,Tier 2 (Top State/Private),Full Stack Web,Tier 1 Tech Hub (Bengaluru/NCR/Hyd),0,1,246.0,0,1,1,0,1,0,1,1,5,19.04,Job-Ready Mid-Level,6.85,1,3,1,2,3.0,1,0,5,53.5,3,2.1790326693400437,-1.687888171711842,-0.2108569291308655,Emerging Full-Stack & Entry Developers
CP-1909,1.1,BCA/B.Sc CS,Tier 2 (Top State/Private),Full Stack Web,Tier 1 Tech Hub (Bengaluru/NCR/Hyd),1,4,154.0,0,1,1,0,0,0,0,0,2,13.06,Junior Associate,8.15,0,2,0,2,2.0,1,0,2,42.0,1,-1.642218694996605,0.9700344403333286,-0.36374939635154757,Applied AI/ML & Data Science Specialists
CP-1910,2.0,B.Tech/B.E,Tier 3 (Affiliated Colleges),Data Science & AI/ML,Tier 1 Tech Hub (Bengaluru/NCR/Hyd),1,6,60.0,0,1,1,0,0,0,0,1,3,17.62,Job-Ready Mid-Level,7.2,0,2,1,1,3.0,1,0,3,48.0,1,-0.2214333221321797,0.17550069029547777,-1.6857358848337147,Applied AI/ML & Data Science Specialists
CP-1911,0.7,B.Tech/B.E,Tier 2 (Top State/Private),Full Stack Web,Tier 1 Tech Hub (Bengaluru/NCR/Hyd),3,5,43.0,1,0,1,1,0,0,0,1,3,17.69,Job-Ready Mid-Level,9.07,0,1,2,2,3.0,1,0,3,48.8,2,0.08157050749233942,0.835590032454941,-2.9323572514163905,Cloud & DevOps Infrastructure Architects
CP-1912,2.2,BCA/B.Sc CS,Tier 2 (Top State/Private),Data Science & AI/ML,Tier 2 City,3,5,124.0,0,1,0,0,0,0,1,0,2,16.91,Job-Ready Mid-Level,11.1,0,2,0,2,2.0,0,0,2,52.4,0,-0.717806765430765,2.6973349028948763,-0.3708507573466028,Core Systems & Algorithmic Backend Specialists
CP-1913,1.2,BCA/B.Sc CS,Tier 1 (IIT/NIT/BITS),Data Science & AI/ML,Tier 2 City,3,9,47.0,0,0,1,1,0,0,1,0,3,18.36,Job-Ready Mid-Level,11.98,0,2,1,3,2.0,0,0,3,57.2,0,0.8699173307397696,2.67111314499111,-1.8608905414723835,Core Systems & Algorithmic Backend Specialists
CP-1914,1.8,B.Tech/B.E,Tier 1 (IIT/NIT/BITS),Full Stack Web,Tier 1 Tech Hub (Bengaluru/NCR/Hyd),2,3,48.0,0,1,0,1,1,0,0,1,4,22.36,Job-Ready Mid-Level,6.3,1,1,2,3,3.0,1,0,4,58.0,3,1.2843239649141198,-0.6327469606345744,-1.3010897051972676,Emerging Full-Stack & Entry Developers
CP-1915,1.3,B.Tech/B.E,Tier 2 (Top State/Private),Full Stack Web,Tier 1 Tech Hub (Bengaluru/NCR/Hyd),2,6,67.0,0,0,1,0,0,1,0,1,3,21.2,Job-Ready Mid-Level,8.88,1,1,1,2,3.0,1,0,3,51.5,2,0.187229417348939,0.8677633100674348,0.06066882695748889,Cloud & DevOps Infrastructure Architects
CP-1916,0.8,B.Tech/B.E,Tier 3 (Affiliated Colleges),Backend Systems,Tier 2 City,0,4,8.0,3,0,0,1,0,0,1,0,2,7.91,Entry-Level Learner,3.0,0,1,1,1,3.0,0,0,2,30.9,2,-2.5343674270779677,-1.4120787786844584,-1.1486551636006859,Cloud & DevOps Infrastructure Architects
CP-1917,6.5,B.Tech/B.E,Tier 1 (IIT/NIT/BITS),Full Stack Web,Tier 1 Tech Hub (Bengaluru/NCR/Hyd),2,6,370.0,2,1,0,0,0,0,0,1,2,36.53,High-Demand Specialist,16.45,0,1,1,3,3.0,1,0,2,80.2,0,1.1741745650643483,4.779151802418099,-1.6277737064573132,Core Systems & Algorithmic Backend Specialists
CP-1918,3.2,B.Tech/B.E,Tier 1 (IIT/NIT/BITS),Data Analytics & BI,Tier 2 City,1,2,213.0,2,1,1,0,0,1,0,0,3,20.12,Job-Ready Mid-Level,8.22,1,2,0,3,3.0,0,0,3,64.1,0,0.6292088984499364,0.8027987078208748,1.4453768645973208,Core Systems & Algorithmic Backend Specialists
CP-1919,0.3,B.Tech/B.E,Tier 2 (Top State/Private),Full Stack Web,Tier 1 Tech Hub (Bengaluru/NCR/Hyd),3,7,64.0,1,1,1,0,0,1,0,0,3,16.19,Job-Ready Mid-Level,11.0,1,2,0,2,3.0,1,0,3,50.0,0,0.4643160633016219,2.1463818246702475,1.0560811316089793,Core Systems & Algorithmic Backend Specialists
CP-1920,4.5,B.Tech/B.E,Tier 3 (Affiliated Colleges),Cloud & DevOps,Tier 2 City,1,4,0.0,3,0,1,1,1,1,0,0,4,19.52,Job-Ready Mid-Level,4.3,2,1,1,1,3.0,0,0,4,59.9,3,1.3752694760263193,-1.113336746731844,1.9041704477567003,Emerging Full-Stack & Entry Developers
CP-1921,1.5,Non-CS Degree,Tier 3 (Affiliated Colleges),Data Science & AI/ML,Remote Global,0,3,131.0,1,1,1,0,1,0,1,0,4,18.21,Job-Ready Mid-Level,5.38,1,3,0,1,1.0,0,1,4,40.4,1,0.3210814929138289,-1.4434816379976083,1.4865540634473275,Applied AI/ML & Data Science Specialists
CP-1922,4.9,BCA/B.Sc CS,Tier 2 (Top State/Private),Backend Systems,Remote Global,1,6,69.0,0,0,1,1,0,0,0,0,2,29.03,High-Demand Specialist,7.42,0,1,1,2,2.0,0,1,2,59.8,2,-0.8334298526676682,1.2256494494724797,-1.102639710265117,Cloud & DevOps Infrastructure Architects
CP-1923,3.5,M.Tech/M.S,Tier 1 (IIT/NIT/BITS),Full Stack Web,Tier 1 Tech Hub (Bengaluru/NCR/Hyd),1,6,21.0,1,1,1,0,0,0,1,0,3,24.48,High-Demand Specialist,6.22,0,3,0,3,4.0,1,0,3,65.4,1,0.6991274944434153,0.7637775789523674,-0.6456391897999252,Applied AI/ML & Data Science Specialists
CP-1924,1.2,B.Tech/B.E,Tier 3 (Affiliated Colleges),Data Analytics & BI,Tier 1 Tech Hub (Bengaluru/NCR/Hyd),0,2,37.0,1,1,0,0,1,0,0,0,2,11.74,Junior Associate,2.33,1,1,0,1,3.0,1,0,2,31.8,2,-2.646867098742931,-1.517963676649632,1.646465657278023,Cloud & DevOps Infrastructure Architects
CP-1925,0.0,B.Tech/B.E,Tier 2 (Top State/Private),Full Stack Web,Tier 1 Tech Hub (Bengaluru/NCR/Hyd),1,2,26.0,1,1,1,0,1,0,0,1,4,13.12,Junior Associate,3.55,1,2,1,2,3.0,1,0,4,40.3,3,0.2072220862307958,-2.143682147486632,-0.03037667261789506,Emerging Full-Stack & Entry Developers
CP-1926,0.7,B.Tech/B.E,Tier 3 (Affiliated Colleges),Data Science & AI/ML,Remote Global,1,4,0.0,2,0,1,0,1,0,1,0,3,15.58,Job-Ready Mid-Level,4.3,1,2,0,1,3.0,0,1,3,36.7,1,-0.8607097652190219,-1.0760045951133224,1.7369818111726392,Applied AI/ML & Data Science Specialists
CP-1927,1.7,B.Tech/B.E,Tier 3 (Affiliated Colleges),Cloud & DevOps,Tier 1 Tech Hub (Bengaluru/NCR/Hyd),1,2,65.0,1,1,0,1,0,0,1,0,3,15.78,Job-Ready Mid-Level,4.53,0,2,1,1,3.0,1,0,3,42.1,1,-0.7974668328237761,-1.0561972568816866,-1.609954031966823,Applied AI/ML & Data Science Specialists
CP-1928,2.2,B.Tech/B.E,Tier 3 (Affiliated Colleges),Data Science & AI/ML,Tier 1 Tech Hub (Bengaluru/NCR/Hyd),1,4,17.0,1,0,1,0,1,0,0,0,2,16.68,Job-Ready Mid-Level,4.72,1,1,0,1,3.0,1,0,2,40.7,2,-1.8492962722565889,-0.17123231341858633,1.5187182248069024,Cloud & DevOps Infrastructure Architects
CP-1929,0.7,M.Tech/M.S,Tier 2 (Top State/Private),Full Stack Web,Tier 1 Tech Hub (Bengaluru/NCR/Hyd),0,5,227.0,0,1,0,1,1,0,1,0,4,20.76,Job-Ready Mid-Level,9.18,1,2,1,2,4.0,1,0,4,56.3,3,1.5220081907170666,0.16035745515547448,-0.06346601856939672,Emerging Full-Stack & Entry Developers
CP-1930,0.3,BCA/B.Sc CS,Tier 3 (Affiliated Colleges),Data Science & AI/ML,Tier 1 Tech Hub (Bengaluru/NCR/Hyd),3,8,218.0,2,0,1,1,1,1,0,0,4,19.62,Job-Ready Mid-Level,15.55,2,1,1,1,2.0,1,0,4,53.6,0,2.230993714881889,2.8183186402459,1.4567513011482436,Core Systems & Algorithmic Backend Specialists
CP-1931,4.0,B.Tech/B.E,Tier 3 (Affiliated Colleges),Cloud & DevOps,Tier 1 Tech Hub (Bengaluru/NCR/Hyd),2,3,143.0,0,1,1,0,1,0,1,0,4,25.45,High-Demand Specialist,8.68,1,3,0,1,3.0,1,0,4,64.7,0,1.9606277349451877,0.7849182671243002,0.939507829263452,Core Systems & Algorithmic Backend Specialists
CP-1932,9.2,B.Tech/B.E,Tier 2 (Top State/Private),Backend Systems,Tier 1 Tech Hub (Bengaluru/NCR/Hyd),0,4,73.0,3,0,1,1,1,1,0,0,4,36.38,High-Demand Specialist,4.62,2,1,1,2,3.0,1,0,4,67.1,3,1.9433535914987112,-0.747798859332256,1.744794474748582,Emerging Full-Stack & Entry Developers
CP-1933,1.6,Non-CS Degree,Tier 2 (Top State/Private),Full Stack Web,Tier 1 Tech Hub (Bengaluru/NCR/Hyd),2,3,54.0,1,1,1,0,1,1,0,0,4,17.9,Job-Ready Mid-Level,6.45,2,2,0,2,1.0,1,0,4,46.9,3,0.8444023773527719,-0.4517165430150902,2.7042936279293475,Emerging Full-Stack & Entry Developers
CP-1934,0.4,B.Tech/B.E,Tier 2 (Top State/Private),Data Analytics & BI,Tier 1 Tech Hub (Bengaluru/NCR/Hyd),1,3,150.0,1,1,1,1,0,1,0,0,4,16.01,Job-Ready Mid-Level,7.35,1,2,1,2,3.0,1,0,4,48.6,3,0.9359499116282152,-0.590749362195672,-0.06351021236977361,Emerging Full-Stack & Entry Developers
CP-1935,0.7,B.Tech/B.E,Tier 1 (IIT/NIT/BITS),Full Stack Web,Remote Global,0,2,253.0,0,1,1,0,0,0,0,0,2,18.61,Job-Ready Mid-Level,7.72,0,2,0,3,3.0,0,1,2,46.6,1,-1.5641732694660953,0.4575825842588956,0.2247989942241133,Applied AI/ML & Data Science Specialists
CP-1936,0.0,B.Tech/B.E,Tier 2 (Top State/Private),Full Stack Web,Tier 2 City,1,2,18.0,0,0,1,0,1,0,1,0,3,9.39,Junior Associate,3.35,1,2,0,2,3.0,0,0,3,35.8,1,-1.109037116141916,-1.5352326868445703,1.4858933062531567,Applied AI/ML & Data Science Specialists
CP-1937,5.4,M.Tech/M.S,Tier 2 (Top State/Private),Backend Systems,Tier 2 City,1,3,33.0,1,1,1,0,0,0,0,0,2,21.39,Job-Ready Mid-Level,4.42,0,2,0,2,4.0,0,0,2,61.5,1,-0.9203873739415394,0.39168846216405784,-0.10518332558929336,Applied AI/ML & Data Science Specialists
CP-1938,0.3,Non-CS Degree,Tier 2 (Top State/Private),Backend Systems,Tier 1 Tech Hub (Bengaluru/NCR/Hyd),1,2,39.0,0,0,1,0,0,0,0,1,2,10.21,Junior Associate,3.88,0,1,1,2,1.0,1,0,2,27.8,2,-2.8272764918555633,-1.2781845444629079,-1.4158444287113374,Cloud & DevOps Infrastructure Architects
CP-1939,1.9,B.Tech/B.E,Tier 2 (Top State/Private),Data Analytics & BI,Tier 2 City,2,6,48.0,0,1,1,0,1,0,1,0,4,15.61,Job-Ready Mid-Level,8.4,1,3,0,2,3.0,0,0,4,57.9,0,1.7078809816545726,0.7574688264041388,1.0293933166515994,Core Systems & Algorithmic Backend Specialists
CP-1940,0.7,MCA,Tier 2 (Top State/Private),Full Stack Web,Tier 1 Tech Hub (Bengaluru/NCR/Hyd),1,4,72.0,0,1,1,1,0,0,0,1,4,16.08,Job-Ready Mid-Level,6.1,0,2,2,2,2.5,1,0,4,46.5,3,0.6367118238780028,-1.1544612710827913,-3.0379725415708236,Emerging Full-Stack & Entry Developers
CP-1941,1.8,MCA,Tier 3 (Affiliated Colleges),Full Stack Web,Tier 1 Tech Hub (Bengaluru/NCR/Hyd),0,3,375.0,0,1,0,0,1,0,0,0,2,16.18,Job-Ready Mid-Level,11.48,1,1,0,1,2.5,1,0,2,48.4,0,-1.105126676312761,1.7410949482739932,1.5690624201961378,Core Systems & Algorithmic Backend Specialists
CP-1942,2.3,B.Tech/B.E,Tier 3 (Affiliated Colleges),Data Science & AI/ML,Tier 1 Tech Hub (Bengaluru/NCR/Hyd),3,9,49.0,0,1,1,0,1,0,1,0,4,22.88,Job-Ready Mid-Level,12.02,1,3,0,1,3.0,1,0,4,61.7,0,2.368553679700479,2.4863562108200985,0.7241231054901115,Core Systems & Algorithmic Backend Specialists
CP-1943,3.9,B.Tech/B.E,Tier 2 (Top State/Private),Full Stack Web,Tier 1 Tech Hub (Bengaluru/NCR/Hyd),0,5,60.0,1,0,0,1,1,0,1,0,3,24.86,High-Demand Specialist,5.0,1,1,1,2,3.0,1,0,3,58.0,2,0.10102704154402457,-0.42770362498337205,0.13159435523077603,Cloud & DevOps Infrastructure Architects
CP-1944,0.5,B.Tech/B.E,Tier 2 (Top State/Private),Full Stack Web,Tier 1 Tech Hub (Bengaluru/NCR/Hyd),1,2,366.0,3,1,1,1,0,1,1,0,5,21.05,Job-Ready Mid-Level,12.05,1,3,1,2,3.0,1,0,5,61.1,0,3.1625942291468374,0.4652733518781256,-0.3094611749749906,Core Systems & Algorithmic Backend Specialists
CP-1945,0.0,Non-CS Degree,Tier 1 (IIT/NIT/BITS),Data Analytics & BI,Remote Global,0,1,71.0,2,0,1,0,1,0,1,1,4,21.03,Job-Ready Mid-Level,2.47,1,2,1,3,1.0,0,1,4,36.4,3,-0.1811910017729836,-3.0030640000965563,0.40816815940768775,Emerging Full-Stack & Entry Developers
CP-1946,0.3,B.Tech/B.E,Tier 3 (Affiliated Colleges),Backend Systems,Tier 1 Tech Hub (Bengaluru/NCR/Hyd),0,1,225.0,2,1,1,1,0,1,0,0,4,13.94,Junior Associate,6.32,1,2,1,1,3.0,1,0,4,42.2,3,0.44603258446571353,-1.5352450297756322,0.09274274806376706,Emerging Full-Stack & Entry Developers
CP-1947,5.1,M.Tech/M.S,Tier 3 (Affiliated Colleges),Full Stack Web,Tier 1 Tech Hub (Bengaluru/NCR/Hyd),1,5,26.0,1,1,1,1,0,0,0,1,4,25.5,High-Demand Specialist,5.65,0,2,2,1,4.0,1,0,4,67.8,3,1.7533626175165782,-0.5119053352247688,-3.0110066658918555,Emerging Full-Stack & Entry Developers
CP-1948,4.6,B.Tech/B.E,Tier 3 (Affiliated Colleges),Data Science & AI/ML,Tier 1 Tech Hub (Bengaluru/NCR/Hyd),0,2,373.0,0,1,1,1,1,0,1,0,5,27.84,High-Demand Specialist,10.72,1,3,1,1,3.0,1,0,5,75.2,0,3.5822947030693038,0.3621693552080547,-0.2790102873807408,Core Systems & Algorithmic Backend Specialists
CP-1949,2.0,M.Tech/M.S,Tier 2 (Top State/Private),Backend Systems,Tier 1 Tech Hub (Bengaluru/NCR/Hyd),1,4,0.0,0,1,1,1,0,0,0,0,3,16.07,Job-Ready Mid-Level,4.3,0,2,1,2,4.0,1,0,3,50.5,1,-0.3606848815915081,-0.6677562415556487,-1.6481962035969686,Applied AI/ML & Data Science Specialists
CP-1950,2.0,B.Tech/B.E,Tier 3 (Affiliated Colleges),Data Science & AI/ML,Tier 1 Tech Hub (Bengaluru/NCR/Hyd),0,1,60.0,0,1,1,0,1,0,0,1,4,20.12,Job-Ready Mid-Level,2.2,1,2,1,1,3.0,1,0,4,43.9,3,0.1298203432752451,-2.7404566658374203,0.08114302079939681,Emerging Full-Stack & Entry Developers
CP-1951,2.4,BCA/B.Sc CS,Tier 1 (IIT/NIT/BITS),Cloud & DevOps,Tier 1 Tech Hub (Bengaluru/NCR/Hyd),1,4,9.0,0,1,1,0,0,0,0,1,3,21.28,Job-Ready Mid-Level,4.53,0,2,1,3,2.0,1,0,3,50.8,1,-0.42578363529325797,-0.6722525134450174,-1.737890441302487,Applied AI/ML & Data Science Specialists
CP-1952,0.4,MCA,Tier 3 (Affiliated Colleges),Data Science & AI/ML,Tier 2 City,1,5,26.0,0,0,1,0,0,1,0,1,3,11.73,Junior Associate,5.65,1,1,1,1,2.5,0,0,3,35.9,2,-0.9577700389616387,-0.9141733655832792,0.3665022520820841,Cloud & DevOps Infrastructure Architects
CP-1953,5.4,M.Tech/M.S,Tier 1 (IIT/NIT/BITS),Full Stack Web,Tier 1 Tech Hub (Bengaluru/NCR/Hyd),0,2,55.0,2,1,0,1,1,0,0,0,3,27.78,High-Demand Specialist,2.78,1,1,1,3,4.0,1,0,3,67.1,3,0.2901179731546018,-1.010124930094763,0.21329586681151064,Emerging Full-Stack & Entry Developers
CP-1954,1.2,MCA,Tier 3 (Affiliated Colleges),Backend Systems,Tier 1 Tech Hub (Bengaluru/NCR/Hyd),2,6,54.0,1,0,1,0,0,0,0,0,1,13.99,Junior Associate,8.55,0,1,0,1,2.5,1,0,1,36.4,2,-2.824225657638342,1.83947788021919,-0.17720085323993073,Cloud & DevOps Infrastructure Architects
CP-1955,1.1,B.Tech/B.E,Tier 2 (Top State/Private),Data Science & AI/ML,Tier 2 City,0,9,39.0,3,1,1,0,1,0,0,0,3,11.62,Junior Associate,7.28,1,2,0,2,3.0,0,0,3,47.8,1,0.008375964912567186,0.5114167173524895,1.3511787891825722,Applied AI/ML & Data Science Specialists
CP-1956,1.6,BCA/B.Sc CS,Tier 3 (Affiliated Colleges),Full Stack Web,Remote Global,0,4,352.0,0,1,1,0,1,0,1,0,4,20.66,Job-Ready Mid-Level,11.6,1,3,0,1,2.0,0,1,4,54.4,0,1.5580111720415428,0.8588364006747111,1.4814525644081404,Core Systems & Algorithmic Backend Specialists
CP-1957,0.1,B.Tech/B.E,Tier 3 (Affiliated Colleges),Full Stack Web,Tier 2 City,1,5,56.0,1,1,1,0,0,0,0,0,2,6.35,Entry-Level Learner,6.4,0,2,0,1,3.0,0,0,2,33.0,1,-2.1125009892964104,0.22252337619152773,-0.12061968006353682,Applied AI/ML & Data Science Specialists
CP-1958,0.4,B.Tech/B.E,Tier 1 (IIT/NIT/BITS),Backend Systems,Tier 2 City,1,5,118.0,1,0,1,0,0,0,0,0,1,12.08,Junior Associate,7.95,0,1,0,3,3.0,0,0,1,41.3,2,-2.723859195816189,1.4435967067438091,0.056909357816168654,Cloud & DevOps Infrastructure Architects
CP-1959,2.9,B.Tech/B.E,Tier 1 (IIT/NIT/BITS),Backend Systems,Tier 1 Tech Hub (Bengaluru/NCR/Hyd),1,4,2.0,1,1,0,1,0,0,0,0,2,19.46,Job-Ready Mid-Level,4.35,0,1,1,3,3.0,1,0,2,52.0,2,-1.4715056228035253,-0.001285779640485081,-1.4844999555718061,Cloud & DevOps Infrastructure Architects
CP-1960,0.2,B.Tech/B.E,Tier 3 (Affiliated Colleges),Data Science & AI/ML,Tier 1 Tech Hub (Bengaluru/NCR/Hyd),0,1,239.0,0,1,1,0,0,1,1,0,4,14.92,Junior Associate,6.68,1,3,0,1,3.0,1,0,4,42.3,1,0.4974627505010566,-1.2291879563289538,1.2021365389959076,Applied AI/ML & Data Science Specialists
CP-1961,2.0,B.Tech/B.E,Tier 2 (Top State/Private),Data Science & AI/ML,Tier 2 City,2,6,46.0,2,1,1,1,1,1,0,0,5,16.88,Job-Ready Mid-Level,8.35,2,2,1,2,3.0,0,0,5,62.5,3,3.078474495105601,0.047489529000523764,1.5108409781750793,Emerging Full-Stack & Entry Developers
CP-1962,0.6,Non-CS Degree,Tier 1 (IIT/NIT/BITS),Cloud & DevOps,Remote Global,1,2,348.0,0,1,1,0,0,1,0,0,3,20.89,Job-Ready Mid-Level,11.6,1,2,0,3,1.0,0,1,3,50.5,0,0.09713434127513795,1.329423220395118,1.6610563847061106,Core Systems & Algorithmic Backend Specialists
CP-1963,1.1,B.Tech/B.E,Tier 2 (Top State/Private),Full Stack Web,Tier 1 Tech Hub (Bengaluru/NCR/Hyd),0,3,62.0,2,0,1,1,1,1,0,0,4,16.98,Job-Ready Mid-Level,3.65,2,1,1,2,3.0,1,0,4,46.0,3,0.5326830490446285,-2.0646947989783317,1.8160801288159625,Emerging Full-Stack & Entry Developers
CP-1964,0.7,BCA/B.Sc CS,Tier 2 (Top State/Private),Cloud & DevOps,Tier 1 Tech Hub (Bengaluru/NCR/Hyd),1,8,0.0,0,0,1,0,1,1,1,0,4,18.02,Job-Ready Mid-Level,7.1,2,2,0,2,2.0,1,0,4,46.6,3,1.058190798833137,-0.08831739078580977,2.6838248831290166,Emerging Full-Stack & Entry Developers
CP-1965,1.0,B.Tech/B.E,Tier 1 (IIT/NIT/BITS),Data Science & AI/ML,Tier 2 City,2,5,58.0,2,1,1,1,1,0,1,0,5,18.68,Job-Ready Mid-Level,7.95,1,3,1,3,3.0,0,0,5,61.0,3,2.9659135851586336,-0.15332666801103859,-0.33531227730941876,Emerging Full-Stack & Entry Developers
CP-1966,2.8,B.Tech/B.E,Tier 2 (Top State/Private),Data Science & AI/ML,Tier 1 Tech Hub (Bengaluru/NCR/Hyd),1,3,126.0,0,1,1,1,0,0,0,0,3,18.75,Job-Ready Mid-Level,6.75,0,2,1,2,3.0,1,0,3,55.5,1,0.005337596127999577,0.11499087825469191,-1.6764823689201025,Applied AI/ML & Data Science Specialists
CP-1967,0.8,B.Tech/B.E,Tier 1 (IIT/NIT/BITS),Cloud & DevOps,Tier 1 Tech Hub (Bengaluru/NCR/Hyd),0,4,120.0,0,0,1,1,1,0,0,1,4,23.03,Job-Ready Mid-Level,5.8,1,1,2,3,3.0,1,0,4,52.2,3,0.9060288124435975,-1.4036875940883218,-1.176447640219095,Emerging Full-Stack & Entry Developers
CP-1968,1.8,Non-CS Degree,Tier 2 (Top State/Private),Data Science & AI/ML,Tier 1 Tech Hub (Bengaluru/NCR/Hyd),1,4,152.0,0,1,0,0,1,1,0,0,3,17.46,Job-Ready Mid-Level,8.1,2,1,0,2,1.0,1,0,3,46.5,2,-0.27773541831777854,0.45334976083034795,2.984781669934384,Cloud & DevOps Infrastructure Architects
CP-1969,1.4,MCA,Tier 3 (Affiliated Colleges),Data Analytics & BI,Tier 2 City,0,2,33.0,1,0,1,1,1,0,1,0,4,14.36,Junior Associate,2.22,1,2,1,1,2.5,0,0,4,39.3,3,0.021120970237746287,-2.7353877583035504,0.19059776276242832,Emerging Full-Stack & Entry Developers
CP-1970,2.4,MCA,Tier 3 (Affiliated Colleges),Data Science & AI/ML,Remote Global,1,2,40.0,0,1,1,1,0,1,0,0,4,17.29,Job-Ready Mid-Level,3.9,1,2,1,1,2.5,0,1,4,47.1,3,0.4635827087207154,-1.7715262911934766,0.42789591924574094,Emerging Full-Stack & Entry Developers
CP-1971,6.1,Non-CS Degree,Tier 3 (Affiliated Colleges),Data Science & AI/ML,Tier 1 Tech Hub (Bengaluru/NCR/Hyd),2,9,220.0,2,1,1,0,1,0,0,1,4,30.65,High-Demand Specialist,14.8,1,2,1,1,1.0,1,0,4,73.6,0,3.055294415525374,3.2148589845715456,-0.4052564692740667,Core Systems & Algorithmic Backend Specialists
CP-1972,2.9,B.Tech/B.E,Tier 2 (Top State/Private),Backend Systems,Tier 1 Tech Hub (Bengaluru/NCR/Hyd),1,6,24.0,1,1,1,0,1,0,1,0,4,22.29,Job-Ready Mid-Level,6.3,1,3,0,2,3.0,1,0,4,59.4,1,1.5778160278312865,0.0032635439398544966,0.910912981016372,Applied AI/ML & Data Science Specialists
CP-1973,0.5,B.Tech/B.E,Tier 3 (Affiliated Colleges),Full Stack Web,Tier 1 Tech Hub (Bengaluru/NCR/Hyd),1,6,22.0,0,0,0,0,1,0,1,0,2,12.54,Junior Associate,6.25,1,1,0,1,3.0,1,0,2,34.8,2,-1.9466973278790798,0.27805335055299607,1.4684910034139047,Cloud & DevOps Infrastructure Architects
CP-1974,0.1,BCA/B.Sc CS,Tier 2 (Top State/Private),Cloud & DevOps,Tier 1 Tech Hub (Bengaluru/NCR/Hyd),2,4,122.0,1,1,1,1,0,0,0,0,3,12.75,Junior Associate,8.85,0,2,1,2,2.0,1,0,3,42.3,1,-0.35587142047396786,0.637581848578962,-1.788594351334308,Applied AI/ML & Data Science Specialists
CP-1975,0.7,B.Tech/B.E,Tier 1 (IIT/NIT/BITS),Data Science & AI/ML,Tier 1 Tech Hub (Bengaluru/NCR/Hyd),1,9,47.0,0,1,1,1,0,0,1,0,4,19.83,Job-Ready Mid-Level,8.98,0,3,1,3,3.0,1,0,4,57.0,1,1.6661871327694437,0.8317553685482555,-2.1096336142689642,Applied AI/ML & Data Science Specialists
CP-1976,2.0,B.Tech/B.E,Tier 3 (Affiliated Colleges),Cloud & DevOps,Tier 1 Tech Hub (Bengaluru/NCR/Hyd),1,6,150.0,0,1,1,1,1,0,1,0,5,21.89,Job-Ready Mid-Level,9.45,1,3,1,1,3.0,1,0,5,60.1,3,2.95537822038747,0.15044577095736447,-0.420758367901962,Emerging Full-Stack & Entry Developers
CP-1977,0.1,B.Tech/B.E,Tier 3 (Affiliated Colleges),Data Analytics & BI,Tier 1 Tech Hub (Bengaluru/NCR/Hyd),0,5,72.0,1,1,1,1,1,1,0,0,5,14.83,Junior Associate,5.3,2,2,1,1,3.0,1,0,5,43.7,3,1.7335890940136116,-1.9755181519817702,1.5501723758213555,Emerging Full-Stack & Entry Developers
CP-1978,1.5,BCA/B.Sc CS,Tier 3 (Affiliated Colleges),Full Stack Web,Tier 2 City,1,3,374.0,0,1,1,0,0,0,0,0,2,12.71,Junior Associate,12.95,0,2,0,1,2.0,0,0,2,47.8,0,-1.0008911778399707,2.390345482743783,-0.14015716491247546,Core Systems & Algorithmic Backend Specialists
CP-1979,2.0,BCA/B.Sc CS,Tier 3 (Affiliated Colleges),Data Analytics & BI,Tier 2 City,1,6,222.0,2,1,1,0,0,1,0,0,3,14.01,Junior Associate,11.25,1,2,0,1,2.0,0,0,3,51.7,0,0.3827602757109655,1.6937246932257244,1.3731465359377217,Core Systems & Algorithmic Backend Specialists
CP-1980,0.9,B.Tech/B.E,Tier 2 (Top State/Private),Cloud & DevOps,Tier 1 Tech Hub (Bengaluru/NCR/Hyd),1,3,150.0,0,0,1,0,0,0,0,0,1,12.31,Junior Associate,7.35,0,1,0,2,3.0,1,0,1,38.6,2,-2.9981212191489877,1.0152562683220687,-0.040676201086736086,Cloud & DevOps Infrastructure Architects
CP-1981,3.2,B.Tech/B.E,Tier 2 (Top State/Private),Full Stack Web,Tier 1 Tech Hub (Bengaluru/NCR/Hyd),3,7,73.0,1,1,1,1,0,0,1,0,4,25.2,High-Demand Specialist,11.22,0,3,1,2,3.0,1,0,4,69.1,0,2.529312132568195,2.1325872401003774,-2.18696399409845,Core Systems & Algorithmic Backend Specialists
CP-1982,0.2,BCA/B.Sc CS,Tier 3 (Affiliated Colleges),Cloud & DevOps,Remote Global,2,2,46.0,2,1,1,1,1,0,0,1,5,17.81,Job-Ready Mid-Level,5.55,1,2,2,1,2.0,0,1,5,41.5,3,1.5824044982183727,-2.1202844483223493,-1.0159005035962616,Emerging Full-Stack & Entry Developers
CP-1983,0.2,BCA/B.Sc CS,Tier 2 (Top State/Private),Cloud & DevOps,Tier 1 Tech Hub (Bengaluru/NCR/Hyd),1,3,244.0,0,0,0,1,1,1,0,0,3,17.18,Job-Ready Mid-Level,9.7,2,0,1,2,2.0,1,0,3,44.2,2,-0.26498184020620297,0.4411535792094096,1.948679367471844,Cloud & DevOps Infrastructure Architects
CP-1984,2.9,B.Tech/B.E,Tier 2 (Top State/Private),Data Science & AI/ML,Tier 2 City,1,4,54.0,1,0,1,1,0,1,0,1,4,17.84,Job-Ready Mid-Level,5.65,1,1,2,2,3.0,0,0,4,58.3,3,1.2450094819533208,-1.070582376784827,-1.0121043631364834,Emerging Full-Stack & Entry Developers
CP-1985,1.5,M.Tech/M.S,Tier 3 (Affiliated Colleges),Full Stack Web,Tier 1 Tech Hub (Bengaluru/NCR/Hyd),1,8,152.0,0,1,0,0,0,0,0,0,1,14.37,Junior Associate,10.9,0,1,0,1,4.0,1,0,1,46.5,2,-2.1474594346567693,2.8376645215233522,-0.11982495070970071,Cloud & DevOps Infrastructure Architects
CP-1986,2.6,B.Tech/B.E,Tier 3 (Affiliated Colleges),Full Stack Web,Tier 2 City,0,5,66.0,1,1,1,0,0,0,0,0,2,11.76,Junior Associate,5.15,0,2,0,1,3.0,0,0,2,43.5,1,-1.7849840610352699,-0.021781949799810994,-0.07477581855219168,Applied AI/ML & Data Science Specialists
CP-1987,1.3,B.Tech/B.E,Tier 2 (Top State/Private),Full Stack Web,Tier 2 City,0,5,26.0,1,0,0,1,0,0,0,0,1,7.23,Entry-Level Learner,4.15,0,0,1,2,3.0,0,0,1,35.3,2,-3.460750315877596,-0.25627796184751606,-0.9595023818949712,Cloud & DevOps Infrastructure Architects
CP-1988,0.6,M.Tech/M.S,Tier 3 (Affiliated Colleges),Data Analytics & BI,Tier 2 City,2,6,42.0,0,1,0,1,0,0,0,0,2,10.8,Junior Associate,8.25,0,1,1,1,4.0,0,0,2,41.8,2,-1.4923596496743512,1.1582915255156911,-1.302838530015646,Cloud & DevOps Infrastructure Architects
CP-1989,3.8,BCA/B.Sc CS,Tier 3 (Affiliated Colleges),Full Stack Web,Remote Global,1,2,2.0,1,1,1,0,0,0,0,0,2,16.87,Job-Ready Mid-Level,2.95,0,2,0,1,2.0,0,1,2,42.7,1,-2.100351731383909,-0.756951207689798,0.17101698686995814,Applied AI/ML & Data Science Specialists
CP-1990,3.5,B.Tech/B.E,Tier 3 (Affiliated Colleges),Backend Systems,Remote Global,2,5,145.0,1,1,0,1,0,0,1,0,3,25.03,High-Demand Specialist,10.12,0,2,1,1,3.0,0,1,3,60.4,0,0.6954913409146197,1.605225665878657,-1.3276885689326305,Core Systems & Algorithmic Backend Specialists
CP-1991,2.6,BCA/B.Sc CS,Tier 2 (Top State/Private),Full Stack Web,Tier 1 Tech Hub (Bengaluru/NCR/Hyd),0,5,105.0,1,1,0,0,0,1,0,0,2,14.71,Junior Associate,6.12,1,1,0,2,2.0,1,0,2,46.1,2,-1.6189197889020905,0.3313088624043183,1.506216077469345,Cloud & DevOps Infrastructure Architects
CP-1992,0.7,BCA/B.Sc CS,Tier 2 (Top State/Private),Full Stack Web,Tier 1 Tech Hub (Bengaluru/NCR/Hyd),1,3,32.0,2,1,1,0,0,0,0,0,2,10.42,Junior Associate,4.4,0,2,0,2,2.0,1,0,2,33.8,1,-2.314741240938651,-0.47205989558174477,-0.32378400019551473,Applied AI/ML & Data Science Specialists
CP-1993,2.0,M.Tech/M.S,Tier 2 (Top State/Private),Data Analytics & BI,Tier 1 Tech Hub (Bengaluru/NCR/Hyd),1,4,146.0,1,1,0,1,0,0,0,0,2,17.62,Job-Ready Mid-Level,7.95,0,1,1,2,4.0,1,0,2,52.4,2,-1.1026168776649496,1.0068736433454242,-1.412478387060826,Cloud & DevOps Infrastructure Architects
CP-1994,1.0,M.Tech/M.S,Tier 1 (IIT/NIT/BITS),Full Stack Web,Tier 2 City,1,3,219.0,1,0,1,1,0,0,0,0,2,16.85,Job-Ready Mid-Level,9.07,0,1,1,3,4.0,0,0,2,53.4,2,-0.9617807679254616,1.154772336371894,-1.2263399596147004,Cloud & DevOps Infrastructure Architects
CP-1995,0.2,BCA/B.Sc CS,Tier 2 (Top State/Private),Full Stack Web,Tier 2 City,2,4,109.0,1,1,1,0,0,0,1,0,3,12.46,Junior Associate,8.52,0,3,0,2,2.0,0,0,3,42.3,1,-0.3052758396646322,0.709945478996784,-0.49865840379784715,Applied AI/ML & Data Science Specialists
CP-1996,5.5,B.Tech/B.E,Tier 2 (Top State/Private),Data Science & AI/ML,Tier 1 Tech Hub (Bengaluru/NCR/Hyd),3,6,51.0,1,1,0,1,0,1,0,0,3,27.71,High-Demand Specialist,9.98,1,1,1,2,3.0,1,0,3,71.8,0,1.3485045388664345,2.31093363555796,-0.08004640457679398,Core Systems & Algorithmic Backend Specialists
CP-1997,0.3,B.Tech/B.E,Tier 2 (Top State/Private),Full Stack Web,Tier 1 Tech Hub (Bengaluru/NCR/Hyd),0,5,41.0,0,1,0,0,0,0,0,0,1,8.49,Entry-Level Learner,4.53,0,1,0,2,3.0,1,0,1,30.9,2,-3.6394748048549665,-0.0008225539635377654,-0.019273359282607993,Cloud & DevOps Infrastructure Architects
CP-1998,6.6,B.Tech/B.E,Tier 3 (Affiliated Colleges),Data Science & AI/ML,Tier 2 City,0,4,245.0,2,1,1,1,0,1,0,1,5,26.63,High-Demand Specialist,8.93,1,2,2,1,3.0,0,0,5,74.3,3,3.4876794654514955,-0.2721029430865432,-1.1967300673494123,Emerging Full-Stack & Entry Developers
CP-1999,1.3,B.Tech/B.E,Tier 1 (IIT/NIT/BITS),Backend Systems,Tier 1 Tech Hub (Bengaluru/NCR/Hyd),0,1,56.0,0,1,1,0,0,0,0,0,2,12.75,Junior Associate,2.1,0,2,0,3,3.0,1,0,2,40.2,1,-2.3599396320404398,-1.3763445520530209,-0.19864371397379132,Applied AI/ML & Data Science Specialists
CP-2000,0.5,BCA/B.Sc CS,Tier 3 (Affiliated Colleges),Full Stack Web,Tier 1 Tech Hub (Bengaluru/NCR/Hyd),1,4,242.0,0,1,1,0,1,1,0,0,4,17.85,Job-Ready Mid-Level,10.35,2,2,0,1,2.0,1,0,4,46.8,0,1.1484106748527467,0.4946141436518079,2.818063027227173,Core Systems & Algorithmic Backend Specialists
CP-2001,1.7,B.Tech/B.E,Tier 3 (Affiliated Colleges),Backend Systems,Tier 2 City,1,2,130.0,1,1,1,1,0,0,0,1,4,13.64,Junior Associate,6.15,0,2,2,1,3.0,0,0,4,49.0,3,0.7420259039663943,-1.308047047324452,-2.76112347461442,Emerging Full-Stack & Entry Developers
CP-2002,4.5,B.Tech/B.E,Tier 1 (IIT/NIT/BITS),Cloud & DevOps,Tier 1 Tech Hub (Bengaluru/NCR/Hyd),1,4,106.0,0,1,1,0,0,0,0,0,2,24.84,High-Demand Specialist,6.95,0,2,0,3,3.0,1,0,2,64.3,1,-0.6366550754872317,1.3367953396896037,-0.38769706679406285,Applied AI/ML & Data Science Specialists
CP-2003,2.9,B.Tech/B.E,Tier 3 (Affiliated Colleges),Full Stack Web,Tier 1 Tech Hub (Bengaluru/NCR/Hyd),1,4,362.0,0,1,1,1,0,0,0,0,3,21.05,Job-Ready Mid-Level,13.35,0,2,1,1,3.0,1,0,3,62.8,0,0.9445383754166726,2.3300804392364807,-1.688184983987301,Core Systems & Algorithmic Backend Specialists
CP-2004,3.6,B.Tech/B.E,Tier 2 (Top State/Private),Full Stack Web,Tier 1 Tech Hub (Bengaluru/NCR/Hyd),1,5,149.0,0,1,0,1,0,1,0,0,3,23.23,Job-Ready Mid-Level,8.72,1,1,1,2,3.0,1,0,3,62.7,0,0.5798264713793131,1.0539300495940473,0.09671307776046555,Core Systems & Algorithmic Backend Specialists
CP-2005,2.4,B.Tech/B.E,Tier 2 (Top State/Private),Data Analytics & BI,Tier 1 Tech Hub (Bengaluru/NCR/Hyd),2,6,7.0,2,0,1,0,1,1,1,1,5,27.71,High-Demand Specialist,7.37,2,2,1,2,3.0,1,0,5,62.8,3,3.0690171261932493,-0.38374759737778996,1.3534331513284348,Emerging Full-Stack & Entry Developers
CP-2006,2.6,M.Tech/M.S,Tier 3 (Affiliated Colleges),Backend Systems,Tier 1 Tech Hub (Bengaluru/NCR/Hyd),1,6,34.0,0,1,1,0,1,0,0,1,4,20.84,Job-Ready Mid-Level,6.55,1,2,1,1,4.0,1,0,4,57.2,3,1.4102290980611776,-0.34621768630508076,-0.09385958259982025,Emerging Full-Stack & Entry Developers
CP-2007,4.2,B.Tech/B.E,Tier 2 (Top State/Private),Data Science & AI/ML,Tier 1 Tech Hub (Bengaluru/NCR/Hyd),1,2,4.0,0,1,1,0,0,0,0,0,2,18.73,Job-Ready Mid-Level,3.0,0,2,0,2,3.0,1,0,2,52.0,1,-1.6235137452818507,-0.39003420581128595,-0.2871819532106367,Applied AI/ML & Data Science Specialists
CP-2008,0.6,BCA/B.Sc CS,Tier 3 (Affiliated Colleges),Full Stack Web,Tier 1 Tech Hub (Bengaluru/NCR/Hyd),0,1,20.0,1,0,0,1,1,0,0,1,3,12.39,Junior Associate,1.2,1,0,2,1,2.0,1,0,3,27.9,2,-1.9283464433075392,-3.205785263550168,-0.8081485810499613,Cloud & DevOps Infrastructure Architects
CP-2009,1.5,Non-CS Degree,Tier 1 (IIT/NIT/BITS),Full Stack Web,Tier 1 Tech Hub (Bengaluru/NCR/Hyd),1,2,26.0,3,0,1,0,1,0,0,1,3,19.47,Job-Ready Mid-Level,3.55,1,1,1,3,1.0,1,0,3,41.5,2,-0.8938508224696576,-1.5438933679589795,0.09498523830597261,Cloud & DevOps Infrastructure Architects
CP-2010,0.6,B.Tech/B.E,Tier 3 (Affiliated Colleges),Data Science & AI/ML,Tier 1 Tech Hub (Bengaluru/NCR/Hyd),1,4,46.0,1,1,1,0,1,0,0,0,3,13.43,Junior Associate,5.45,1,2,0,1,3.0,1,0,3,38.1,1,-0.773372902440455,-0.5650996082533252,1.2785393142199406,Applied AI/ML & Data Science Specialists
CP-2011,9.5,B.Tech/B.E,Tier 2 (Top State/Private),Cloud & DevOps,Tier 1 Tech Hub (Bengaluru/NCR/Hyd),1,2,0.0,2,1,1,0,0,1,0,0,3,33.34,High-Demand Specialist,2.9,1,2,0,2,3.0,1,0,3,60.0,1,0.26482717777544756,-0.5432932072898773,1.2914949731656682,Applied AI/ML & Data Science Specialists
CP-2012,6.3,B.Tech/B.E,Tier 3 (Affiliated Colleges),Data Analytics & BI,Remote Global,2,3,52.0,2,1,0,0,0,0,1,0,2,30.58,High-Demand Specialist,6.4,0,2,0,1,3.0,0,1,2,57.5,1,-0.8228927594805746,1.0971314247130264,0.0846355319262407,Applied AI/ML & Data Science Specialists
CP-2013,0.1,BCA/B.Sc CS,Tier 2 (Top State/Private),Full Stack Web,Tier 1 Tech Hub (Bengaluru/NCR/Hyd),2,3,249.0,1,1,1,0,1,0,0,1,4,20.25,Job-Ready Mid-Level,11.32,1,2,1,2,2.0,1,0,4,50.6,0,1.4092622532067598,0.7633169637129296,-0.18547048530330262,Core Systems & Algorithmic Backend Specialists
CP-2014,2.7,BCA/B.Sc CS,Tier 3 (Affiliated Colleges),Data Analytics & BI,Remote Global,2,6,126.0,0,0,0,0,1,0,1,0,2,24.9,High-Demand Specialist,10.35,1,1,0,1,2.0,0,1,2,49.5,0,-0.8976243839734448,2.1163505521033406,1.7896097184121762,Core Systems & Algorithmic Backend Specialists
CP-2015,5.7,B.Tech/B.E,Tier 3 (Affiliated Colleges),Cloud & DevOps,Tier 2 City,1,8,351.0,1,1,1,0,0,0,0,1,3,23.01,Job-Ready Mid-Level,15.88,0,2,1,1,3.0,0,0,3,76.0,0,2.000623305013494,3.78680321208607,-1.6091464563648614,Core Systems & Algorithmic Backend Specialists
CP-2016,0.4,B.Tech/B.E,Tier 2 (Top State/Private),Full Stack Web,Tier 1 Tech Hub (Bengaluru/NCR/Hyd),1,4,15.0,1,0,1,0,0,0,0,1,2,13.03,Junior Associate,4.68,0,1,1,2,3.0,1,0,2,35.8,2,-2.185685925602166,-0.638881353525276,-1.392311727201398,Cloud & DevOps Infrastructure Architects
CP-2017,1.8,MCA,Tier 3 (Affiliated Colleges),Data Science & AI/ML,Tier 2 City,1,5,35.0,0,0,0,1,0,0,0,1,2,13.83,Junior Associate,5.88,0,0,2,1,2.5,0,0,2,39.1,2,-2.0225026825200496,-0.29085947990569094,-2.3587593291768068,Cloud & DevOps Infrastructure Architects
CP-2018,5.4,B.Tech/B.E,Tier 2 (Top State/Private),Cloud & DevOps,Tier 1 Tech Hub (Bengaluru/NCR/Hyd),0,2,60.0,3,1,1,1,1,0,0,1,5,27.0,High-Demand Specialist,2.9,1,2,2,2,3.0,1,0,5,68.4,3,2.629947460661096,-2.3931350233078197,-1.377002862267978,Emerging Full-Stack & Entry Developers
CP-2019,0.1,B.Tech/B.E,Tier 3 (Affiliated Colleges),Data Analytics & BI,Tier 2 City,0,2,38.0,1,1,1,0,0,1,0,0,3,7.04,Entry-Level Learner,2.35,1,2,0,1,3.0,0,0,3,30.5,1,-1.5685133235965534,-2.197359622694782,1.6270744185854782,Applied AI/ML & Data Science Specialists
CP-2020,2.6,MCA,Tier 2 (Top State/Private),Cloud & DevOps,Tier 1 Tech Hub (Bengaluru/NCR/Hyd),0,3,59.0,2,0,1,0,1,0,0,1,3,19.96,Job-Ready Mid-Level,3.58,1,1,1,2,2.5,1,0,3,47.6,2,-0.6009689755337791,-1.503737919733529,0.21833006600313243,Cloud & DevOps Infrastructure Architects
CP-2021,0.8,BCA/B.Sc CS,Tier 3 (Affiliated Colleges),Data Science & AI/ML,Tier 2 City,0,7,7.0,1,1,0,1,0,0,0,0,2,7.01,Entry-Level Learner,5.07,0,1,1,1,2.0,0,0,2,31.2,2,-2.418129805745372,-0.4088527051668832,-1.267883461500281,Cloud & DevOps Infrastructure Architects
CP-2022,5.7,MCA,Tier 3 (Affiliated Colleges),Data Science & AI/ML,Tier 1 Tech Hub (Bengaluru/NCR/Hyd),1,4,13.0,0,1,1,0,0,0,0,0,2,22.3,Job-Ready Mid-Level,4.62,0,2,0,1,2.5,1,0,2,53.0,1,-1.352500476995053,0.3644896693579113,-0.33783429508439317,Applied AI/ML & Data Science Specialists
CP-2023,7.8,BCA/B.Sc CS,Tier 2 (Top State/Private),Data Science & AI/ML,Tier 2 City,3,8,127.0,2,1,0,1,0,1,1,0,4,28.43,High-Demand Specialist,13.27,1,2,1,2,2.0,0,0,4,78.4,0,3.3284790716495176,3.2163800655504438,-0.2597575137431148,Core Systems & Algorithmic Backend Specialists
CP-2024,6.4,M.Tech/M.S,Tier 2 (Top State/Private),Cloud & DevOps,Tier 1 Tech Hub (Bengaluru/NCR/Hyd),0,4,148.0,1,0,0,0,0,1,1,0,2,29.71,High-Demand Specialist,6.5,1,1,0,2,4.0,1,0,2,65.0,2,-0.48562295074754913,0.9220531280204426,1.5818139111213851,Cloud & DevOps Infrastructure Architects
CP-2025,1.4,B.Tech/B.E,Tier 2 (Top State/Private),Data Analytics & BI,Remote Global,2,6,60.0,0,1,1,0,0,0,0,1,3,19.53,Job-Ready Mid-Level,8.7,0,2,1,2,3.0,0,1,3,51.7,1,0.12949607187871282,0.8842093358421417,-1.325062592114722,Applied AI/ML & Data Science Specialists
CP-2026,4.4,M.Tech/M.S,Tier 3 (Affiliated Colleges),Data Science & AI/ML,Tier 1 Tech Hub (Bengaluru/NCR/Hyd),0,4,40.0,2,1,1,1,1,1,0,0,5,24.84,High-Demand Specialist,3.8,2,2,1,1,4.0,1,0,5,65.8,3,2.7050129892604655,-1.8033661722328576,1.5784005883622514,Emerging Full-Stack & Entry Developers
CP-2027,4.1,MCA,Tier 2 (Top State/Private),Data Analytics & BI,Tier 2 City,0,6,63.0,0,1,1,0,1,0,0,0,3,17.28,Job-Ready Mid-Level,5.78,1,2,0,2,2.5,0,0,3,58.8,1,0.17706011400495908,0.1642219473992978,1.3856781448160764,Applied AI/ML & Data Science Specialists
CP-2028,0.8,BCA/B.Sc CS,Tier 2 (Top State/Private),Cloud & DevOps,Tier 1 Tech Hub (Bengaluru/NCR/Hyd),1,4,4.0,1,0,1,1,0,1,0,1,4,16.17,Job-Ready Mid-Level,4.4,1,1,2,2,2.0,1,0,4,42.6,3,0.35377282802067106,-1.8855072680269422,-1.208834659678087,Emerging Full-Stack & Entry Developers
CP-2029,3.9,B.Tech/B.E,Tier 3 (Affiliated Colleges),Cloud & DevOps,Tier 1 Tech Hub (Bengaluru/NCR/Hyd),1,4,359.0,0,1,1,0,0,1,0,0,3,22.36,Job-Ready Mid-Level,13.27,1,2,0,1,3.0,1,0,3,67.7,0,1.2312057445600093,2.59813665335872,1.260074469850308,Core Systems & Algorithmic Backend Specialists
CP-2030,0.1,B.Tech/B.E,Tier 2 (Top State/Private),Backend Systems,Tier 2 City,0,4,223.0,2,1,1,1,1,1,1,0,6,14.88,Junior Associate,8.38,2,3,1,2,3.0,0,0,6,57.2,3,3.8291240999488174,-1.3755915313189924,1.4568685050600052,Emerging Full-Stack & Entry Developers
CP-2031,2.0,B.Tech/B.E,Tier 3 (Affiliated Colleges),Data Science & AI/ML,Remote Global,0,7,10.0,1,1,1,0,1,1,1,0,5,22.06,Job-Ready Mid-Level,5.15,2,3,0,1,3.0,0,1,5,53.0,3,2.298144370918304,-1.381507565492387,3.0491650674367174,Emerging Full-Stack & Entry Developers
CP-2032,0.6,B.Tech/B.E,Tier 2 (Top State/Private),Backend Systems,Tier 1 Tech Hub (Bengaluru/NCR/Hyd),1,3,16.0,0,0,0,0,1,1,1,0,3,16.6,Job-Ready Mid-Level,4.0,2,1,0,2,3.0,1,0,3,39.9,2,-0.821762166893378,-1.1468172922075364,3.1095617855684208,Cloud & DevOps Infrastructure Architects
CP-2033,0.3,B.Tech/B.E,Tier 1 (IIT/NIT/BITS),Data Science & AI/ML,Remote Global,0,1,74.0,0,1,1,1,0,0,0,0,3,15.19,Job-Ready Mid-Level,2.55,0,2,1,3,3.0,0,1,3,40.1,1,-1.2318210091992614,-2.0974141193750433,-1.0962429487977512,Applied AI/ML & Data Science Specialists
CP-2034,0.2,BCA/B.Sc CS,Tier 3 (Affiliated Colleges),Full Stack Web,Tier 2 City,1,3,5.0,0,0,1,0,1,0,0,1,3,10.44,Junior Associate,3.72,1,1,1,1,2.0,0,0,3,30.1,2,-1.4556292200264187,-1.8119661429207041,0.37074885219602133,Cloud & DevOps Infrastructure Architects
CP-2035,2.6,BCA/B.Sc CS,Tier 1 (IIT/NIT/BITS),Data Analytics & BI,Tier 2 City,1,5,213.0,1,1,0,0,0,1,1,0,3,20.08,Job-Ready Mid-Level,10.32,1,2,0,3,2.0,0,0,3,61.4,0,0.7224634881066166,1.6513664481551744,1.3177598600277856,Core Systems & Algorithmic Backend Specialists
CP-2036,0.9,B.Tech/B.E,Tier 2 (Top State/Private),Backend Systems,Tier 1 Tech Hub (Bengaluru/NCR/Hyd),0,3,147.0,0,0,0,0,0,1,0,0,1,12.16,Junior Associate,5.78,1,0,0,2,3.0,1,0,1,36.0,2,-3.3238359008992546,0.18416499073379203,1.8685038465868915,Cloud & DevOps Infrastructure Architects
CP-2037,2.8,BCA/B.Sc CS,Tier 3 (Affiliated Colleges),Full Stack Web,Tier 1 Tech Hub (Bengaluru/NCR/Hyd),2,6,43.0,3,0,1,0,0,1,0,0,2,19.64,Job-Ready Mid-Level,8.27,1,1,0,1,2.0,1,0,2,46.5,2,-1.1471019879858495,1.4568189143688453,1.3798766085603902,Cloud & DevOps Infrastructure Architects
CP-2038,0.1,B.Tech/B.E,Tier 2 (Top State/Private),Cloud & DevOps,Remote Global,0,2,33.0,2,1,0,0,1,0,0,1,3,13.98,Junior Associate,2.22,1,1,1,2,3.0,0,1,3,34.4,2,-1.4103238608113744,-2.443343979819684,0.7450355954985497,Cloud & DevOps Infrastructure Architects
CP-2039,0.8,B.Tech/B.E,Tier 3 (Affiliated Colleges),Cloud & DevOps,Tier 1 Tech Hub (Bengaluru/NCR/Hyd),1,6,125.0,1,1,0,0,1,1,0,0,3,16.03,Job-Ready Mid-Level,8.82,2,1,0,1,3.0,1,0,3,44.7,2,-0.10977921802552827,0.7495681803782089,3.0533472498947276,Cloud & DevOps Infrastructure Architects
CP-2040,1.7,B.Tech/B.E,Tier 3 (Affiliated Colleges),Data Analytics & BI,Tier 1 Tech Hub (Bengaluru/NCR/Hyd),2,2,42.0,0,1,0,0,0,1,0,0,2,14.15,Junior Associate,5.45,1,1,0,1,3.0,1,0,2,39.5,2,-1.9506591532344615,0.06477920827427969,1.535775421680318,Cloud & DevOps Infrastructure Architects
CP-2041,3.4,B.Tech/B.E,Tier 2 (Top State/Private),Data Science & AI/ML,Tier 1 Tech Hub (Bengaluru/NCR/Hyd),3,8,110.0,2,1,1,0,1,0,0,0,3,25.05,High-Demand Specialist,12.85,1,2,0,2,3.0,1,0,3,68.6,0,1.6047856351679857,3.4147400003030746,0.9591466548530485,Core Systems & Algorithmic Backend Specialists
CP-2042,0.8,B.Tech/B.E,Tier 1 (IIT/NIT/BITS),Data Analytics & BI,Tier 1 Tech Hub (Bengaluru/NCR/Hyd),1,5,59.0,2,0,1,1,1,0,0,1,4,21.8,Job-Ready Mid-Level,6.48,1,1,2,3,3.0,1,0,4,53.3,3,1.184296719319534,-0.8425566013524863,-1.2713312338636507,Emerging Full-Stack & Entry Developers
CP-2043,2.2,B.Tech/B.E,Tier 3 (Affiliated Colleges),Full Stack Web,Tier 2 City,1,5,0.0,0,1,1,1,0,1,0,0,4,12.59,Junior Associate,5.0,1,2,1,1,3.0,0,0,4,49.5,3,0.804874149928807,-1.0449895100353277,0.08956991249368192,Emerging Full-Stack & Entry Developers
CP-2044,4.8,B.Tech/B.E,Tier 2 (Top State/Private),Full Stack Web,Tier 2 City,0,4,113.0,1,1,0,1,0,1,0,0,3,18.6,Job-Ready Mid-Level,5.62,1,1,1,2,3.0,0,0,3,63.6,2,0.2881221611386429,-0.1670104093540654,0.36711485556207873,Cloud & DevOps Infrastructure Architects
CP-2045,2.1,M.Tech/M.S,Tier 1 (IIT/NIT/BITS),Full Stack Web,Tier 1 Tech Hub (Bengaluru/NCR/Hyd),1,3,59.0,3,1,0,1,1,0,0,1,4,25.62,High-Demand Specialist,5.07,1,1,2,3,4.0,1,0,4,60.6,3,1.3875658247323264,-1.1678142205865867,-1.1954615339512973,Emerging Full-Stack & Entry Developers
CP-2046,0.6,B.Tech/B.E,Tier 3 (Affiliated Colleges),Full Stack Web,Tier 1 Tech Hub (Bengaluru/NCR/Hyd),1,2,0.0,1,1,0,1,0,0,0,0,2,10.23,Junior Associate,2.9,0,1,1,1,3.0,1,0,2,29.7,2,-2.723432558238884,-1.3481253754055849,-1.3377848491473594,Cloud & DevOps Infrastructure Architects
CP-2047,0.1,BCA/B.Sc CS,Tier 1 (IIT/NIT/BITS),Backend Systems,Tier 1 Tech Hub (Bengaluru/NCR/Hyd),1,3,0.0,2,1,1,1,1,0,0,1,5,17.67,Job-Ready Mid-Level,3.6,1,2,2,3,2.0,1,0,5,46.1,3,1.6234659155953166,-2.587600275821403,-1.497235152808386,Emerging Full-Stack & Entry Developers
CP-2048,4.5,BCA/B.Sc CS,Tier 3 (Affiliated Colleges),Full Stack Web,Tier 1 Tech Hub (Bengaluru/NCR/Hyd),2,7,59.0,3,1,1,1,1,0,1,1,6,31.03,High-Demand Specialist,9.38,1,3,2,1,2.0,1,0,6,73.6,3,4.851924678725521,0.026687063390024145,-1.9152609539751906,Emerging Full-Stack & Entry Developers
CP-2049,0.0,M.Tech/M.S,Tier 1 (IIT/NIT/BITS),Backend Systems,Tier 1 Tech Hub (Bengaluru/NCR/Hyd),0,3,60.0,0,1,1,1,0,1,1,1,6,23.03,Job-Ready Mid-Level,3.6,1,3,2,3,4.0,1,0,6,56.0,3,3.2181917096029364,-3.1541339951791456,-1.571679084913852,Emerging Full-Stack & Entry Developers
CP-2050,4.6,Non-CS Degree,Tier 1 (IIT/NIT/BITS),Data Science & AI/ML,Remote Global,2,7,33.0,3,1,0,0,1,1,0,0,3,30.97,High-Demand Specialist,8.72,2,1,0,3,1.0,0,1,3,65.7,0,0.9415950291942394,1.7246084407847149,3.236632708690543,Core Systems & Algorithmic Backend Specialists
CP-2051,1.7,B.Tech/B.E,Tier 2 (Top State/Private),Data Analytics & BI,Tier 2 City,2,6,154.0,0,1,0,1,0,0,1,0,3,16.11,Job-Ready Mid-Level,11.05,0,2,1,2,3.0,0,0,3,57.1,0,0.6274938969417035,1.9037848124643666,-1.6518468128456165,Core Systems & Algorithmic Backend Specialists
CP-2052,6.2,B.Tech/B.E,Tier 3 (Affiliated Colleges),Data Analytics & BI,Tier 1 Tech Hub (Bengaluru/NCR/Hyd),1,2,15.0,0,0,1,1,0,1,0,0,3,25.77,High-Demand Specialist,3.28,1,1,1,1,3.0,1,0,3,56.5,2,-0.16707176996624876,-0.9961873664678982,0.21645447611303437,Cloud & DevOps Infrastructure Architects
CP-2053,3.5,MCA,Tier 3 (Affiliated Colleges),Cloud & DevOps,Remote Global,1,2,31.0,0,0,1,0,1,0,1,0,3,24.1,High-Demand Specialist,3.68,1,2,0,1,2.5,0,1,3,48.1,1,-0.5297720997516344,-1.0611956860935012,1.7446703540810566,Applied AI/ML & Data Science Specialists
CP-2054,9.5,B.Tech/B.E,Tier 3 (Affiliated Colleges),Cloud & DevOps,Tier 1 Tech Hub (Bengaluru/NCR/Hyd),1,5,132.0,1,0,0,0,0,0,0,0,0,30.7,High-Demand Specialist,8.3,0,0,0,1,3.0,1,0,0,52.4,2,-3.0625509951899432,2.7883677921378935,0.14040395800820804,Cloud & DevOps Infrastructure Architects
CP-2055,1.0,BCA/B.Sc CS,Tier 2 (Top State/Private),Cloud & DevOps,Tier 2 City,3,7,106.0,0,0,1,0,0,0,0,0,1,10.48,Junior Associate,12.05,0,1,0,2,2.0,0,0,1,43.8,2,-2.139998369084335,3.3982835640949456,-0.15028489957109234,Cloud & DevOps Infrastructure Architects
CP-2056,3.2,BCA/B.Sc CS,Tier 2 (Top State/Private),Backend Systems,Tier 1 Tech Hub (Bengaluru/NCR/Hyd),0,2,25.0,0,0,0,0,0,0,0,0,0,12.66,Junior Associate,2.02,0,0,0,2,2.0,1,0,0,34.0,2,-4.98898153424492,-0.37571141066519687,0.25192459864174926,Cloud & DevOps Infrastructure Architects
CP-2057,1.1,BCA/B.Sc CS,Tier 2 (Top State/Private),Data Analytics & BI,Tier 2 City,1,3,21.0,0,1,1,1,1,1,0,0,5,13.68,Junior Associate,4.12,2,2,1,2,2.0,0,0,5,47.8,3,1.7409299636469842,-2.1452296565182905,1.6372024108852872,Emerging Full-Stack & Entry Developers
CP-2058,1.4,Non-CS Degree,Tier 2 (Top State/Private),Data Science & AI/ML,Tier 1 Tech Hub (Bengaluru/NCR/Hyd),1,3,8.0,0,1,1,1,1,0,0,0,4,15.05,Job-Ready Mid-Level,3.8,1,2,1,2,1.0,1,0,4,41.5,3,0.2025215393252248,-1.7420273004820974,-0.17715220403701248,Emerging Full-Stack & Entry Developers
CP-2059,2.2,Non-CS Degree,Tier 2 (Top State/Private),Data Analytics & BI,Tier 1 Tech Hub (Bengaluru/NCR/Hyd),3,6,239.0,2,1,0,0,0,1,1,0,3,23.48,Job-Ready Mid-Level,14.68,1,2,0,2,1.0,1,0,3,59.4,0,1.155588512209084,3.449898311047177,0.9636049690110197,Core Systems & Algorithmic Backend Specialists
CP-2060,4.6,M.Tech/M.S,Tier 3 (Affiliated Colleges),Full Stack Web,Tier 1 Tech Hub (Bengaluru/NCR/Hyd),2,4,0.0,1,1,1,0,0,0,0,0,2,22.52,Job-Ready Mid-Level,5.8,0,2,0,1,4.0,1,0,2,57.7,1,-0.9045587670059209,1.0036855179297712,-0.3441941483128045,Applied AI/ML & Data Science Specialists
CP-2061,9.1,B.Tech/B.E,Tier 2 (Top State/Private),Data Science & AI/ML,Tier 1 Tech Hub (Bengaluru/NCR/Hyd),1,7,22.0,2,0,1,0,0,1,1,0,3,36.2,High-Demand Specialist,6.95,1,2,0,2,3.0,1,0,3,66.8,0,1.134002355473246,1.253388754916656,1.1468216850216493,Core Systems & Algorithmic Backend Specialists
CP-2062,3.2,MCA,Tier 3 (Affiliated Colleges),Backend Systems,Tier 1 Tech Hub (Bengaluru/NCR/Hyd),0,2,13.0,0,1,1,1,1,0,1,0,5,20.43,Job-Ready Mid-Level,1.72,1,3,1,1,2.5,1,0,5,51.7,3,1.6789036843896834,-2.948685431371764,-0.2594615967481847,Emerging Full-Stack & Entry Developers
CP-2063,1.2,B.Tech/B.E,Tier 2 (Top State/Private),Full Stack Web,Tier 1 Tech Hub (Bengaluru/NCR/Hyd),1,5,25.0,0,0,1,1,1,0,1,0,4,19.19,Job-Ready Mid-Level,5.62,1,2,1,2,3.0,1,0,4,49.7,3,0.9655635678064725,-0.8678143082171518,-0.15682728700195758,Emerging Full-Stack & Entry Developers
CP-2064,1.2,B.Tech/B.E,Tier 3 (Affiliated Colleges),Data Analytics & BI,Tier 1 Tech Hub (Bengaluru/NCR/Hyd),0,3,134.0,0,1,1,1,0,0,1,1,5,18.17,Job-Ready Mid-Level,5.45,0,3,2,1,3.0,1,0,5,49.5,3,1.8454892620390944,-2.167898331383547,-3.151484502415925,Emerging Full-Stack & Entry Developers
CP-2065,2.9,MCA,Tier 1 (IIT/NIT/BITS),Data Science & AI/ML,Tier 2 City,2,8,30.0,0,0,1,0,1,1,1,0,4,23.02,Job-Ready Mid-Level,9.35,2,2,0,3,2.5,0,0,4,67.1,0,2.3056506589525436,1.415239051759684,2.7563487161588847,Core Systems & Algorithmic Backend Specialists
CP-2066,0.6,B.Tech/B.E,Tier 2 (Top State/Private),Data Science & AI/ML,Tier 1 Tech Hub (Bengaluru/NCR/Hyd),1,3,56.0,1,0,0,0,1,0,1,0,2,15.05,Job-Ready Mid-Level,5.0,1,1,0,2,3.0,1,0,2,37.4,2,-1.9942948325814087,-0.30415351970915155,1.5145525712981143,Cloud & DevOps Infrastructure Architects
CP-2067,0.3,B.Tech/B.E,Tier 2 (Top State/Private),Full Stack Web,Tier 2 City,2,5,60.0,1,1,1,0,0,0,1,0,3,11.27,Junior Associate,8.0,0,3,0,2,3.0,0,0,3,45.0,1,-0.1415537458187383,0.7273375511236719,-0.4845844544742201,Applied AI/ML & Data Science Specialists
CP-2068,1.0,B.Tech/B.E,Tier 2 (Top State/Private),Data Science & AI/ML,Tier 1 Tech Hub (Bengaluru/NCR/Hyd),1,5,58.0,0,1,0,0,0,0,0,1,2,14.9,Junior Associate,6.45,0,1,1,2,3.0,1,0,2,41.8,2,-1.7894954108931271,0.23421402923709986,-1.435782650029904,Cloud & DevOps Infrastructure Architects
CP-2069,0.7,MCA,Tier 2 (Top State/Private),Data Analytics & BI,Remote Global,1,1,0.0,0,0,0,0,1,0,0,0,1,12.2,Junior Associate,2.2,1,0,0,2,2.5,0,1,1,27.5,2,-4.042824122092222,-1.1056778141582304,2.270919091957535,Cloud & DevOps Infrastructure Architects
CP-2070,0.8,B.Tech/B.E,Tier 2 (Top State/Private),Data Science & AI/ML,Remote Global,0,1,32.0,0,0,1,1,1,0,0,0,3,15.27,Job-Ready Mid-Level,1.5,1,1,1,2,3.0,0,1,3,36.7,2,-1.4182128692801992,-2.6051182062524765,0.7458250583069793,Cloud & DevOps Infrastructure Architects
CP-2071,0.6,BCA/B.Sc CS,Tier 2 (Top State/Private),Full Stack Web,Tier 1 Tech Hub (Bengaluru/NCR/Hyd),0,1,73.0,1,0,1,1,1,0,0,0,3,11.36,Junior Associate,2.52,1,1,1,2,2.0,1,0,3,34.3,2,-1.4389579281149485,-2.2996642096910915,0.24517577254738987,Cloud & DevOps Infrastructure Architects
CP-2072,0.1,B.Tech/B.E,Tier 3 (Affiliated Colleges),Data Science & AI/ML,Tier 2 City,0,3,141.0,0,0,1,0,1,0,0,1,3,9.85,Junior Associate,5.62,1,1,1,1,3.0,0,0,3,35.9,2,-1.0391212841890942,-1.3462175918349601,0.47205576308401714,Cloud & DevOps Infrastructure Architects
CP-2073,0.0,M.Tech/M.S,Tier 3 (Affiliated Colleges),Full Stack Web,Tier 1 Tech Hub (Bengaluru/NCR/Hyd),1,5,131.0,1,1,0,0,0,1,0,0,2,12.23,Junior Associate,8.28,1,1,0,1,4.0,1,0,2,38.8,2,-1.6291392854663802,0.8841869215432073,1.5715791965672206,Cloud & DevOps Infrastructure Architects
CP-2074,9.5,M.Tech/M.S,Tier 3 (Affiliated Colleges),Data Analytics & BI,Remote Global,0,1,74.0,0,1,0,0,1,0,0,0,2,36.16,High-Demand Specialist,2.55,1,1,0,1,4.0,0,1,2,54.2,2,-1.327572896535257,-0.650000195428508,2.1299573341981803,Cloud & DevOps Infrastructure Architects
CP-2075,1.2,B.Tech/B.E,Tier 2 (Top State/Private),Data Science & AI/ML,Tier 1 Tech Hub (Bengaluru/NCR/Hyd),1,7,32.0,2,0,1,1,1,1,1,0,5,22.23,Job-Ready Mid-Level,7.2,2,2,1,2,3.0,1,0,5,56.5,3,2.731806685118977,-0.6428280119505101,1.3778787475629104,Emerging Full-Stack & Entry Developers
CP-2076,1.1,B.Tech/B.E,Tier 3 (Affiliated Colleges),Cloud & DevOps,Tier 1 Tech Hub (Bengaluru/NCR/Hyd),1,3,34.0,0,1,0,0,0,0,0,0,1,10.5,Junior Associate,4.45,0,1,0,1,3.0,1,0,1,30.6,2,-3.6626887925374354,0.00046396487525464695,-0.006903849381964595,Cloud & DevOps Infrastructure Architects
CP-2077,2.5,B.Tech/B.E,Tier 2 (Top State/Private),Backend Systems,Tier 1 Tech Hub (Bengaluru/NCR/Hyd),1,4,62.0,0,1,1,0,0,0,0,1,3,18.25,Job-Ready Mid-Level,5.85,0,2,1,2,3.0,1,0,3,52.5,1,-0.18894028392466666,-0.2670846618035373,-1.6690296773340039,Applied AI/ML & Data Science Specialists
CP-2078,0.5,Non-CS Degree,Tier 2 (Top State/Private),Cloud & DevOps,Tier 1 Tech Hub (Bengaluru/NCR/Hyd),0,7,226.0,1,1,1,0,0,0,0,0,2,10.4,Junior Associate,10.55,0,2,0,2,1.0,1,0,2,39.9,1,-1.5146846057850174,1.676061706363984,-0.4162506666933212,Applied AI/ML & Data Science Specialists
CP-2079,6.6,BCA/B.Sc CS,Tier 2 (Top State/Private),Data Analytics & BI,Tier 1 Tech Hub (Bengaluru/NCR/Hyd),0,1,358.0,1,1,1,0,0,0,0,0,2,26.08,High-Demand Specialist,9.65,0,2,0,2,2.0,1,0,2,64.0,1,-0.5022850570569944,1.666789516468992,-0.26332515191198985,Applied AI/ML & Data Science Specialists
CP-2080,3.4,Non-CS Degree,Tier 2 (Top State/Private),Data Science & AI/ML,Tier 2 City,0,2,112.0,2,1,1,0,0,1,0,0,3,13.08,Junior Associate,4.2,1,2,0,2,1.0,0,0,3,48.0,1,-0.6341707462412943,-1.0467776900992136,1.4766578322993753,Applied AI/ML & Data Science Specialists
CP-2081,0.2,B.Tech/B.E,Tier 1 (IIT/NIT/BITS),Data Science & AI/ML,Tier 1 Tech Hub (Bengaluru/NCR/Hyd),1,4,30.0,1,1,1,1,1,0,0,0,4,16.96,Job-Ready Mid-Level,5.05,1,2,1,3,3.0,1,0,4,48.0,3,0.776930921572213,-1.1311140647868212,-0.15080084247835082,Emerging Full-Stack & Entry Developers
CP-2082,1.2,M.Tech/M.S,Tier 2 (Top State/Private),Backend Systems,Tier 1 Tech Hub (Bengaluru/NCR/Hyd),0,3,108.0,1,1,1,0,1,0,1,0,4,19.11,Job-Ready Mid-Level,4.8,1,3,0,2,4.0,1,0,4,51.5,1,0.9543175954221689,-1.2538186002243548,1.115378069741438,Applied AI/ML & Data Science Specialists
CP-2083,4.6,M.Tech/M.S,Tier 1 (IIT/NIT/BITS),Data Analytics & BI,Tier 1 Tech Hub (Bengaluru/NCR/Hyd),2,6,29.0,1,1,0,0,1,0,1,0,3,30.85,High-Demand Specialist,7.92,1,2,0,3,4.0,1,0,3,73.7,0,1.331281165552947,1.7230499458673698,1.0753680938848713,Core Systems & Algorithmic Backend Specialists
CP-2084,6.4,BCA/B.Sc CS,Tier 3 (Affiliated Colleges),Cloud & DevOps,Tier 1 Tech Hub (Bengaluru/NCR/Hyd),2,5,110.0,0,0,1,0,0,0,0,0,1,26.42,High-Demand Specialist,9.25,0,1,0,1,2.0,1,0,1,55.0,2,-1.8852445077253932,2.6476765196080114,-0.21076476554625448,Cloud & DevOps Infrastructure Architects
CP-2085,1.4,Non-CS Degree,Tier 3 (Affiliated Colleges),Cloud & DevOps,Tier 1 Tech Hub (Bengaluru/NCR/Hyd),0,4,31.0,1,0,1,0,0,0,0,0,1,8.41,Entry-Level Learner,3.58,0,1,0,1,1.0,1,0,1,24.4,2,-4.081537317469838,-0.6010286701600606,-0.03923788012001722,Cloud & DevOps Infrastructure Architects
CP-2086,2.1,B.Tech/B.E,Tier 3 (Affiliated Colleges),Full Stack Web,Tier 2 City,1,2,56.0,0,1,0,1,0,0,0,0,2,9.78,Junior Associate,4.3,0,1,1,1,3.0,0,0,2,39.5,2,-2.179813156432858,-0.6547489762022468,-1.1748488026660884,Cloud & DevOps Infrastructure Architects
CP-2087,0.4,B.Tech/B.E,Tier 3 (Affiliated Colleges),Data Science & AI/ML,Tier 1 Tech Hub (Bengaluru/NCR/Hyd),1,4,22.0,1,1,1,1,1,0,0,0,4,12.5,Junior Associate,4.85,1,2,1,1,3.0,1,0,4,40.3,3,0.392547950055653,-1.4366172584270283,-0.08367891942264055,Emerging Full-Stack & Entry Developers
CP-2088,9.5,BCA/B.Sc CS,Tier 1 (IIT/NIT/BITS),Data Analytics & BI,Tier 1 Tech Hub (Bengaluru/NCR/Hyd),1,6,44.0,1,0,1,0,0,0,0,1,2,37.96,High-Demand Specialist,6.8,0,1,1,3,2.0,1,0,2,63.4,2,-0.39614612409135164,1.3660312754952466,-1.573398210607804,Cloud & DevOps Infrastructure Architects
CP-2089,0.6,M.Tech/M.S,Tier 3 (Affiliated Colleges),Cloud & DevOps,Tier 1 Tech Hub (Bengaluru/NCR/Hyd),0,4,144.0,1,1,1,1,0,0,0,0,3,12.94,Junior Associate,6.4,0,2,1,1,4.0,1,0,3,42.8,1,-0.580523937289105,-0.5640608795075707,-1.5404538217330557,Applied AI/ML & Data Science Specialists
CP-2090,6.3,BCA/B.Sc CS,Tier 3 (Affiliated Colleges),Full Stack Web,Tier 1 Tech Hub (Bengaluru/NCR/Hyd),0,3,149.0,0,1,1,1,1,0,0,0,4,26.68,High-Demand Specialist,5.82,1,2,1,1,2.0,1,0,4,61.8,3,1.3983864252653486,-0.6840608151310247,-0.07891414436785504,Emerging Full-Stack & Entry Developers
CP-2091,2.3,B.Tech/B.E,Tier 2 (Top State/Private),Backend Systems,Tier 2 City,0,1,140.0,0,1,0,0,0,0,0,0,1,9.84,Junior Associate,4.2,0,1,0,2,3.0,0,0,1,40.4,2,-3.3569195496918343,-0.22167122113506826,0.24737700733108295,Cloud & DevOps Infrastructure Architects
CP-2092,2.1,B.Tech/B.E,Tier 2 (Top State/Private),Full Stack Web,Tier 1 Tech Hub (Bengaluru/NCR/Hyd),1,5,383.0,1,1,1,1,1,0,0,0,4,23.17,Job-Ready Mid-Level,14.58,1,2,1,2,3.0,1,0,4,69.2,0,2.6251665835811386,2.371549242638113,-0.18829476605667964,Core Systems & Algorithmic Backend Specialists
CP-2093,1.6,B.Tech/B.E,Tier 3 (Affiliated Colleges),Full Stack Web,Tier 1 Tech Hub (Bengaluru/NCR/Hyd),2,6,0.0,1,1,0,1,1,1,1,0,5,20.61,Job-Ready Mid-Level,7.2,2,2,1,1,3.0,1,0,5,54.4,3,2.589860544426308,-0.5059927259592787,1.361146644673903,Emerging Full-Stack & Entry Developers
CP-2094,0.6,B.Tech/B.E,Tier 2 (Top State/Private),Backend Systems,Tier 1 Tech Hub (Bengaluru/NCR/Hyd),1,6,74.0,0,0,1,1,0,0,0,1,3,15.64,Job-Ready Mid-Level,7.55,0,1,2,2,3.0,1,0,3,45.8,2,-0.3223639726232337,-0.061290363624873986,-2.8200339493312225,Cloud & DevOps Infrastructure Architects
CP-2095,0.4,BCA/B.Sc CS,Tier 3 (Affiliated Colleges),Data Analytics & BI,Tier 1 Tech Hub (Bengaluru/NCR/Hyd),2,6,71.0,0,1,1,1,0,0,0,0,3,12.84,Junior Associate,8.98,0,2,1,1,2.0,1,0,3,39.9,1,-0.4281470492021233,0.8051026872519317,-1.8094372719880427,Applied AI/ML & Data Science Specialists
CP-2096,0.5,M.Tech/M.S,Tier 1 (IIT/NIT/BITS),Full Stack Web,Tier 1 Tech Hub (Bengaluru/NCR/Hyd),0,2,123.0,1,1,0,1,0,0,0,0,2,14.6,Junior Associate,4.47,0,1,1,3,4.0,1,0,2,43.3,2,-1.9621868279780748,-0.7227303995629263,-1.3039271284730005,Cloud & DevOps Infrastructure Architects
CP-2097,0.5,B.Tech/B.E,Tier 2 (Top State/Private),Data Science & AI/ML,Tier 1 Tech Hub (Bengaluru/NCR/Hyd),0,2,35.0,0,1,1,0,1,0,0,0,3,11.28,Junior Associate,2.28,1,2,0,2,3.0,1,0,3,36.5,1,-1.2846688652444114,-1.9572583694928523,1.372999987549743,Applied AI/ML & Data Science Specialists
CP-2098,3.3,B.Tech/B.E,Tier 2 (Top State/Private),Data Science & AI/ML,Tier 2 City,1,6,23.0,2,0,1,1,1,0,1,0,4,19.2,Job-Ready Mid-Level,6.28,1,2,1,2,3.0,0,0,4,61.3,3,1.6687559723393726,-0.2330334312330953,-0.024498531181298532,Emerging Full-Stack & Entry Developers
CP-2099,0.9,B.Tech/B.E,Tier 2 (Top State/Private),Cloud & DevOps,Tier 1 Tech Hub (Bengaluru/NCR/Hyd),0,4,25.0,0,0,0,0,1,0,1,1,3,17.49,Job-Ready Mid-Level,3.42,1,1,1,2,3.0,1,0,3,40.4,2,-0.9475458572945686,-1.686467025099515,0.21915969551365455,Cloud & DevOps Infrastructure Architects
CP-2100,0.1,B.Tech/B.E,Tier 3 (Affiliated Colleges),Full Stack Web,Tier 1 Tech Hub (Bengaluru/NCR/Hyd),0,1,369.0,0,1,1,1,0,0,1,1,5,17.83,Job-Ready Mid-Level,9.92,0,3,2,1,3.0,1,0,5,51.4,3,2.2479133350058667,-1.044046731907882,-3.1017253789404746,Emerging Full-Stack & Entry Developers
CP-2101,7.6,M.Tech/M.S,Tier 3 (Affiliated Colleges),Data Analytics & BI,Tier 1 Tech Hub (Bengaluru/NCR/Hyd),1,6,223.0,0,1,1,1,0,0,0,0,3,34.41,High-Demand Specialist,11.27,0,2,1,1,4.0,1,0,3,72.9,0,1.5208053260282524,2.4060742149355723,-1.7177199861341583,Core Systems & Algorithmic Backend Specialists
CP-2102,4.7,MCA,Tier 2 (Top State/Private),Backend Systems,Tier 1 Tech Hub (Bengaluru/NCR/Hyd),0,3,57.0,0,1,0,0,1,0,1,0,3,24.55,High-Demand Specialist,3.52,1,2,0,2,2.5,1,0,3,58.0,1,-0.12272799715430062,-0.7748778182118603,1.2731318281277282,Applied AI/ML & Data Science Specialists
CP-2103,5.8,B.Tech/B.E,Tier 1 (IIT/NIT/BITS),Data Analytics & BI,Tier 1 Tech Hub (Bengaluru/NCR/Hyd),1,2,60.0,1,1,1,1,0,0,1,0,4,32.53,High-Demand Specialist,4.4,0,3,1,3,3.0,1,0,4,70.9,1,1.788408205151235,-0.6814076122242549,-1.9570835971833795,Applied AI/ML & Data Science Specialists
CP-2104,9.5,M.Tech/M.S,Tier 3 (Affiliated Colleges),Full Stack Web,Remote Global,0,3,20.0,0,1,1,0,1,0,0,0,3,35.83,High-Demand Specialist,2.6,1,2,0,1,4.0,0,1,3,58.5,1,0.12386980474887117,-0.8705063016084673,1.8312682601750134,Applied AI/ML & Data Science Specialists
CP-2105,0.4,MCA,Tier 3 (Affiliated Colleges),Data Analytics & BI,Remote Global,1,3,48.0,0,0,1,0,1,0,1,1,4,20.26,Job-Ready Mid-Level,4.8,1,2,1,1,2.5,0,1,4,38.6,3,0.2505834891050384,-1.8589378813825537,0.4074643302666371,Emerging Full-Stack & Entry Developers
CP-2106,1.1,MCA,Tier 2 (Top State/Private),Full Stack Web,Tier 1 Tech Hub (Bengaluru/NCR/Hyd),2,5,147.0,3,1,1,1,0,0,0,0,3,17.4,Job-Ready Mid-Level,10.18,0,2,1,2,2.5,1,0,3,51.1,0,0.30039329899581313,1.3864800464197389,-1.8089332730947318,Core Systems & Algorithmic Backend Specialists
CP-2107,3.1,B.Tech/B.E,Tier 2 (Top State/Private),Data Science & AI/ML,Tier 1 Tech Hub (Bengaluru/NCR/Hyd),0,1,0.0,0,0,1,0,0,1,0,0,2,16.62,Job-Ready Mid-Level,0.7,1,1,0,2,3.0,1,0,2,42.7,2,-2.325672094880725,-1.8191501943994761,1.667522881971191,Cloud & DevOps Infrastructure Architects
CP-2108,2.6,Non-CS Degree,Tier 3 (Affiliated Colleges),Data Science & AI/ML,Tier 1 Tech Hub (Bengaluru/NCR/Hyd),3,4,0.0,0,0,0,1,1,1,1,0,4,22.39,Job-Ready Mid-Level,7.3,2,1,1,1,1.0,1,0,4,49.1,3,1.0816296987363465,-0.04980794076662839,1.5116718846179467,Emerging Full-Stack & Entry Developers
CP-2109,0.4,B.Tech/B.E,Tier 3 (Affiliated Colleges),Full Stack Web,Tier 1 Tech Hub (Bengaluru/NCR/Hyd),1,6,250.0,0,1,1,1,1,0,0,0,4,16.42,Job-Ready Mid-Level,11.95,1,2,1,1,3.0,1,0,4,52.1,0,1.5878666114326925,1.1720829843997036,-0.15575799230675558,Core Systems & Algorithmic Backend Specialists
CP-2110,3.7,B.Tech/B.E,Tier 2 (Top State/Private),Backend Systems,Tier 2 City,2,4,151.0,0,1,0,0,0,0,0,0,1,16.17,Job-Ready Mid-Level,9.57,0,1,0,2,3.0,0,0,1,56.3,2,-1.9134242548654867,2.605560003124655,0.007872395869644475,Cloud & DevOps Infrastructure Architects
CP-2111,0.6,B.Tech/B.E,Tier 2 (Top State/Private),Data Science & AI/ML,Tier 2 City,0,4,339.0,1,1,0,1,1,1,0,0,4,14.87,Junior Associate,11.27,2,1,1,2,3.0,0,0,4,56.2,0,1.6173706027534387,0.5735870162588291,1.947418972944342,Core Systems & Algorithmic Backend Specialists
CP-2112,0.6,B.Tech/B.E,Tier 3 (Affiliated Colleges),Data Science & AI/ML,Remote Global,1,4,0.0,3,1,1,1,0,1,0,0,4,16.37,Job-Ready Mid-Level,4.3,1,2,1,1,3.0,0,1,4,40.4,3,0.37127783344955556,-1.6980607592854697,0.4108015686907854,Emerging Full-Stack & Entry Developers
CP-2113,1.7,B.Tech/B.E,Tier 3 (Affiliated Colleges),Backend Systems,Tier 1 Tech Hub (Bengaluru/NCR/Hyd),1,7,69.0,1,1,1,1,0,0,0,1,4,18.73,Job-Ready Mid-Level,8.12,0,2,2,1,3.0,1,0,4,52.2,3,1.2371273303602923,-0.09902802004438199,-3.0775518255895498,Emerging Full-Stack & Entry Developers
CP-2114,2.0,B.Tech/B.E,Tier 2 (Top State/Private),Data Science & AI/ML,Tier 1 Tech Hub (Bengaluru/NCR/Hyd),2,5,50.0,1,1,1,0,0,0,0,0,2,16.67,Job-Ready Mid-Level,7.75,0,2,0,2,3.0,1,0,2,49.0,1,-1.164639129159226,1.3959252096997192,-0.4245064480868473,Applied AI/ML & Data Science Specialists
CP-2115,1.9,B.Tech/B.E,Tier 2 (Top State/Private),Data Analytics & BI,Tier 2 City,1,4,254.0,3,1,0,0,0,1,1,0,3,14.03,Junior Associate,10.65,1,2,0,2,3.0,0,0,3,57.5,0,0.6435986385013265,1.4802504501101958,1.4223969812653896,Core Systems & Algorithmic Backend Specialists
CP-2116,0.2,M.Tech/M.S,Tier 3 (Affiliated Colleges),Full Stack Web,Tier 2 City,1,5,25.0,1,1,1,1,0,0,0,0,3,9.27,Junior Associate,5.62,0,2,1,1,4.0,0,0,3,39.5,1,-0.711417782092088,-0.5843172161512581,-1.4456658217467293,Applied AI/ML & Data Science Specialists
CP-2117,4.6,MCA,Tier 2 (Top State/Private),Data Science & AI/ML,Remote Global,2,5,37.0,0,0,1,1,1,0,0,0,3,29.87,High-Demand Specialist,7.42,1,1,1,2,2.5,0,1,3,64.0,0,0.6247802374002258,0.8701717355789185,0.4359089797008872,Core Systems & Algorithmic Backend Specialists
CP-2118,0.7,B.Tech/B.E,Tier 2 (Top State/Private),Backend Systems,Tier 1 Tech Hub (Bengaluru/NCR/Hyd),1,5,7.0,1,0,0,0,1,0,0,1,2,14.81,Junior Associate,5.18,1,0,1,2,3.0,1,0,2,38.2,2,-1.968944415054231,-0.3487446436647402,0.3800685296395352,Cloud & DevOps Infrastructure Architects
CP-2119,0.3,MCA,Tier 2 (Top State/Private),Data Science & AI/ML,Tier 1 Tech Hub (Bengaluru/NCR/Hyd),0,5,124.0,1,0,0,1,0,0,0,0,1,11.61,Junior Associate,6.6,0,0,1,2,2.5,1,0,1,32.8,2,-3.3877062665659894,0.39877971226214987,-1.1576813961893815,Cloud & DevOps Infrastructure Architects
CP-2120,4.8,MCA,Tier 2 (Top State/Private),Cloud & DevOps,Tier 1 Tech Hub (Bengaluru/NCR/Hyd),1,1,0.0,0,0,0,1,0,0,1,0,2,23.74,Job-Ready Mid-Level,2.2,0,1,1,2,2.5,1,0,2,52.1,2,-1.7462238597279143,-0.9588778479053982,-1.4071625435201167,Cloud & DevOps Infrastructure Architects
CP-2121,6.9,M.Tech/M.S,Tier 3 (Affiliated Colleges),Data Science & AI/ML,Tier 1 Tech Hub (Bengaluru/NCR/Hyd),1,2,0.0,0,1,1,0,0,0,0,0,2,26.58,High-Demand Specialist,2.9,0,2,0,1,4.0,1,0,2,54.8,1,-1.3386190745038118,-0.23994972380176724,-0.2231202995336697,Applied AI/ML & Data Science Specialists
CP-2122,4.4,B.Tech/B.E,Tier 1 (IIT/NIT/BITS),Data Science & AI/ML,Tier 1 Tech Hub (Bengaluru/NCR/Hyd),1,5,33.0,1,1,1,1,1,0,0,1,5,30.69,High-Demand Specialist,5.82,1,2,2,3,3.0,1,0,5,74.4,3,3.23644081613059,-0.8422434573424397,-1.557053864971029,Emerging Full-Stack & Entry Developers
CP-2123,3.6,BCA/B.Sc CS,Tier 3 (Affiliated Colleges),Data Science & AI/ML,Tier 2 City,1,5,52.0,0,0,1,1,0,0,1,0,3,15.83,Job-Ready Mid-Level,6.3,0,2,1,1,2.0,0,0,3,51.4,1,-0.15299419862185418,-0.006181107911461424,-1.5624262032695022,Applied AI/ML & Data Science Specialists
CP-2124,2.3,Non-CS Degree,Tier 2 (Top State/Private),Data Science & AI/ML,Tier 1 Tech Hub (Bengaluru/NCR/Hyd),3,6,0.0,1,0,1,0,1,1,1,0,4,24.44,High-Demand Specialist,8.7,2,2,0,2,1.0,1,0,4,54.1,0,1.6041611372364333,0.9037874990684586,2.5433734633326828,Core Systems & Algorithmic Backend Specialists
CP-2125,1.8,BCA/B.Sc CS,Tier 1 (IIT/NIT/BITS),Data Science & AI/ML,Tier 1 Tech Hub (Bengaluru/NCR/Hyd),1,7,19.0,0,1,1,1,1,0,1,0,5,22.16,Job-Ready Mid-Level,6.87,1,3,1,3,2.0,1,0,5,60.0,3,2.722397728539569,-0.4573231517992804,-0.5451946040108924,Emerging Full-Stack & Entry Developers
CP-2126,0.2,B.Tech/B.E,Tier 1 (IIT/NIT/BITS),Data Analytics & BI,Tier 2 City,0,6,211.0,1,1,0,0,0,0,1,0,2,12.95,Junior Associate,9.48,0,2,0,3,3.0,0,0,2,47.0,1,-1.1943903453706037,1.4207576888112778,-0.16890263554873505,Applied AI/ML & Data Science Specialists
CP-2127,1.2,B.Tech/B.E,Tier 3 (Affiliated Colleges),Full Stack Web,Tier 1 Tech Hub (Bengaluru/NCR/Hyd),0,4,9.0,0,1,1,0,0,0,0,0,2,8.48,Entry-Level Learner,3.02,0,2,0,1,3.0,1,0,2,32.9,1,-2.529993664298541,-1.0429662569294142,-0.20983025152249857,Applied AI/ML & Data Science Specialists
CP-2128,1.0,BCA/B.Sc CS,Tier 3 (Affiliated Colleges),Full Stack Web,Remote Global,3,7,14.0,0,0,1,1,0,0,1,0,3,20.2,Job-Ready Mid-Level,9.75,0,2,1,1,2.0,0,1,3,44.2,0,-0.017138564054122073,1.3688059308703904,-1.4533658562568708,Core Systems & Algorithmic Backend Specialists
CP-2129,0.7,B.Tech/B.E,Tier 2 (Top State/Private),Full Stack Web,Tier 1 Tech Hub (Bengaluru/NCR/Hyd),1,1,27.0,1,0,1,0,0,0,0,0,1,9.55,Junior Associate,2.88,0,1,0,2,3.0,1,0,1,30.2,2,-3.8095127514269422,-0.7375294201654267,0.025677334021381688,Cloud & DevOps Infrastructure Architects
CP-2130,2.8,B.Tech/B.E,Tier 3 (Affiliated Colleges),Backend Systems,Tier 1 Tech Hub (Bengaluru/NCR/Hyd),2,6,360.0,2,0,1,0,0,0,0,0,1,21.71,Job-Ready Mid-Level,16.2,0,1,0,1,3.0,1,0,1,56.7,0,-1.1290024000384313,4.682061402912714,-0.19177371334171306,Core Systems & Algorithmic Backend Specialists
CP-2131,1.5,B.Tech/B.E,Tier 3 (Affiliated Colleges),Backend Systems,Remote Global,0,4,28.0,1,1,1,0,0,0,0,0,2,12.06,Junior Associate,3.5,0,2,0,1,3.0,0,1,2,35.2,1,-2.3633374214886533,-0.9064314466132043,0.2454598445089297,Applied AI/ML & Data Science Specialists
CP-2132,0.2,M.Tech/M.S,Tier 3 (Affiliated Colleges),Data Analytics & BI,Remote Global,1,2,116.0,1,1,0,0,0,1,1,0,3,16.6,Job-Ready Mid-Level,5.8,1,2,0,1,4.0,0,1,3,39.8,1,-0.7109137300039265,-0.7416212674928429,1.857877028347137,Applied AI/ML & Data Science Specialists
CP-2133,0.5,MCA,Tier 2 (Top State/Private),Backend Systems,Tier 1 Tech Hub (Bengaluru/NCR/Hyd),1,6,217.0,2,1,1,1,1,0,0,0,4,17.44,Job-Ready Mid-Level,11.12,1,2,1,2,2.5,1,0,4,53.8,0,1.646374608117657,0.9989724698160987,-0.208764506473949,Core Systems & Algorithmic Backend Specialists
CP-2134,2.5,B.Tech/B.E,Tier 3 (Affiliated Colleges),Full Stack Web,Tier 2 City,0,2,64.0,0,1,1,0,1,0,0,0,3,12.02,Junior Associate,3.0,1,2,0,1,3.0,0,0,3,43.5,1,-0.8976903946061637,-1.5488537857693139,1.5670477523626614,Applied AI/ML & Data Science Specialists
CP-2135,0.2,Non-CS Degree,Tier 1 (IIT/NIT/BITS),Full Stack Web,Tier 1 Tech Hub (Bengaluru/NCR/Hyd),1,3,28.0,0,0,1,1,1,0,0,0,3,15.8,Job-Ready Mid-Level,4.3,1,1,1,3,1.0,1,0,3,36.3,2,-1.1398753374975,-1.260523546472763,0.05214946949523273,Cloud & DevOps Infrastructure Architects
CP-2136,4.2,B.Tech/B.E,Tier 2 (Top State/Private),Cloud & DevOps,Tier 1 Tech Hub (Bengaluru/NCR/Hyd),1,4,105.0,0,1,1,0,1,0,0,1,4,25.98,High-Demand Specialist,6.92,1,2,1,2,3.0,1,0,4,66.9,3,1.7913051349690725,-0.10167502325334676,-0.1320181759935135,Emerging Full-Stack & Entry Developers
CP-2137,1.5,BCA/B.Sc CS,Tier 3 (Affiliated Colleges),Cloud & DevOps,Tier 1 Tech Hub (Bengaluru/NCR/Hyd),1,5,110.0,0,1,0,0,0,1,0,0,2,13.97,Junior Associate,7.75,1,1,0,1,2.0,1,0,2,39.2,2,-1.7801349784207865,0.805518220517547,1.4800681452915911,Cloud & DevOps Infrastructure Architects
CP-2138,1.4,M.Tech/M.S,Tier 2 (Top State/Private),Full Stack Web,Tier 1 Tech Hub (Bengaluru/NCR/Hyd),2,6,106.0,3,0,1,1,1,0,1,0,4,24.79,High-Demand Specialist,9.85,1,2,1,2,4.0,1,0,4,60.9,0,2.104036260518409,1.000586631860103,-0.2247971960645916,Core Systems & Algorithmic Backend Specialists
CP-2139,2.0,M.Tech/M.S,Tier 2 (Top State/Private),Full Stack Web,Tier 2 City,2,4,250.0,1,1,0,1,1,0,0,0,3,17.15,Job-Ready Mid-Level,12.05,1,1,1,2,4.0,0,0,3,63.4,0,1.0297354916629058,2.122559295243775,0.24664209091644004,Core Systems & Algorithmic Backend Specialists
CP-2140,3.8,Non-CS Degree,Tier 1 (IIT/NIT/BITS),Backend Systems,Tier 2 City,2,3,51.0,1,0,1,1,1,0,1,0,4,21.1,Job-Ready Mid-Level,6.38,1,2,1,3,1.0,0,0,4,61.9,3,1.545985530135117,-0.20185372106712376,-0.1308803561867447,Emerging Full-Stack & Entry Developers
CP-2141,0.9,B.Tech/B.E,Tier 3 (Affiliated Colleges),Data Analytics & BI,Remote Global,2,8,122.0,1,1,1,0,0,1,0,0,3,17.03,Job-Ready Mid-Level,11.65,1,2,0,1,3.0,0,1,3,50.0,0,0.46795111366499087,2.12705421952265,1.5827943925639207,Core Systems & Algorithmic Backend Specialists
CP-2142,2.5,MCA,Tier 3 (Affiliated Colleges),Full Stack Web,Tier 2 City,1,4,26.0,2,0,1,1,1,0,0,0,3,13.63,Junior Associate,4.95,1,1,1,1,2.5,0,0,3,45.2,2,-0.4986894272803231,-0.751941145254318,0.31031489644032456,Cloud & DevOps Infrastructure Architects
CP-2143,1.8,B.Tech/B.E,Tier 2 (Top State/Private),Data Analytics & BI,Tier 1 Tech Hub (Bengaluru/NCR/Hyd),1,6,53.0,0,0,1,0,1,0,1,1,4,21.63,Job-Ready Mid-Level,7.02,1,2,1,2,3.0,1,0,4,55.1,3,1.364883368135227,-0.3221839772944308,-0.1647569789160373,Emerging Full-Stack & Entry Developers
CP-2144,0.7,M.Tech/M.S,Tier 3 (Affiliated Colleges),Data Science & AI/ML,Tier 2 City,2,5,137.0,1,1,1,1,1,0,1,0,5,16.42,Job-Ready Mid-Level,9.93,1,3,1,1,4.0,0,0,5,57.6,3,2.9804857555401068,0.2749788608900267,-0.23003713659960107,Emerging Full-Stack & Entry Developers
CP-2145,4.6,M.Tech/M.S,Tier 1 (IIT/NIT/BITS),Data Science & AI/ML,Remote Global,1,4,0.0,0,1,1,1,1,0,0,0,4,33.61,High-Demand Specialist,4.3,1,2,1,3,4.0,0,1,4,71.8,3,1.8398546213339462,-0.6521936300301794,0.30886949354594073,Emerging Full-Stack & Entry Developers
CP-2146,3.5,BCA/B.Sc CS,Tier 2 (Top State/Private),Full Stack Web,Tier 2 City,0,2,4.0,1,1,1,0,0,0,1,1,4,15.97,Job-Ready Mid-Level,1.5,0,3,1,2,2.0,0,0,4,51.2,1,0.43037226626201314,-2.5662220056655696,-1.663156386129505,Applied AI/ML & Data Science Specialists
CP-2147,2.4,B.Tech/B.E,Tier 3 (Affiliated Colleges),Full Stack Web,Tier 2 City,1,4,0.0,1,1,1,0,1,1,0,0,4,15.8,Job-Ready Mid-Level,4.3,2,2,0,1,3.0,0,0,4,49.4,3,0.8322461301470145,-1.1935471266001179,3.037351836550402,Emerging Full-Stack & Entry Developers
CP-2148,4.2,MCA,Tier 2 (Top State/Private),Data Science & AI/ML,Remote Global,0,2,42.0,3,1,1,1,0,0,1,0,4,23.39,Job-Ready Mid-Level,2.45,0,3,1,2,2.5,0,1,4,57.9,1,0.9189548861913788,-2.0070009271900795,-1.4026631798151743,Applied AI/ML & Data Science Specialists
CP-2149,4.4,B.Tech/B.E,Tier 2 (Top State/Private),Data Analytics & BI,Tier 1 Tech Hub (Bengaluru/NCR/Hyd),1,2,212.0,0,0,0,1,0,0,0,0,1,21.75,Job-Ready Mid-Level,8.2,0,0,1,2,3.0,1,0,1,57.5,2,-2.1237077276959373,1.5851148001193374,-1.1700312036070086,Cloud & DevOps Infrastructure Architects
CP-2150,2.7,B.Tech/B.E,Tier 2 (Top State/Private),Full Stack Web,Tier 2 City,0,4,46.0,0,1,1,1,0,0,0,0,3,11.31,Junior Associate,3.95,0,2,1,2,3.0,0,0,3,50.3,1,-0.5175776966539916,-1.0125520793752738,-1.4459667673522458,Applied AI/ML & Data Science Specialists
CP-2151,4.0,M.Tech/M.S,Tier 3 (Affiliated Colleges),Cloud & DevOps,Remote Global,0,2,145.0,2,1,1,0,0,1,0,0,3,21.2,Job-Ready Mid-Level,5.03,1,2,0,1,4.0,0,1,3,57.6,1,0.016749663958408042,-0.6163771010707472,1.89987550401273,Applied AI/ML & Data Science Specialists
CP-2152,2.6,B.Tech/B.E,Tier 1 (IIT/NIT/BITS),Data Science & AI/ML,Remote Global,3,8,6.0,2,1,1,0,0,1,0,0,3,26.66,High-Demand Specialist,10.25,1,2,0,3,3.0,0,1,3,64.5,0,1.141002206210049,2.437578410719114,1.4354266032207228,Core Systems & Algorithmic Backend Specialists
CP-2153,2.5,MCA,Tier 3 (Affiliated Colleges),Data Science & AI/ML,Tier 1 Tech Hub (Bengaluru/NCR/Hyd),2,7,3.0,0,0,1,1,0,1,0,0,3,17.78,Job-Ready Mid-Level,7.98,1,1,1,1,2.5,1,0,3,50.3,2,0.07275952703392077,0.8229664466298766,0.012231240530285969,Cloud & DevOps Infrastructure Architects
CP-2154,2.1,B.Tech/B.E,Tier 3 (Affiliated Colleges),Backend Systems,Tier 1 Tech Hub (Bengaluru/NCR/Hyd),2,4,12.0,0,0,1,0,0,0,0,0,1,12.44,Junior Associate,6.1,0,1,0,1,3.0,1,0,1,38.4,2,-3.0157592823166897,0.9956930180959989,-0.10683739058199176,Cloud & DevOps Infrastructure Architects
CP-2155,3.1,B.Tech/B.E,Tier 2 (Top State/Private),Cloud & DevOps,Tier 2 City,1,5,26.0,0,1,1,1,0,1,0,0,4,15.87,Job-Ready Mid-Level,5.65,1,2,1,2,3.0,0,0,4,59.3,3,1.3263774737216654,-0.5404474801693556,0.04476683386710129,Emerging Full-Stack & Entry Developers
CP-2156,0.4,MCA,Tier 3 (Affiliated Colleges),Backend Systems,Tier 1 Tech Hub (Bengaluru/NCR/Hyd),2,5,33.0,1,1,0,0,0,1,0,0,2,11.68,Junior Associate,7.32,1,1,0,1,2.5,1,0,2,34.5,2,-1.916776385907645,0.7491531535246184,1.4450368849946695,Cloud & DevOps Infrastructure Architects
CP-2157,4.7,B.Tech/B.E,Tier 2 (Top State/Private),Backend Systems,Tier 2 City,2,5,239.0,2,1,0,1,0,0,0,0,2,20.72,Job-Ready Mid-Level,12.48,0,1,1,2,3.0,0,0,2,70.3,0,0.21403694989978758,3.212947195160585,-1.4025327212310414,Core Systems & Algorithmic Backend Specialists
CP-2158,4.5,B.Tech/B.E,Tier 2 (Top State/Private),Full Stack Web,Tier 1 Tech Hub (Bengaluru/NCR/Hyd),1,9,46.0,0,1,1,1,0,0,0,0,3,22.51,Job-Ready Mid-Level,8.95,0,2,1,2,3.0,1,0,3,67.6,0,0.9695436645010888,1.7547738816342304,-1.854914120241287,Core Systems & Algorithmic Backend Specialists
CP-2159,0.1,M.Tech/M.S,Tier 3 (Affiliated Colleges),Full Stack Web,Tier 1 Tech Hub (Bengaluru/NCR/Hyd),3,6,50.0,1,1,1,1,0,1,0,0,4,16.98,Job-Ready Mid-Level,9.95,1,2,1,1,4.0,1,0,4,50.4,0,1.5175309550489247,0.9605195399018631,-0.20518682474441752,Core Systems & Algorithmic Backend Specialists
CP-2160,3.8,B.Tech/B.E,Tier 3 (Affiliated Colleges),Data Analytics & BI,Tier 1 Tech Hub (Bengaluru/NCR/Hyd),0,2,18.0,0,1,1,0,0,0,1,0,3,17.1,Job-Ready Mid-Level,1.85,0,3,0,1,3.0,1,0,3,48.1,1,-0.774425760177473,-1.6563759470286363,-0.43631271485355416,Applied AI/ML & Data Science Specialists
CP-2161,0.3,BCA/B.Sc CS,Tier 1 (IIT/NIT/BITS),Backend Systems,Tier 1 Tech Hub (Bengaluru/NCR/Hyd),3,9,0.0,0,0,1,1,1,0,0,0,3,17.91,Job-Ready Mid-Level,10.8,1,1,1,3,2.0,1,0,3,50.8,0,0.47713231162648156,2.1195985810996727,-0.21681044284322093,Core Systems & Algorithmic Backend Specialists
CP-2162,0.9,B.Tech/B.E,Tier 2 (Top State/Private),Cloud & DevOps,Tier 1 Tech Hub (Bengaluru/NCR/Hyd),1,2,14.0,0,1,1,1,0,0,0,0,3,13.42,Junior Associate,3.25,0,2,1,2,3.0,1,0,3,40.1,1,-1.056514054706215,-1.4863480484497895,-1.622060292764799,Applied AI/ML & Data Science Specialists
CP-2163,3.0,MCA,Tier 2 (Top State/Private),Data Analytics & BI,Tier 1 Tech Hub (Bengaluru/NCR/Hyd),1,4,153.0,1,0,1,0,0,0,1,0,2,22.65,Job-Ready Mid-Level,8.12,0,2,0,2,2.5,1,0,2,53.0,1,-1.0036307278378185,1.2444393222672823,-0.3658831159113804,Applied AI/ML & Data Science Specialists
CP-2164,0.4,MCA,Tier 2 (Top State/Private),Data Analytics & BI,Tier 1 Tech Hub (Bengaluru/NCR/Hyd),0,4,49.0,2,1,0,0,1,0,0,1,3,12.51,Junior Associate,4.03,1,1,1,2,2.5,1,0,3,37.4,2,-1.0531015025559487,-1.5431490911842456,0.20521854560994005,Cloud & DevOps Infrastructure Architects
CP-2165,3.7,M.Tech/M.S,Tier 2 (Top State/Private),Full Stack Web,Tier 1 Tech Hub (Bengaluru/NCR/Hyd),1,8,33.0,1,0,0,1,1,1,0,0,3,25.23,High-Demand Specialist,7.92,2,0,1,2,4.0,1,0,3,65.0,2,0.8671670903383386,1.0806189118719662,1.8689334352174252,Cloud & DevOps Infrastructure Architects
CP-2166,3.9,B.Tech/B.E,Tier 1 (IIT/NIT/BITS),Cloud & DevOps,Tier 1 Tech Hub (Bengaluru/NCR/Hyd),1,5,33.0,1,0,0,0,0,0,0,0,0,20.52,Job-Ready Mid-Level,5.82,0,0,0,3,3.0,1,0,0,51.1,2,-3.606670069297258,1.77649292903622,0.0949292401558538,Cloud & DevOps Infrastructure Architects
CP-2167,1.6,MCA,Tier 3 (Affiliated Colleges),Data Analytics & BI,Tier 1 Tech Hub (Bengaluru/NCR/Hyd),3,5,51.0,0,0,0,1,0,1,1,0,3,19.54,Job-Ready Mid-Level,9.28,1,1,1,1,2.5,1,0,3,47.9,2,0.08992624489656965,1.1466832983089006,-0.007530504530208312,Cloud & DevOps Infrastructure Architects
CP-2168,0.0,BCA/B.Sc CS,Tier 2 (Top State/Private),Cloud & DevOps,Tier 1 Tech Hub (Bengaluru/NCR/Hyd),3,7,0.0,0,0,0,1,1,0,0,0,2,14.45,Junior Associate,9.4,1,0,1,2,2.0,1,0,2,38.6,2,-1.4654360857207156,1.699366908616017,0.1228263531450688,Cloud & DevOps Infrastructure Architects
CP-2169,0.7,BCA/B.Sc CS,Tier 2 (Top State/Private),Data Science & AI/ML,Tier 2 City,3,8,137.0,0,1,1,1,1,0,0,0,4,14.95,Junior Associate,13.52,1,2,1,2,2.0,0,0,4,57.3,0,2.1143362115917035,2.4611032565627915,-0.24055646103778633,Core Systems & Algorithmic Backend Specialists
CP-2170,2.1,B.Tech/B.E,Tier 3 (Affiliated Colleges),Full Stack Web,Tier 1 Tech Hub (Bengaluru/NCR/Hyd),0,2,112.0,0,1,0,0,1,1,0,0,3,15.54,Job-Ready Mid-Level,4.2,2,1,0,1,3.0,1,0,3,43.5,2,-0.792358012416837,-1.2427124931436775,3.224740078474272,Cloud & DevOps Infrastructure Architects
CP-2171,8.7,MCA,Tier 3 (Affiliated Colleges),Data Science & AI/ML,Tier 1 Tech Hub (Bengaluru/NCR/Hyd),3,5,73.0,1,0,1,0,1,0,1,0,3,37.52,High-Demand Specialist,9.82,1,2,0,1,2.5,1,0,3,65.8,0,1.3423245617174766,2.3280703951148998,1.0375587350349156,Core Systems & Algorithmic Backend Specialists
CP-2172,2.2,M.Tech/M.S,Tier 2 (Top State/Private),Data Science & AI/ML,Tier 2 City,1,2,136.0,1,0,1,1,0,0,0,0,2,13.23,Junior Associate,6.3,0,1,1,2,4.0,0,0,2,50.7,2,-1.360204193728703,0.1795340007110061,-1.1698695003737714,Cloud & DevOps Infrastructure Architects
CP-2173,0.7,B.Tech/B.E,Tier 2 (Top State/Private),Backend Systems,Tier 1 Tech Hub (Bengaluru/NCR/Hyd),2,3,24.0,0,1,1,0,0,1,1,0,4,17.87,Job-Ready Mid-Level,5.7,1,3,0,2,3.0,1,0,4,47.4,1,0.8553244820484478,-0.6628252130445825,0.981153613048001,Applied AI/ML & Data Science Specialists
CP-2174,2.2,B.Tech/B.E,Tier 3 (Affiliated Colleges),Data Science & AI/ML,Remote Global,0,4,123.0,0,0,1,0,0,1,0,0,2,17.75,Job-Ready Mid-Level,5.88,1,1,0,1,3.0,0,1,2,42.7,2,-1.8058001532155312,-0.11443970772565082,2.077283637913718,Cloud & DevOps Infrastructure Architects
CP-2175,1.7,MCA,Tier 2 (Top State/Private),Data Science & AI/ML,Tier 2 City,1,4,240.0,0,1,1,0,0,1,1,0,4,15.66,Job-Ready Mid-Level,10.3,1,3,0,2,2.5,0,0,4,58.5,0,1.7114215974363045,0.856056446412026,1.1600033421131786,Core Systems & Algorithmic Backend Specialists
CP-2176,3.3,B.Tech/B.E,Tier 2 (Top State/Private),Full Stack Web,Tier 1 Tech Hub (Bengaluru/NCR/Hyd),3,5,74.0,3,1,1,1,0,1,1,0,5,27.51,High-Demand Specialist,9.85,1,3,1,2,3.0,1,0,5,71.5,0,3.702071062807878,0.9658801271861505,-0.5408218029316876,Core Systems & Algorithmic Backend Specialists
CP-2177,0.2,Non-CS Degree,Tier 3 (Affiliated Colleges),Cloud & DevOps,Tier 1 Tech Hub (Bengaluru/NCR/Hyd),3,4,29.0,1,1,1,0,1,0,1,0,4,14.72,Junior Associate,8.02,1,3,0,1,1.0,1,0,4,38.3,1,0.692620157851977,0.11870810032241295,0.806489326564898,Applied AI/ML & Data Science Specialists
CP-2178,3.1,BCA/B.Sc CS,Tier 1 (IIT/NIT/BITS),Full Stack Web,Tier 1 Tech Hub (Bengaluru/NCR/Hyd),1,2,46.0,0,1,1,0,1,0,0,1,4,23.34,Job-Ready Mid-Level,4.05,1,2,1,3,2.0,1,0,4,57.7,3,0.9982194865646054,-1.3998141242988575,-0.13499083292807726,Emerging Full-Stack & Entry Developers
CP-2179,1.7,BCA/B.Sc CS,Tier 1 (IIT/NIT/BITS),Data Science & AI/ML,Tier 1 Tech Hub (Bengaluru/NCR/Hyd),2,8,63.0,1,1,1,0,1,0,0,0,3,19.53,Job-Ready Mid-Level,10.18,1,2,0,3,2.0,1,0,3,56.7,0,0.667618908016926,2.0569782462599107,0.9761261860599598,Core Systems & Algorithmic Backend Specialists
CP-2180,7.3,B.Tech/B.E,Tier 1 (IIT/NIT/BITS),Data Science & AI/ML,Tier 1 Tech Hub (Bengaluru/NCR/Hyd),0,3,10.0,0,0,1,1,0,0,0,1,3,31.83,High-Demand Specialist,2.35,0,1,2,3,3.0,1,0,3,63.3,3,0.045137278798902086,-1.3682706460322394,-2.739820755541013,Emerging Full-Stack & Entry Developers
CP-2181,0.9,B.Tech/B.E,Tier 1 (IIT/NIT/BITS),Data Science & AI/ML,Tier 1 Tech Hub (Bengaluru/NCR/Hyd),1,3,107.0,1,1,1,1,1,0,0,1,5,21.48,Job-Ready Mid-Level,6.28,1,2,2,3,3.0,1,0,5,57.7,3,2.4125635057251325,-1.4707973731462929,-1.4729474674859162,Emerging Full-Stack & Entry Developers
CP-2182,2.2,Non-CS Degree,Tier 1 (IIT/NIT/BITS),Full Stack Web,Tier 2 City,1,2,30.0,2,1,1,0,1,0,1,0,4,15.99,Job-Ready Mid-Level,3.65,1,3,0,3,1.0,0,0,4,49.4,1,0.6812809558847048,-1.4693917004284152,1.096816559929323,Applied AI/ML & Data Science Specialists
CP-2183,5.9,B.Tech/B.E,Tier 3 (Affiliated Colleges),Data Science & AI/ML,Tier 1 Tech Hub (Bengaluru/NCR/Hyd),0,5,0.0,1,0,0,1,1,1,0,1,4,28.87,High-Demand Specialist,3.5,2,0,2,1,3.0,1,0,4,61.0,3,1.2489379055625323,-1.6704080401884185,0.6693540250568353,Emerging Full-Stack & Entry Developers
CP-2184,0.2,M.Tech/M.S,Tier 2 (Top State/Private),Backend Systems,Tier 1 Tech Hub (Bengaluru/NCR/Hyd),0,1,139.0,0,0,0,1,0,0,1,0,2,15.52,Job-Ready Mid-Level,4.18,0,1,1,2,4.0,1,0,2,37.1,2,-2.290563002528545,-1.1717439153939144,-1.2432008183619636,Cloud & DevOps Infrastructure Architects
CP-2185,6.1,B.Tech/B.E,Tier 1 (IIT/NIT/BITS),Full Stack Web,Tier 2 City,0,3,111.0,1,1,1,1,0,0,0,0,3,22.45,Job-Ready Mid-Level,4.88,0,2,1,3,3.0,0,0,3,67.5,1,0.44841918825092913,-0.2260652392174991,-1.4805197166188784,Applied AI/ML & Data Science Specialists
CP-2186,2.6,B.Tech/B.E,Tier 2 (Top State/Private),Data Science & AI/ML,Tier 1 Tech Hub (Bengaluru/NCR/Hyd),1,2,0.0,1,1,1,1,0,1,0,0,4,18.41,Job-Ready Mid-Level,2.9,1,2,1,2,3.0,1,0,4,52.2,3,0.6969482459700413,-1.8345697191235424,-0.04585297666581117,Emerging Full-Stack & Entry Developers
CP-2187,0.2,B.Tech/B.E,Tier 3 (Affiliated Colleges),Data Analytics & BI,Tier 1 Tech Hub (Bengaluru/NCR/Hyd),0,4,108.0,2,0,0,0,0,0,0,0,0,7.37,Entry-Level Learner,5.5,0,0,0,1,3.0,1,0,0,23.7,2,-5.003371422689761,0.4436244423424473,0.2918759692555007,Cloud & DevOps Infrastructure Architects
CP-2188,0.8,B.Tech/B.E,Tier 2 (Top State/Private),Full Stack Web,Tier 1 Tech Hub (Bengaluru/NCR/Hyd),1,9,241.0,0,1,0,0,1,0,1,0,3,19.06,Job-Ready Mid-Level,13.82,1,2,0,2,3.0,1,0,3,57.2,0,1.0005350867110936,2.9540155944236592,1.078397142929685,Core Systems & Algorithmic Backend Specialists
CP-2189,2.7,Non-CS Degree,Tier 2 (Top State/Private),Cloud & DevOps,Tier 1 Tech Hub (Bengaluru/NCR/Hyd),1,5,12.0,0,1,1,1,1,0,1,0,5,20.09,Job-Ready Mid-Level,5.3,1,3,1,2,1.0,1,0,5,54.6,3,2.2191769444811134,-1.256581184967284,-0.5026497458698069,Emerging Full-Stack & Entry Developers
CP-2190,0.2,B.Tech/B.E,Tier 3 (Affiliated Colleges),Data Science & AI/ML,Remote Global,1,2,33.0,1,0,1,0,0,1,0,1,3,13.8,Junior Associate,3.72,1,1,1,1,3.0,0,1,3,33.2,2,-1.3030064135430706,-1.9149378587023766,0.7503327102941898,Cloud & DevOps Infrastructure Architects
CP-2191,1.9,B.Tech/B.E,Tier 2 (Top State/Private),Cloud & DevOps,Tier 1 Tech Hub (Bengaluru/NCR/Hyd),1,4,139.0,3,1,1,0,1,1,0,1,5,22.37,Job-Ready Mid-Level,7.78,2,2,1,2,3.0,1,0,5,61.0,3,2.8594544016787524,-0.7093151706970442,1.4784784267305975,Emerging Full-Stack & Entry Developers
CP-2192,0.9,B.Tech/B.E,Tier 2 (Top State/Private),Data Analytics & BI,Tier 1 Tech Hub (Bengaluru/NCR/Hyd),1,1,152.0,2,1,1,0,0,1,0,0,3,13.02,Junior Associate,6.0,1,2,0,2,3.0,1,0,3,44.7,1,-0.5090001849757232,-0.5367105443640591,1.3530349897282647,Applied AI/ML & Data Science Specialists
CP-2193,2.1,B.Tech/B.E,Tier 2 (Top State/Private),Backend Systems,Tier 1 Tech Hub (Bengaluru/NCR/Hyd),1,4,32.0,1,1,1,0,0,0,1,0,3,17.38,Job-Ready Mid-Level,5.1,0,3,0,2,3.0,1,0,3,49.2,1,-0.27940256571138355,-0.2641485374302687,-0.5822256395656621,Applied AI/ML & Data Science Specialists
CP-2194,0.1,B.Tech/B.E,Tier 2 (Top State/Private),Data Science & AI/ML,Tier 1 Tech Hub (Bengaluru/NCR/Hyd),1,4,9.0,0,1,1,1,0,0,0,0,3,9.59,Junior Associate,4.53,0,2,1,2,3.0,1,0,3,38.3,1,-0.9677995177844023,-0.9793491866246256,-1.67017970075957,Applied AI/ML & Data Science Specialists
CP-2195,4.5,MCA,Tier 2 (Top State/Private),Full Stack Web,Tier 1 Tech Hub (Bengaluru/NCR/Hyd),1,8,113.0,1,1,1,0,0,1,0,0,3,24.07,High-Demand Specialist,9.93,1,2,0,2,2.5,1,0,3,67.7,0,1.0954938516159176,2.0707815324572065,1.1057872210776962,Core Systems & Algorithmic Backend Specialists
CP-2196,8.0,B.Tech/B.E,Tier 3 (Affiliated Colleges),Full Stack Web,Tier 2 City,2,5,367.0,0,1,1,0,0,0,0,0,2,25.72,High-Demand Specialist,15.68,0,2,0,1,3.0,0,0,2,71.9,0,0.7503717732778638,4.560343153627164,-0.2621975935540487,Core Systems & Algorithmic Backend Specialists
CP-2197,7.6,B.Tech/B.E,Tier 2 (Top State/Private),Backend Systems,Remote Global,0,2,121.0,1,1,0,1,1,0,0,0,3,35.81,High-Demand Specialist,4.42,1,1,1,2,3.0,0,1,3,62.6,2,0.2501549599299035,-0.6038074074543438,0.6609284072732468,Cloud & DevOps Infrastructure Architects
CP-2198,3.0,B.Tech/B.E,Tier 2 (Top State/Private),Backend Systems,Tier 1 Tech Hub (Bengaluru/NCR/Hyd),0,1,346.0,0,0,0,0,0,0,0,0,0,17.79,Job-Ready Mid-Level,9.35,0,0,0,2,3.0,1,0,0,48.3,2,-3.6762174196865933,2.041217666819417,0.2981854007005245,Cloud & DevOps Infrastructure Architects
CP-2199,0.3,Non-CS Degree,Tier 1 (IIT/NIT/BITS),Data Science & AI/ML,Tier 1 Tech Hub (Bengaluru/NCR/Hyd),1,6,113.0,2,1,0,0,1,0,1,1,4,19.55,Job-Ready Mid-Level,8.52,1,2,1,3,1.0,1,0,4,48.0,3,1.0959363881735587,-0.01818981596505517,-0.27521447320583686,Emerging Full-Stack & Entry Developers
CP-2200,3.1,B.Tech/B.E,Tier 2 (Top State/Private),Data Science & AI/ML,Tier 2 City,1,3,209.0,0,1,1,0,0,0,0,1,3,16.2,Job-Ready Mid-Level,8.82,0,2,1,2,3.0,0,0,3,60.4,1,0.39861824816275726,0.7029046023524576,-1.4762223672544064,Applied AI/ML & Data Science Specialists
CP-2201,0.1,B.Tech/B.E,Tier 2 (Top State/Private),Full Stack Web,Tier 1 Tech Hub (Bengaluru/NCR/Hyd),2,4,60.0,1,1,1,1,0,1,0,0,4,17.88,Job-Ready Mid-Level,7.3,1,2,1,2,3.0,1,0,4,47.0,3,0.9547431508305999,-0.3185609785576208,-0.15282132997771056,Emerging Full-Stack & Entry Developers
CP-2202,0.0,BCA/B.Sc CS,Tier 3 (Affiliated Colleges),Data Science & AI/ML,Tier 1 Tech Hub (Bengaluru/NCR/Hyd),0,3,230.0,0,1,0,0,1,0,0,0,2,9.39,Junior Associate,7.85,1,1,0,1,2.0,1,0,2,31.8,2,-2.224852362577515,0.17952920250173993,1.5770949858949543,Cloud & DevOps Infrastructure Architects
CP-2203,0.9,BCA/B.Sc CS,Tier 2 (Top State/Private),Full Stack Web,Tier 1 Tech Hub (Bengaluru/NCR/Hyd),1,3,29.0,1,1,1,1,0,0,0,0,3,11.43,Junior Associate,4.32,0,2,1,2,2.0,1,0,3,38.8,1,-1.0051228103036958,-1.0992595042624271,-1.6909018716318904,Applied AI/ML & Data Science Specialists
CP-2204,1.5,B.Tech/B.E,Tier 3 (Affiliated Colleges),Data Science & AI/ML,Tier 1 Tech Hub (Bengaluru/NCR/Hyd),0,1,123.0,0,1,1,1,0,1,0,1,5,17.11,Job-Ready Mid-Level,3.78,1,2,2,1,3.0,1,0,5,48.2,3,1.549605664553738,-2.9568409835682594,-1.2489168574457026,Emerging Full-Stack & Entry Developers
CP-2205,3.2,B.Tech/B.E,Tier 2 (Top State/Private),Cloud & DevOps,Tier 1 Tech Hub (Bengaluru/NCR/Hyd),1,6,19.0,3,1,1,1,0,0,1,0,4,21.8,Job-Ready Mid-Level,6.17,0,3,1,2,3.0,1,0,4,60.7,1,1.606846687288053,-0.1561522927398484,-2.0142692276355554,Applied AI/ML & Data Science Specialists
CP-2206,2.5,M.Tech/M.S,Tier 1 (IIT/NIT/BITS),Backend Systems,Tier 2 City,0,2,0.0,1,1,0,1,1,1,1,0,5,20.48,Job-Ready Mid-Level,1.4,2,2,1,3,4.0,0,0,5,60.7,3,2.173278260240783,-2.8859382863276926,1.7579682224968731,Emerging Full-Stack & Entry Developers
CP-2207,1.3,B.Tech/B.E,Tier 1 (IIT/NIT/BITS),Backend Systems,Tier 2 City,2,4,69.0,0,0,1,1,0,0,1,0,3,17.0,Job-Ready Mid-Level,7.52,0,2,1,3,3.0,0,0,3,53.4,1,0.12402523964057141,0.5069142206447195,-1.6131962221333074,Applied AI/ML & Data Science Specialists
CP-2208,0.7,MCA,Tier 2 (Top State/Private),Full Stack Web,Tier 1 Tech Hub (Bengaluru/NCR/Hyd),3,7,31.0,0,1,0,1,0,1,0,0,3,16.59,Job-Ready Mid-Level,10.18,1,1,1,2,2.5,1,0,3,49.1,0,0.2306166576898699,1.7080644139527588,-0.08423108152819603,Core Systems & Algorithmic Backend Specialists
CP-2209,9.5,BCA/B.Sc CS,Tier 1 (IIT/NIT/BITS),Cloud & DevOps,Tier 1 Tech Hub (Bengaluru/NCR/Hyd),1,2,0.0,1,1,1,0,0,0,0,0,2,33.25,High-Demand Specialist,2.9,0,2,0,3,2.0,1,0,2,56.9,1,-1.134926937593385,0.02740107282271341,-0.3737536231251386,Applied AI/ML & Data Science Specialists
CP-2210,1.2,B.Tech/B.E,Tier 2 (Top State/Private),Data Analytics & BI,Remote Global,2,3,356.0,0,1,1,1,0,0,0,0,3,21.79,Job-Ready Mid-Level,14.0,0,2,1,2,3.0,0,1,3,59.5,0,0.857846777037633,2.4652085375159967,-1.28837995395558,Core Systems & Algorithmic Backend Specialists
CP-2211,1.3,B.Tech/B.E,Tier 3 (Affiliated Colleges),Data Science & AI/ML,Tier 1 Tech Hub (Bengaluru/NCR/Hyd),1,5,60.0,0,1,0,1,0,0,0,0,2,14.87,Junior Associate,6.5,0,1,1,1,3.0,1,0,2,39.2,2,-1.900603969842697,0.29620935490405453,-1.4325330146451143,Cloud & DevOps Infrastructure Architects
CP-2212,0.4,B.Tech/B.E,Tier 1 (IIT/NIT/BITS),Cloud & DevOps,Remote Global,3,4,237.0,1,1,0,1,0,0,1,0,3,25.16,High-Demand Specialist,13.22,0,2,1,3,3.0,0,1,3,58.4,0,0.8958912608457688,2.5451852936634,-1.4156739818795896,Core Systems & Algorithmic Backend Specialists
CP-2213,3.5,M.Tech/M.S,Tier 2 (Top State/Private),Full Stack Web,Tier 1 Tech Hub (Bengaluru/NCR/Hyd),2,5,350.0,1,1,1,1,0,1,1,0,5,30.84,High-Demand Specialist,15.25,1,3,1,2,4.0,1,0,5,84.2,0,4.679185114003539,2.661721687691587,-0.4511716173324145,Core Systems & Algorithmic Backend Specialists
CP-2214,2.6,B.Tech/B.E,Tier 2 (Top State/Private),Data Science & AI/ML,Tier 1 Tech Hub (Bengaluru/NCR/Hyd),0,4,67.0,0,0,0,0,1,0,1,0,2,20.19,Job-Ready Mid-Level,4.47,1,1,0,2,3.0,1,0,2,46.5,2,-1.6720789756936325,-0.2830534857949572,1.5376367370301633,Cloud & DevOps Infrastructure Architects
CP-2215,0.5,B.Tech/B.E,Tier 2 (Top State/Private),Full Stack Web,Tier 1 Tech Hub (Bengaluru/NCR/Hyd),1,4,48.0,1,1,1,1,0,0,0,0,3,12.12,Junior Associate,5.5,0,2,1,2,3.0,1,0,3,41.9,1,-0.6793165404123147,-0.5881908700691448,-1.6770401739489769,Applied AI/ML & Data Science Specialists
CP-2216,0.2,BCA/B.Sc CS,Tier 2 (Top State/Private),Data Science & AI/ML,Remote Global,1,2,0.0,1,1,1,1,1,0,1,0,5,16.09,Job-Ready Mid-Level,2.9,1,3,1,2,2.0,0,1,5,41.2,3,1.3399868077623933,-2.7884691227901435,0.10529751504479044,Emerging Full-Stack & Entry Developers
CP-2217,2.5,Non-CS Degree,Tier 2 (Top State/Private),Cloud & DevOps,Tier 1 Tech Hub (Bengaluru/NCR/Hyd),0,1,54.0,2,0,1,1,1,0,0,0,3,17.06,Job-Ready Mid-Level,2.05,1,1,1,2,1.0,1,0,3,39.9,2,-1.2231368753552685,-2.22442360717908,0.18849446783045745,Cloud & DevOps Infrastructure Architects
CP-2218,2.3,B.Tech/B.E,Tier 2 (Top State/Private),Data Science & AI/ML,Tier 1 Tech Hub (Bengaluru/NCR/Hyd),0,4,130.0,2,1,1,0,1,0,0,0,3,17.52,Job-Ready Mid-Level,6.05,1,2,0,2,3.0,1,0,3,51.8,1,-0.10107735832999612,-0.18513109777023423,1.2923215571095068,Applied AI/ML & Data Science Specialists
CP-2219,0.7,Non-CS Degree,Tier 3 (Affiliated Colleges),Full Stack Web,Tier 1 Tech Hub (Bengaluru/NCR/Hyd),2,7,69.0,0,0,1,1,1,0,1,0,4,17.34,Job-Ready Mid-Level,9.62,1,2,1,1,1.0,1,0,4,43.5,0,1.0498014028657672,0.5581371054883326,-0.32668824204206715,Core Systems & Algorithmic Backend Specialists
CP-2220,6.6,B.Tech/B.E,Tier 3 (Affiliated Colleges),Data Science & AI/ML,Remote Global,2,5,72.0,2,1,1,1,0,1,0,0,4,33.91,High-Demand Specialist,8.3,1,2,1,1,3.0,0,1,4,69.0,0,2.2335080981504296,0.8150325142238242,0.2632238704477536,Core Systems & Algorithmic Backend Specialists
CP-2221,0.4,B.Tech/B.E,Tier 2 (Top State/Private),Backend Systems,Remote Global,2,8,19.0,0,1,1,0,1,0,0,0,3,16.01,Job-Ready Mid-Level,9.07,1,2,0,2,3.0,0,1,3,47.3,0,0.11898104549353357,1.3407334895295182,1.525723372455064,Core Systems & Algorithmic Backend Specialists
CP-2222,1.2,B.Tech/B.E,Tier 1 (IIT/NIT/BITS),Full Stack Web,Remote Global,3,8,69.0,0,1,0,0,0,0,0,0,1,20.17,Job-Ready Mid-Level,11.82,0,1,0,3,3.0,0,1,1,51.7,0,-1.7521547033776723,3.69432191341027,0.09976177711940959,Core Systems & Algorithmic Backend Specialists
CP-2223,6.3,B.Tech/B.E,Tier 3 (Affiliated Colleges),Cloud & DevOps,Remote Global,2,7,1.0,0,1,1,0,0,0,0,0,2,27.9,High-Demand Specialist,7.92,0,2,0,1,3.0,0,1,2,60.1,1,-0.5283728488079306,2.0271434776008177,-0.012817843787364157,Applied AI/ML & Data Science Specialists
CP-2224,1.2,B.Tech/B.E,Tier 2 (Top State/Private),Cloud & DevOps,Tier 1 Tech Hub (Bengaluru/NCR/Hyd),0,4,242.0,2,1,0,0,0,1,0,0,2,16.23,Job-Ready Mid-Level,8.85,1,1,0,2,3.0,1,0,2,46.8,2,-1.3088709577845756,0.9929720340331454,1.5768537566955594,Cloud & DevOps Infrastructure Architects
CP-2225,2.2,B.Tech/B.E,Tier 2 (Top State/Private),Full Stack Web,Tier 1 Tech Hub (Bengaluru/NCR/Hyd),0,1,0.0,3,1,0,0,0,0,0,0,1,10.18,Junior Associate,0.7,0,1,0,2,3.0,1,0,1,34.0,2,-3.845974985440525,-1.4024675220556804,0.0766426252710441,Cloud & DevOps Infrastructure Architects
CP-2226,1.1,MCA,Tier 2 (Top State/Private),Data Science & AI/ML,Tier 1 Tech Hub (Bengaluru/NCR/Hyd),0,3,65.0,3,1,1,1,0,0,0,0,3,14.06,Junior Associate,3.72,0,2,1,2,2.5,1,0,3,40.3,1,-0.9573171156438496,-1.4751083288149698,-1.6054561291803078,Applied AI/ML & Data Science Specialists
CP-2227,0.7,MCA,Tier 1 (IIT/NIT/BITS),Data Analytics & BI,Tier 1 Tech Hub (Bengaluru/NCR/Hyd),0,6,34.0,1,1,0,1,0,0,0,0,2,12.89,Junior Associate,5.05,0,1,1,3,2.5,1,0,2,40.6,2,-1.975664642488595,-0.1965223020713624,-1.4706940539705924,Cloud & DevOps Infrastructure Architects
CP-2228,9.1,M.Tech/M.S,Tier 2 (Top State/Private),Data Science & AI/ML,Tier 2 City,0,3,121.0,1,1,1,0,1,1,1,0,5,31.35,High-Demand Specialist,5.12,2,3,0,2,4.0,0,0,5,75.2,3,3.5250015676266964,-0.8161501603663176,2.8461465175343568,Emerging Full-Stack & Entry Developers
CP-2229,1.2,B.Tech/B.E,Tier 2 (Top State/Private),Data Science & AI/ML,Remote Global,1,3,31.0,0,1,0,1,0,1,1,0,4,18.5,Job-Ready Mid-Level,4.38,1,2,1,2,3.0,0,1,4,47.7,3,0.6107866639642886,-1.527211533632889,0.3870728095711095,Emerging Full-Stack & Entry Developers
CP-2230,4.9,B.Tech/B.E,Tier 2 (Top State/Private),Data Analytics & BI,Tier 1 Tech Hub (Bengaluru/NCR/Hyd),2,6,0.0,0,1,0,1,0,0,0,0,2,22.64,Job-Ready Mid-Level,7.2,0,1,1,2,3.0,1,0,2,62.5,2,-0.6323869948624035,1.6006621223166755,-1.5956244331487115,Cloud & DevOps Infrastructure Architects
CP-2231,0.6,B.Tech/B.E,Tier 2 (Top State/Private),Data Science & AI/ML,Tier 2 City,2,5,35.0,1,1,1,0,1,0,1,0,4,13.71,Junior Associate,7.38,1,3,0,2,3.0,0,0,4,49.7,1,1.2321254215002504,0.09129130594880044,1.0704676242513769,Applied AI/ML & Data Science Specialists
CP-2232,0.5,M.Tech/M.S,Tier 3 (Affiliated Colleges),Full Stack Web,Remote Global,1,2,254.0,1,1,1,0,1,1,0,1,5,22.79,Job-Ready Mid-Level,9.25,2,2,1,1,4.0,0,1,5,55.4,3,2.6080142385466436,-0.7727541103542251,2.0738127689353316,Emerging Full-Stack & Entry Developers
CP-2233,0.1,Non-CS Degree,Tier 2 (Top State/Private),Full Stack Web,Tier 1 Tech Hub (Bengaluru/NCR/Hyd),2,4,207.0,0,1,0,1,0,0,0,0,2,13.41,Junior Associate,10.98,0,1,1,2,1.0,1,0,2,38.6,2,-1.6083410947922694,1.729353649210175,-1.5875058851937494,Cloud & DevOps Infrastructure Architects
CP-2234,2.3,B.Tech/B.E,Tier 1 (IIT/NIT/BITS),Full Stack Web,Tier 1 Tech Hub (Bengaluru/NCR/Hyd),1,3,30.0,1,1,0,0,0,1,0,0,2,19.13,Job-Ready Mid-Level,4.35,1,1,0,3,3.0,1,0,2,49.0,2,-1.5874448003760981,-0.07452586174971808,1.5048894336526992,Cloud & DevOps Infrastructure Architects
CP-2235,1.0,B.Tech/B.E,Tier 2 (Top State/Private),Cloud & DevOps,Tier 1 Tech Hub (Bengaluru/NCR/Hyd),2,3,124.0,1,1,1,0,0,0,0,0,2,13.76,Junior Associate,8.2,0,2,0,2,3.0,1,0,2,44.7,1,-1.3977156390807777,1.176352530244509,-0.3641576511578767,Applied AI/ML & Data Science Specialists
CP-2236,4.4,B.Tech/B.E,Tier 3 (Affiliated Colleges),Cloud & DevOps,Tier 1 Tech Hub (Bengaluru/NCR/Hyd),1,5,0.0,2,1,1,1,0,1,1,1,6,26.56,High-Demand Specialist,5.0,1,3,2,1,3.0,1,0,6,68.9,3,4.10546867550249,-1.8644102112673429,-1.707967077478079,Emerging Full-Stack & Entry Developers
CP-2237,1.4,B.Tech/B.E,Tier 3 (Affiliated Colleges),Cloud & DevOps,Tier 1 Tech Hub (Bengaluru/NCR/Hyd),0,4,7.0,0,0,1,1,0,1,1,0,4,16.82,Job-Ready Mid-Level,2.97,1,2,1,1,3.0,1,0,4,42.2,3,0.2529625965333396,-2.2341636120478623,0.010860392837628356,Emerging Full-Stack & Entry Developers
CP-2238,7.6,B.Tech/B.E,Tier 3 (Affiliated Colleges),Data Analytics & BI,Tier 1 Tech Hub (Bengaluru/NCR/Hyd),2,6,41.0,1,1,1,0,0,0,0,0,2,28.61,High-Demand Specialist,8.22,0,2,0,1,3.0,1,0,2,60.6,0,-0.3811622059744213,2.1698949268860046,-0.44937126989456283,Core Systems & Algorithmic Backend Specialists
CP-2239,0.5,BCA/B.Sc CS,Tier 1 (IIT/NIT/BITS),Full Stack Web,Tier 1 Tech Hub (Bengaluru/NCR/Hyd),1,3,13.0,0,0,1,1,0,1,0,0,3,15.22,Job-Ready Mid-Level,3.92,1,1,1,3,2.0,1,0,3,40.3,2,-0.9670423491671297,-1.293806566007189,0.12538403713223362,Cloud & DevOps Infrastructure Architects
CP-2240,4.5,M.Tech/M.S,Tier 3 (Affiliated Colleges),Full Stack Web,Remote Global,1,3,147.0,0,1,0,0,1,0,0,0,2,25.74,High-Demand Specialist,7.28,1,1,0,1,4.0,0,1,2,59.6,2,-0.8122530101990575,1.0456179041315021,2.0079039948012563,Cloud & DevOps Infrastructure Architects
CP-2241,3.3,B.Tech/B.E,Tier 3 (Affiliated Colleges),Full Stack Web,Tier 1 Tech Hub (Bengaluru/NCR/Hyd),0,1,243.0,0,1,1,0,0,0,0,0,2,16.43,Job-Ready Mid-Level,6.78,0,2,0,1,3.0,1,0,2,49.7,1,-1.5138266669968925,0.2661329754624668,-0.1630180359120438,Applied AI/ML & Data Science Specialists
CP-2242,3.2,B.Tech/B.E,Tier 1 (IIT/NIT/BITS),Full Stack Web,Tier 1 Tech Hub (Bengaluru/NCR/Hyd),1,6,16.0,0,1,0,0,1,0,0,0,2,22.56,Job-Ready Mid-Level,6.1,1,1,0,3,3.0,1,0,2,56.4,2,-0.9901889232344779,1.0079954022804452,1.3780392163236428,Cloud & DevOps Infrastructure Architects
CP-2243,4.1,Non-CS Degree,Tier 2 (Top State/Private),Backend Systems,Remote Global,3,7,19.0,1,1,1,1,0,0,0,0,3,25.12,High-Demand Specialist,9.88,0,2,1,2,1.0,0,1,3,60.9,0,0.7192510390523652,2.0430399675291415,-1.5539144309263173,Core Systems & Algorithmic Backend Specialists
CP-2244,3.1,B.Tech/B.E,Tier 2 (Top State/Private),Data Analytics & BI,Tier 1 Tech Hub (Bengaluru/NCR/Hyd),0,4,59.0,1,1,0,0,0,0,0,0,1,16.47,Job-Ready Mid-Level,4.28,0,1,0,2,3.0,1,0,1,44.5,2,-3.01251516851619,0.2713480861127615,-0.019771724245513888,Cloud & DevOps Infrastructure Architects
CP-2245,2.2,B.Tech/B.E,Tier 3 (Affiliated Colleges),Data Science & AI/ML,Tier 1 Tech Hub (Bengaluru/NCR/Hyd),2,7,58.0,2,0,1,1,0,0,1,0,3,22.16,Job-Ready Mid-Level,9.35,0,2,1,1,3.0,1,0,3,52.6,0,0.41633148495733485,1.3351349070936023,-1.8182575784254464,Core Systems & Algorithmic Backend Specialists
CP-2246,0.3,B.Tech/B.E,Tier 2 (Top State/Private),Data Science & AI/ML,Tier 2 City,0,2,225.0,1,1,1,1,0,1,0,0,4,12.0,Junior Associate,7.02,1,2,1,2,3.0,0,0,4,47.6,3,0.7540514443898427,-1.0862169892131819,0.21174322640468157,Emerging Full-Stack & Entry Developers
CP-2247,0.1,B.Tech/B.E,Tier 2 (Top State/Private),Data Science & AI/ML,Tier 1 Tech Hub (Bengaluru/NCR/Hyd),1,4,220.0,0,1,1,1,1,1,1,0,6,23.48,Job-Ready Mid-Level,9.8,2,3,1,2,3.0,1,0,6,59.5,3,4.063021280176658,-0.6234652425266177,1.206095461287796,Emerging Full-Stack & Entry Developers
CP-2248,5.6,B.Tech/B.E,Tier 3 (Affiliated Colleges),Data Science & AI/ML,Tier 2 City,0,1,127.0,2,1,1,1,0,1,0,0,4,19.46,Job-Ready Mid-Level,3.88,1,2,1,1,3.0,0,0,4,61.7,3,1.1958001985345696,-1.5793135882151226,0.23480045030272076,Emerging Full-Stack & Entry Developers
CP-2249,2.1,M.Tech/M.S,Tier 3 (Affiliated Colleges),Data Science & AI/ML,Tier 1 Tech Hub (Bengaluru/NCR/Hyd),2,2,35.0,2,1,0,1,0,0,1,1,4,21.13,Job-Ready Mid-Level,5.28,0,2,2,1,4.0,1,0,4,52.6,3,1.0149569419062436,-1.1959145834481018,-2.980956771716638,Emerging Full-Stack & Entry Developers
CP-2250,3.5,B.Tech/B.E,Tier 3 (Affiliated Colleges),Full Stack Web,Tier 1 Tech Hub (Bengaluru/NCR/Hyd),0,4,118.0,1,1,0,1,0,0,0,1,3,21.88,Job-Ready Mid-Level,5.75,0,1,2,1,3.0,1,0,3,53.1,2,-0.26318404284133146,-0.704008772287364,-2.6972429695898263,Cloud & DevOps Infrastructure Architects
CP-2251,1.4,B.Tech/B.E,Tier 3 (Affiliated Colleges),Data Analytics & BI,Tier 1 Tech Hub (Bengaluru/NCR/Hyd),1,7,0.0,0,1,1,0,0,0,0,0,2,11.44,Junior Associate,6.4,0,2,0,1,3.0,1,0,2,39.5,1,-1.7636068617721137,0.6760501118795653,-0.36579761000359606,Applied AI/ML & Data Science Specialists
CP-2252,0.3,BCA/B.Sc CS,Tier 1 (IIT/NIT/BITS),Data Analytics & BI,Tier 1 Tech Hub (Bengaluru/NCR/Hyd),0,4,341.0,0,1,1,1,1,0,0,1,5,24.36,High-Demand Specialist,11.32,1,2,2,3,2.0,1,0,5,60.0,3,2.837036513783859,-0.06992875628523372,-1.4804436969723205,Emerging Full-Stack & Entry Developers
CP-2253,0.3,B.Tech/B.E,Tier 3 (Affiliated Colleges),Data Science & AI/ML,Tier 2 City,0,3,24.0,1,1,1,1,1,0,0,1,5,10.55,Junior Associate,2.7,1,2,2,1,3.0,0,0,5,40.4,3,1.2126487958221437,-3.3162017250111444,-1.141012994118414,Emerging Full-Stack & Entry Developers
CP-2254,2.5,MCA,Tier 2 (Top State/Private),Full Stack Web,Tier 2 City,2,4,69.0,1,1,0,0,0,0,1,1,3,17.89,Job-Ready Mid-Level,7.52,0,2,1,2,2.5,0,0,3,53.7,1,0.10264791918066739,0.4662854623284123,-1.5894901834307553,Applied AI/ML & Data Science Specialists
CP-2255,1.2,MCA,Tier 3 (Affiliated Colleges),Full Stack Web,Remote Global,0,3,0.0,0,1,0,0,0,0,0,0,1,8.74,Entry-Level Learner,2.1,0,1,0,1,2.5,0,1,1,25.6,2,-4.205074198633248,-1.1236205023070154,0.5054812445450838,Cloud & DevOps Infrastructure Architects
CP-2256,0.5,B.Tech/B.E,Tier 2 (Top State/Private),Data Analytics & BI,Tier 2 City,0,6,57.0,0,1,1,0,1,0,0,0,3,8.85,Entry-Level Learner,5.62,1,2,0,2,3.0,0,0,3,42.1,1,-0.6082390214310358,-0.4448963012581725,1.4404954313204854,Applied AI/ML & Data Science Specialists
CP-2257,1.5,M.Tech/M.S,Tier 3 (Affiliated Colleges),Data Analytics & BI,Tier 1 Tech Hub (Bengaluru/NCR/Hyd),0,4,123.0,0,1,0,0,0,0,1,0,2,14.07,Junior Associate,5.88,0,2,0,1,4.0,1,0,2,42.3,1,-1.773715350937901,0.05179070628949706,-0.19193339590530514,Applied AI/ML & Data Science Specialists
CP-2258,0.1,B.Tech/B.E,Tier 3 (Affiliated Colleges),Backend Systems,Tier 2 City,1,4,149.0,2,1,1,0,1,1,1,0,5,11.36,Junior Associate,8.02,2,3,0,1,3.0,0,0,5,48.2,3,2.323936998770963,-0.7599272484125114,2.7917257814688554,Emerging Full-Stack & Entry Developers
CP-2259,1.9,Non-CS Degree,Tier 3 (Affiliated Colleges),Full Stack Web,Tier 2 City,1,6,153.0,2,1,0,1,1,0,1,0,4,14.88,Junior Associate,9.52,1,2,1,1,1.0,0,0,4,49.3,0,1.2432871865493749,0.4140744444124733,-0.07192484835206968,Core Systems & Algorithmic Backend Specialists
CP-2260,0.7,B.Tech/B.E,Tier 1 (IIT/NIT/BITS),Cloud & DevOps,Tier 2 City,0,1,65.0,0,1,1,1,0,0,0,0,3,11.09,Junior Associate,2.33,0,2,1,3,3.0,0,0,3,41.8,1,-1.159827831703954,-2.063732623974164,-1.3784531774482929,Applied AI/ML & Data Science Specialists
CP-2261,3.5,Non-CS Degree,Tier 2 (Top State/Private),Data Science & AI/ML,Tier 2 City,0,3,47.0,0,1,1,1,0,1,0,0,4,12.42,Junior Associate,3.27,1,2,1,2,1.0,0,0,4,51.1,3,0.5118285630620044,-1.8715710407570378,0.0872310623638054,Emerging Full-Stack & Entry Developers
CP-2262,0.8,M.Tech/M.S,Tier 3 (Affiliated Colleges),Cloud & DevOps,Tier 1 Tech Hub (Bengaluru/NCR/Hyd),1,6,227.0,0,1,1,1,1,0,0,0,4,15.88,Job-Ready Mid-Level,11.38,1,2,1,1,4.0,1,0,4,56.3,0,1.7841722073394088,1.1211070441813287,-0.11858047767086712,Core Systems & Algorithmic Backend Specialists
CP-2263,1.3,B.Tech/B.E,Tier 1 (IIT/NIT/BITS),Data Science & AI/ML,Tier 1 Tech Hub (Bengaluru/NCR/Hyd),0,2,133.0,0,1,1,1,1,1,0,0,5,20.23,Job-Ready Mid-Level,4.72,2,2,1,3,3.0,1,0,5,57.1,3,2.188188570003538,-2.007045546342372,1.550125828747247,Emerging Full-Stack & Entry Developers
CP-2264,0.0,B.Tech/B.E,Tier 3 (Affiliated Colleges),Full Stack Web,Tier 2 City,2,4,0.0,0,0,1,0,0,0,1,0,2,9.27,Junior Associate,5.8,0,2,0,1,3.0,0,0,2,31.5,1,-2.177437681890412,0.07544923866060248,-0.16151807992391393,Applied AI/ML & Data Science Specialists
CP-2265,0.2,Non-CS Degree,Tier 1 (IIT/NIT/BITS),Cloud & DevOps,Tier 1 Tech Hub (Bengaluru/NCR/Hyd),2,7,243.0,1,1,0,0,0,1,1,0,3,19.22,Job-Ready Mid-Level,13.98,1,2,0,3,1.0,1,0,3,52.4,0,0.6974352367369283,2.8878412628015213,0.9913114350615856,Core Systems & Algorithmic Backend Specialists
CP-2266,1.1,MCA,Tier 3 (Affiliated Colleges),Data Science & AI/ML,Tier 1 Tech Hub (Bengaluru/NCR/Hyd),1,4,339.0,0,0,1,0,0,0,0,0,1,14.9,Junior Associate,12.77,0,1,0,1,2.5,1,0,1,42.9,2,-2.3242652387673384,2.8112479480610517,-0.06967704456438847,Cloud & DevOps Infrastructure Architects
CP-2267,1.4,B.Tech/B.E,Tier 2 (Top State/Private),Data Science & AI/ML,Tier 2 City,0,2,136.0,1,0,1,1,0,1,0,0,3,11.87,Junior Associate,4.8,1,1,1,2,3.0,0,0,3,45.2,2,-0.6862051279627295,-1.28042790259233,0.46097103484439345,Cloud & DevOps Infrastructure Architects
CP-2268,2.0,M.Tech/M.S,Tier 3 (Affiliated Colleges),Data Science & AI/ML,Tier 1 Tech Hub (Bengaluru/NCR/Hyd),1,3,64.0,0,1,0,1,0,0,0,0,2,13.64,Junior Associate,5.2,0,1,1,1,4.0,1,0,2,43.7,2,-1.8188738662041724,-0.15657418579781085,-1.3441618706346539,Cloud & DevOps Infrastructure Architects
CP-2269,0.8,B.Tech/B.E,Tier 3 (Affiliated Colleges),Data Science & AI/ML,Tier 1 Tech Hub (Bengaluru/NCR/Hyd),2,7,130.0,0,1,0,0,0,0,0,0,1,13.11,Junior Associate,11.15,0,1,0,1,3.0,1,0,1,40.3,2,-2.434826970563846,2.8643722479559695,-0.1936961006406367,Cloud & DevOps Infrastructure Architects
CP-2270,2.6,B.Tech/B.E,Tier 2 (Top State/Private),Data Science & AI/ML,Tier 1 Tech Hub (Bengaluru/NCR/Hyd),1,5,38.0,0,1,1,0,0,0,0,0,2,16.67,Job-Ready Mid-Level,5.95,0,2,0,2,3.0,1,0,2,49.0,1,-1.4169907993949167,0.6533530672252403,-0.3584058412718819,Applied AI/ML & Data Science Specialists
CP-2271,4.3,B.Tech/B.E,Tier 1 (IIT/NIT/BITS),Data Science & AI/ML,Tier 2 City,2,7,122.0,1,1,1,1,1,0,0,0,4,22.8,Job-Ready Mid-Level,10.95,1,2,1,3,3.0,0,0,4,78.3,0,2.8777069587317663,2.0544454011414923,-0.17041052995162553,Core Systems & Algorithmic Backend Specialists
CP-2272,3.3,B.Tech/B.E,Tier 1 (IIT/NIT/BITS),Data Science & AI/ML,Tier 1 Tech Hub (Bengaluru/NCR/Hyd),1,5,45.0,0,1,1,1,0,0,0,0,3,20.9,Job-Ready Mid-Level,6.12,0,2,1,3,3.0,1,0,3,61.1,1,0.2868080829836795,0.3254988947037971,-1.765567008244699,Applied AI/ML & Data Science Specialists
CP-2273,0.1,M.Tech/M.S,Tier 2 (Top State/Private),Data Science & AI/ML,Tier 2 City,1,2,229.0,2,0,1,1,0,0,0,0,2,10.92,Junior Associate,8.62,0,1,1,2,4.0,0,0,2,44.0,2,-1.4470735462124147,0.6133124769719526,-1.1565352322957965,Cloud & DevOps Infrastructure Architects
CP-2274,1.4,B.Tech/B.E,Tier 2 (Top State/Private),Backend Systems,Tier 1 Tech Hub (Bengaluru/NCR/Hyd),0,2,124.0,0,0,1,1,0,1,0,0,3,15.04,Job-Ready Mid-Level,4.5,1,1,1,2,3.0,1,0,3,44.7,2,-0.7629633731709027,-1.3485316649318404,0.2810993057700606,Cloud & DevOps Infrastructure Architects
CP-2275,0.2,MCA,Tier 3 (Affiliated Colleges),Full Stack Web,Tier 1 Tech Hub (Bengaluru/NCR/Hyd),1,5,8.0,1,0,0,0,0,1,0,1,2,12.04,Junior Associate,5.2,1,0,1,1,2.5,1,0,2,30.0,2,-2.41123867209447,-0.6280154970914906,0.43487516060796305,Cloud & DevOps Infrastructure Architects
CP-2276,0.6,B.Tech/B.E,Tier 2 (Top State/Private),Data Science & AI/ML,Tier 1 Tech Hub (Bengaluru/NCR/Hyd),0,4,107.0,3,0,1,1,0,1,0,0,3,13.65,Junior Associate,5.48,1,1,1,2,3.0,1,0,3,42.3,2,-0.6231132738219817,-0.9546786853796344,0.23314453719871026,Cloud & DevOps Infrastructure Architects
CP-2277,9.5,B.Tech/B.E,Tier 2 (Top State/Private),Full Stack Web,Tier 2 City,2,5,46.0,1,1,1,1,1,0,0,0,4,29.43,High-Demand Specialist,7.65,1,2,1,2,3.0,0,0,4,72.1,0,2.5099932465826393,0.9754418927501504,-0.08658640241802218,Core Systems & Algorithmic Backend Specialists
CP-2278,0.3,B.Tech/B.E,Tier 2 (Top State/Private),Data Analytics & BI,Tier 1 Tech Hub (Bengaluru/NCR/Hyd),2,3,32.0,1,0,0,0,0,0,0,0,0,9.97,Junior Associate,5.9,0,0,0,2,3.0,1,0,0,29.0,2,-4.653533685705321,1.1026025699331543,0.1491184617786972,Cloud & DevOps Infrastructure Architects
CP-2279,1.5,B.Tech/B.E,Tier 1 (IIT/NIT/BITS),Cloud & DevOps,Remote Global,2,2,70.0,0,1,0,0,0,0,1,0,2,22.38,Job-Ready Mid-Level,6.15,0,2,0,3,3.0,0,1,2,48.0,1,-1.477752507238903,0.5344318659001349,0.07846667489492765,Applied AI/ML & Data Science Specialists
CP-2280,2.1,B.Tech/B.E,Tier 2 (Top State/Private),Full Stack Web,Remote Global,1,8,30.0,2,0,1,0,0,1,0,0,2,18.7,Job-Ready Mid-Level,7.85,1,1,0,2,3.0,0,1,2,49.6,2,-1.0402651653674724,1.310784770475275,1.8675984026833736,Cloud & DevOps Infrastructure Architects
CP-2281,2.7,B.Tech/B.E,Tier 3 (Affiliated Colleges),Cloud & DevOps,Tier 2 City,0,5,363.0,1,1,1,1,1,0,0,0,4,17.06,Job-Ready Mid-Level,12.58,1,2,1,1,3.0,0,0,4,64.7,0,2.168598150524606,1.3929249129120769,0.09332334254895847,Core Systems & Algorithmic Backend Specialists
CP-2282,1.8,BCA/B.Sc CS,Tier 3 (Affiliated Colleges),Data Analytics & BI,Remote Global,0,3,31.0,0,0,1,1,0,0,1,0,3,15.47,Job-Ready Mid-Level,2.87,0,2,1,1,2.0,0,1,3,36.7,1,-1.2861067755009028,-1.9451452880804367,-1.1380516976971637,Applied AI/ML & Data Science Specialists
CP-2283,0.0,B.Tech/B.E,Tier 2 (Top State/Private),Data Analytics & BI,Tier 1 Tech Hub (Bengaluru/NCR/Hyd),1,5,110.0,0,1,1,0,1,0,0,1,4,16.05,Job-Ready Mid-Level,7.75,1,2,1,2,3.0,1,0,4,47.3,3,0.9618433304615912,-0.41205159215315096,-0.1201338314433138,Emerging Full-Stack & Entry Developers
CP-2284,0.9,B.Tech/B.E,Tier 2 (Top State/Private),Cloud & DevOps,Tier 1 Tech Hub (Bengaluru/NCR/Hyd),2,4,30.0,1,1,0,0,1,1,0,0,3,15.91,Job-Ready Mid-Level,6.55,2,1,0,2,3.0,1,0,3,45.6,2,-0.2604928447304515,0.1639692051622027,3.010237793849807,Cloud & DevOps Infrastructure Architects
CP-2285,1.6,B.Tech/B.E,Tier 3 (Affiliated Colleges),Backend Systems,Tier 2 City,1,2,116.0,0,1,0,0,1,0,1,1,4,16.23,Job-Ready Mid-Level,5.8,1,2,1,1,3.0,0,0,4,47.9,3,0.7390322674213438,-1.276896496032088,0.15292397563781873,Emerging Full-Stack & Entry Developers
CP-2286,0.2,MCA,Tier 2 (Top State/Private),Backend Systems,Tier 2 City,0,3,46.0,1,0,1,0,0,0,0,1,2,8.44,Entry-Level Learner,3.25,0,1,1,2,2.5,0,0,2,30.9,2,-2.6688293884900496,-1.5608129351463165,-1.132647745292298,Cloud & DevOps Infrastructure Architects
CP-2287,0.9,MCA,Tier 1 (IIT/NIT/BITS),Cloud & DevOps,Remote Global,3,6,71.0,0,1,1,1,0,0,0,0,3,21.99,Job-Ready Mid-Level,10.48,0,2,1,3,2.5,0,1,3,54.8,0,0.4794741520700223,1.8678342768295586,-1.4737528598703489,Core Systems & Algorithmic Backend Specialists
CP-2288,0.1,B.Tech/B.E,Tier 1 (IIT/NIT/BITS),Full Stack Web,Tier 2 City,3,8,360.0,1,1,0,0,1,0,0,0,2,16.02,Job-Ready Mid-Level,19.1,1,1,0,3,3.0,0,0,2,55.7,0,0.3857389537054887,5.389763563142198,1.377941662018965,Core Systems & Algorithmic Backend Specialists
CP-2289,0.2,B.Tech/B.E,Tier 2 (Top State/Private),Cloud & DevOps,Remote Global,1,7,49.0,0,1,0,0,1,0,0,0,2,13.71,Junior Associate,7.62,1,1,0,2,3.0,0,1,2,39.7,2,-1.6402460815123707,0.9221226273376572,1.8707141849636213,Cloud & DevOps Infrastructure Architects
CP-2290,1.1,B.Tech/B.E,Tier 3 (Affiliated Colleges),Data Analytics & BI,Tier 1 Tech Hub (Bengaluru/NCR/Hyd),1,3,123.0,1,1,0,0,0,0,0,1,2,13.91,Junior Associate,6.68,0,1,1,1,3.0,1,0,2,38.5,2,-1.9603264609878697,-0.016379398113636433,-1.3515387697731693,Cloud & DevOps Infrastructure Architects
CP-2291,0.3,Non-CS Degree,Tier 3 (Affiliated Colleges),Data Science & AI/ML,Tier 2 City,2,7,20.0,0,0,0,0,0,0,0,1,1,8.08,Entry-Level Learner,8.4,0,0,1,1,1.0,0,0,1,27.0,2,-3.433206594761382,1.279686869396694,-1.163390087703834,Cloud & DevOps Infrastructure Architects
CP-2292,1.8,B.Tech/B.E,Tier 1 (IIT/NIT/BITS),Backend Systems,Tier 2 City,1,3,59.0,1,1,1,0,1,1,0,0,4,14.68,Junior Associate,5.07,2,2,0,3,3.0,0,0,4,56.0,3,1.1798051404254997,-0.8645186829952511,2.9985291760876613,Emerging Full-Stack & Entry Developers
CP-2293,2.6,B.Tech/B.E,Tier 2 (Top State/Private),Data Science & AI/ML,Tier 2 City,3,5,217.0,2,0,1,0,1,1,0,1,4,22.07,Job-Ready Mid-Level,13.42,2,1,1,2,3.0,0,0,4,69.7,0,2.7360540981825494,2.238362487067162,1.7315719243931977,Core Systems & Algorithmic Backend Specialists
CP-2294,3.5,B.Tech/B.E,Tier 3 (Affiliated Colleges),Full Stack Web,Tier 1 Tech Hub (Bengaluru/NCR/Hyd),0,6,129.0,2,1,1,1,0,0,1,1,5,24.8,High-Demand Specialist,7.42,0,3,2,1,3.0,1,0,5,64.2,3,2.882980885324092,-0.8211970652839261,-3.257586540724018,Emerging Full-Stack & Entry Developers
CP-2295,0.5,B.Tech/B.E,Tier 3 (Affiliated Colleges),Backend Systems,Tier 2 City,1,3,72.0,0,0,1,0,0,1,0,0,2,9.67,Junior Associate,5.4,1,1,0,1,3.0,0,0,2,33.4,2,-2.246177409973732,-0.3820286282807234,1.7757679731267981,Cloud & DevOps Infrastructure Architects
CP-2296,0.4,B.Tech/B.E,Tier 3 (Affiliated Colleges),Data Science & AI/ML,Remote Global,1,3,249.0,1,1,1,0,0,1,0,1,4,18.26,Job-Ready Mid-Level,9.82,1,2,1,1,3.0,0,1,4,48.6,3,1.117199825378025,-0.09136173860780589,0.4513671276883414,Emerging Full-Stack & Entry Developers
CP-2297,0.2,M.Tech/M.S,Tier 3 (Affiliated Colleges),Full Stack Web,Tier 1 Tech Hub (Bengaluru/NCR/Hyd),2,5,56.0,0,1,1,1,0,0,1,1,5,18.11,Job-Ready Mid-Level,7.9,0,3,2,1,4.0,1,0,5,51.7,3,2.4007588950692207,-0.750961532839635,-3.2942044576814347,Emerging Full-Stack & Entry Developers
CP-2298,2.2,B.Tech/B.E,Tier 1 (IIT/NIT/BITS),Data Science & AI/ML,Tier 2 City,2,7,54.0,3,1,1,0,0,0,0,0,2,14.78,Junior Associate,9.25,0,2,0,3,3.0,0,0,2,56.6,1,-0.5451754086264543,2.238827466968455,-0.33635604393921026,Applied AI/ML & Data Science Specialists
CP-2299,2.7,BCA/B.Sc CS,Tier 3 (Affiliated Colleges),Full Stack Web,Tier 1 Tech Hub (Bengaluru/NCR/Hyd),3,5,45.0,1,1,0,0,0,0,1,1,3,21.59,Job-Ready Mid-Level,9.12,0,2,1,1,2.0,1,0,3,51.6,0,0.22127052688001755,1.2356055181990064,-1.8548706694346313,Core Systems & Algorithmic Backend Specialists
CP-2300,0.1,B.Tech/B.E,Tier 3 (Affiliated Colleges),Data Science & AI/ML,Remote Global,1,5,146.0,0,1,1,1,0,1,0,0,4,14.11,Junior Associate,8.65,1,2,1,1,3.0,0,1,4,45.1,3,0.8933805607653407,-0.19850155131679667,0.3780369531429089,Emerging Full-Stack & Entry Developers
CP-2301,6.1,B.Tech/B.E,Tier 2 (Top State/Private),Full Stack Web,Tier 1 Tech Hub (Bengaluru/NCR/Hyd),2,3,69.0,0,1,0,0,0,0,0,0,1,24.88,High-Demand Specialist,6.82,0,1,0,2,3.0,1,0,1,58.2,2,-2.0150382462583147,1.8815643364028893,-0.1529679076262647,Cloud & DevOps Infrastructure Architects
CP-2302,0.1,MCA,Tier 3 (Affiliated Colleges),Full Stack Web,Tier 1 Tech Hub (Bengaluru/NCR/Hyd),1,5,64.0,1,1,1,1,0,1,1,1,6,19.28,Job-Ready Mid-Level,6.6,1,3,2,1,2.5,1,0,6,48.5,3,3.2128101941592155,-2.0682184116181666,-1.6907267695478003,Emerging Full-Stack & Entry Developers
CP-2303,1.7,B.Tech/B.E,Tier 2 (Top State/Private),Backend Systems,Tier 1 Tech Hub (Bengaluru/NCR/Hyd),1,4,378.0,0,0,0,1,0,0,0,0,1,17.7,Job-Ready Mid-Level,13.75,0,0,1,2,3.0,1,0,1,53.3,2,-1.7874290403547883,3.2225126330697957,-1.2121517229340175,Cloud & DevOps Infrastructure Architects
CP-2304,2.7,MCA,Tier 1 (IIT/NIT/BITS),Backend Systems,Tier 2 City,0,7,0.0,3,0,1,0,0,0,1,0,2,15.27,Job-Ready Mid-Level,4.9,0,2,0,3,2.5,0,0,2,50.3,1,-1.3066958422143566,0.2761535225989028,-0.21907500111192385,Applied AI/ML & Data Science Specialists
CP-2305,4.5,B.Tech/B.E,Tier 2 (Top State/Private),Data Science & AI/ML,Tier 1 Tech Hub (Bengaluru/NCR/Hyd),2,5,25.0,3,0,1,1,0,0,1,1,4,29.71,High-Demand Specialist,7.12,0,2,2,2,3.0,1,0,4,68.7,3,2.06600785379949,0.12021732495349835,-3.1542321028591354,Emerging Full-Stack & Entry Developers
CP-2306,2.8,B.Tech/B.E,Tier 2 (Top State/Private),Data Analytics & BI,Tier 2 City,3,3,26.0,1,1,1,1,1,0,0,1,5,19.6,Job-Ready Mid-Level,7.25,1,2,2,2,3.0,0,0,5,64.6,3,2.946961922507243,-0.522310732887502,-1.4113983584018235,Emerging Full-Stack & Entry Developers
CP-2307,3.6,Non-CS Degree,Tier 2 (Top State/Private),Data Science & AI/ML,Remote Global,0,1,31.0,0,1,1,0,1,0,0,0,3,18.39,Job-Ready Mid-Level,1.48,1,2,0,2,1.0,0,1,3,44.4,1,-1.1179449414113547,-2.0421819582369998,1.7525249231270426,Applied AI/ML & Data Science Specialists
CP-2308,0.9,B.Tech/B.E,Tier 2 (Top State/Private),Data Science & AI/ML,Remote Global,0,3,60.0,1,1,1,0,0,0,0,0,2,10.81,Junior Associate,3.6,0,2,0,2,3.0,0,1,2,36.5,1,-2.3254568776089304,-0.9400776106427142,0.242764033639146,Applied AI/ML & Data Science Specialists
CP-2309,3.7,MCA,Tier 2 (Top State/Private),Data Science & AI/ML,Tier 1 Tech Hub (Bengaluru/NCR/Hyd),2,5,21.0,0,1,0,0,0,0,0,1,2,21.8,Job-Ready Mid-Level,7.02,0,1,1,2,2.5,1,0,2,54.7,2,-1.0844165766823712,1.0719733537857736,-1.5494412820006918,Cloud & DevOps Infrastructure Architects
CP-2310,0.2,B.Tech/B.E,Tier 2 (Top State/Private),Backend Systems,Remote Global,1,7,27.0,1,1,1,1,1,0,0,0,4,16.9,Job-Ready Mid-Level,7.07,1,2,1,2,3.0,0,1,4,47.2,3,0.9922117114503249,-0.34561930993297313,0.25955791300324654,Emerging Full-Stack & Entry Developers
CP-2311,5.0,MCA,Tier 2 (Top State/Private),Backend Systems,Tier 2 City,3,3,42.0,0,0,0,0,0,0,1,0,1,19.71,Job-Ready Mid-Level,7.65,0,1,0,2,2.5,0,0,1,58.1,2,-1.9219919985076954,2.202851943320578,-0.06282153958162599,Cloud & DevOps Infrastructure Architects
CP-2312,1.7,B.Tech/B.E,Tier 1 (IIT/NIT/BITS),Data Science & AI/ML,Tier 1 Tech Hub (Bengaluru/NCR/Hyd),0,4,146.0,0,1,0,1,1,0,0,0,3,20.74,Job-Ready Mid-Level,6.45,1,1,1,3,3.0,1,0,3,53.6,2,-0.11335205334218129,-0.20048781648887384,0.144048262821949,Cloud & DevOps Infrastructure Architects
CP-2313,3.7,B.Tech/B.E,Tier 3 (Affiliated Colleges),Data Science & AI/ML,Tier 1 Tech Hub (Bengaluru/NCR/Hyd),0,5,343.0,0,1,0,0,0,1,1,0,3,23.98,Job-Ready Mid-Level,12.08,1,2,0,1,3.0,1,0,3,64.7,0,0.977868036183271,2.0311147784742234,1.2954357088251538,Core Systems & Algorithmic Backend Specialists
CP-2314,1.3,M.Tech/M.S,Tier 2 (Top State/Private),Data Science & AI/ML,Tier 1 Tech Hub (Bengaluru/NCR/Hyd),1,2,128.0,0,1,0,0,1,1,1,1,5,23.63,Job-Ready Mid-Level,6.1,2,2,1,2,4.0,1,0,5,58.3,3,2.485831499772993,-1.492876831137495,1.5710986918001717,Emerging Full-Stack & Entry Developers
CP-2315,2.3,Non-CS Degree,Tier 2 (Top State/Private),Full Stack Web,Tier 2 City,0,5,0.0,3,1,1,0,0,1,1,0,4,14.14,Junior Associate,3.5,1,3,0,2,1.0,0,0,4,45.5,1,0.52123881054767,-1.6004617209130534,1.1541599220499674,Applied AI/ML & Data Science Specialists
CP-2316,1.6,MCA,Tier 3 (Affiliated Colleges),Cloud & DevOps,Tier 1 Tech Hub (Bengaluru/NCR/Hyd),0,4,17.0,2,1,1,0,0,1,1,1,5,17.25,Job-Ready Mid-Level,3.22,1,3,1,1,2.5,1,0,5,46.2,3,1.6408179783274446,-2.6685661587367715,-0.2374630929682715,Emerging Full-Stack & Entry Developers
CP-2317,2.9,M.Tech/M.S,Tier 3 (Affiliated Colleges),Data Science & AI/ML,Tier 1 Tech Hub (Bengaluru/NCR/Hyd),0,4,129.0,1,1,1,0,0,0,1,1,4,23.03,Job-Ready Mid-Level,6.02,0,3,1,1,4.0,1,0,4,57.9,1,1.294826902996134,-0.8822009049096668,-1.7904017156964132,Applied AI/ML & Data Science Specialists
CP-2318,0.2,MCA,Tier 3 (Affiliated Colleges),Data Analytics & BI,Tier 2 City,0,5,146.0,2,0,1,1,0,1,1,1,5,14.57,Junior Associate,7.15,1,2,2,1,2.5,0,0,5,45.7,3,1.9505330525403466,-1.760156662756236,-1.1926975647026477,Emerging Full-Stack & Entry Developers
CP-2319,0.1,B.Tech/B.E,Tier 2 (Top State/Private),Full Stack Web,Tier 1 Tech Hub (Bengaluru/NCR/Hyd),0,2,18.0,0,0,1,1,0,0,1,1,4,14.34,Junior Associate,1.85,0,2,2,2,3.0,1,0,4,38.0,3,-0.17765958033070248,-3.158249586448988,-2.885401413723062,Emerging Full-Stack & Entry Developers
CP-2320,0.6,B.Tech/B.E,Tier 1 (IIT/NIT/BITS),Backend Systems,Tier 2 City,3,5,62.0,1,1,0,0,0,1,0,1,3,15.58,Job-Ready Mid-Level,9.55,1,1,1,3,3.0,0,0,3,53.3,0,0.3520405468519003,1.2827976569594055,0.16472522516541574,Core Systems & Algorithmic Backend Specialists
CP-2321,0.4,B.Tech/B.E,Tier 3 (Affiliated Colleges),Cloud & DevOps,Tier 2 City,0,2,125.0,1,0,1,1,1,0,0,0,3,9.67,Junior Associate,4.53,1,1,1,1,3.0,0,0,3,35.6,2,-1.1363668863475307,-1.6412055946660506,0.46994686029368526,Cloud & DevOps Infrastructure Architects
CP-2322,4.5,B.Tech/B.E,Tier 2 (Top State/Private),Full Stack Web,Tier 1 Tech Hub (Bengaluru/NCR/Hyd),1,3,62.0,0,0,1,1,1,1,0,0,4,26.62,High-Demand Specialist,5.15,2,1,1,2,3.0,1,0,4,65.5,3,1.583840780423564,-0.7535409010048172,1.7133110363007873,Emerging Full-Stack & Entry Developers
CP-2323,0.5,B.Tech/B.E,Tier 2 (Top State/Private),Data Analytics & BI,Remote Global,2,7,64.0,0,0,1,1,0,0,0,0,2,17.76,Job-Ready Mid-Level,9.5,0,1,1,2,3.0,0,1,2,44.4,2,-1.246513183196537,1.6167930087125544,-1.1193530512983514,Cloud & DevOps Infrastructure Architects
CP-2324,8.2,B.Tech/B.E,Tier 1 (IIT/NIT/BITS),Data Analytics & BI,Tier 1 Tech Hub (Bengaluru/NCR/Hyd),1,5,2.0,2,1,1,0,0,1,0,0,3,34.33,High-Demand Specialist,5.05,1,2,0,3,3.0,1,0,3,67.8,1,0.8395935335635925,0.5523003791537362,1.1745667221275724,Applied AI/ML & Data Science Specialists
CP-2325,0.9,B.Tech/B.E,Tier 3 (Affiliated Colleges),Full Stack Web,Tier 1 Tech Hub (Bengaluru/NCR/Hyd),1,1,143.0,1,1,1,0,0,0,0,0,2,9.56,Junior Associate,5.78,0,2,0,1,3.0,1,0,2,36.0,1,-2.1500302018503428,-0.23595046005580236,-0.20371094375839333,Applied AI/ML & Data Science Specialists
CP-2326,0.4,BCA/B.Sc CS,Tier 1 (IIT/NIT/BITS),Full Stack Web,Tier 2 City,1,3,154.0,1,1,1,0,0,0,0,0,2,11.05,Junior Associate,7.45,0,2,0,3,2.0,0,0,2,41.5,1,-1.7305338555700225,0.6167576248882014,-0.18249922356669718,Applied AI/ML & Data Science Specialists
CP-2327,3.4,B.Tech/B.E,Tier 3 (Affiliated Colleges),Backend Systems,Tier 1 Tech Hub (Bengaluru/NCR/Hyd),2,6,60.0,1,1,1,1,0,1,1,0,5,28.75,High-Demand Specialist,8.7,1,3,1,1,3.0,1,0,5,65.9,3,3.236647466470327,0.33104759497715686,-0.4632523646582737,Emerging Full-Stack & Entry Developers
CP-2328,2.4,B.Tech/B.E,Tier 3 (Affiliated Colleges),Data Science & AI/ML,Remote Global,2,8,132.0,0,1,0,0,0,1,1,1,4,27.52,High-Demand Specialist,11.9,1,2,1,1,3.0,0,1,4,62.0,0,2.1523844118101154,1.696844622089942,0.21990538709289545,Core Systems & Algorithmic Backend Specialists
CP-2329,1.5,B.Tech/B.E,Tier 2 (Top State/Private),Data Science & AI/ML,Tier 1 Tech Hub (Bengaluru/NCR/Hyd),1,5,49.0,0,1,1,1,1,0,1,0,5,20.86,Job-Ready Mid-Level,6.22,1,3,1,2,3.0,1,0,5,56.4,3,2.47313564673079,-0.9908885241725962,-0.41486361814660616,Emerging Full-Stack & Entry Developers
CP-2330,1.8,M.Tech/M.S,Tier 3 (Affiliated Colleges),Full Stack Web,Tier 1 Tech Hub (Bengaluru/NCR/Hyd),2,6,118.0,2,0,1,0,0,1,1,1,4,22.85,Job-Ready Mid-Level,10.15,1,2,1,1,4.0,1,0,4,59.2,0,1.973980793447686,0.873399373911735,-0.13145027958019498,Core Systems & Algorithmic Backend Specialists
CP-2331,2.8,M.Tech/M.S,Tier 3 (Affiliated Colleges),Data Analytics & BI,Remote Global,1,5,44.0,1,1,0,0,0,0,1,0,2,21.88,Job-Ready Mid-Level,6.1,0,2,0,1,4.0,0,1,2,49.2,1,-1.3110868101230817,0.6065841062396963,0.16215982414180108,Applied AI/ML & Data Science Specialists
CP-2332,0.6,BCA/B.Sc CS,Tier 3 (Affiliated Colleges),Data Analytics & BI,Tier 1 Tech Hub (Bengaluru/NCR/Hyd),0,4,23.0,2,1,1,1,0,1,1,0,5,12.9,Junior Associate,3.38,1,3,1,1,2.0,1,0,5,39.9,3,1.3403893902829767,-2.6879530783035848,-0.27607676004777715,Emerging Full-Stack & Entry Developers
CP-2333,9.5,B.Tech/B.E,Tier 2 (Top State/Private),Backend Systems,Tier 2 City,2,6,224.0,0,1,0,1,0,1,0,1,4,31.96,High-Demand Specialist,12.8,1,1,2,2,3.0,0,0,4,80.7,0,3.2505556563685034,2.4687377495686165,-1.1829595976297358,Core Systems & Algorithmic Backend Specialists
CP-2334,8.1,B.Tech/B.E,Tier 3 (Affiliated Colleges),Full Stack Web,Tier 1 Tech Hub (Bengaluru/NCR/Hyd),1,1,31.0,2,1,0,0,1,1,0,1,4,32.61,High-Demand Specialist,2.98,2,1,1,1,3.0,1,0,4,60.2,3,1.2915062510703106,-1.6350581112963558,1.8178560905492798,Emerging Full-Stack & Entry Developers
CP-2335,2.3,B.Tech/B.E,Tier 2 (Top State/Private),Data Science & AI/ML,Tier 2 City,2,6,28.0,2,1,1,1,0,0,0,0,3,14.24,Junior Associate,7.9,0,2,1,2,3.0,0,0,3,54.9,1,0.30258427475635075,0.9289291174487837,-1.6388461834249164,Applied AI/ML & Data Science Specialists
CP-2336,0.5,B.Tech/B.E,Tier 3 (Affiliated Colleges),Cloud & DevOps,Tier 1 Tech Hub (Bengaluru/NCR/Hyd),0,1,365.0,0,1,1,1,0,0,0,0,3,11.99,Junior Associate,9.82,0,2,1,1,3.0,1,0,3,44.9,1,-0.37172774432679856,0.19603345250596582,-1.5105796147905624,Applied AI/ML & Data Science Specialists
CP-2337,2.5,B.Tech/B.E,Tier 2 (Top State/Private),Data Analytics & BI,Tier 1 Tech Hub (Bengaluru/NCR/Hyd),1,3,364.0,0,1,1,0,0,1,0,0,3,21.94,Job-Ready Mid-Level,12.7,1,2,0,2,3.0,1,0,3,63.9,0,0.9692215362432798,2.2055332425546164,1.2669249971097791,Core Systems & Algorithmic Backend Specialists
CP-2338,0.2,B.Tech/B.E,Tier 2 (Top State/Private),Data Science & AI/ML,Tier 1 Tech Hub (Bengaluru/NCR/Hyd),3,9,61.0,0,1,1,1,0,0,1,1,5,19.72,Job-Ready Mid-Level,12.32,0,3,2,2,3.0,1,0,5,60.1,0,3.3300618367112067,1.4505893713332225,-3.5508565525364695,Core Systems & Algorithmic Backend Specialists
CP-2339,0.1,B.Tech/B.E,Tier 3 (Affiliated Colleges),Data Science & AI/ML,Tier 1 Tech Hub (Bengaluru/NCR/Hyd),0,3,5.0,0,1,1,0,1,0,0,1,4,11.98,Junior Associate,2.22,1,2,1,1,3.0,1,0,4,34.4,3,-0.2528485876505956,-2.8418861369869077,0.047458982349826866,Emerging Full-Stack & Entry Developers
CP-2340,0.7,Non-CS Degree,Tier 3 (Affiliated Colleges),Data Science & AI/ML,Tier 2 City,3,5,25.0,1,1,1,1,0,1,0,0,4,10.66,Junior Associate,8.62,1,2,1,1,1.0,0,0,4,41.8,3,0.8198285009776528,0.2498975925760938,-0.11841847670972787,Emerging Full-Stack & Entry Developers
CP-2341,1.4,Non-CS Degree,Tier 2 (Top State/Private),Cloud & DevOps,Tier 1 Tech Hub (Bengaluru/NCR/Hyd),3,4,207.0,0,1,0,0,0,1,0,1,3,20.56,Job-Ready Mid-Level,12.48,1,1,1,2,1.0,1,0,3,51.8,0,0.37571382804934983,2.049364657324396,-0.05095335148700146,Core Systems & Algorithmic Backend Specialists
CP-2342,4.5,B.Tech/B.E,Tier 2 (Top State/Private),Backend Systems,Tier 1 Tech Hub (Bengaluru/NCR/Hyd),2,2,37.0,2,1,1,1,0,0,0,0,3,23.78,Job-Ready Mid-Level,5.32,0,2,1,2,3.0,1,0,3,61.6,1,0.2761776088238482,0.039542446758852066,-1.7295984643362308,Applied AI/ML & Data Science Specialists
CP-2343,2.9,B.Tech/B.E,Tier 2 (Top State/Private),Cloud & DevOps,Tier 1 Tech Hub (Bengaluru/NCR/Hyd),1,2,341.0,2,0,1,1,0,0,0,0,2,21.73,Job-Ready Mid-Level,11.42,0,1,1,2,3.0,1,0,2,59.6,0,-0.5065518811294415,1.9778971416433293,-1.4120659268283589,Core Systems & Algorithmic Backend Specialists
CP-2344,3.0,B.Tech/B.E,Tier 3 (Affiliated Colleges),Backend Systems,Tier 2 City,1,2,0.0,1,1,1,0,1,0,1,0,4,15.09,Job-Ready Mid-Level,2.9,1,3,0,1,3.0,0,0,4,50.0,1,0.7015580021809444,-1.707600795152312,1.2390176681932255,Applied AI/ML & Data Science Specialists
CP-2345,1.2,B.Tech/B.E,Tier 3 (Affiliated Colleges),Data Science & AI/ML,Tier 2 City,2,4,30.0,0,1,1,1,1,1,0,0,5,13.29,Junior Associate,6.55,2,2,1,1,3.0,0,0,5,51.3,3,2.256464010125804,-1.0281932500153124,1.6105106162560079,Emerging Full-Stack & Entry Developers
CP-2346,0.9,Non-CS Degree,Tier 3 (Affiliated Colleges),Backend Systems,Tier 1 Tech Hub (Bengaluru/NCR/Hyd),2,5,58.0,0,1,1,0,0,0,1,0,3,13.49,Junior Associate,7.95,0,3,0,1,1.0,1,0,3,37.5,1,-0.6214039482176563,0.5560212592271809,-0.7156407222328912,Applied AI/ML & Data Science Specialists
CP-2347,1.0,B.Tech/B.E,Tier 1 (IIT/NIT/BITS),Data Analytics & BI,Tier 1 Tech Hub (Bengaluru/NCR/Hyd),1,6,56.0,2,1,1,0,0,1,0,0,3,17.02,Job-Ready Mid-Level,7.1,1,2,0,3,3.0,1,0,3,51.2,1,0.06193291413204952,0.5007030112129576,1.1847977658548765,Applied AI/ML & Data Science Specialists
CP-2348,9.5,M.Tech/M.S,Tier 2 (Top State/Private),Full Stack Web,Tier 1 Tech Hub (Bengaluru/NCR/Hyd),3,6,350.0,2,0,0,1,1,0,0,0,2,41.91,High-Demand Specialist,17.45,1,0,1,2,4.0,1,0,2,79.2,0,1.597670507595907,5.46511674776641,0.15761238260359783,Core Systems & Algorithmic Backend Specialists
CP-2349,0.1,B.Tech/B.E,Tier 3 (Affiliated Colleges),Backend Systems,Tier 2 City,1,5,142.0,0,1,1,0,0,1,0,0,3,9.98,Junior Associate,8.55,1,2,0,1,3.0,0,0,3,40.8,1,-0.42177472576509073,0.44601388438051626,1.4652258520474088,Applied AI/ML & Data Science Specialists
CP-2350,4.4,Non-CS Degree,Tier 3 (Affiliated Colleges),Full Stack Web,Tier 1 Tech Hub (Bengaluru/NCR/Hyd),3,10,0.0,0,0,1,0,0,0,0,0,1,18.74,Job-Ready Mid-Level,11.5,0,1,0,1,1.0,1,0,1,52.6,0,-1.7060074356690995,3.9013852354954612,-0.44557236540367734,Core Systems & Algorithmic Backend Specialists
CP-2351,1.9,B.Tech/B.E,Tier 1 (IIT/NIT/BITS),Backend Systems,Tier 1 Tech Hub (Bengaluru/NCR/Hyd),0,6,45.0,0,1,1,1,0,0,0,0,3,17.53,Job-Ready Mid-Level,5.32,0,2,1,3,3.0,1,0,3,52.7,1,-0.2117061809771152,-0.311013045053648,-1.7093050424910239,Applied AI/ML & Data Science Specialists
CP-2352,1.3,M.Tech/M.S,Tier 3 (Affiliated Colleges),Backend Systems,Tier 2 City,0,2,115.0,2,1,1,1,0,0,0,0,3,10.36,Junior Associate,4.28,0,2,1,1,4.0,0,0,3,42.8,1,-0.8001166197341448,-1.4041556773343447,-1.308459912266496,Applied AI/ML & Data Science Specialists
CP-2353,2.8,B.Tech/B.E,Tier 2 (Top State/Private),Data Analytics & BI,Remote Global,1,7,74.0,1,0,1,0,1,1,0,1,4,27.62,High-Demand Specialist,8.25,2,1,1,2,3.0,0,1,4,62.1,3,1.8273245984433464,0.21800360903256963,2.104437580498989,Emerging Full-Stack & Entry Developers
CP-2354,1.5,BCA/B.Sc CS,Tier 2 (Top State/Private),Cloud & DevOps,Tier 1 Tech Hub (Bengaluru/NCR/Hyd),1,2,227.0,0,0,1,0,1,1,1,0,4,20.71,Job-Ready Mid-Level,8.57,2,2,0,2,2.0,1,0,4,53.0,3,1.2866754279737984,-0.07622107669193359,2.8279114599779738,Emerging Full-Stack & Entry Developers
CP-2355,4.5,B.Tech/B.E,Tier 2 (Top State/Private),Data Science & AI/ML,Tier 2 City,2,5,0.0,1,1,0,0,1,0,1,0,3,20.42,Job-Ready Mid-Level,6.5,1,2,0,2,3.0,0,0,3,63.5,0,0.6394331849981718,0.8809643270178474,1.2822113019099541,Core Systems & Algorithmic Backend Specialists
CP-2356,5.1,B.Tech/B.E,Tier 2 (Top State/Private),Full Stack Web,Tier 1 Tech Hub (Bengaluru/NCR/Hyd),0,5,70.0,0,1,1,0,0,0,0,1,3,23.27,Job-Ready Mid-Level,5.25,0,2,1,2,3.0,1,0,3,64.0,1,0.2818376394586821,-0.18477987437473897,-1.651014223251641,Applied AI/ML & Data Science Specialists
CP-2357,1.2,Non-CS Degree,Tier 2 (Top State/Private),Full Stack Web,Remote Global,3,7,0.0,1,1,0,0,0,0,0,1,2,16.89,Job-Ready Mid-Level,9.4,0,1,1,2,1.0,0,1,2,41.5,2,-1.4301844935124715,1.717046714845141,-1.2503063733395456,Cloud & DevOps Infrastructure Architects
CP-2358,0.7,MCA,Tier 1 (IIT/NIT/BITS),Data Analytics & BI,Tier 1 Tech Hub (Bengaluru/NCR/Hyd),0,2,0.0,1,1,0,0,0,0,0,0,1,10.23,Junior Associate,1.4,0,1,0,3,2.5,1,0,1,30.3,2,-4.020765743927141,-1.20650273239509,0.00964378990983823,Cloud & DevOps Infrastructure Architects
CP-2359,2.0,MCA,Tier 1 (IIT/NIT/BITS),Data Analytics & BI,Tier 1 Tech Hub (Bengaluru/NCR/Hyd),1,6,51.0,2,0,1,0,0,0,0,0,1,17.45,Job-Ready Mid-Level,6.98,0,1,0,3,2.5,1,0,1,46.1,2,-2.5248645550277584,1.4704649952755942,-0.18268078158280338,Cloud & DevOps Infrastructure Architects
CP-2360,5.4,BCA/B.Sc CS,Tier 3 (Affiliated Colleges),Backend Systems,Remote Global,0,4,349.0,1,1,0,1,0,0,0,0,2,26.73,High-Demand Specialist,11.52,0,1,1,1,2.0,0,1,2,63.0,0,-0.4465570229385448,2.140307826320265,-0.9705465715931075,Core Systems & Algorithmic Backend Specialists
CP-2361,0.5,M.Tech/M.S,Tier 1 (IIT/NIT/BITS),Data Science & AI/ML,Tier 1 Tech Hub (Bengaluru/NCR/Hyd),1,4,29.0,0,1,0,0,1,1,0,0,3,19.33,Job-Ready Mid-Level,5.03,2,1,0,3,4.0,1,0,3,48.4,2,-0.3107405947522008,-0.4378797521229134,3.090273942530376,Cloud & DevOps Infrastructure Architects
CP-2362,2.1,B.Tech/B.E,Tier 2 (Top State/Private),Data Analytics & BI,Tier 1 Tech Hub (Bengaluru/NCR/Hyd),0,2,22.0,1,1,0,0,0,0,1,1,3,17.71,Job-Ready Mid-Level,1.95,0,2,1,2,3.0,1,0,3,44.0,1,-0.9991396501628704,-2.0932367117711994,-1.5462397978758888,Applied AI/ML & Data Science Specialists
CP-2363,2.2,B.Tech/B.E,Tier 2 (Top State/Private),Backend Systems,Tier 1 Tech Hub (Bengaluru/NCR/Hyd),0,2,28.0,2,1,1,0,0,0,0,0,2,13.38,Junior Associate,2.1,0,2,0,2,3.0,1,0,2,40.5,1,-2.2431579723248527,-1.2671587948702459,-0.199582992554926,Applied AI/ML & Data Science Specialists
CP-2364,2.9,B.Tech/B.E,Tier 2 (Top State/Private),Data Analytics & BI,Tier 2 City,1,4,118.0,1,1,0,0,1,1,0,0,3,15.8,Job-Ready Mid-Level,7.25,2,1,0,2,3.0,0,0,3,56.8,0,0.25891773980539284,0.465238276910529,3.2363720204719533,Core Systems & Algorithmic Backend Specialists
CP-2365,0.3,BCA/B.Sc CS,Tier 3 (Affiliated Colleges),Data Science & AI/ML,Tier 1 Tech Hub (Bengaluru/NCR/Hyd),0,1,60.0,0,1,0,0,0,1,0,1,3,12.86,Junior Associate,2.2,1,1,1,1,2.0,1,0,3,28.1,2,-1.8740144430041366,-2.684199569350555,0.34006589635620366,Cloud & DevOps Infrastructure Architects
CP-2366,2.8,B.Tech/B.E,Tier 2 (Top State/Private),Data Science & AI/ML,Remote Global,0,3,114.0,0,1,1,1,0,0,0,0,3,19.23,Job-Ready Mid-Level,4.95,0,2,1,2,3.0,0,1,3,52.5,1,-0.3729741354704807,-0.8012635186223767,-1.1450306095138483,Applied AI/ML & Data Science Specialists
CP-2367,5.3,B.Tech/B.E,Tier 3 (Affiliated Colleges),Data Science & AI/ML,Tier 1 Tech Hub (Bengaluru/NCR/Hyd),2,8,13.0,0,0,1,1,0,1,1,1,5,32.11,High-Demand Specialist,8.93,1,2,2,1,3.0,1,0,5,74.3,3,3.6713720585492498,0.5077665541116414,-1.6158404957473214,Emerging Full-Stack & Entry Developers
CP-2368,0.4,BCA/B.Sc CS,Tier 3 (Affiliated Colleges),Cloud & DevOps,Tier 1 Tech Hub (Bengaluru/NCR/Hyd),0,1,116.0,0,1,1,0,0,0,1,0,3,10.14,Junior Associate,3.6,0,3,0,1,2.0,1,0,3,30.9,1,-1.5237860766854685,-1.8044934584873435,-0.4222026849627952,Applied AI/ML & Data Science Specialists
CP-2369,0.6,M.Tech/M.S,Tier 1 (IIT/NIT/BITS),Cloud & DevOps,Tier 1 Tech Hub (Bengaluru/NCR/Hyd),1,5,144.0,0,0,1,1,0,1,1,0,4,22.76,Job-Ready Mid-Level,8.6,1,2,1,3,4.0,1,0,4,59.0,3,1.6747795799520806,0.22083752716576302,-0.11897180520123485,Emerging Full-Stack & Entry Developers
CP-2370,7.8,B.Tech/B.E,Tier 1 (IIT/NIT/BITS),Backend Systems,Tier 1 Tech Hub (Bengaluru/NCR/Hyd),0,1,44.0,0,1,1,0,0,1,0,0,3,29.88,High-Demand Specialist,1.8,1,2,0,3,3.0,1,0,3,62.4,1,0.014121597240354193,-1.2105079573895985,1.3552513249878184,Applied AI/ML & Data Science Specialists
CP-2371,0.4,B.Tech/B.E,Tier 2 (Top State/Private),Full Stack Web,Tier 2 City,0,2,61.0,2,0,1,1,1,0,0,0,3,9.68,Junior Associate,2.92,1,1,1,2,3.0,0,0,3,37.1,2,-1.165617449498618,-2.0519602297788992,0.44013903232896007,Cloud & DevOps Infrastructure Architects
CP-2372,4.2,B.Tech/B.E,Tier 2 (Top State/Private),Full Stack Web,Tier 2 City,1,5,106.0,1,1,1,0,1,0,0,0,3,17.8,Job-Ready Mid-Level,7.65,1,2,0,2,3.0,0,0,3,64.0,0,0.671845961903363,0.9823215392852453,1.3583647431921733,Core Systems & Algorithmic Backend Specialists
CP-2373,1.5,B.Tech/B.E,Tier 3 (Affiliated Colleges),Cloud & DevOps,Tier 1 Tech Hub (Bengaluru/NCR/Hyd),0,2,44.0,0,0,1,0,1,0,0,0,2,11.21,Junior Associate,2.5,1,1,0,1,3.0,1,0,2,33.5,2,-2.5472163609829295,-1.4766916067138165,1.6504338367081983,Cloud & DevOps Infrastructure Architects
CP-2374,0.6,B.Tech/B.E,Tier 2 (Top State/Private),Data Analytics & BI,Tier 1 Tech Hub (Bengaluru/NCR/Hyd),2,4,0.0,0,1,1,1,1,0,1,0,5,17.93,Job-Ready Mid-Level,5.8,1,3,1,2,3.0,1,0,5,51.2,3,2.2217214962212015,-1.148747458141622,-0.44545238283482647,Emerging Full-Stack & Entry Developers
CP-2375,4.5,BCA/B.Sc CS,Tier 2 (Top State/Private),Backend Systems,Tier 2 City,2,8,62.0,3,1,0,1,1,1,1,0,5,23.36,Job-Ready Mid-Level,10.15,2,2,1,2,2.0,0,0,5,74.8,0,3.895910013831375,1.1973079754117701,1.3797280531470313,Core Systems & Algorithmic Backend Specialists
CP-2376,1.3,BCA/B.Sc CS,Tier 2 (Top State/Private),Data Analytics & BI,Tier 2 City,0,4,54.0,1,1,0,1,0,0,1,0,3,10.18,Junior Associate,4.15,0,2,1,2,2.0,0,0,3,40.5,1,-0.9552625831251103,-1.251789317752957,-1.48317774043216,Applied AI/ML & Data Science Specialists
CP-2377,1.6,BCA/B.Sc CS,Tier 2 (Top State/Private),Full Stack Web,Tier 2 City,3,4,60.0,3,0,1,0,0,0,1,0,2,14.41,Junior Associate,8.8,0,2,0,2,2.0,0,0,2,45.6,1,-1.1284535539286822,1.6411131525135476,-0.32653527376981206,Applied AI/ML & Data Science Specialists
CP-2378,1.0,B.Tech/B.E,Tier 2 (Top State/Private),Cloud & DevOps,Tier 2 City,0,1,122.0,1,1,1,1,1,1,0,0,5,13.36,Junior Associate,3.75,2,2,1,2,3.0,0,0,5,49.8,3,1.7519542665289802,-2.6567979664097865,1.7967143477207985,Emerging Full-Stack & Entry Developers
CP-2379,2.0,MCA,Tier 2 (Top State/Private),Data Analytics & BI,Tier 1 Tech Hub (Bengaluru/NCR/Hyd),0,3,254.0,0,1,0,1,0,1,1,1,5,24.41,High-Demand Specialist,8.45,1,2,2,2,2.5,1,0,5,61.1,3,2.62632284257647,-0.9880676747375067,-1.3833995210467815,Emerging Full-Stack & Entry Developers
CP-2380,0.4,B.Tech/B.E,Tier 2 (Top State/Private),Full Stack Web,Remote Global,0,3,34.0,2,0,1,1,0,0,1,1,4,20.33,Job-Ready Mid-Level,2.95,0,2,2,2,3.0,0,1,4,41.3,3,0.15788328535398882,-2.7125251974995432,-2.458075019763292,Emerging Full-Stack & Entry Developers
CP-2381,1.1,B.Tech/B.E,Tier 2 (Top State/Private),Data Science & AI/ML,Tier 1 Tech Hub (Bengaluru/NCR/Hyd),1,4,31.0,1,1,1,0,1,0,0,0,3,13.95,Junior Associate,5.07,1,2,0,2,3.0,1,0,3,44.2,1,-0.515083587805345,-0.47383069944091133,1.2405541212564708,Applied AI/ML & Data Science Specialists
CP-2382,7.7,M.Tech/M.S,Tier 3 (Affiliated Colleges),Data Science & AI/ML,Tier 1 Tech Hub (Bengaluru/NCR/Hyd),1,5,146.0,1,0,0,0,0,0,0,0,0,29.44,High-Demand Specialist,8.65,0,0,0,1,4.0,1,0,0,56.1,2,-2.92115127995849,2.877358822144821,0.1809388907003415,Cloud & DevOps Infrastructure Architects
CP-2383,0.7,B.Tech/B.E,Tier 3 (Affiliated Colleges),Data Science & AI/ML,Tier 2 City,0,1,109.0,1,1,1,0,1,0,1,0,4,10.59,Junior Associate,3.42,1,3,0,1,3.0,0,0,4,39.4,1,0.141949354442763,-2.2491227695466147,1.3519444321162144,Applied AI/ML & Data Science Specialists
CP-2384,2.4,B.Tech/B.E,Tier 2 (Top State/Private),Data Analytics & BI,Remote Global,2,5,72.0,1,1,1,1,1,1,0,1,6,30.31,High-Demand Specialist,8.3,2,2,2,2,3.0,0,1,6,68.5,3,4.3853744399410965,-0.8133570053570705,0.4745576252021357,Emerging Full-Stack & Entry Developers
CP-2385,0.9,MCA,Tier 2 (Top State/Private),Data Science & AI/ML,Tier 2 City,1,4,133.0,1,1,1,0,1,0,0,1,4,11.83,Junior Associate,7.62,1,2,1,2,2.5,0,0,4,50.0,3,1.0512546763395307,-0.4812068680251612,0.05866239902540584,Emerging Full-Stack & Entry Developers
CP-2386,3.3,B.Tech/B.E,Tier 3 (Affiliated Colleges),Data Science & AI/ML,Tier 1 Tech Hub (Bengaluru/NCR/Hyd),1,3,139.0,1,1,0,0,0,0,0,0,1,15.85,Job-Ready Mid-Level,7.07,0,1,0,1,3.0,1,0,1,46.0,2,-2.6735957414680738,1.2477925586987613,-0.035885548519472704,Cloud & DevOps Infrastructure Architects
CP-2387,0.3,BCA/B.Sc CS,Tier 2 (Top State/Private),Full Stack Web,Tier 1 Tech Hub (Bengaluru/NCR/Hyd),1,6,23.0,1,0,1,1,0,1,1,0,4,15.43,Job-Ready Mid-Level,6.28,1,2,1,2,2.0,1,0,4,43.2,3,0.703532128793625,-0.8014050535559397,-0.1803873580385159,Emerging Full-Stack & Entry Developers
CP-2388,7.7,B.Tech/B.E,Tier 2 (Top State/Private),Cloud & DevOps,Tier 1 Tech Hub (Bengaluru/NCR/Hyd),3,5,36.0,1,1,1,1,0,0,1,0,4,35.51,High-Demand Specialist,8.9,0,3,1,2,3.0,1,0,4,74.2,0,2.6731706086939706,1.595947304153154,-2.148691284913629,Core Systems & Algorithmic Backend Specialists
CP-2389,1.3,BCA/B.Sc CS,Tier 1 (IIT/NIT/BITS),Full Stack Web,Remote Global,0,4,0.0,2,0,1,1,0,0,0,0,2,15.06,Job-Ready Mid-Level,2.8,0,1,1,3,2.0,0,1,2,38.2,2,-2.314403465271924,-1.2460296345825832,-0.9711260269383775,Cloud & DevOps Infrastructure Architects
CP-2390,0.6,B.Tech/B.E,Tier 3 (Affiliated Colleges),Cloud & DevOps,Tier 1 Tech Hub (Bengaluru/NCR/Hyd),0,4,371.0,1,1,1,1,1,0,0,1,5,19.32,Job-Ready Mid-Level,12.08,1,2,2,1,3.0,1,0,5,57.5,3,2.8610109906420758,0.036445761842598325,-1.377916258463689,Emerging Full-Stack & Entry Developers
CP-2391,0.2,B.Tech/B.E,Tier 1 (IIT/NIT/BITS),Data Science & AI/ML,Tier 2 City,1,1,0.0,0,1,0,0,0,0,0,0,1,7.08,Entry-Level Learner,2.2,0,1,0,3,3.0,0,0,1,30.7,2,-3.9212950765763543,-0.8740582010984896,0.1727712617208735,Cloud & DevOps Infrastructure Architects
CP-2392,0.4,BCA/B.Sc CS,Tier 3 (Affiliated Colleges),Data Science & AI/ML,Tier 1 Tech Hub (Bengaluru/NCR/Hyd),1,2,0.0,1,0,0,1,0,0,0,0,1,6.66,Entry-Level Learner,2.9,0,0,1,1,2.0,1,0,1,21.4,2,-4.301882886588316,-1.0809902648721081,-1.1219343174650358,Cloud & DevOps Infrastructure Architects
CP-2393,1.6,B.Tech/B.E,Tier 3 (Affiliated Colleges),Full Stack Web,Tier 2 City,1,5,38.0,0,1,0,0,0,0,0,1,2,9.6,Junior Associate,5.95,0,1,1,1,3.0,0,0,2,39.8,2,-1.9347379371275732,-0.001016991234325303,-1.2248711216106796,Cloud & DevOps Infrastructure Architects
CP-2394,0.9,B.Tech/B.E,Tier 3 (Affiliated Colleges),Full Stack Web,Remote Global,0,2,251.0,0,1,1,1,0,1,0,0,4,15.9,Job-Ready Mid-Level,7.68,1,2,1,1,3.0,0,1,4,47.5,3,0.7589847869288685,-0.9392506097138292,0.5174114727910395,Emerging Full-Stack & Entry Developers
CP-2395,3.9,B.Tech/B.E,Tier 3 (Affiliated Colleges),Full Stack Web,Tier 1 Tech Hub (Bengaluru/NCR/Hyd),1,8,44.0,0,1,1,0,0,0,0,0,2,17.8,Job-Ready Mid-Level,8.2,0,2,0,1,3.0,1,0,2,55.0,1,-0.8400431561023708,1.8002235947981626,-0.4209674887339862,Applied AI/ML & Data Science Specialists
CP-2396,1.2,B.Tech/B.E,Tier 2 (Top State/Private),Data Science & AI/ML,Tier 1 Tech Hub (Bengaluru/NCR/Hyd),1,5,149.0,0,1,0,1,0,0,1,0,3,18.71,Job-Ready Mid-Level,8.72,0,2,1,2,3.0,1,0,3,50.7,1,0.03425184671089451,0.7248872934889967,-1.728928110064485,Applied AI/ML & Data Science Specialists
CP-2397,0.6,B.Tech/B.E,Tier 2 (Top State/Private),Backend Systems,Tier 2 City,1,5,153.0,0,1,1,0,0,1,0,0,3,11.6,Junior Associate,8.82,1,2,0,2,3.0,0,0,3,47.9,1,-0.059873066185245453,0.7552832464235304,1.4255079631066103,Applied AI/ML & Data Science Specialists
CP-2398,2.1,B.Tech/B.E,Tier 3 (Affiliated Colleges),Cloud & DevOps,Tier 1 Tech Hub (Bengaluru/NCR/Hyd),0,2,108.0,0,1,0,0,0,1,0,0,2,13.31,Junior Associate,4.1,1,1,0,1,3.0,1,0,2,39.2,2,-2.2093894651841257,-0.7991279939009762,1.6686770646431939,Cloud & DevOps Infrastructure Architects
CP-2399,2.7,MCA,Tier 3 (Affiliated Colleges),Data Science & AI/ML,Tier 2 City,1,3,230.0,1,1,1,0,0,1,0,1,4,17.44,Job-Ready Mid-Level,9.35,1,2,1,1,2.5,0,0,4,57.7,3,1.4990932805665884,0.13099143702384608,0.13211352077201016,Emerging Full-Stack & Entry Developers
CP-2400,0.4,B.Tech/B.E,Tier 2 (Top State/Private),Data Science & AI/ML,Tier 2 City,1,3,31.0,0,1,1,0,0,0,0,0,2,6.94,Entry-Level Learner,4.38,0,2,0,2,3.0,0,0,2,35.3,1,-2.275256670366645,-0.47889643441515717,-0.09966884470820289,Applied AI/ML & Data Science Specialists
CP-2401,0.4,B.Tech/B.E,Tier 3 (Affiliated Colleges),Backend Systems,Tier 1 Tech Hub (Bengaluru/NCR/Hyd),1,2,219.0,0,1,1,0,0,0,1,0,3,12.96,Junior Associate,8.38,0,3,0,1,3.0,1,0,3,42.0,1,-0.4471870244419296,0.22607074353853535,-0.48894058926341977,Applied AI/ML & Data Science Specialists
CP-2402,0.1,B.Tech/B.E,Tier 2 (Top State/Private),Cloud & DevOps,Tier 2 City,2,5,213.0,2,1,0,0,1,0,1,0,3,14.53,Junior Associate,11.82,1,2,0,2,3.0,0,0,3,50.4,0,0.500623221928239,1.9514905527710387,1.308811003243061,Core Systems & Algorithmic Backend Specialists
CP-2403,2.9,B.Tech/B.E,Tier 2 (Top State/Private),Full Stack Web,Tier 1 Tech Hub (Bengaluru/NCR/Hyd),1,4,207.0,2,0,1,1,0,0,0,0,2,20.57,Job-Ready Mid-Level,9.48,0,1,1,2,3.0,1,0,2,56.3,2,-0.7603310678179548,1.5247008164751856,-1.4583966053086308,Cloud & DevOps Infrastructure Architects
CP-2404,2.4,Non-CS Degree,Tier 2 (Top State/Private),Cloud & DevOps,Remote Global,0,2,106.0,0,0,1,0,0,1,0,0,2,17.41,Job-Ready Mid-Level,4.05,1,1,0,2,1.0,0,1,2,38.5,2,-2.316310217847396,-0.9230935782540163,2.0196357308958643,Cloud & DevOps Infrastructure Architects
CP-2405,1.4,B.Tech/B.E,Tier 2 (Top State/Private),Data Analytics & BI,Tier 1 Tech Hub (Bengaluru/NCR/Hyd),1,3,243.0,2,1,1,0,0,1,0,0,3,17.1,Job-Ready Mid-Level,9.68,1,2,0,2,3.0,1,0,3,53.3,0,0.27898910173760916,0.9942922620504722,1.2856863350919858,Core Systems & Algorithmic Backend Specialists
CP-2406,4.1,Non-CS Degree,Tier 1 (IIT/NIT/BITS),Data Analytics & BI,Tier 2 City,2,3,25.0,1,1,0,1,0,1,1,0,4,21.51,Job-Ready Mid-Level,5.72,1,2,1,3,1.0,0,0,4,62.3,3,1.4412159115772287,-0.3373287799592642,-0.10311253738047424,Emerging Full-Stack & Entry Developers
CP-2407,3.6,B.Tech/B.E,Tier 2 (Top State/Private),Full Stack Web,Tier 1 Tech Hub (Bengaluru/NCR/Hyd),2,2,54.0,0,1,0,0,1,0,1,0,3,22.42,Job-Ready Mid-Level,5.75,1,2,0,2,3.0,1,0,3,57.8,1,0.17582747477623112,0.20484916208582865,1.1901338301098359,Applied AI/ML & Data Science Specialists
CP-2408,1.9,M.Tech/M.S,Tier 2 (Top State/Private),Full Stack Web,Tier 1 Tech Hub (Bengaluru/NCR/Hyd),1,4,61.0,1,1,1,1,0,0,0,1,4,20.4,Job-Ready Mid-Level,5.82,0,2,2,2,4.0,1,0,4,56.7,3,1.2013764899792576,-0.9401699019698649,-2.989722346300172,Emerging Full-Stack & Entry Developers
CP-2409,4.5,B.Tech/B.E,Tier 2 (Top State/Private),Data Science & AI/ML,Tier 1 Tech Hub (Bengaluru/NCR/Hyd),0,4,1.0,2,1,1,0,0,0,0,1,3,22.23,Job-Ready Mid-Level,2.82,0,2,1,2,3.0,1,0,3,57.4,1,-0.2074634198095834,-1.2043516680551405,-1.6135720666289348,Applied AI/ML & Data Science Specialists
CP-2410,0.5,MCA,Tier 2 (Top State/Private),Backend Systems,Tier 2 City,1,4,107.0,1,1,1,0,1,0,0,0,3,9.96,Junior Associate,6.98,1,2,0,2,2.5,0,0,3,42.8,1,-0.4499596494699415,0.0030377545838481796,1.4020693469545702,Applied AI/ML & Data Science Specialists
CP-2411,0.3,BCA/B.Sc CS,Tier 3 (Affiliated Colleges),Cloud & DevOps,Tier 1 Tech Hub (Bengaluru/NCR/Hyd),1,5,0.0,0,1,1,0,0,0,0,1,3,9.76,Junior Associate,5.0,0,2,1,1,2.0,1,0,3,32.8,1,-1.2108845546170912,-1.0257333550559256,-1.6767025300237757,Applied AI/ML & Data Science Specialists
CP-2412,0.7,B.Tech/B.E,Tier 2 (Top State/Private),Data Science & AI/ML,Remote Global,3,6,0.0,0,1,1,0,1,1,0,0,4,19.89,Job-Ready Mid-Level,8.7,2,2,0,2,3.0,0,1,4,52.4,0,1.5006268721410747,0.788474847125275,3.1012030335384893,Core Systems & Algorithmic Backend Specialists
CP-2413,0.1,B.Tech/B.E,Tier 2 (Top State/Private),Backend Systems,Tier 1 Tech Hub (Bengaluru/NCR/Hyd),1,8,113.0,0,1,1,1,1,0,1,0,5,17.94,Job-Ready Mid-Level,9.93,1,3,1,2,3.0,1,0,5,55.6,3,2.849001856420558,0.339706964812954,-0.4901596612507175,Emerging Full-Stack & Entry Developers
CP-2414,1.7,B.Tech/B.E,Tier 1 (IIT/NIT/BITS),Backend Systems,Tier 2 City,1,2,221.0,0,1,1,1,1,0,0,0,4,17.14,Job-Ready Mid-Level,8.43,1,2,1,3,3.0,0,0,4,61.1,3,1.577797994347659,0.025514333192047562,0.0583520129307939,Emerging Full-Stack & Entry Developers
CP-2415,6.1,MCA,Tier 1 (IIT/NIT/BITS),Backend Systems,Tier 2 City,1,4,128.0,0,1,1,1,0,0,1,0,4,26.3,High-Demand Specialist,7.5,0,3,1,3,2.5,0,0,4,74.5,0,2.2432452610976084,0.524859039016979,-1.8567297011648412,Core Systems & Algorithmic Backend Specialists
CP-2416,0.1,B.Tech/B.E,Tier 3 (Affiliated Colleges),Backend Systems,Tier 1 Tech Hub (Bengaluru/NCR/Hyd),1,1,212.0,1,1,1,0,1,0,1,0,4,14.45,Junior Associate,7.5,1,3,0,1,3.0,1,0,4,43.2,1,0.7402749577198279,-0.7029796037614945,1.0984987226753318,Applied AI/ML & Data Science Specialists
CP-2417,0.3,B.Tech/B.E,Tier 2 (Top State/Private),Backend Systems,Tier 1 Tech Hub (Bengaluru/NCR/Hyd),2,5,60.0,1,0,0,1,0,1,0,0,2,15.51,Job-Ready Mid-Level,8.0,1,0,1,2,3.0,1,0,2,40.9,2,-1.5579770005484657,0.8755671625431999,0.31701807648779734,Cloud & DevOps Infrastructure Architects
CP-2418,1.3,M.Tech/M.S,Tier 3 (Affiliated Colleges),Data Science & AI/ML,Tier 1 Tech Hub (Bengaluru/NCR/Hyd),1,5,220.0,1,1,1,1,0,1,0,0,4,20.09,Job-Ready Mid-Level,10.5,1,2,1,1,4.0,1,0,4,57.3,0,1.7282850137364663,0.7690716864895287,-0.059517874514164563,Core Systems & Algorithmic Backend Specialists
CP-2419,6.0,B.Tech/B.E,Tier 1 (IIT/NIT/BITS),Data Analytics & BI,Tier 1 Tech Hub (Bengaluru/NCR/Hyd),3,5,42.0,0,1,1,0,0,0,0,0,2,29.91,High-Demand Specialist,9.05,0,2,0,3,3.0,1,0,2,70.3,0,0.0518829275813267,2.7629525695231822,-0.5584499101196568,Core Systems & Algorithmic Backend Specialists
CP-2420,0.8,Non-CS Degree,Tier 2 (Top State/Private),Data Analytics & BI,Tier 1 Tech Hub (Bengaluru/NCR/Hyd),1,2,383.0,0,1,1,1,0,0,0,0,3,13.23,Junior Associate,12.48,0,2,1,2,1.0,1,0,3,48.8,0,0.04715679267707733,1.467040053651715,-1.7267617307940226,Core Systems & Algorithmic Backend Specialists
CP-2421,1.6,M.Tech/M.S,Tier 2 (Top State/Private),Data Science & AI/ML,Tier 2 City,0,3,8.0,0,1,1,0,1,0,0,1,4,13.06,Junior Associate,2.3,1,2,1,2,4.0,0,0,4,49.3,3,0.5019665506509369,-2.387574796348623,0.21910834044216837,Emerging Full-Stack & Entry Developers
CP-2422,0.1,BCA/B.Sc CS,Tier 2 (Top State/Private),Data Science & AI/ML,Tier 1 Tech Hub (Bengaluru/NCR/Hyd),1,6,143.0,3,1,1,0,1,0,0,0,3,14.11,Junior Associate,9.27,1,2,0,2,2.0,1,0,3,43.0,0,-0.12470582390379015,0.9028811736747219,1.146181490005677,Core Systems & Algorithmic Backend Specialists
CP-2423,0.4,MCA,Tier 1 (IIT/NIT/BITS),Backend Systems,Tier 2 City,0,6,151.0,1,1,1,1,1,0,0,1,5,15.98,Job-Ready Mid-Level,7.98,1,2,2,3,2.5,0,0,5,56.4,3,2.5010375187221685,-0.9760128134538992,-1.3231864664286894,Emerging Full-Stack & Entry Developers
CP-2424,9.5,B.Tech/B.E,Tier 1 (IIT/NIT/BITS),Full Stack Web,Remote Global,0,4,60.0,0,1,1,0,0,1,1,0,4,45.42,High-Demand Specialist,4.3,1,3,0,3,3.0,0,1,4,70.7,1,2.0058287161829753,-0.4703249985443971,1.471235758643152,Applied AI/ML & Data Science Specialists
CP-2425,7.4,B.Tech/B.E,Tier 2 (Top State/Private),Backend Systems,Tier 1 Tech Hub (Bengaluru/NCR/Hyd),1,1,132.0,0,0,1,1,1,1,1,0,5,36.42,High-Demand Specialist,5.5,2,2,1,2,3.0,1,0,5,72.7,3,3.23409351750107,-1.059725062330863,1.4999346613519378,Emerging Full-Stack & Entry Developers
CP-2426,0.0,B.Tech/B.E,Tier 1 (IIT/NIT/BITS),Data Science & AI/ML,Tier 2 City,1,6,211.0,0,0,1,0,0,0,0,0,1,10.94,Junior Associate,10.98,0,1,0,3,3.0,0,0,1,44.3,2,-2.3253688019833247,2.506280507043406,0.026372906941184254,Cloud & DevOps Infrastructure Architects
CP-2427,6.7,B.Tech/B.E,Tier 3 (Affiliated Colleges),Data Science & AI/ML,Tier 1 Tech Hub (Bengaluru/NCR/Hyd),1,2,238.0,1,0,1,0,1,1,0,0,3,31.33,High-Demand Specialist,8.85,2,1,0,1,3.0,1,0,3,65.8,0,0.9031141927619758,1.0738268069902792,3.12164916957114,Core Systems & Algorithmic Backend Specialists
CP-2428,2.2,M.Tech/M.S,Tier 2 (Top State/Private),Full Stack Web,Remote Global,0,2,11.0,1,1,1,1,1,1,0,0,5,23.85,Job-Ready Mid-Level,1.67,2,2,1,2,4.0,0,1,5,55.4,3,1.911410390293241,-3.025173727138452,2.0836526225472327,Emerging Full-Stack & Entry Developers
CP-2429,4.5,MCA,Tier 1 (IIT/NIT/BITS),Data Science & AI/ML,Tier 1 Tech Hub (Bengaluru/NCR/Hyd),1,3,18.0,0,1,1,1,0,1,1,0,5,28.04,High-Demand Specialist,4.05,1,3,1,3,2.5,1,0,5,70.4,3,2.8356652123923376,-1.3691270377599267,-0.40389742054615096,Emerging Full-Stack & Entry Developers
CP-2430,1.3,B.Tech/B.E,Tier 2 (Top State/Private),Cloud & DevOps,Tier 2 City,1,4,23.0,0,1,1,0,0,0,0,0,2,11.0,Junior Associate,4.88,0,2,0,2,3.0,0,0,2,40.7,1,-1.9431986883511698,-0.05703695545283969,-0.13584351451418605,Applied AI/ML & Data Science Specialists
CP-2431,1.6,B.Tech/B.E,Tier 2 (Top State/Private),Cloud & DevOps,Remote Global,2,5,3.0,0,1,0,0,0,0,0,1,2,21.37,Job-Ready Mid-Level,6.58,0,1,1,2,3.0,0,1,2,45.0,2,-1.5786308099336641,0.5409838230278895,-1.048429240157264,Cloud & DevOps Infrastructure Architects
CP-2432,1.5,Non-CS Degree,Tier 1 (IIT/NIT/BITS),Data Science & AI/ML,Tier 1 Tech Hub (Bengaluru/NCR/Hyd),1,5,30.0,0,1,0,1,0,0,0,0,2,14.65,Junior Associate,5.75,0,1,1,3,1.0,1,0,2,41.0,2,-1.9669957397004625,0.1934015785483848,-1.5795526179501889,Cloud & DevOps Infrastructure Architects
CP-2433,2.4,B.Tech/B.E,Tier 3 (Affiliated Colleges),Data Science & AI/ML,Tier 2 City,1,2,134.0,3,1,1,0,0,0,1,0,3,12.1,Junior Associate,6.25,0,3,0,1,3.0,0,0,3,48.5,1,-0.22163407663061252,-0.20187446559314906,-0.32189271992998414,Applied AI/ML & Data Science Specialists
CP-2434,0.3,B.Tech/B.E,Tier 3 (Affiliated Colleges),Full Stack Web,Tier 1 Tech Hub (Bengaluru/NCR/Hyd),0,2,52.0,0,1,0,0,0,1,0,0,2,7.26,Entry-Level Learner,2.7,1,1,0,1,3.0,1,0,2,27.9,2,-2.866062475823561,-1.568988244918483,1.689936927311228,Cloud & DevOps Infrastructure Architects
CP-2435,0.1,B.Tech/B.E,Tier 2 (Top State/Private),Data Science & AI/ML,Tier 1 Tech Hub (Bengaluru/NCR/Hyd),2,5,116.0,3,1,1,0,0,0,0,0,2,11.89,Junior Associate,9.4,0,2,0,2,3.0,1,0,2,42.2,1,-1.2787909123303958,1.6326663384003952,-0.411516049541838,Applied AI/ML & Data Science Specialists
CP-2436,0.8,MCA,Tier 2 (Top State/Private),Data Analytics & BI,Tier 2 City,1,5,39.0,1,1,1,0,1,0,0,1,4,12.67,Junior Associate,5.98,1,2,1,2,2.5,0,0,4,46.8,3,0.7928446168002051,-0.9501168469167977,0.038238543645450276,Emerging Full-Stack & Entry Developers
CP-2437,2.7,BCA/B.Sc CS,Tier 1 (IIT/NIT/BITS),Full Stack Web,Tier 1 Tech Hub (Bengaluru/NCR/Hyd),2,8,69.0,0,1,0,1,1,0,0,0,3,23.43,Job-Ready Mid-Level,10.32,1,1,1,3,2.0,1,0,3,62.0,0,0.83310234295572,2.0831006974409085,-0.1529384264264359,Core Systems & Algorithmic Backend Specialists
CP-2438,0.5,M.Tech/M.S,Tier 3 (Affiliated Colleges),Data Science & AI/ML,Tier 2 City,0,3,60.0,1,1,1,1,1,1,0,1,6,11.92,Junior Associate,3.6,2,2,2,1,4.0,0,0,6,50.2,3,2.973108329507178,-3.4105656983869523,0.4857501547975143,Emerging Full-Stack & Entry Developers
CP-2439,2.5,M.Tech/M.S,Tier 2 (Top State/Private),Full Stack Web,Tier 1 Tech Hub (Bengaluru/NCR/Hyd),1,1,143.0,0,1,1,1,1,0,0,1,5,24.17,High-Demand Specialist,5.78,1,2,2,2,4.0,1,0,5,63.8,3,2.603630696122963,-1.6378094038557414,-1.3609157146687023,Emerging Full-Stack & Entry Developers
CP-2440,7.7,B.Tech/B.E,Tier 2 (Top State/Private),Data Science & AI/ML,Remote Global,1,6,119.0,1,1,0,1,1,1,0,0,4,40.09,High-Demand Specialist,8.67,2,1,1,2,3.0,0,1,4,73.8,0,2.521978078410404,0.9775569353993262,2.070180344458799,Core Systems & Algorithmic Backend Specialists
CP-2441,0.2,B.Tech/B.E,Tier 2 (Top State/Private),Data Science & AI/ML,Tier 1 Tech Hub (Bengaluru/NCR/Hyd),0,1,60.0,0,0,0,0,1,0,0,0,1,9.46,Junior Associate,2.2,1,0,0,2,3.0,1,0,1,26.5,2,-4.1146631082199105,-1.316423985376623,1.9020546792891853,Cloud & DevOps Infrastructure Architects
CP-2442,2.5,MCA,Tier 3 (Affiliated Colleges),Data Science & AI/ML,Tier 1 Tech Hub (Bengaluru/NCR/Hyd),1,3,27.0,0,0,0,1,0,0,0,0,1,14.67,Junior Associate,4.27,0,0,1,1,2.5,1,0,1,35.8,2,-3.4794958847852446,-0.12529542558047585,-1.1520623064207034,Cloud & DevOps Infrastructure Architects
CP-2443,1.3,B.Tech/B.E,Tier 2 (Top State/Private),Data Analytics & BI,Tier 1 Tech Hub (Bengaluru/NCR/Hyd),3,9,0.0,1,1,1,1,1,0,0,0,4,19.64,Job-Ready Mid-Level,10.8,1,2,1,2,3.0,1,0,4,58.9,0,2.0803889384724417,1.845554826115635,-0.4063701285660621,Core Systems & Algorithmic Backend Specialists
CP-2444,4.5,M.Tech/M.S,Tier 2 (Top State/Private),Backend Systems,Tier 1 Tech Hub (Bengaluru/NCR/Hyd),1,5,111.0,0,1,0,0,1,0,0,0,2,25.94,High-Demand Specialist,7.78,1,1,0,2,4.0,1,0,2,64.6,0,-0.4463570781160973,1.6267472487385324,1.4604169196430148,Core Systems & Algorithmic Backend Specialists
CP-2445,0.4,Non-CS Degree,Tier 3 (Affiliated Colleges),Data Analytics & BI,Tier 1 Tech Hub (Bengaluru/NCR/Hyd),3,6,113.0,0,1,1,0,0,0,1,0,3,13.94,Junior Associate,11.52,0,3,0,1,1.0,1,0,3,41.0,1,-0.05412297856340788,2.0212971715285986,-0.8135411768643379,Applied AI/ML & Data Science Specialists
CP-2446,2.6,BCA/B.Sc CS,Tier 2 (Top State/Private),Full Stack Web,Tier 1 Tech Hub (Bengaluru/NCR/Hyd),0,10,105.0,2,0,0,0,1,0,0,1,2,21.84,Job-Ready Mid-Level,9.62,1,0,1,2,2.0,1,0,2,51.9,2,-0.8479967506858866,1.6646087728076084,0.2459683168225151,Cloud & DevOps Infrastructure Architects
CP-2447,4.0,M.Tech/M.S,Tier 3 (Affiliated Colleges),Data Science & AI/ML,Tier 1 Tech Hub (Bengaluru/NCR/Hyd),1,6,0.0,2,1,1,1,0,0,0,1,4,22.79,Job-Ready Mid-Level,5.7,0,2,2,1,4.0,1,0,4,62.8,3,1.582735979449218,-0.568141527679788,-3.0275642105666805,Emerging Full-Stack & Entry Developers
CP-2448,6.4,M.Tech/M.S,Tier 1 (IIT/NIT/BITS),Full Stack Web,Tier 1 Tech Hub (Bengaluru/NCR/Hyd),1,4,31.0,2,0,1,1,0,0,1,1,4,35.47,High-Demand Specialist,5.07,0,2,2,3,4.0,1,0,4,75.1,3,2.1943828807483188,-0.5329938347518991,-3.056877488861288,Emerging Full-Stack & Entry Developers
CP-2449,2.5,MCA,Tier 3 (Affiliated Colleges),Data Analytics & BI,Tier 1 Tech Hub (Bengaluru/NCR/Hyd),1,8,20.0,1,1,1,0,1,0,1,1,5,22.31,Job-Ready Mid-Level,7.6,1,3,1,1,2.5,1,0,5,58.0,3,2.768562790787179,-0.3581243600766664,-0.46432250941627623,Emerging Full-Stack & Entry Developers
CP-2450,1.5,B.Tech/B.E,Tier 3 (Affiliated Colleges),Backend Systems,Tier 1 Tech Hub (Bengaluru/NCR/Hyd),3,8,0.0,0,0,1,0,1,0,1,0,3,19.73,Job-Ready Mid-Level,10.1,1,2,0,1,3.0,1,0,3,50.4,0,0.49533407863881546,1.9792315146682742,1.0165387129145402,Core Systems & Algorithmic Backend Specialists
CP-2451,2.1,B.Tech/B.E,Tier 1 (IIT/NIT/BITS),Data Science & AI/ML,Tier 1 Tech Hub (Bengaluru/NCR/Hyd),0,2,0.0,0,0,1,1,0,1,1,0,4,21.45,Job-Ready Mid-Level,1.4,1,2,1,3,3.0,1,0,4,51.4,3,0.4921994471034528,-2.58583628878232,-0.0077921542347841296,Emerging Full-Stack & Entry Developers
CP-2452,4.5,B.Tech/B.E,Tier 3 (Affiliated Colleges),Data Science & AI/ML,Remote Global,2,9,7.0,2,1,1,1,1,0,1,0,5,32.06,High-Demand Specialist,9.48,1,3,1,1,3.0,0,1,5,72.7,0,3.7742551008469336,1.0404791402338138,-0.12999093780467544,Core Systems & Algorithmic Backend Specialists
CP-2453,1.9,BCA/B.Sc CS,Tier 2 (Top State/Private),Cloud & DevOps,Tier 1 Tech Hub (Bengaluru/NCR/Hyd),1,2,63.0,2,1,0,1,1,0,0,1,4,20.95,Job-Ready Mid-Level,4.47,1,1,2,2,2.0,1,0,4,48.2,3,0.5871628947644065,-1.7897474539714893,-1.2102737819830356,Emerging Full-Stack & Entry Developers
CP-2454,0.1,B.Tech/B.E,Tier 3 (Affiliated Colleges),Data Analytics & BI,Tier 1 Tech Hub (Bengaluru/NCR/Hyd),0,6,53.0,0,0,0,1,1,0,1,0,3,13.89,Junior Associate,5.52,1,1,1,1,3.0,1,0,3,35.7,2,-0.9178001812624578,-0.9077490864251228,0.1751285853531406,Cloud & DevOps Infrastructure Architects
CP-2455,5.9,M.Tech/M.S,Tier 1 (IIT/NIT/BITS),Data Analytics & BI,Tier 1 Tech Hub (Bengaluru/NCR/Hyd),2,5,43.0,1,0,1,1,0,0,1,0,3,35.62,High-Demand Specialist,7.58,0,2,1,3,4.0,1,0,3,75.1,0,1.3369074057044694,1.3943138977504144,-1.8178028446895829,Core Systems & Algorithmic Backend Specialists
CP-2456,2.6,B.Tech/B.E,Tier 3 (Affiliated Colleges),Cloud & DevOps,Remote Global,1,7,62.0,2,1,1,0,1,1,0,0,4,23.54,Job-Ready Mid-Level,7.95,2,2,0,1,3.0,0,1,4,56.5,0,1.6033632168633578,0.3378289698101837,3.225506750270217,Core Systems & Algorithmic Backend Specialists
CP-2457,2.5,BCA/B.Sc CS,Tier 2 (Top State/Private),Backend Systems,Tier 1 Tech Hub (Bengaluru/NCR/Hyd),2,8,151.0,1,0,1,1,1,1,0,0,4,22.45,Job-Ready Mid-Level,12.38,2,1,1,2,2.0,1,0,4,64.4,0,2.3660013546366443,2.0306815784075583,1.475649372220913,Core Systems & Algorithmic Backend Specialists
CP-2458,0.5,B.Tech/B.E,Tier 3 (Affiliated Colleges),Full Stack Web,Tier 2 City,1,4,124.0,2,0,0,1,0,0,0,0,1,9.39,Junior Associate,7.4,0,0,1,1,3.0,0,0,1,32.5,2,-3.252605518900851,0.7046131972369005,-0.9675926897072837,Cloud & DevOps Infrastructure Architects
CP-2459,2.4,M.Tech/M.S,Tier 2 (Top State/Private),Backend Systems,Tier 1 Tech Hub (Bengaluru/NCR/Hyd),2,4,36.0,0,0,0,1,0,1,0,0,2,18.43,Job-Ready Mid-Level,6.7,1,0,1,2,4.0,1,0,2,52.3,2,-1.1477018993039072,0.7577699232959446,0.366426671677629,Cloud & DevOps Infrastructure Architects
CP-2460,1.1,B.Tech/B.E,Tier 3 (Affiliated Colleges),Backend Systems,Tier 1 Tech Hub (Bengaluru/NCR/Hyd),1,6,115.0,1,1,1,0,0,0,1,1,4,19.4,Job-Ready Mid-Level,8.57,0,3,1,1,3.0,1,0,4,50.0,1,1.2222684430992348,0.04817882271759599,-1.9382264297563687,Applied AI/ML & Data Science Specialists
CP-2461,2.3,B.Tech/B.E,Tier 3 (Affiliated Colleges),Data Analytics & BI,Tier 2 City,0,4,239.0,1,1,0,0,0,0,0,0,1,11.9,Junior Associate,8.77,0,1,0,1,3.0,0,0,1,43.8,2,-2.6729300721663267,1.4932019339497977,0.19030024470360432,Cloud & DevOps Infrastructure Architects
CP-2462,0.2,B.Tech/B.E,Tier 2 (Top State/Private),Full Stack Web,Tier 1 Tech Hub (Bengaluru/NCR/Hyd),1,4,73.0,1,1,1,0,0,1,0,0,3,13.57,Junior Associate,6.12,1,2,0,2,3.0,1,0,3,41.4,1,-0.589600415165876,-0.2995167351128336,1.2817950160606904,Applied AI/ML & Data Science Specialists
CP-2463,2.4,M.Tech/M.S,Tier 3 (Affiliated Colleges),Data Science & AI/ML,Tier 1 Tech Hub (Bengaluru/NCR/Hyd),0,1,0.0,3,1,1,1,1,1,0,0,5,16.9,Job-Ready Mid-Level,0.7,2,2,1,1,4.0,1,0,5,50.7,3,1.6571661858582083,-3.4918605926950095,1.6840756816222213,Emerging Full-Stack & Entry Developers
CP-2464,9.5,B.Tech/B.E,Tier 3 (Affiliated Colleges),Full Stack Web,Tier 2 City,1,3,227.0,2,1,1,1,0,0,0,0,3,27.89,High-Demand Specialist,9.27,0,2,1,1,3.0,0,0,3,66.5,0,1.0782763341531587,1.4212352863868611,-1.4953109604595611,Core Systems & Algorithmic Backend Specialists
CP-2465,0.1,B.Tech/B.E,Tier 2 (Top State/Private),Full Stack Web,Tier 2 City,0,3,254.0,0,0,1,0,1,0,0,0,2,11.04,Junior Associate,8.45,1,1,0,2,3.0,0,0,2,40.6,2,-1.6787905105134289,0.5120663554671148,1.767537870989758,Cloud & DevOps Infrastructure Architects
CP-2466,8.3,Non-CS Degree,Tier 2 (Top State/Private),Backend Systems,Remote Global,0,2,1.0,0,1,1,1,0,1,1,0,5,35.63,High-Demand Specialist,1.42,1,3,1,2,1.0,0,1,5,59.7,3,2.1193352965886736,-2.641082684635562,0.12231879328887581,Emerging Full-Stack & Entry Developers
CP-2467,1.1,M.Tech/M.S,Tier 2 (Top State/Private),Data Science & AI/ML,Tier 2 City,0,4,32.0,1,1,1,1,1,1,0,1,6,16.54,Job-Ready Mid-Level,3.6,2,2,2,2,4.0,0,0,6,57.3,3,3.3460870540143604,-3.0750533196633385,0.4199174290089631,Emerging Full-Stack & Entry Developers
CP-2468,4.5,Non-CS Degree,Tier 2 (Top State/Private),Data Science & AI/ML,Tier 2 City,1,4,106.0,0,1,1,1,1,0,0,0,4,17.82,Job-Ready Mid-Level,6.95,1,2,1,2,1.0,0,0,4,62.2,3,1.4813711689591254,-0.09353077172563604,-0.06086294119213777,Emerging Full-Stack & Entry Developers
CP-2469,3.4,B.Tech/B.E,Tier 1 (IIT/NIT/BITS),Data Analytics & BI,Tier 2 City,1,4,29.0,0,1,1,1,0,1,1,0,5,20.27,Job-Ready Mid-Level,5.03,1,3,1,3,3.0,0,0,5,68.1,3,2.8579536058591652,-1.1094203689355338,-0.2214328326935034,Emerging Full-Stack & Entry Developers
CP-2470,1.8,B.Tech/B.E,Tier 2 (Top State/Private),Data Science & AI/ML,Tier 1 Tech Hub (Bengaluru/NCR/Hyd),1,1,225.0,1,1,1,0,0,1,0,0,3,18.61,Job-Ready Mid-Level,7.82,1,2,0,2,3.0,1,0,3,52.2,1,-0.03201408320522827,0.23043440500654516,1.339531789866915,Applied AI/ML & Data Science Specialists
CP-2471,3.0,MCA,Tier 2 (Top State/Private),Full Stack Web,Tier 2 City,0,1,0.0,1,1,0,1,0,0,0,0,2,10.78,Junior Associate,0.7,0,1,1,2,2.5,0,0,2,40.6,2,-2.518301527009945,-1.9684890906671324,-1.1349638228073329,Cloud & DevOps Infrastructure Architects
CP-2472,4.6,B.Tech/B.E,Tier 2 (Top State/Private),Full Stack Web,Tier 2 City,1,4,215.0,2,0,0,1,0,0,0,0,1,18.86,Job-Ready Mid-Level,9.68,0,0,1,2,3.0,0,0,1,61.0,2,-1.7032274492800934,2.2876133129981286,-1.0478245448776404,Cloud & DevOps Infrastructure Architects
CP-2473,1.1,M.Tech/M.S,Tier 2 (Top State/Private),Cloud & DevOps,Tier 1 Tech Hub (Bengaluru/NCR/Hyd),1,1,8.0,0,1,0,1,0,1,1,0,4,17.17,Job-Ready Mid-Level,2.4,1,2,1,2,4.0,1,0,4,47.0,3,0.40634973264041524,-2.271324780644709,0.025353553748975986,Emerging Full-Stack & Entry Developers
CP-2474,0.9,B.Tech/B.E,Tier 3 (Affiliated Colleges),Data Science & AI/ML,Tier 1 Tech Hub (Bengaluru/NCR/Hyd),1,3,57.0,0,1,1,0,1,1,0,0,4,15.2,Job-Ready Mid-Level,5.02,2,2,0,1,3.0,1,0,4,43.1,3,0.5324507578451592,-1.2665250978165636,2.894958462055667,Emerging Full-Stack & Entry Developers
CP-2475,2.4,B.Tech/B.E,Tier 3 (Affiliated Colleges),Backend Systems,Tier 1 Tech Hub (Bengaluru/NCR/Hyd),2,6,361.0,0,1,1,1,0,1,0,1,5,26.58,High-Demand Specialist,16.23,1,2,2,1,3.0,1,0,5,71.4,0,4.030890465144854,2.343906866093556,-1.5526466869689248,Core Systems & Algorithmic Backend Specialists
CP-2476,3.6,B.Tech/B.E,Tier 1 (IIT/NIT/BITS),Full Stack Web,Tier 2 City,1,4,19.0,1,1,0,1,0,0,0,0,2,14.71,Junior Associate,4.78,0,1,1,3,3.0,0,0,2,56.2,2,-1.242314096495971,0.228505262703775,-1.311442550046368,Cloud & DevOps Infrastructure Architects
CP-2477,3.2,B.Tech/B.E,Tier 3 (Affiliated Colleges),Backend Systems,Tier 1 Tech Hub (Bengaluru/NCR/Hyd),1,4,2.0,1,0,0,0,1,0,0,1,2,19.28,Job-Ready Mid-Level,4.35,1,0,1,1,3.0,1,0,2,45.1,2,-1.7442020967744474,-0.45486339263747366,0.41876605194803895,Cloud & DevOps Infrastructure Architects
CP-2478,3.5,B.Tech/B.E,Tier 3 (Affiliated Colleges),Full Stack Web,Remote Global,0,1,225.0,0,1,0,0,0,1,1,0,3,23.31,Job-Ready Mid-Level,6.32,1,2,0,1,3.0,0,1,3,54.1,1,-0.16559421341192668,-0.4306532112776857,1.8778340492812817,Applied AI/ML & Data Science Specialists
CP-2479,1.3,B.Tech/B.E,Tier 3 (Affiliated Colleges),Data Science & AI/ML,Tier 1 Tech Hub (Bengaluru/NCR/Hyd),0,2,0.0,0,1,1,1,1,0,0,0,4,11.11,Junior Associate,1.4,1,2,1,1,3.0,1,0,4,39.0,3,-0.12781118065439792,-2.8941753281660287,0.0363425844498189,Emerging Full-Stack & Entry Developers
CP-2480,3.7,Non-CS Degree,Tier 1 (IIT/NIT/BITS),Data Science & AI/ML,Tier 2 City,2,4,25.0,0,1,1,0,0,0,0,0,2,16.34,Job-Ready Mid-Level,6.42,0,2,0,3,1.0,0,0,2,53.2,1,-1.241978742679885,1.081247030844094,-0.3427736037035798,Applied AI/ML & Data Science Specialists
CP-2481,0.3,B.Tech/B.E,Tier 2 (Top State/Private),Data Science & AI/ML,Tier 1 Tech Hub (Bengaluru/NCR/Hyd),2,2,56.0,1,0,1,1,0,0,0,0,2,12.02,Junior Associate,5.8,0,1,1,2,3.0,1,0,2,37.2,2,-2.0172509889136565,-0.11363501345320094,-1.4369802947270842,Cloud & DevOps Infrastructure Architects
CP-2482,1.7,BCA/B.Sc CS,Tier 3 (Affiliated Colleges),Full Stack Web,Tier 2 City,0,3,147.0,0,1,1,0,1,1,0,0,4,11.45,Junior Associate,5.78,2,2,0,1,2.0,0,0,4,45.2,3,0.5790755243169211,-1.2219250062238658,3.093038838398178,Emerging Full-Stack & Entry Developers
CP-2483,0.0,MCA,Tier 3 (Affiliated Colleges),Data Science & AI/ML,Tier 2 City,1,4,153.0,0,0,0,0,0,0,0,0,0,5.02,Entry-Level Learner,8.12,0,0,0,1,2.5,0,0,0,25.5,2,-4.729173673523214,1.471597903580306,0.3817837892711287,Cloud & DevOps Infrastructure Architects
CP-2484,0.9,BCA/B.Sc CS,Tier 3 (Affiliated Colleges),Full Stack Web,Tier 2 City,1,4,215.0,0,1,1,1,0,0,0,0,3,10.36,Junior Associate,9.68,0,2,1,1,2.0,0,0,3,43.6,1,-0.33279816315992117,0.6531558509053953,-1.5169414224877016,Applied AI/ML & Data Science Specialists
CP-2485,1.0,B.Tech/B.E,Tier 3 (Affiliated Colleges),Cloud & DevOps,Tier 2 City,1,4,27.0,2,1,1,0,0,1,0,0,3,9.94,Junior Associate,4.97,1,2,0,1,3.0,0,0,3,39.3,1,-0.7597841515527378,-0.7250524608515332,1.4923984160383719,Applied AI/ML & Data Science Specialists
CP-2486,1.1,M.Tech/M.S,Tier 1 (IIT/NIT/BITS),Data Science & AI/ML,Remote Global,2,3,45.0,0,1,1,0,0,1,0,0,3,22.02,Job-Ready Mid-Level,6.22,1,2,0,3,4.0,0,1,3,53.4,1,0.014793209248895522,0.15993915601022254,1.6978128250593931,Applied AI/ML & Data Science Specialists
CP-2487,2.6,BCA/B.Sc CS,Tier 2 (Top State/Private),Data Science & AI/ML,Tier 1 Tech Hub (Bengaluru/NCR/Hyd),0,3,60.0,0,0,1,0,0,1,0,0,2,16.35,Job-Ready Mid-Level,3.6,1,1,0,2,2.0,1,0,2,41.9,2,-2.0963192315297903,-0.7916362741678518,1.5725636521214432,Cloud & DevOps Infrastructure Architects
CP-2488,1.1,M.Tech/M.S,Tier 2 (Top State/Private),Data Analytics & BI,Tier 1 Tech Hub (Bengaluru/NCR/Hyd),1,5,218.0,0,0,1,0,0,0,1,0,2,18.95,Job-Ready Mid-Level,10.45,0,2,0,2,4.0,1,0,2,52.1,1,-0.7831517564804443,1.9382473074168152,-0.3209537010621046,Applied AI/ML & Data Science Specialists
CP-2489,1.3,M.Tech/M.S,Tier 2 (Top State/Private),Backend Systems,Tier 2 City,0,4,110.0,0,1,0,1,1,1,1,0,5,17.39,Job-Ready Mid-Level,5.55,2,2,1,2,4.0,0,0,5,57.4,3,2.399814642398185,-1.6082840296579064,1.7401453369277682,Emerging Full-Stack & Entry Developers
CP-2490,0.6,Non-CS Degree,Tier 3 (Affiliated Colleges),Data Science & AI/ML,Tier 1 Tech Hub (Bengaluru/NCR/Hyd),1,8,233.0,1,1,1,1,0,1,0,0,4,15.77,Job-Ready Mid-Level,12.92,1,2,1,1,1.0,1,0,4,48.5,0,1.4790728021053432,1.5540731835297497,-0.256109576951771,Core Systems & Algorithmic Backend Specialists
CP-2491,1.0,BCA/B.Sc CS,Tier 1 (IIT/NIT/BITS),Data Science & AI/ML,Tier 1 Tech Hub (Bengaluru/NCR/Hyd),0,2,365.0,0,1,1,1,0,1,0,0,4,19.32,Job-Ready Mid-Level,10.52,1,2,1,3,2.0,1,0,4,58.0,0,1.4728155670793894,0.30589424074282695,-0.05950257791530457,Core Systems & Algorithmic Backend Specialists
CP-2492,0.6,B.Tech/B.E,Tier 2 (Top State/Private),Backend Systems,Tier 1 Tech Hub (Bengaluru/NCR/Hyd),2,12,71.0,1,1,1,0,1,0,0,1,4,18.59,Job-Ready Mid-Level,12.78,1,2,1,2,3.0,1,0,4,58.7,0,2.2839727662336067,2.3944401578380403,-0.38602731387402034,Core Systems & Algorithmic Backend Specialists
CP-2493,0.2,BCA/B.Sc CS,Tier 3 (Affiliated Colleges),Data Science & AI/ML,Tier 1 Tech Hub (Bengaluru/NCR/Hyd),1,2,52.0,2,1,1,1,1,0,0,0,4,13.1,Junior Associate,4.2,1,2,1,1,2.0,1,0,4,35.1,3,0.012262828792918894,-1.9738394473934426,-0.06768239376805024,Emerging Full-Stack & Entry Developers
CP-2494,2.0,B.Tech/B.E,Tier 2 (Top State/Private),Backend Systems,Tier 1 Tech Hub (Bengaluru/NCR/Hyd),2,2,147.0,1,1,1,0,1,1,0,0,4,20.71,Job-Ready Mid-Level,8.07,2,2,0,2,3.0,1,0,4,57.8,0,1.5579414136157945,0.21064190180485995,2.800794324387002,Core Systems & Algorithmic Backend Specialists
CP-2495,2.4,MCA,Tier 3 (Affiliated Colleges),Data Science & AI/ML,Tier 2 City,0,3,34.0,0,1,1,1,1,1,0,1,6,17.85,Job-Ready Mid-Level,2.95,2,2,2,1,2.5,0,0,6,53.9,3,2.992131220638303,-3.427852243242289,0.4105403518418936,Emerging Full-Stack & Entry Developers
CP-2496,2.1,B.Tech/B.E,Tier 3 (Affiliated Colleges),Backend Systems,Tier 1 Tech Hub (Bengaluru/NCR/Hyd),0,4,20.0,0,1,1,1,1,0,0,0,4,16.46,Job-Ready Mid-Level,3.3,1,2,1,1,3.0,1,0,4,46.2,3,0.4423505429004232,-1.9133922785722917,-0.028831322744594233,Emerging Full-Stack & Entry Developers
CP-2497,1.4,B.Tech/B.E,Tier 2 (Top State/Private),Full Stack Web,Tier 1 Tech Hub (Bengaluru/NCR/Hyd),0,4,232.0,1,0,0,1,1,1,0,0,3,18.89,Job-Ready Mid-Level,8.6,2,0,1,2,3.0,1,0,3,51.5,2,0.03722486741378145,0.20676168635754993,2.0198823674209425,Cloud & DevOps Infrastructure Architects
CP-2498,1.1,M.Tech/M.S,Tier 2 (Top State/Private),Backend Systems,Tier 1 Tech Hub (Bengaluru/NCR/Hyd),1,3,43.0,1,0,1,1,0,0,0,1,3,17.73,Job-Ready Mid-Level,4.68,0,1,2,2,4.0,1,0,3,46.6,2,-0.5477510885065592,-1.1863759764406898,-2.699423044395586,Cloud & DevOps Infrastructure Architects
CP-2499,4.4,BCA/B.Sc CS,Tier 2 (Top State/Private),Full Stack Web,Remote Global,2,5,27.0,3,1,1,1,0,0,0,0,3,25.15,High-Demand Specialist,7.18,0,2,1,2,2.0,0,1,3,61.0,1,0.4777438232970055,0.8068248827623583,-1.391751416669761,Applied AI/ML & Data Science Specialists
CP-2500,1.6,B.Tech/B.E,Tier 2 (Top State/Private),Cloud & DevOps,Remote Global,1,2,36.0,2,1,0,1,0,1,1,0,4,19.8,Job-Ready Mid-Level,3.8,1,2,1,2,3.0,0,1,4,48.7,3,0.6456274437801491,-1.7664652053304266,0.4103987804497532,Emerging Full-Stack & Entry Developers
CP-2501,1.4,B.Tech/B.E,Tier 2 (Top State/Private),Data Science & AI/ML,Tier 2 City,0,3,140.0,1,1,0,1,0,0,0,1,3,12.76,Junior Associate,5.6,0,1,2,2,3.0,0,0,3,46.5,2,-0.6296875890576557,-1.0996383123315463,-2.503819472461806,Cloud & DevOps Infrastructure Architects
CP-2502,0.1,MCA,Tier 2 (Top State/Private),Data Science & AI/ML,Tier 1 Tech Hub (Bengaluru/NCR/Hyd),0,5,8.0,0,1,0,0,0,1,1,0,3,11.25,Junior Associate,3.7,1,2,0,2,2.5,1,0,3,35.3,1,-1.151690347760045,-1.299707212899461,1.3003199647853156,Applied AI/ML & Data Science Specialists
CP-2503,0.9,B.Tech/B.E,Tier 3 (Affiliated Colleges),Data Analytics & BI,Remote Global,0,2,116.0,0,1,1,0,0,0,0,0,2,10.23,Junior Associate,4.3,0,2,0,1,3.0,0,1,2,33.5,1,-2.4778784719725553,-0.9380695376117849,0.3012211310037747,Applied AI/ML & Data Science Specialists
CP-2504,1.1,MCA,Tier 1 (IIT/NIT/BITS),Full Stack Web,Tier 2 City,2,6,48.0,2,1,0,1,1,0,0,1,4,17.66,Job-Ready Mid-Level,8.4,1,1,2,3,2.5,0,0,4,56.5,3,1.530155069257141,0.19693801410215223,-1.217749256055742,Emerging Full-Stack & Entry Developers
CP-2505,1.1,B.Tech/B.E,Tier 3 (Affiliated Colleges),Backend Systems,Tier 2 City,1,2,205.0,1,0,1,0,1,0,0,1,3,15.07,Job-Ready Mid-Level,8.02,1,1,1,1,3.0,0,0,3,44.9,2,-0.34122276549464364,-0.23936847082851148,0.4148453207985839,Cloud & DevOps Infrastructure Architects
CP-2506,1.9,M.Tech/M.S,Tier 1 (IIT/NIT/BITS),Full Stack Web,Tier 2 City,1,2,52.0,1,1,1,1,0,1,0,0,4,16.04,Job-Ready Mid-Level,4.2,1,2,1,3,4.0,0,0,4,58.2,3,1.13086140909626,-1.3288878273817446,0.1433256200720775,Emerging Full-Stack & Entry Developers
CP-2507,1.7,MCA,Tier 2 (Top State/Private),Backend Systems,Tier 1 Tech Hub (Bengaluru/NCR/Hyd),1,3,350.0,1,1,0,1,0,0,0,1,3,20.92,Job-Ready Mid-Level,12.35,0,1,2,2,2.5,1,0,3,57.7,0,0.5242564177601016,1.460912657622928,-2.793312494832245,Core Systems & Algorithmic Backend Specialists
CP-2508,2.1,B.Tech/B.E,Tier 3 (Affiliated Colleges),Full Stack Web,Tier 1 Tech Hub (Bengaluru/NCR/Hyd),0,5,45.0,1,1,1,1,0,0,0,1,4,17.4,Job-Ready Mid-Level,4.62,0,2,2,1,3.0,1,0,4,48.4,3,0.6271609850009842,-1.6574597650198988,-2.9530163930032454,Emerging Full-Stack & Entry Developers
CP-2509,3.2,B.Tech/B.E,Tier 2 (Top State/Private),Backend Systems,Tier 1 Tech Hub (Bengaluru/NCR/Hyd),0,3,364.0,1,1,0,1,0,1,0,0,3,21.49,Job-Ready Mid-Level,11.2,1,1,1,2,3.0,1,0,3,64.9,0,0.7954317911528465,1.3822219623647996,0.21130980909488747,Core Systems & Algorithmic Backend Specialists
CP-2510,3.7,B.Tech/B.E,Tier 2 (Top State/Private),Backend Systems,Tier 1 Tech Hub (Bengaluru/NCR/Hyd),2,3,238.0,0,1,1,0,1,0,0,0,3,26.29,High-Demand Specialist,11.05,1,2,0,2,3.0,1,0,3,67.1,0,1.0786296713943848,2.1119529518598212,1.1583191139226183,Core Systems & Algorithmic Backend Specialists
CP-2511,2.8,M.Tech/M.S,Tier 3 (Affiliated Colleges),Full Stack Web,Tier 2 City,1,2,50.0,1,1,1,1,1,0,1,0,5,16.93,Job-Ready Mid-Level,4.15,1,3,1,1,4.0,0,0,5,58.4,3,2.3644058356016187,-1.8779116044237845,-0.0890645842118999,Emerging Full-Stack & Entry Developers
CP-2512,6.8,B.Tech/B.E,Tier 3 (Affiliated Colleges),Backend Systems,Remote Global,1,6,59.0,0,1,1,0,0,1,1,0,4,33.76,High-Demand Specialist,7.17,1,3,0,1,3.0,0,1,4,67.2,0,2.048465699291103,0.5158584817745863,1.4160947661641825,Core Systems & Algorithmic Backend Specialists
CP-2513,0.0,BCA/B.Sc CS,Tier 3 (Affiliated Colleges),Data Analytics & BI,Tier 2 City,0,2,55.0,1,0,0,0,1,0,0,1,2,8.98,Entry-Level Learner,2.78,1,0,1,1,2.0,0,0,2,23.4,2,-3.095339916013422,-2.061621925552028,0.7138214168352627,Cloud & DevOps Infrastructure Architects
CP-2514,0.5,B.Tech/B.E,Tier 2 (Top State/Private),Data Science & AI/ML,Tier 1 Tech Hub (Bengaluru/NCR/Hyd),0,4,120.0,0,1,1,1,0,0,0,0,3,12.69,Junior Associate,5.8,0,2,1,2,3.0,1,0,3,42.4,1,-0.7301636439280891,-0.7197719367707404,-1.6112320467731351,Applied AI/ML & Data Science Specialists
CP-2515,0.0,B.Tech/B.E,Tier 2 (Top State/Private),Cloud & DevOps,Tier 1 Tech Hub (Bengaluru/NCR/Hyd),0,5,66.0,1,1,1,1,0,1,0,0,4,13.53,Junior Associate,5.15,1,2,1,2,3.0,1,0,4,43.0,3,0.48415755900417323,-1.4299004691658181,-0.03901925632801116,Emerging Full-Stack & Entry Developers
CP-2516,2.3,B.Tech/B.E,Tier 3 (Affiliated Colleges),Data Science & AI/ML,Tier 1 Tech Hub (Bengaluru/NCR/Hyd),0,5,53.0,2,0,1,1,1,0,0,0,3,16.33,Job-Ready Mid-Level,4.82,1,1,1,1,3.0,1,0,3,45.6,2,-0.49327672637233205,-0.8924448386963933,0.19165898813256732,Cloud & DevOps Infrastructure Architects
CP-2517,5.0,B.Tech/B.E,Tier 3 (Affiliated Colleges),Data Analytics & BI,Tier 1 Tech Hub (Bengaluru/NCR/Hyd),0,4,133.0,1,1,0,1,1,0,0,0,3,25.3,High-Demand Specialist,6.12,1,1,1,1,3.0,1,0,3,61.2,2,0.2540884675204664,-0.04025579547444297,0.18150244922615233,Cloud & DevOps Infrastructure Architects
CP-2518,0.6,BCA/B.Sc CS,Tier 2 (Top State/Private),Data Science & AI/ML,Tier 1 Tech Hub (Bengaluru/NCR/Hyd),1,1,113.0,0,1,0,1,1,0,0,0,3,12.1,Junior Associate,5.03,1,1,1,2,2.0,1,0,3,38.5,2,-1.0342841080076537,-1.1447475896742945,0.16487464404083838,Cloud & DevOps Infrastructure Architects
CP-2519,5.8,MCA,Tier 3 (Affiliated Colleges),Data Science & AI/ML,Tier 2 City,0,2,0.0,0,1,1,1,0,0,1,0,4,19.04,Job-Ready Mid-Level,1.4,0,3,1,1,2.5,0,0,4,56.0,1,0.6943848733139761,-2.267142500969252,-1.6520486089818005,Applied AI/ML & Data Science Specialists
CP-2520,0.1,BCA/B.Sc CS,Tier 2 (Top State/Private),Full Stack Web,Tier 1 Tech Hub (Bengaluru/NCR/Hyd),0,3,0.0,0,1,1,0,0,0,0,1,3,10.44,Junior Associate,2.1,0,2,1,2,2.0,1,0,3,31.1,1,-1.6686197916788903,-2.346687054630143,-1.5822281406540888,Applied AI/ML & Data Science Specialists
CP-2521,6.0,B.Tech/B.E,Tier 2 (Top State/Private),Cloud & DevOps,Remote Global,2,6,0.0,3,1,1,0,1,0,0,0,3,31.41,High-Demand Specialist,7.2,1,2,0,2,3.0,0,1,3,67.2,0,1.005017345069268,1.3108572717274212,1.536824275425613,Core Systems & Algorithmic Backend Specialists
CP-2522,1.0,Non-CS Degree,Tier 1 (IIT/NIT/BITS),Data Analytics & BI,Tier 1 Tech Hub (Bengaluru/NCR/Hyd),1,5,0.0,1,1,0,1,0,0,0,0,2,14.56,Junior Associate,5.0,0,1,1,3,1.0,1,0,2,37.3,2,-2.172544051574573,-0.14486976017575254,-1.5729647710860528,Cloud & DevOps Infrastructure Architects
CP-2523,0.2,M.Tech/M.S,Tier 2 (Top State/Private),Backend Systems,Tier 2 City,3,6,26.0,0,1,0,0,1,1,0,0,3,12.23,Junior Associate,9.35,2,1,0,2,4.0,0,0,3,49.9,0,0.31706088654699094,1.4859785165327368,3.11129961145441,Core Systems & Algorithmic Backend Specialists
CP-2524,1.5,Non-CS Degree,Tier 2 (Top State/Private),Full Stack Web,Tier 1 Tech Hub (Bengaluru/NCR/Hyd),0,2,151.0,0,1,0,1,0,0,1,0,3,14.72,Junior Associate,5.18,0,2,1,2,1.0,1,0,3,40.1,1,-1.0273751325229645,-1.1190783796833235,-1.6563474959242026,Applied AI/ML & Data Science Specialists
CP-2525,0.7,B.Tech/B.E,Tier 1 (IIT/NIT/BITS),Data Science & AI/ML,Tier 1 Tech Hub (Bengaluru/NCR/Hyd),1,2,42.0,1,0,1,0,0,0,0,0,1,14.32,Junior Associate,3.95,0,1,0,3,3.0,1,0,1,36.1,2,-3.40305854583353,-0.13825461360044708,-0.03747020260638273,Cloud & DevOps Infrastructure Architects
CP-2526,0.7,B.Tech/B.E,Tier 2 (Top State/Private),Data Analytics & BI,Tier 2 City,0,8,0.0,0,0,0,1,1,0,0,0,2,10.9,Junior Associate,5.6,1,0,1,2,3.0,0,0,2,38.9,2,-1.8973441263394857,-0.02988086462654945,0.5206938446287678,Cloud & DevOps Infrastructure Architects
CP-2527,0.8,B.Tech/B.E,Tier 3 (Affiliated Colleges),Cloud & DevOps,Tier 2 City,1,5,31.0,0,1,1,0,0,0,0,1,3,11.33,Junior Associate,5.78,0,2,1,1,3.0,0,0,3,39.7,1,-0.7782741891512942,-0.6349418408389865,-1.463265602733622,Applied AI/ML & Data Science Specialists
CP-2528,3.6,M.Tech/M.S,Tier 3 (Affiliated Colleges),Full Stack Web,Tier 1 Tech Hub (Bengaluru/NCR/Hyd),0,1,357.0,0,1,1,0,0,0,0,0,2,17.8,Job-Ready Mid-Level,9.62,0,2,0,1,4.0,1,0,2,59.0,1,-0.78449173174505,1.351910940523443,-0.13445706705255223,Applied AI/ML & Data Science Specialists
CP-2529,1.7,B.Tech/B.E,Tier 3 (Affiliated Colleges),Full Stack Web,Tier 1 Tech Hub (Bengaluru/NCR/Hyd),0,3,43.0,0,1,0,0,1,1,0,0,3,15.01,Job-Ready Mid-Level,3.18,2,1,0,1,3.0,1,0,3,39.8,2,-1.0214492720624486,-1.5515495315964356,3.2055027539948755,Cloud & DevOps Infrastructure Architects
CP-2530,0.8,B.Tech/B.E,Tier 3 (Affiliated Colleges),Full Stack Web,Tier 1 Tech Hub (Bengaluru/NCR/Hyd),3,8,353.0,0,1,1,0,1,0,1,0,4,22.77,Job-Ready Mid-Level,18.92,1,3,0,1,3.0,1,0,4,59.2,0,2.879076148410068,4.330173553574565,0.7555982545093385,Core Systems & Algorithmic Backend Specialists
CP-2531,2.1,B.Tech/B.E,Tier 1 (IIT/NIT/BITS),Full Stack Web,Tier 2 City,1,2,32.0,1,1,1,1,1,0,1,1,6,21.76,Job-Ready Mid-Level,3.7,1,3,2,3,3.0,0,0,6,63.5,3,3.6290525653370262,-2.719186775424905,-1.526720853996191,Emerging Full-Stack & Entry Developers
CP-2532,2.8,BCA/B.Sc CS,Tier 2 (Top State/Private),Data Analytics & BI,Remote Global,2,5,3.0,0,1,1,1,0,0,1,0,4,23.88,Job-Ready Mid-Level,6.58,0,3,1,2,2.0,0,1,4,56.2,1,1.2925896471910585,-0.09044929542152527,-1.6306937246735251,Applied AI/ML & Data Science Specialists
CP-2533,0.7,BCA/B.Sc CS,Tier 3 (Affiliated Colleges),Full Stack Web,Tier 1 Tech Hub (Bengaluru/NCR/Hyd),0,5,153.0,0,1,1,0,1,1,0,0,4,12.74,Junior Associate,7.32,2,2,0,1,2.0,1,0,4,42.8,3,0.6694158150196287,-0.6285606525169016,2.8652315904875367,Emerging Full-Stack & Entry Developers
CP-2534,1.2,B.Tech/B.E,Tier 2 (Top State/Private),Backend Systems,Tier 1 Tech Hub (Bengaluru/NCR/Hyd),0,1,69.0,0,1,1,1,1,0,0,1,5,17.63,Job-Ready Mid-Level,2.42,1,2,2,2,3.0,1,0,5,48.6,3,1.4854631750501772,-3.298715607316413,-1.3117896055924332,Emerging Full-Stack & Entry Developers
CP-2535,0.3,B.Tech/B.E,Tier 2 (Top State/Private),Full Stack Web,Remote Global,1,5,144.0,1,0,1,1,0,0,0,0,2,14.56,Junior Associate,8.6,0,1,1,2,3.0,0,1,2,41.9,2,-1.5395635023585086,0.8345106984063461,-0.9967845913816277,Cloud & DevOps Infrastructure Architects
CP-2536,0.4,BCA/B.Sc CS,Tier 1 (IIT/NIT/BITS),Data Science & AI/ML,Tier 1 Tech Hub (Bengaluru/NCR/Hyd),1,2,232.0,0,1,1,0,1,1,1,1,6,25.28,High-Demand Specialist,8.7,2,3,1,3,2.0,1,0,6,60.2,3,3.8828365909887843,-1.2233633643190407,1.212660815066575,Emerging Full-Stack & Entry Developers
CP-2537,2.5,Non-CS Degree,Tier 3 (Affiliated Colleges),Data Analytics & BI,Tier 2 City,1,7,35.0,1,1,0,0,0,0,0,0,1,8.53,Entry-Level Learner,7.28,0,1,0,1,1.0,0,0,1,36.1,2,-3.090683583415941,1.4145866779365976,-0.030688344323312525,Cloud & DevOps Infrastructure Architects
CP-2538,0.4,M.Tech/M.S,Tier 2 (Top State/Private),Cloud & DevOps,Tier 1 Tech Hub (Bengaluru/NCR/Hyd),2,6,154.0,0,1,1,1,0,1,0,0,4,20.0,Job-Ready Mid-Level,11.05,1,2,1,2,4.0,1,0,4,57.9,0,1.8682306882060706,1.2840646041265746,-0.1787693193514479,Core Systems & Algorithmic Backend Specialists
CP-2539,1.6,Non-CS Degree,Tier 3 (Affiliated Colleges),Data Science & AI/ML,Tier 1 Tech Hub (Bengaluru/NCR/Hyd),0,3,115.0,1,1,0,0,1,1,0,0,3,13.7,Junior Associate,4.97,2,1,0,1,1.0,1,0,3,36.1,2,-1.1021718107281004,-1.114940243542462,3.122067084697052,Cloud & DevOps Infrastructure Architects
CP-2540,2.7,M.Tech/M.S,Tier 2 (Top State/Private),Cloud & DevOps,Tier 1 Tech Hub (Bengaluru/NCR/Hyd),1,6,213.0,2,0,1,0,0,1,0,0,2,20.55,Job-Ready Mid-Level,11.02,1,1,0,2,4.0,1,0,2,61.0,0,-0.23322775589807504,2.423937407070137,1.484286825569382,Core Systems & Algorithmic Backend Specialists
CP-2541,0.2,BCA/B.Sc CS,Tier 3 (Affiliated Colleges),Full Stack Web,Tier 1 Tech Hub (Bengaluru/NCR/Hyd),0,1,38.0,3,1,1,1,0,0,1,0,4,11.03,Junior Associate,1.65,0,3,1,1,2.0,1,0,4,30.8,1,-0.47709996793098214,-3.1431182811585194,-1.7813143514734682,Applied AI/ML & Data Science Specialists
CP-2542,1.8,B.Tech/B.E,Tier 3 (Affiliated Colleges),Data Analytics & BI,Tier 1 Tech Hub (Bengaluru/NCR/Hyd),0,2,18.0,1,1,1,1,0,1,1,0,5,18.73,Job-Ready Mid-Level,1.85,1,3,1,1,3.0,1,0,5,46.5,3,1.468426132773493,-3.1324319229627275,-0.1914880667575554,Emerging Full-Stack & Entry Developers
CP-2543,0.7,BCA/B.Sc CS,Tier 3 (Affiliated Colleges),Full Stack Web,Tier 2 City,1,5,53.0,1,1,1,0,0,0,0,0,2,6.91,Entry-Level Learner,6.32,0,2,0,1,2.0,0,0,2,32.8,1,-2.1744566213377077,0.2206100459844037,-0.16566504088009704,Applied AI/ML & Data Science Specialists
CP-2544,7.2,BCA/B.Sc CS,Tier 2 (Top State/Private),Data Analytics & BI,Tier 2 City,1,3,383.0,1,1,1,1,0,1,1,0,5,26.79,High-Demand Specialist,13.18,1,3,1,2,2.0,0,0,5,82.4,0,4.317231681933405,1.7220898612151636,-0.24239393990390737,Core Systems & Algorithmic Backend Specialists
CP-2545,1.5,BCA/B.Sc CS,Tier 2 (Top State/Private),Data Science & AI/ML,Tier 2 City,0,2,5.0,2,1,0,0,0,0,0,0,1,5.76,Entry-Level Learner,1.52,0,1,0,2,2.0,0,0,1,28.8,2,-4.077838009483606,-1.2388908404573518,0.1968192516837965,Cloud & DevOps Infrastructure Architects
CP-2546,3.6,B.Tech/B.E,Tier 3 (Affiliated Colleges),Full Stack Web,Tier 2 City,0,3,32.0,2,0,1,0,1,0,1,0,3,13.89,Junior Associate,2.9,1,2,0,1,3.0,0,0,3,48.9,1,-0.4871714836237173,-1.367543550111202,1.526628266806398,Applied AI/ML & Data Science Specialists
CP-2547,1.8,B.Tech/B.E,Tier 2 (Top State/Private),Backend Systems,Tier 1 Tech Hub (Bengaluru/NCR/Hyd),1,5,29.0,0,1,1,1,0,0,0,0,3,16.28,Job-Ready Mid-Level,5.72,0,2,1,2,3.0,1,0,3,48.7,1,-0.33707690270598123,-0.19393502360163356,-1.7156960180864367,Applied AI/ML & Data Science Specialists
CP-2548,0.1,B.Tech/B.E,Tier 2 (Top State/Private),Data Analytics & BI,Tier 1 Tech Hub (Bengaluru/NCR/Hyd),1,3,137.0,1,1,1,0,0,1,0,0,3,12.44,Junior Associate,7.02,1,2,0,2,3.0,1,0,3,42.4,1,-0.4994063556835211,-0.11449194085582992,1.3061414158396913,Applied AI/ML & Data Science Specialists
CP-2549,2.2,B.Tech/B.E,Tier 1 (IIT/NIT/BITS),Data Science & AI/ML,Tier 2 City,0,4,33.0,0,1,1,0,1,0,0,0,3,13.93,Junior Associate,3.62,1,2,0,3,3.0,0,0,3,51.4,1,-0.40088623693317155,-0.911619097235497,1.4477515832418213,Applied AI/ML & Data Science Specialists
CP-2550,6.7,B.Tech/B.E,Tier 3 (Affiliated Colleges),Data Science & AI/ML,Tier 1 Tech Hub (Bengaluru/NCR/Hyd),0,5,0.0,1,1,1,0,1,0,0,0,3,25.2,High-Demand Specialist,3.5,1,2,0,1,3.0,1,0,3,56.9,1,0.02741248612488466,-0.5311201982781453,1.2802754462328176,Applied AI/ML & Data Science Specialists
CP-2551,2.0,M.Tech/M.S,Tier 1 (IIT/NIT/BITS),Full Stack Web,Tier 1 Tech Hub (Bengaluru/NCR/Hyd),0,2,118.0,1,0,1,0,0,0,1,0,2,21.59,Job-Ready Mid-Level,4.35,0,2,0,3,4.0,1,0,2,50.6,1,-1.5015072295777474,-0.3883310225367353,-0.20218216345141626,Applied AI/ML & Data Science Specialists
CP-2552,3.8,B.Tech/B.E,Tier 3 (Affiliated Colleges),Cloud & DevOps,Tier 1 Tech Hub (Bengaluru/NCR/Hyd),3,6,2.0,2,1,1,1,1,1,0,1,6,28.76,High-Demand Specialist,8.75,2,2,2,1,3.0,1,0,6,72.1,3,4.745275530791815,-0.15756809302211758,-0.058537404232413666,Emerging Full-Stack & Entry Developers
CP-2553,4.7,B.Tech/B.E,Tier 2 (Top State/Private),Data Analytics & BI,Tier 1 Tech Hub (Bengaluru/NCR/Hyd),3,7,0.0,2,0,0,0,0,0,1,0,1,24.82,High-Demand Specialist,9.4,0,1,0,2,3.0,1,0,1,61.0,0,-1.4017981819914882,3.216129359188948,-0.33065159311891196,Core Systems & Algorithmic Backend Specialists
CP-2554,0.6,B.Tech/B.E,Tier 2 (Top State/Private),Data Analytics & BI,Tier 1 Tech Hub (Bengaluru/NCR/Hyd),1,4,47.0,0,1,1,0,0,0,1,1,4,16.19,Job-Ready Mid-Level,5.48,0,3,1,2,3.0,1,0,4,46.5,1,0.6928900486085537,-1.1481590716575965,-1.9065200245406209,Applied AI/ML & Data Science Specialists
CP-2555,0.5,BCA/B.Sc CS,Tier 3 (Affiliated Colleges),Full Stack Web,Tier 2 City,3,5,38.0,2,1,1,1,0,0,0,0,3,10.67,Junior Associate,8.95,0,2,1,1,2.0,0,0,3,40.3,1,-0.3167507793128903,0.9079947046728355,-1.6701453057373183,Applied AI/ML & Data Science Specialists
CP-2556,2.1,B.Tech/B.E,Tier 1 (IIT/NIT/BITS),Data Analytics & BI,Remote Global,1,5,40.0,3,1,1,1,0,0,0,1,4,24.88,High-Demand Specialist,6.0,0,2,2,3,3.0,0,1,4,59.0,3,1.3668339655193522,-0.7636525276679865,-2.6324659480400436,Emerging Full-Stack & Entry Developers
CP-2557,1.2,B.Tech/B.E,Tier 2 (Top State/Private),Full Stack Web,Remote Global,0,5,21.0,3,1,1,0,0,0,1,0,3,15.64,Job-Ready Mid-Level,4.03,0,3,0,2,3.0,0,1,3,42.9,1,-0.6502352825692927,-0.9868191776320697,-0.0708061104270229,Applied AI/ML & Data Science Specialists
CP-2558,4.0,BCA/B.Sc CS,Tier 3 (Affiliated Colleges),Data Science & AI/ML,Remote Global,0,3,44.0,1,1,0,0,0,1,0,0,2,19.79,Job-Ready Mid-Level,3.2,1,1,0,1,2.0,0,1,2,44.1,2,-2.0474747971927454,-0.8368920805182158,2.0471441438680196,Cloud & DevOps Infrastructure Architects
CP-2559,5.1,B.Tech/B.E,Tier 3 (Affiliated Colleges),Cloud & DevOps,Remote Global,2,5,124.0,1,1,0,0,1,1,0,1,4,33.11,High-Demand Specialist,9.6,2,1,1,1,3.0,0,1,4,71.2,0,2.3404144833764464,1.0073063835027527,2.092193320283282,Core Systems & Algorithmic Backend Specialists
CP-2560,1.0,Non-CS Degree,Tier 2 (Top State/Private),Backend Systems,Tier 1 Tech Hub (Bengaluru/NCR/Hyd),1,5,39.0,1,1,1,0,0,0,1,0,3,12.16,Junior Associate,5.98,0,3,0,2,1.0,1,0,3,38.9,1,-0.7520166445800603,-0.19820139277084844,-0.6790990436608505,Applied AI/ML & Data Science Specialists
CP-2561,0.6,Non-CS Degree,Tier 3 (Affiliated Colleges),Data Analytics & BI,Tier 1 Tech Hub (Bengaluru/NCR/Hyd),2,9,65.0,0,1,1,1,0,0,0,0,3,11.41,Junior Associate,10.92,0,2,1,1,1.0,1,0,3,41.0,0,-0.1555619045319507,1.7277350020023141,-1.934256148933668,Core Systems & Algorithmic Backend Specialists
CP-2562,3.3,B.Tech/B.E,Tier 3 (Affiliated Colleges),Cloud & DevOps,Tier 2 City,2,5,9.0,0,1,0,0,0,0,0,0,1,12.73,Junior Associate,6.72,0,1,0,1,3.0,0,0,1,45.4,2,-2.640702744174659,1.5439015406556034,0.028123199325630163,Cloud & DevOps Infrastructure Architects
CP-2563,0.7,B.Tech/B.E,Tier 3 (Affiliated Colleges),Cloud & DevOps,Tier 1 Tech Hub (Bengaluru/NCR/Hyd),1,5,1.0,0,1,1,0,1,0,1,0,4,15.41,Job-Ready Mid-Level,5.03,1,3,0,1,3.0,1,0,4,42.1,1,0.5780750797104229,-1.025112602205985,0.9961604665200111,Applied AI/ML & Data Science Specialists
CP-2564,3.8,M.Tech/M.S,Tier 2 (Top State/Private),Backend Systems,Tier 1 Tech Hub (Bengaluru/NCR/Hyd),0,3,216.0,3,0,1,0,0,1,1,0,3,25.65,High-Demand Specialist,7.5,1,2,0,2,4.0,1,0,3,64.8,0,0.7163696778543,0.42645330874325166,1.3710242815795,Core Systems & Algorithmic Backend Specialists
CP-2565,1.2,B.Tech/B.E,Tier 2 (Top State/Private),Full Stack Web,Tier 1 Tech Hub (Bengaluru/NCR/Hyd),0,5,69.0,1,0,0,0,0,0,1,1,2,17.02,Job-Ready Mid-Level,5.22,0,1,1,2,3.0,1,0,2,40.7,2,-1.9158771855210297,-0.45275612320692765,-1.3714172655995105,Cloud & DevOps Infrastructure Architects
CP-2566,2.4,B.Tech/B.E,Tier 3 (Affiliated Colleges),Full Stack Web,Tier 1 Tech Hub (Bengaluru/NCR/Hyd),0,3,66.0,2,0,1,0,1,1,0,0,3,18.77,Job-Ready Mid-Level,3.75,2,1,0,1,3.0,1,0,3,44.3,2,-0.6524542717893247,-1.3157107973100859,3.2033835388010834,Cloud & DevOps Infrastructure Architects
CP-2567,0.2,B.Tech/B.E,Tier 3 (Affiliated Colleges),Backend Systems,Tier 1 Tech Hub (Bengaluru/NCR/Hyd),0,2,243.0,0,1,0,0,0,0,0,0,1,9.37,Junior Associate,7.48,0,1,0,1,3.0,1,0,1,31.2,2,-3.4775466628384644,0.5377777845151479,0.08524531353283,Cloud & DevOps Infrastructure Architects
CP-2568,2.2,Non-CS Degree,Tier 2 (Top State/Private),Backend Systems,Tier 1 Tech Hub (Bengaluru/NCR/Hyd),1,4,111.0,0,1,0,0,1,0,0,0,2,15.69,Job-Ready Mid-Level,7.07,1,1,0,2,1.0,1,0,2,42.6,2,-1.7228564920399843,0.6791861521287087,1.392138177674431,Cloud & DevOps Infrastructure Architects
CP-2569,1.3,B.Tech/B.E,Tier 2 (Top State/Private),Full Stack Web,Tier 1 Tech Hub (Bengaluru/NCR/Hyd),0,3,112.0,0,1,1,0,0,0,0,1,3,15.3,Job-Ready Mid-Level,4.9,0,2,1,2,3.0,1,0,3,44.9,1,-0.7298012195679952,-1.1257743096305666,-1.5623791419196436,Applied AI/ML & Data Science Specialists
CP-2570,1.9,BCA/B.Sc CS,Tier 2 (Top State/Private),Full Stack Web,Remote Global,0,1,128.0,0,1,1,0,0,0,1,0,3,16.92,Job-Ready Mid-Level,3.9,0,3,0,2,2.0,0,1,3,43.1,1,-0.9352786049944788,-1.391007811810871,-0.011848637008322211,Applied AI/ML & Data Science Specialists
CP-2571,0.4,M.Tech/M.S,Tier 2 (Top State/Private),Full Stack Web,Tier 1 Tech Hub (Bengaluru/NCR/Hyd),1,2,31.0,2,1,1,0,0,0,0,0,2,11.61,Junior Associate,3.68,0,2,0,2,4.0,1,0,2,37.3,1,-2.151889864365105,-0.7178503697677169,-0.2138925108521276,Applied AI/ML & Data Science Specialists
CP-2572,2.9,B.Tech/B.E,Tier 2 (Top State/Private),Data Science & AI/ML,Remote Global,0,3,359.0,1,1,0,0,0,0,0,0,1,21.75,Job-Ready Mid-Level,11.08,0,1,0,2,3.0,0,1,1,54.8,2,-1.9978321338963518,2.362650020334422,0.44846603947938224,Cloud & DevOps Infrastructure Architects
CP-2573,4.4,B.Tech/B.E,Tier 2 (Top State/Private),Backend Systems,Tier 1 Tech Hub (Bengaluru/NCR/Hyd),1,2,225.0,1,1,0,1,0,0,1,0,3,25.64,High-Demand Specialist,8.52,0,2,1,2,3.0,1,0,3,66.4,0,0.6980655839068912,0.8748152780502304,-1.681478154905411,Core Systems & Algorithmic Backend Specialists
CP-2574,0.5,Non-CS Degree,Tier 3 (Affiliated Colleges),Full Stack Web,Tier 1 Tech Hub (Bengaluru/NCR/Hyd),1,5,34.0,1,0,1,0,1,0,1,1,4,15.5,Job-Ready Mid-Level,5.85,1,2,1,1,1.0,1,0,4,36.2,3,0.2765005042800722,-1.3266015739837238,-0.16789765297463874,Emerging Full-Stack & Entry Developers
CP-2575,0.2,B.Tech/B.E,Tier 1 (IIT/NIT/BITS),Backend Systems,Tier 1 Tech Hub (Bengaluru/NCR/Hyd),1,3,137.0,2,1,0,1,1,1,0,0,4,20.2,Job-Ready Mid-Level,7.02,2,1,1,3,3.0,1,0,4,51.2,3,1.0949926095566263,-0.635778824113141,1.707726586886188,Emerging Full-Stack & Entry Developers
CP-2576,0.1,BCA/B.Sc CS,Tier 3 (Affiliated Colleges),Data Science & AI/ML,Tier 1 Tech Hub (Bengaluru/NCR/Hyd),3,5,34.0,0,1,1,0,0,0,0,0,2,9.91,Junior Associate,8.85,0,2,0,1,2.0,1,0,2,34.0,1,-1.800043896557548,1.4817075344277482,-0.4807085281558396,Applied AI/ML & Data Science Specialists
CP-2577,2.3,B.Tech/B.E,Tier 2 (Top State/Private),Full Stack Web,Tier 2 City,0,3,126.0,3,1,1,1,0,1,1,0,5,16.46,Job-Ready Mid-Level,5.25,1,3,1,2,3.0,0,0,5,58.8,3,2.4383930695383933,-1.6996259083336203,-0.08577008426354059,Emerging Full-Stack & Entry Developers
CP-2578,2.1,B.Tech/B.E,Tier 2 (Top State/Private),Data Science & AI/ML,Tier 2 City,0,2,3.0,1,0,1,1,0,0,0,0,2,8.19,Entry-Level Learner,1.48,0,1,1,2,3.0,0,0,2,39.0,2,-2.435264139952688,-1.7803672422446863,-1.1280544793438407,Cloud & DevOps Infrastructure Architects
CP-2579,1.7,B.Tech/B.E,Tier 1 (IIT/NIT/BITS),Data Analytics & BI,Tier 2 City,2,3,53.0,2,1,1,1,1,0,0,0,4,16.23,Job-Ready Mid-Level,6.42,1,2,1,3,3.0,0,0,4,57.7,3,1.4151952658779807,-0.3212149858796718,-0.028638856528240372,Emerging Full-Stack & Entry Developers
CP-2580,0.6,B.Tech/B.E,Tier 2 (Top State/Private),Cloud & DevOps,Remote Global,1,4,0.0,1,0,1,1,0,0,1,0,3,17.55,Job-Ready Mid-Level,4.3,0,2,1,2,3.0,0,1,3,40.4,1,-0.8100608285012886,-1.1131665785884672,-1.2181357388360448,Applied AI/ML & Data Science Specialists
CP-2581,1.1,B.Tech/B.E,Tier 3 (Affiliated Colleges),Cloud & DevOps,Tier 1 Tech Hub (Bengaluru/NCR/Hyd),2,4,63.0,0,0,1,1,0,0,0,1,3,17.95,Job-Ready Mid-Level,7.38,0,1,2,1,3.0,1,0,3,43.8,2,-0.4339778462989536,-0.14239969447062406,-2.804514536793063,Cloud & DevOps Infrastructure Architects
CP-2582,2.0,MCA,Tier 3 (Affiliated Colleges),Data Science & AI/ML,Tier 1 Tech Hub (Bengaluru/NCR/Hyd),0,2,0.0,1,0,1,0,0,0,0,1,2,12.39,Junior Associate,1.4,0,1,1,1,2.5,1,0,2,32.6,2,-2.7710812366466047,-2.097934863793527,-1.265353060992879,Cloud & DevOps Infrastructure Architects
CP-2583,1.5,B.Tech/B.E,Tier 2 (Top State/Private),Data Science & AI/ML,Tier 1 Tech Hub (Bengaluru/NCR/Hyd),2,4,61.0,0,0,1,1,0,0,0,0,2,16.87,Job-Ready Mid-Level,7.32,0,1,1,2,3.0,1,0,2,45.7,2,-1.4509410952225639,0.8071555981524374,-1.5044597804578959,Cloud & DevOps Infrastructure Architects
CP-2584,9.5,B.Tech/B.E,Tier 2 (Top State/Private),Data Science & AI/ML,Tier 1 Tech Hub (Bengaluru/NCR/Hyd),2,7,135.0,2,0,1,0,0,0,0,0,1,33.66,High-Demand Specialist,11.27,0,1,0,2,3.0,1,0,1,65.7,0,-0.8342967378182559,3.9232627829869524,-0.26748545258790585,Core Systems & Algorithmic Backend Specialists
CP-2585,0.3,B.Tech/B.E,Tier 2 (Top State/Private),Full Stack Web,Tier 1 Tech Hub (Bengaluru/NCR/Hyd),1,3,210.0,1,1,1,1,0,0,1,0,4,15.97,Job-Ready Mid-Level,8.85,0,3,1,2,3.0,1,0,4,50.6,1,1.183604277227445,-0.03285226538045695,-1.9155560792537856,Applied AI/ML & Data Science Specialists
CP-2586,2.6,M.Tech/M.S,Tier 3 (Affiliated Colleges),Cloud & DevOps,Tier 1 Tech Hub (Bengaluru/NCR/Hyd),0,2,12.0,0,1,1,0,1,0,0,0,3,14.9,Junior Associate,1.7,1,2,0,1,4.0,1,0,3,45.0,1,-0.8845745374837976,-1.8650131217036137,1.4281923310290436,Applied AI/ML & Data Science Specialists
CP-2587,1.1,B.Tech/B.E,Tier 3 (Affiliated Colleges),Cloud & DevOps,Tier 1 Tech Hub (Bengaluru/NCR/Hyd),2,5,214.0,0,0,1,0,1,0,1,1,4,24.57,High-Demand Specialist,11.85,1,2,1,1,3.0,1,0,4,55.5,0,1.8233536679865339,1.193385084337017,-0.1782213939390396,Core Systems & Algorithmic Backend Specialists
CP-2588,1.2,BCA/B.Sc CS,Tier 2 (Top State/Private),Cloud & DevOps,Tier 1 Tech Hub (Bengaluru/NCR/Hyd),2,5,36.0,2,1,0,1,0,0,0,0,2,13.67,Junior Associate,7.4,0,1,1,2,2.0,1,0,2,41.2,2,-1.638599071231628,0.8721825511162453,-1.574717866867319,Cloud & DevOps Infrastructure Architects
CP-2589,2.8,B.Tech/B.E,Tier 3 (Affiliated Colleges),Full Stack Web,Tier 1 Tech Hub (Bengaluru/NCR/Hyd),2,6,250.0,2,1,1,1,0,0,1,0,4,24.82,High-Demand Specialist,13.45,0,3,1,1,3.0,1,0,4,66.6,0,2.534355945672659,2.3415373864603506,-2.0632253591144556,Core Systems & Algorithmic Backend Specialists
CP-2590,2.6,B.Tech/B.E,Tier 3 (Affiliated Colleges),Data Science & AI/ML,Tier 2 City,0,3,26.0,1,1,1,0,0,1,0,0,3,12.04,Junior Associate,2.75,1,2,0,1,3.0,0,0,3,43.6,1,-0.8768318123765164,-1.547981466751424,1.57605237615567,Applied AI/ML & Data Science Specialists
CP-2591,9.5,B.Tech/B.E,Tier 1 (IIT/NIT/BITS),Data Science & AI/ML,Tier 2 City,2,6,207.0,0,1,1,0,1,1,0,1,5,36.57,High-Demand Specialist,12.38,2,2,1,3,3.0,0,0,5,88.3,0,4.844754130538346,2.17604658295066,1.4596722301494873,Core Systems & Algorithmic Backend Specialists
CP-2592,0.3,MCA,Tier 2 (Top State/Private),Data Science & AI/ML,Tier 2 City,0,4,105.0,2,1,1,0,0,0,1,0,3,10.86,Junior Associate,5.42,0,3,0,2,2.5,0,0,3,39.2,1,-0.7887951889638887,-0.759315774474512,-0.33848670638735673,Applied AI/ML & Data Science Specialists
CP-2593,0.2,B.Tech/B.E,Tier 3 (Affiliated Colleges),Data Analytics & BI,Tier 2 City,0,1,59.0,0,1,1,0,1,1,1,1,6,12.32,Junior Associate,2.17,2,3,1,1,3.0,0,0,6,43.2,3,2.4580858315500325,-4.025144987995609,1.614537490818093,Emerging Full-Stack & Entry Developers
CP-2594,2.8,B.Tech/B.E,Tier 3 (Affiliated Colleges),Cloud & DevOps,Tier 1 Tech Hub (Bengaluru/NCR/Hyd),1,4,48.0,0,1,1,1,1,0,0,0,4,19.45,Job-Ready Mid-Level,5.5,1,2,1,1,3.0,1,0,4,53.4,3,1.036191163114471,-0.8170234778664894,-0.1083322005918992,Emerging Full-Stack & Entry Developers
CP-2595,1.9,B.Tech/B.E,Tier 2 (Top State/Private),Data Science & AI/ML,Tier 1 Tech Hub (Bengaluru/NCR/Hyd),0,3,381.0,0,1,1,0,1,1,0,0,4,19.16,Job-Ready Mid-Level,11.62,2,2,0,2,3.0,1,0,4,63.2,0,1.983674053438291,1.0276581931609443,2.8986259710943623,Core Systems & Algorithmic Backend Specialists
CP-2596,0.7,MCA,Tier 2 (Top State/Private),Data Science & AI/ML,Tier 1 Tech Hub (Bengaluru/NCR/Hyd),1,2,152.0,2,0,1,0,0,0,0,0,1,12.64,Junior Associate,6.7,0,1,0,2,2.5,1,0,1,35.0,2,-3.21193616408548,0.616346903556883,-0.03128603431130643,Cloud & DevOps Infrastructure Architects
CP-2597,0.2,B.Tech/B.E,Tier 2 (Top State/Private),Backend Systems,Tier 2 City,1,4,58.0,1,1,1,0,0,0,0,0,2,8.62,Entry-Level Learner,5.75,0,2,0,2,3.0,0,0,2,36.6,1,-2.0292339994174506,0.05193057639478108,-0.12795862915456516,Applied AI/ML & Data Science Specialists
CP-2598,0.2,B.Tech/B.E,Tier 2 (Top State/Private),Data Analytics & BI,Tier 2 City,0,2,4.0,0,1,1,0,1,0,0,0,3,7.34,Entry-Level Learner,1.5,1,2,0,2,3.0,0,0,3,33.7,1,-1.4907358236233779,-2.2999873315857156,1.5591914862316198,Applied AI/ML & Data Science Specialists
CP-2599,4.9,B.Tech/B.E,Tier 3 (Affiliated Colleges),Cloud & DevOps,Tier 1 Tech Hub (Bengaluru/NCR/Hyd),1,1,120.0,1,1,1,1,0,0,0,0,3,21.35,Job-Ready Mid-Level,5.2,0,2,1,1,3.0,1,0,3,59.2,1,0.017673568183458797,-0.40726850015508176,-1.6062157133731538,Applied AI/ML & Data Science Specialists
CP-2600,0.5,B.Tech/B.E,Tier 2 (Top State/Private),Full Stack Web,Tier 1 Tech Hub (Bengaluru/NCR/Hyd),2,2,364.0,1,0,1,0,0,0,0,1,2,19.55,Job-Ready Mid-Level,13.5,0,1,1,2,3.0,1,0,2,51.0,0,-0.7173707133986905,2.3912144287647896,-1.4330788302421904,Core Systems & Algorithmic Backend Specialists
CP-2601,0.9,BCA/B.Sc CS,Tier 3 (Affiliated Colleges),Data Science & AI/ML,Remote Global,0,2,71.0,1,1,1,0,1,1,0,0,4,13.7,Junior Associate,3.18,2,2,0,1,2.0,0,1,4,36.9,3,-0.04606461174017078,-2.3796697115108145,3.41270205570414,Emerging Full-Stack & Entry Developers
CP-2602,0.6,BCA/B.Sc CS,Tier 3 (Affiliated Colleges),Backend Systems,Tier 1 Tech Hub (Bengaluru/NCR/Hyd),1,5,243.0,2,1,0,0,1,1,0,0,3,16.78,Job-Ready Mid-Level,11.08,2,1,0,1,2.0,1,0,3,44.4,0,0.021856284677872647,1.2987615334563658,3.0348172970105693,Core Systems & Algorithmic Backend Specialists
CP-2603,1.0,B.Tech/B.E,Tier 1 (IIT/NIT/BITS),Data Analytics & BI,Tier 2 City,0,2,9.0,1,1,1,0,0,0,0,1,3,11.54,Junior Associate,1.62,0,2,1,3,3.0,0,0,3,42.1,1,-1.1456636348668978,-2.2846814376038065,-1.3774958124464092,Applied AI/ML & Data Science Specialists
CP-2604,0.2,B.Tech/B.E,Tier 2 (Top State/Private),Full Stack Web,Tier 1 Tech Hub (Bengaluru/NCR/Hyd),1,5,339.0,0,1,0,1,1,0,0,0,3,17.99,Job-Ready Mid-Level,13.48,1,1,1,2,3.0,1,0,3,53.7,0,0.5837234119685576,2.133123228741853,0.07990612163820243,Core Systems & Algorithmic Backend Specialists
CP-2605,1.6,B.Tech/B.E,Tier 2 (Top State/Private),Data Analytics & BI,Tier 1 Tech Hub (Bengaluru/NCR/Hyd),0,1,133.0,2,1,1,1,0,1,1,1,6,20.75,Job-Ready Mid-Level,4.03,1,3,2,2,3.0,1,0,6,57.4,3,3.2774916938921397,-3.1686629926093985,-1.5421421969137037,Emerging Full-Stack & Entry Developers
CP-2606,0.2,B.Tech/B.E,Tier 3 (Affiliated Colleges),Data Analytics & BI,Tier 2 City,1,4,61.0,0,0,1,1,1,0,0,0,3,9.67,Junior Associate,5.82,1,1,1,1,3.0,0,0,3,36.7,2,-0.8758485010271077,-0.792803641152081,0.3502531403478621,Cloud & DevOps Infrastructure Architects
CP-2607,3.5,B.Tech/B.E,Tier 2 (Top State/Private),Full Stack Web,Tier 2 City,0,3,52.0,2,1,1,1,0,0,1,1,5,18.69,Job-Ready Mid-Level,3.4,0,3,2,2,3.0,0,0,5,61.7,3,2.316145376396047,-2.3837916367856784,-3.0213304627853246,Emerging Full-Stack & Entry Developers
CP-2608,0.6,M.Tech/M.S,Tier 3 (Affiliated Colleges),Full Stack Web,Tier 2 City,3,3,145.0,1,1,1,0,0,0,0,0,2,13.22,Junior Associate,10.22,0,2,0,1,4.0,0,0,2,45.0,1,-1.1090883612346905,1.9402946451868055,-0.17775865183680478,Applied AI/ML & Data Science Specialists
CP-2609,1.7,Non-CS Degree,Tier 3 (Affiliated Colleges),Data Science & AI/ML,Tier 1 Tech Hub (Bengaluru/NCR/Hyd),1,2,47.0,1,1,0,0,0,0,0,0,1,10.43,Junior Associate,4.08,0,1,0,1,1.0,1,0,1,26.8,2,-3.9652437859548733,-0.2825144033926532,-0.06496496219318743,Cloud & DevOps Infrastructure Architects
CP-2610,4.7,Non-CS Degree,Tier 2 (Top State/Private),Data Science & AI/ML,Tier 1 Tech Hub (Bengaluru/NCR/Hyd),1,5,236.0,3,1,1,1,0,0,0,0,3,24.21,High-Demand Specialist,10.9,0,2,1,2,1.0,1,0,3,65.6,0,0.9185979033584272,1.8747480159743488,-1.8383103376855652,Core Systems & Algorithmic Backend Specialists
CP-2611,2.3,MCA,Tier 3 (Affiliated Colleges),Data Analytics & BI,Tier 2 City,1,5,150.0,0,1,0,0,0,0,0,0,1,12.56,Junior Associate,8.75,0,1,0,1,2.5,0,0,1,42.2,2,-2.709213006931408,1.7899147781288627,0.07852690475939472,Cloud & DevOps Infrastructure Architects
CP-2612,1.7,BCA/B.Sc CS,Tier 3 (Affiliated Colleges),Data Science & AI/ML,Tier 1 Tech Hub (Bengaluru/NCR/Hyd),1,1,42.0,1,1,1,0,0,0,0,0,2,10.34,Junior Associate,3.25,0,2,0,1,2.0,1,0,2,32.7,1,-2.5666458727480452,-1.0335981709016595,-0.24358664899748422,Applied AI/ML & Data Science Specialists
CP-2613,0.9,M.Tech/M.S,Tier 1 (IIT/NIT/BITS),Data Analytics & BI,Tier 1 Tech Hub (Bengaluru/NCR/Hyd),1,2,245.0,2,0,1,1,1,0,0,0,3,22.87,Job-Ready Mid-Level,9.02,1,1,1,3,4.0,1,0,3,57.0,0,0.416739354345815,0.56920183813432,0.1756956352019613,Core Systems & Algorithmic Backend Specialists
CP-2614,0.9,B.Tech/B.E,Tier 2 (Top State/Private),Backend Systems,Remote Global,1,5,59.0,0,1,0,1,0,0,0,0,2,14.75,Junior Associate,6.48,0,1,1,2,3.0,0,1,2,41.3,2,-1.8192905810954534,0.2856790804572153,-1.0029400417457823,Cloud & DevOps Infrastructure Architects
CP-2615,2.4,BCA/B.Sc CS,Tier 3 (Affiliated Colleges),Data Science & AI/ML,Tier 1 Tech Hub (Bengaluru/NCR/Hyd),1,4,247.0,0,0,0,1,0,0,1,0,2,19.14,Job-Ready Mid-Level,10.48,0,1,1,1,2.0,1,0,2,48.2,2,-1.1543775532588954,1.5797528602783928,-1.4715365880903006,Cloud & DevOps Infrastructure Architects
CP-2616,9.5,B.Tech/B.E,Tier 3 (Affiliated Colleges),Full Stack Web,Tier 1 Tech Hub (Bengaluru/NCR/Hyd),0,6,228.0,1,1,1,1,0,0,0,0,3,34.46,High-Demand Specialist,9.9,0,2,1,1,3.0,1,0,3,67.5,0,1.187239475455357,1.7379506855233955,-1.6893738793928146,Core Systems & Algorithmic Backend Specialists
CP-2617,2.4,B.Tech/B.E,Tier 1 (IIT/NIT/BITS),Data Analytics & BI,Tier 2 City,0,5,251.0,0,1,1,0,0,0,0,0,2,14.36,Junior Associate,9.78,0,2,0,3,3.0,0,0,2,58.5,1,-0.7121440350198321,1.782335072286753,-0.15427289130912264,Applied AI/ML & Data Science Specialists
CP-2618,1.8,M.Tech/M.S,Tier 1 (IIT/NIT/BITS),Data Analytics & BI,Remote Global,1,5,12.0,0,1,1,0,1,0,0,0,3,22.76,Job-Ready Mid-Level,5.3,1,2,0,3,4.0,0,1,3,55.3,1,0.06036392127057304,-0.03727412433426312,1.6726997171107676,Applied AI/ML & Data Science Specialists
CP-2619,2.9,B.Tech/B.E,Tier 2 (Top State/Private),Data Analytics & BI,Tier 1 Tech Hub (Bengaluru/NCR/Hyd),2,5,60.0,3,1,0,0,0,1,0,0,2,18.69,Job-Ready Mid-Level,8.0,1,1,0,2,3.0,1,0,2,53.9,2,-0.844097444224688,1.558614207495791,1.4039182551220168,Cloud & DevOps Infrastructure Architects
CP-2620,1.4,B.Tech/B.E,Tier 3 (Affiliated Colleges),Full Stack Web,Tier 1 Tech Hub (Bengaluru/NCR/Hyd),0,2,45.0,1,0,1,1,0,0,0,0,2,11.63,Junior Associate,2.52,0,1,1,1,3.0,1,0,2,33.1,2,-2.6216283999143593,-1.6471746171744708,-1.2711353075443488,Cloud & DevOps Infrastructure Architects
CP-2621,0.1,Non-CS Degree,Tier 2 (Top State/Private),Full Stack Web,Tier 2 City,0,2,29.0,2,1,0,0,0,0,0,1,2,7.12,Entry-Level Learner,2.12,0,1,1,2,1.0,0,0,2,23.8,2,-3.206220372578896,-2.111259958398343,-1.1687056254351251,Cloud & DevOps Infrastructure Architects
CP-2622,1.8,B.Tech/B.E,Tier 2 (Top State/Private),Cloud & DevOps,Tier 2 City,0,1,50.0,2,1,1,0,0,0,0,0,2,8.71,Entry-Level Learner,1.95,0,2,0,2,3.0,0,0,2,38.3,1,-2.401767815145798,-1.5157704262427036,0.011611578577647615,Applied AI/ML & Data Science Specialists
CP-2623,7.0,B.Tech/B.E,Tier 3 (Affiliated Colleges),Backend Systems,Tier 2 City,3,9,254.0,0,0,1,1,0,0,0,1,3,26.82,High-Demand Specialist,17.15,0,1,2,1,3.0,0,0,3,76.0,0,2.3171023026777378,4.5658057399215375,-2.8815907347051377,Core Systems & Algorithmic Backend Specialists
CP-2624,0.4,MCA,Tier 1 (IIT/NIT/BITS),Full Stack Web,Tier 1 Tech Hub (Bengaluru/NCR/Hyd),2,3,47.0,2,1,0,1,0,0,1,0,3,18.5,Job-Ready Mid-Level,6.28,0,2,1,3,2.5,1,0,3,45.3,1,-0.38484099721488657,-0.1108073073179527,-1.7833279932616333,Applied AI/ML & Data Science Specialists
CP-2625,2.6,BCA/B.Sc CS,Tier 3 (Affiliated Colleges),Backend Systems,Tier 1 Tech Hub (Bengaluru/NCR/Hyd),1,6,68.0,2,1,0,0,0,0,0,0,1,13.32,Junior Associate,7.4,0,1,0,1,2.0,1,0,1,39.9,2,-2.845824755917741,1.4718542557292347,-0.14779617203276363,Cloud & DevOps Infrastructure Architects
CP-2626,0.5,B.Tech/B.E,Tier 2 (Top State/Private),Data Science & AI/ML,Tier 2 City,2,5,17.0,0,1,1,0,0,1,1,0,4,14.19,Junior Associate,6.92,1,3,0,2,3.0,0,0,4,48.4,1,1.0668791166117801,-0.10796014801398829,1.1087159882509867,Applied AI/ML & Data Science Specialists
CP-2627,1.7,B.Tech/B.E,Tier 3 (Affiliated Colleges),Backend Systems,Remote Global,1,2,50.0,3,1,1,0,1,1,0,0,4,18.81,Job-Ready Mid-Level,4.15,2,2,0,1,3.0,0,1,4,45.6,3,0.6306742809804584,-1.6141251519481006,3.3748249244648196,Emerging Full-Stack & Entry Developers
CP-2628,0.2,B.Tech/B.E,Tier 2 (Top State/Private),Cloud & DevOps,Remote Global,3,8,126.0,1,1,1,0,0,0,0,0,2,18.25,Job-Ready Mid-Level,13.25,0,2,0,2,3.0,0,1,2,49.1,0,-0.5453564604875912,3.4300853795186836,-0.10740929329373672,Core Systems & Algorithmic Backend Specialists
CP-2629,1.3,MCA,Tier 3 (Affiliated Colleges),Full Stack Web,Tier 1 Tech Hub (Bengaluru/NCR/Hyd),0,2,4.0,3,0,1,1,1,0,1,1,5,18.2,Job-Ready Mid-Level,1.5,1,2,2,1,2.5,1,0,5,41.8,3,1.2583080396996427,-3.7388980022872715,-1.3259182583795748,Emerging Full-Stack & Entry Developers
CP-2630,3.1,BCA/B.Sc CS,Tier 3 (Affiliated Colleges),Cloud & DevOps,Tier 1 Tech Hub (Bengaluru/NCR/Hyd),0,4,0.0,2,1,1,0,0,0,1,0,3,14.01,Junior Associate,2.8,0,3,0,1,2.0,1,0,3,43.1,1,-0.8413450473621973,-1.3265386002452222,-0.5243951803142581,Applied AI/ML & Data Science Specialists
CP-2631,0.9,B.Tech/B.E,Tier 2 (Top State/Private),Data Science & AI/ML,Tier 1 Tech Hub (Bengaluru/NCR/Hyd),1,2,65.0,0,1,0,0,0,0,1,1,3,16.5,Job-Ready Mid-Level,4.53,0,2,1,2,3.0,1,0,3,42.3,1,-0.831172028366554,-1.1802948851103099,-1.608286003424406,Applied AI/ML & Data Science Specialists
CP-2632,2.4,B.Tech/B.E,Tier 1 (IIT/NIT/BITS),Data Science & AI/ML,Remote Global,1,5,2.0,1,1,1,0,0,0,0,0,2,19.83,Job-Ready Mid-Level,5.05,0,2,0,3,3.0,0,1,2,50.6,1,-1.3986731236543353,0.3750759085605204,0.07160715804044873,Applied AI/ML & Data Science Specialists
CP-2633,3.5,B.Tech/B.E,Tier 2 (Top State/Private),Data Science & AI/ML,Tier 2 City,1,8,0.0,0,1,1,1,0,0,0,0,3,14.21,Junior Associate,7.1,0,2,1,2,3.0,0,0,3,59.5,1,0.387091105943486,0.8308633871097652,-1.6329467010941991,Applied AI/ML & Data Science Specialists
CP-2634,5.8,Non-CS Degree,Tier 2 (Top State/Private),Data Science & AI/ML,Tier 1 Tech Hub (Bengaluru/NCR/Hyd),0,4,236.0,1,0,1,0,1,1,0,0,3,29.5,High-Demand Specialist,8.7,2,1,0,2,1.0,1,0,3,63.5,0,0.6377562271782174,0.9240234628517965,3.0243723956616244,Core Systems & Algorithmic Backend Specialists
CP-2635,0.6,B.Tech/B.E,Tier 3 (Affiliated Colleges),Full Stack Web,Tier 1 Tech Hub (Bengaluru/NCR/Hyd),1,1,250.0,0,1,1,1,0,0,1,0,4,16.49,Job-Ready Mid-Level,8.45,0,3,1,1,3.0,1,0,4,47.3,1,0.8898545390873634,-0.45530869992621986,-1.8308845393514592,Applied AI/ML & Data Science Specialists
CP-2636,1.1,BCA/B.Sc CS,Tier 3 (Affiliated Colleges),Data Analytics & BI,Tier 1 Tech Hub (Bengaluru/NCR/Hyd),0,4,35.0,2,0,1,0,0,1,1,0,3,12.9,Junior Associate,3.68,1,2,0,1,2.0,1,0,3,34.6,1,-1.1376016801819475,-1.4907224709907538,1.3373838435085714,Applied AI/ML & Data Science Specialists
CP-2637,0.4,B.Tech/B.E,Tier 2 (Top State/Private),Cloud & DevOps,Tier 1 Tech Hub (Bengaluru/NCR/Hyd),0,6,45.0,1,1,1,0,0,1,0,0,3,11.87,Junior Associate,5.32,1,2,0,2,3.0,1,0,3,41.1,1,-0.6702745277226685,-0.5669410104315951,1.2965467600240195,Applied AI/ML & Data Science Specialists
CP-2638,9.5,BCA/B.Sc CS,Tier 3 (Affiliated Colleges),Data Science & AI/ML,Tier 2 City,2,4,226.0,2,1,1,0,0,0,1,0,3,28.98,High-Demand Specialist,11.45,0,3,0,1,2.0,0,0,3,67.0,0,1.4261113851565415,2.6164343792275218,-0.524468857494641,Core Systems & Algorithmic Backend Specialists
CP-2639,5.8,Non-CS Degree,Tier 3 (Affiliated Colleges),Data Analytics & BI,Tier 2 City,2,6,0.0,1,1,1,0,0,0,0,0,2,15.31,Job-Ready Mid-Level,7.2,0,2,0,1,1.0,0,0,2,52.6,1,-1.0549069931997643,1.5363713772347982,-0.34219060135943324,Applied AI/ML & Data Science Specialists
CP-2640,1.7,BCA/B.Sc CS,Tier 3 (Affiliated Colleges),Cloud & DevOps,Tier 1 Tech Hub (Bengaluru/NCR/Hyd),3,4,33.0,0,0,1,1,0,0,0,1,3,19.58,Job-Ready Mid-Level,8.12,0,1,2,1,2.0,1,0,3,44.9,2,-0.2982074482079742,0.36841526338224,-2.9181568185543227,Cloud & DevOps Infrastructure Architects
CP-2641,4.1,B.Tech/B.E,Tier 2 (Top State/Private),Backend Systems,Tier 1 Tech Hub (Bengaluru/NCR/Hyd),1,3,26.0,1,1,0,0,0,0,0,1,2,21.82,Job-Ready Mid-Level,4.25,0,1,1,2,3.0,1,0,2,53.6,2,-1.4461672533903638,-0.207263517501224,-1.407475836336781,Cloud & DevOps Infrastructure Architects
CP-2642,1.6,BCA/B.Sc CS,Tier 2 (Top State/Private),Cloud & DevOps,Remote Global,1,3,150.0,0,0,0,1,0,1,0,0,2,18.51,Job-Ready Mid-Level,7.35,1,0,1,2,2.0,0,1,2,43.2,2,-1.7337715995869742,0.2847608770511638,0.8454567608052891,Cloud & DevOps Infrastructure Architects
CP-2643,2.1,M.Tech/M.S,Tier 2 (Top State/Private),Data Science & AI/ML,Tier 1 Tech Hub (Bengaluru/NCR/Hyd),1,2,362.0,0,1,0,1,1,0,0,0,3,22.34,Job-Ready Mid-Level,11.95,1,1,1,2,4.0,1,0,3,63.8,0,0.8793946656858158,1.6982563615118988,0.1834651747342008,Core Systems & Algorithmic Backend Specialists
CP-2644,0.2,B.Tech/B.E,Tier 2 (Top State/Private),Full Stack Web,Tier 1 Tech Hub (Bengaluru/NCR/Hyd),0,4,58.0,1,1,1,1,1,1,0,0,5,14.02,Junior Associate,4.25,2,2,1,2,3.0,1,0,5,46.6,3,1.7500981226685768,-2.2820717887724307,1.5440426584614861,Emerging Full-Stack & Entry Developers
CP-2645,3.1,MCA,Tier 2 (Top State/Private),Cloud & DevOps,Remote Global,0,3,34.0,2,1,1,0,0,0,0,0,2,18.9,Job-Ready Mid-Level,2.95,0,2,0,2,2.5,0,1,2,44.9,1,-1.9692231764606851,-0.8367542861412719,0.20342215991899762,Applied AI/ML & Data Science Specialists
CP-2646,0.3,BCA/B.Sc CS,Tier 2 (Top State/Private),Data Science & AI/ML,Tier 2 City,0,1,123.0,1,1,0,0,1,0,0,0,2,8.42,Entry-Level Learner,3.78,1,1,0,2,2.0,0,0,2,30.7,2,-2.6609074611360373,-1.2512107360557587,1.7843731035174437,Cloud & DevOps Infrastructure Architects
CP-2647,3.8,MCA,Tier 1 (IIT/NIT/BITS),Data Science & AI/ML,Tier 2 City,2,7,363.0,0,1,1,0,0,0,1,1,4,25.04,High-Demand Specialist,16.97,0,3,1,3,2.5,0,0,4,81.0,0,3.4844107806278632,3.808664713003301,-1.9820171874946664,Core Systems & Algorithmic Backend Specialists
CP-2648,3.4,BCA/B.Sc CS,Tier 3 (Affiliated Colleges),Data Science & AI/ML,Tier 1 Tech Hub (Bengaluru/NCR/Hyd),0,6,206.0,2,1,0,1,0,1,0,0,3,18.93,Job-Ready Mid-Level,9.35,1,1,1,1,2.0,1,0,3,55.5,0,0.2812110763563309,0.8833634681597601,0.13128378464992388,Core Systems & Algorithmic Backend Specialists
CP-2649,2.7,B.Tech/B.E,Tier 2 (Top State/Private),Data Science & AI/ML,Tier 1 Tech Hub (Bengaluru/NCR/Hyd),2,7,152.0,0,1,1,1,0,0,0,0,3,20.81,Job-Ready Mid-Level,11.7,0,2,1,2,3.0,1,0,3,63.2,0,0.9909391368014888,2.418427239177377,-1.8600099332346476,Core Systems & Algorithmic Backend Specialists
CP-2650,0.1,B.Tech/B.E,Tier 2 (Top State/Private),Full Stack Web,Tier 1 Tech Hub (Bengaluru/NCR/Hyd),1,5,210.0,0,1,1,1,0,1,0,0,4,15.82,Job-Ready Mid-Level,10.25,1,2,1,2,3.0,1,0,4,52.0,0,1.3748573160187383,0.550437159884557,-0.12077246225558913,Core Systems & Algorithmic Backend Specialists
CP-2651,0.8,B.Tech/B.E,Tier 2 (Top State/Private),Full Stack Web,Tier 1 Tech Hub (Bengaluru/NCR/Hyd),1,4,28.0,3,1,0,0,0,1,1,0,3,15.61,Job-Ready Mid-Level,5.0,1,2,0,2,3.0,1,0,3,42.5,1,-0.5403485087716126,-0.5834029735492308,1.2683572154659488,Applied AI/ML & Data Science Specialists
CP-2652,0.7,MCA,Tier 2 (Top State/Private),Data Science & AI/ML,Tier 2 City,0,4,31.0,0,1,1,1,1,1,1,1,7,16.12,Job-Ready Mid-Level,3.58,2,3,2,2,2.5,0,0,7,50.6,3,4.1716846609698255,-3.7881676627969916,0.11504582133540013,Emerging Full-Stack & Entry Developers
CP-2653,1.0,M.Tech/M.S,Tier 2 (Top State/Private),Cloud & DevOps,Tier 1 Tech Hub (Bengaluru/NCR/Hyd),0,3,20.0,0,1,0,0,1,0,0,0,2,11.08,Junior Associate,2.6,1,1,0,2,4.0,1,0,2,38.5,2,-2.259559198081981,-1.142982415345916,1.627273780939709,Cloud & DevOps Infrastructure Architects
CP-2654,0.2,BCA/B.Sc CS,Tier 2 (Top State/Private),Cloud & DevOps,Tier 2 City,3,3,0.0,1,1,1,0,1,0,0,1,4,12.35,Junior Associate,6.6,1,2,1,2,2.0,0,0,4,43.2,3,0.7161858964198524,-0.6114375824829019,-0.058163960792560324,Emerging Full-Stack & Entry Developers
CP-2655,6.1,B.Tech/B.E,Tier 2 (Top State/Private),Full Stack Web,Tier 1 Tech Hub (Bengaluru/NCR/Hyd),0,4,123.0,0,1,1,1,1,0,1,0,5,30.52,High-Demand Specialist,5.88,1,3,1,2,3.0,1,0,5,73.3,3,3.216612324290784,-0.8048344184657903,-0.35640818197664437,Emerging Full-Stack & Entry Developers
CP-2656,1.8,B.Tech/B.E,Tier 2 (Top State/Private),Data Science & AI/ML,Tier 1 Tech Hub (Bengaluru/NCR/Hyd),0,3,214.0,0,1,1,0,0,0,0,0,2,15.81,Job-Ready Mid-Level,7.45,0,2,0,2,3.0,1,0,2,47.5,1,-1.4939734285349524,0.5866899427764001,-0.2367048819091941,Applied AI/ML & Data Science Specialists
CP-2657,0.8,M.Tech/M.S,Tier 2 (Top State/Private),Data Science & AI/ML,Remote Global,0,3,137.0,1,1,0,0,0,1,0,0,2,17.23,Job-Ready Mid-Level,5.52,1,1,0,2,4.0,0,1,2,42.4,2,-1.8409162965317882,-0.2929553562615433,2.1158915239334855,Cloud & DevOps Infrastructure Architects
CP-2658,1.1,B.Tech/B.E,Tier 1 (IIT/NIT/BITS),Full Stack Web,Tier 1 Tech Hub (Bengaluru/NCR/Hyd),0,3,141.0,2,1,1,1,1,0,0,0,4,18.99,Job-Ready Mid-Level,5.62,1,2,1,3,3.0,1,0,4,53.4,3,1.018667747668384,-1.1323447375523876,-0.06888880210424843,Emerging Full-Stack & Entry Developers
CP-2659,1.3,B.Tech/B.E,Tier 3 (Affiliated Colleges),Data Science & AI/ML,Tier 1 Tech Hub (Bengaluru/NCR/Hyd),0,1,22.0,1,1,0,1,0,0,0,0,2,9.46,Junior Associate,1.25,0,1,1,1,3.0,1,0,2,30.5,2,-2.9245648646992217,-2.1283662343836256,-1.2474703751998575,Cloud & DevOps Infrastructure Architects
CP-2660,2.0,BCA/B.Sc CS,Tier 2 (Top State/Private),Full Stack Web,Tier 1 Tech Hub (Bengaluru/NCR/Hyd),1,1,131.0,0,0,1,0,0,0,0,1,2,16.31,Job-Ready Mid-Level,5.48,0,1,1,2,2.0,1,0,2,42.0,2,-2.003309766650779,-0.48537328598612717,-1.3711876010418185,Cloud & DevOps Infrastructure Architects
CP-2661,1.6,B.Tech/B.E,Tier 2 (Top State/Private),Cloud & DevOps,Tier 1 Tech Hub (Bengaluru/NCR/Hyd),1,4,53.0,2,0,1,1,0,1,0,0,3,17.94,Job-Ready Mid-Level,5.62,1,1,1,2,3.0,1,0,3,47.6,2,-0.32856214493109925,-0.500042542104558,0.15700849980804604,Cloud & DevOps Infrastructure Architects
CP-2662,5.5,B.Tech/B.E,Tier 1 (IIT/NIT/BITS),Full Stack Web,Tier 1 Tech Hub (Bengaluru/NCR/Hyd),1,7,123.0,2,0,1,1,0,1,0,0,3,30.9,High-Demand Specialist,9.48,1,1,1,3,3.0,1,0,3,75.2,0,1.4429752691553397,1.8377192084223999,0.0004445075490553052,Core Systems & Algorithmic Backend Specialists
CP-2663,1.5,B.Tech/B.E,Tier 2 (Top State/Private),Data Science & AI/ML,Tier 1 Tech Hub (Bengaluru/NCR/Hyd),0,6,42.0,0,1,1,0,0,1,0,0,3,14.48,Junior Associate,5.25,1,2,0,2,3.0,1,0,3,46.5,1,-0.45426463387694827,-0.4061220732983045,1.2864123607190294,Applied AI/ML & Data Science Specialists
CP-2664,9.5,B.Tech/B.E,Tier 2 (Top State/Private),Full Stack Web,Tier 2 City,2,5,47.0,1,1,1,0,0,0,1,1,4,31.95,High-Demand Specialist,7.68,0,3,1,2,3.0,0,0,4,72.2,0,2.5023544024887463,0.8911418042834224,-1.8719756960972043,Core Systems & Algorithmic Backend Specialists
CP-2665,4.2,Non-CS Degree,Tier 2 (Top State/Private),Cloud & DevOps,Tier 2 City,2,7,25.0,1,0,0,0,0,1,0,0,1,16.65,Job-Ready Mid-Level,8.52,1,0,0,2,1.0,0,0,1,50.8,2,-2.184679087963902,2.354964420832582,1.6941671170891954,Cloud & DevOps Infrastructure Architects
CP-2666,0.5,B.Tech/B.E,Tier 3 (Affiliated Colleges),Backend Systems,Tier 1 Tech Hub (Bengaluru/NCR/Hyd),0,3,67.0,1,1,1,0,1,1,0,1,5,15.57,Job-Ready Mid-Level,3.77,2,2,1,1,3.0,1,0,5,43.2,3,1.5039363528007466,-2.7616073758448474,1.630614339427396,Emerging Full-Stack & Entry Developers
CP-2667,5.9,B.Tech/B.E,Tier 2 (Top State/Private),Data Analytics & BI,Tier 1 Tech Hub (Bengaluru/NCR/Hyd),1,3,0.0,3,1,1,1,0,0,0,0,3,25.27,High-Demand Specialist,3.6,0,2,1,2,3.0,1,0,3,61.2,1,0.16932690860797792,-0.5449768118204075,-1.6903466357005121,Applied AI/ML & Data Science Specialists
CP-2668,0.3,B.Tech/B.E,Tier 2 (Top State/Private),Cloud & DevOps,Tier 2 City,0,2,60.0,3,1,1,1,0,0,0,1,4,11.5,Junior Associate,2.9,0,2,2,2,3.0,0,0,4,40.7,3,0.07712360839607037,-2.74666643130295,-2.7066316162296205,Emerging Full-Stack & Entry Developers
CP-2669,3.7,M.Tech/M.S,Tier 3 (Affiliated Colleges),Full Stack Web,Tier 1 Tech Hub (Bengaluru/NCR/Hyd),2,6,31.0,1,1,0,1,0,0,0,0,2,20.87,Job-Ready Mid-Level,7.98,0,1,1,1,4.0,1,0,2,56.8,2,-0.7592898597653918,1.604044020640631,-1.5130903350187082,Cloud & DevOps Infrastructure Architects
CP-2670,1.1,B.Tech/B.E,Tier 3 (Affiliated Colleges),Full Stack Web,Tier 2 City,1,4,153.0,0,0,1,0,1,0,1,0,3,14.38,Junior Associate,8.12,1,2,0,1,3.0,0,0,3,45.1,1,-0.19631857881700884,0.3307275069734956,1.4438369269526403,Applied AI/ML & Data Science Specialists
CP-2671,4.6,BCA/B.Sc CS,Tier 1 (IIT/NIT/BITS),Backend Systems,Tier 2 City,2,8,130.0,0,0,0,1,0,0,0,0,1,21.01,Job-Ready Mid-Level,11.85,0,0,1,3,2.0,0,0,1,65.7,2,-1.2102673832079487,3.7358381881532035,-1.2974966353392199,Cloud & DevOps Infrastructure Architects
CP-2672,4.5,B.Tech/B.E,Tier 2 (Top State/Private),Data Science & AI/ML,Tier 1 Tech Hub (Bengaluru/NCR/Hyd),0,5,220.0,0,1,1,0,0,0,0,0,2,21.53,Job-Ready Mid-Level,9.0,0,2,0,2,3.0,1,0,2,63.5,1,-0.5331952065218134,1.7603502029491047,-0.3189139106117139,Applied AI/ML & Data Science Specialists
CP-2673,3.6,B.Tech/B.E,Tier 2 (Top State/Private),Backend Systems,Tier 2 City,1,5,143.0,1,1,0,0,0,0,0,0,1,15.45,Job-Ready Mid-Level,8.57,0,1,0,2,3.0,0,0,1,54.2,2,-2.0960344757834144,2.115723706436481,0.05171518290385562,Cloud & DevOps Infrastructure Architects
CP-2674,3.4,B.Tech/B.E,Tier 1 (IIT/NIT/BITS),Cloud & DevOps,Remote Global,0,4,69.0,3,1,0,1,1,1,0,0,4,28.18,High-Demand Specialist,4.53,2,1,1,3,3.0,0,1,4,63.1,3,1.4345032708053134,-1.157695095484566,2.1840167043734553,Emerging Full-Stack & Entry Developers
CP-2675,0.8,M.Tech/M.S,Tier 2 (Top State/Private),Cloud & DevOps,Tier 2 City,1,7,136.0,0,1,0,0,1,0,1,0,3,15.68,Job-Ready Mid-Level,9.8,1,2,0,2,4.0,0,0,3,53.7,0,0.4636572261482164,1.4358483644584534,1.362261184129196,Core Systems & Algorithmic Backend Specialists
CP-2676,0.2,MCA,Tier 1 (IIT/NIT/BITS),Data Science & AI/ML,Tier 1 Tech Hub (Bengaluru/NCR/Hyd),1,5,36.0,1,1,1,1,0,0,0,0,3,14.75,Junior Associate,5.9,0,2,1,3,2.5,1,0,3,43.6,1,-0.5520369785984753,-0.3040472597246108,-1.7551053549721427,Applied AI/ML & Data Science Specialists
CP-2677,1.1,B.Tech/B.E,Tier 3 (Affiliated Colleges),Cloud & DevOps,Tier 1 Tech Hub (Bengaluru/NCR/Hyd),0,2,28.0,0,0,1,1,0,0,1,0,3,12.65,Junior Associate,2.1,0,2,1,1,3.0,1,0,3,35.0,1,-1.402465798595298,-2.2781418561996922,-1.5235245840435325,Applied AI/ML & Data Science Specialists
CP-2678,0.4,B.Tech/B.E,Tier 2 (Top State/Private),Full Stack Web,Remote Global,1,4,112.0,2,0,0,1,1,0,0,0,2,16.52,Job-Ready Mid-Level,7.1,1,0,1,2,3.0,0,1,2,39.9,2,-1.7331611426035998,0.20521577426522072,0.8350641271667253,Cloud & DevOps Infrastructure Architects
CP-2679,2.6,MCA,Tier 1 (IIT/NIT/BITS),Data Science & AI/ML,Tier 1 Tech Hub (Bengaluru/NCR/Hyd),1,6,0.0,3,1,0,0,0,0,0,0,1,18.9,Job-Ready Mid-Level,5.7,0,1,0,3,2.5,1,0,1,47.0,2,-2.5936119051804005,1.2027729737256412,-0.19193149375181895,Cloud & DevOps Infrastructure Architects
CP-2680,0.9,B.Tech/B.E,Tier 1 (IIT/NIT/BITS),Data Science & AI/ML,Tier 2 City,2,4,29.0,2,0,1,0,1,0,0,0,2,16.89,Job-Ready Mid-Level,6.52,1,1,0,3,3.0,0,0,2,45.6,2,-1.3701959991786623,0.6972328347366324,1.571842188120017,Cloud & DevOps Infrastructure Architects
CP-2681,8.2,MCA,Tier 3 (Affiliated Colleges),Backend Systems,Tier 1 Tech Hub (Bengaluru/NCR/Hyd),0,3,115.0,0,1,1,1,1,1,0,0,5,33.69,High-Demand Specialist,4.97,2,2,1,1,2.5,1,0,5,66.1,3,2.8423521660336597,-1.3306687479556871,1.5329304214027206,Emerging Full-Stack & Entry Developers
CP-2682,2.3,B.Tech/B.E,Tier 2 (Top State/Private),Full Stack Web,Tier 1 Tech Hub (Bengaluru/NCR/Hyd),2,4,137.0,0,0,1,0,0,1,0,1,3,22.56,Job-Ready Mid-Level,9.22,1,1,1,2,3.0,1,0,3,57.1,0,0.41548040762017835,0.9443626750719413,0.10206694068744719,Core Systems & Algorithmic Backend Specialists
CP-2683,3.8,Non-CS Degree,Tier 3 (Affiliated Colleges),Full Stack Web,Tier 2 City,3,9,60.0,0,1,1,0,0,0,0,0,2,14.59,Junior Associate,12.3,0,2,0,1,1.0,0,0,2,55.1,0,-0.421597145026928,3.5637074235019015,-0.4884818638949488,Core Systems & Algorithmic Backend Specialists
CP-2684,0.3,M.Tech/M.S,Tier 2 (Top State/Private),Data Science & AI/ML,Tier 2 City,2,3,41.0,1,0,1,1,0,0,0,0,2,10.43,Junior Associate,6.12,0,1,1,2,4.0,0,0,2,40.9,2,-1.7426303262536775,0.14462632341049522,-1.2434361409863932,Cloud & DevOps Infrastructure Architects
CP-2685,4.4,Non-CS Degree,Tier 2 (Top State/Private),Data Analytics & BI,Tier 2 City,2,4,235.0,0,1,1,0,0,1,1,0,4,21.62,Job-Ready Mid-Level,11.68,1,3,0,2,1.0,0,0,4,69.6,0,2.353997893991584,1.8899398789089163,1.0045240184668507,Core Systems & Algorithmic Backend Specialists
CP-2686,5.6,BCA/B.Sc CS,Tier 2 (Top State/Private),Cloud & DevOps,Remote Global,2,5,123.0,3,0,0,1,0,1,1,0,3,34.4,High-Demand Specialist,9.57,1,1,1,2,2.0,0,1,3,68.0,0,1.1066944319740522,1.6227166677266431,0.4298159189920725,Core Systems & Algorithmic Backend Specialists
CP-2687,1.5,B.Tech/B.E,Tier 1 (IIT/NIT/BITS),Cloud & DevOps,Tier 1 Tech Hub (Bengaluru/NCR/Hyd),1,6,249.0,2,0,1,1,1,0,0,0,3,22.71,Job-Ready Mid-Level,11.92,1,1,1,3,3.0,1,0,3,61.7,0,0.97496899266633,1.9838871933387672,0.01821499933721926,Core Systems & Algorithmic Backend Specialists
CP-2688,2.1,Non-CS Degree,Tier 2 (Top State/Private),Full Stack Web,Tier 1 Tech Hub (Bengaluru/NCR/Hyd),0,2,119.0,0,1,1,0,0,0,0,1,3,15.83,Job-Ready Mid-Level,4.38,0,2,1,2,1.0,1,0,3,41.8,1,-1.0457460017569444,-1.4243251734969868,-1.621553879690206,Applied AI/ML & Data Science Specialists
CP-2689,3.2,B.Tech/B.E,Tier 2 (Top State/Private),Full Stack Web,Remote Global,1,3,68.0,0,1,1,0,1,1,0,0,4,24.62,High-Demand Specialist,5.3,2,2,0,2,3.0,0,1,4,59.2,3,1.3054455163806797,-0.7298183521959217,3.297765284709265,Emerging Full-Stack & Entry Developers
CP-2690,0.4,B.Tech/B.E,Tier 2 (Top State/Private),Cloud & DevOps,Tier 1 Tech Hub (Bengaluru/NCR/Hyd),1,4,33.0,1,0,1,1,0,0,0,1,3,15.0,Job-Ready Mid-Level,5.12,0,1,2,2,3.0,1,0,3,40.7,2,-0.8023659370482285,-1.12507699257064,-2.759317191662156,Cloud & DevOps Infrastructure Architects
CP-2691,1.5,M.Tech/M.S,Tier 3 (Affiliated Colleges),Data Science & AI/ML,Tier 2 City,3,6,139.0,0,1,1,1,0,0,1,0,4,17.32,Job-Ready Mid-Level,12.18,0,3,1,1,4.0,0,0,4,61.1,0,2.1993098173058527,1.9849247353899042,-1.8924307407443042,Core Systems & Algorithmic Backend Specialists
CP-2692,1.1,M.Tech/M.S,Tier 2 (Top State/Private),Backend Systems,Tier 1 Tech Hub (Bengaluru/NCR/Hyd),1,4,143.0,0,1,1,1,0,0,0,0,3,16.35,Job-Ready Mid-Level,7.88,0,2,1,2,4.0,1,0,3,52.0,1,0.013005451954611164,0.3941529695512385,-1.6499676937757748,Applied AI/ML & Data Science Specialists
CP-2693,0.3,Non-CS Degree,Tier 1 (IIT/NIT/BITS),Cloud & DevOps,Tier 1 Tech Hub (Bengaluru/NCR/Hyd),0,1,26.0,1,1,1,0,1,1,0,1,5,19.84,Job-Ready Mid-Level,1.35,2,2,1,3,1.0,1,0,5,40.2,3,1.0006222857664693,-3.701711549721607,1.5442002715989929,Emerging Full-Stack & Entry Developers
CP-2694,1.0,B.Tech/B.E,Tier 2 (Top State/Private),Full Stack Web,Tier 1 Tech Hub (Bengaluru/NCR/Hyd),1,6,138.0,2,1,1,0,0,0,0,0,2,14.58,Junior Associate,9.15,0,2,0,2,3.0,1,0,2,46.3,1,-1.1714916796679746,1.5668482554296874,-0.3787717149465431,Applied AI/ML & Data Science Specialists
CP-2695,0.2,M.Tech/M.S,Tier 3 (Affiliated Colleges),Full Stack Web,Tier 1 Tech Hub (Bengaluru/NCR/Hyd),3,9,49.0,3,0,0,1,0,1,0,0,2,14.42,Junior Associate,12.02,1,0,1,1,4.0,1,0,2,46.0,2,-0.6607325038304368,2.7994338884390424,0.20930162225105967,Cloud & DevOps Infrastructure Architects
CP-2696,0.1,M.Tech/M.S,Tier 3 (Affiliated Colleges),Data Analytics & BI,Remote Global,0,3,62.0,0,1,1,1,1,0,0,1,5,18.24,Job-Ready Mid-Level,3.65,1,2,2,1,4.0,0,1,5,44.1,3,1.4690561089992533,-2.9904187971256073,-0.8232187678847185,Emerging Full-Stack & Entry Developers
CP-2697,0.3,B.Tech/B.E,Tier 2 (Top State/Private),Data Science & AI/ML,Tier 2 City,0,3,28.0,2,1,0,0,1,0,0,0,2,8.3,Entry-Level Learner,2.8,1,1,0,2,3.0,0,0,2,32.2,2,-2.5253701338730603,-1.3034956517508518,1.7744243969241882,Cloud & DevOps Infrastructure Architects
CP-2698,7.3,B.Tech/B.E,Tier 2 (Top State/Private),Full Stack Web,Tier 2 City,1,5,0.0,1,0,1,0,1,0,0,0,2,23.2,Job-Ready Mid-Level,5.0,1,1,0,2,3.0,0,0,2,59.4,2,-0.7694028683440655,0.7284294207768915,1.6090689577266313,Cloud & DevOps Infrastructure Architects
CP-2699,1.8,B.Tech/B.E,Tier 2 (Top State/Private),Cloud & DevOps,Tier 1 Tech Hub (Bengaluru/NCR/Hyd),0,2,16.0,0,1,0,1,0,0,0,1,3,16.56,Job-Ready Mid-Level,1.8,0,1,2,2,3.0,1,0,3,42.2,2,-1.217442835168138,-2.3871900759168896,-2.6515193218611848,Cloud & DevOps Infrastructure Architects
CP-2700,7.4,B.Tech/B.E,Tier 3 (Affiliated Colleges),Full Stack Web,Tier 1 Tech Hub (Bengaluru/NCR/Hyd),0,1,119.0,1,0,1,0,0,0,1,0,2,28.22,High-Demand Specialist,3.68,0,2,0,1,3.0,1,0,2,53.0,1,-1.3779334198251036,-0.4295345945908032,-0.17687932187537914,Applied AI/ML & Data Science Specialists
CP-2701,1.2,Non-CS Degree,Tier 3 (Affiliated Colleges),Data Analytics & BI,Tier 1 Tech Hub (Bengaluru/NCR/Hyd),0,2,66.0,3,0,1,0,0,0,1,1,3,13.07,Junior Associate,3.05,0,2,1,1,1.0,1,0,3,30.9,1,-1.5134531106655664,-2.2312861300192597,-1.5791538370000249,Applied AI/ML & Data Science Specialists
CP-2702,0.8,BCA/B.Sc CS,Tier 2 (Top State/Private),Data Science & AI/ML,Tier 1 Tech Hub (Bengaluru/NCR/Hyd),2,6,0.0,0,1,0,0,0,0,1,0,2,12.82,Junior Associate,7.2,0,2,0,2,2.0,1,0,2,38.9,1,-1.715140971463207,1.0442076732704946,-0.4867924126042141,Applied AI/ML & Data Science Specialists
CP-2703,1.6,M.Tech/M.S,Tier 2 (Top State/Private),Data Analytics & BI,Tier 1 Tech Hub (Bengaluru/NCR/Hyd),0,3,375.0,0,1,1,0,1,1,0,0,4,21.1,Job-Ready Mid-Level,11.48,2,2,0,2,4.0,1,0,4,64.6,0,2.083068846809869,1.0054594199231037,2.9412755692792043,Core Systems & Algorithmic Backend Specialists
CP-2704,1.3,Non-CS Degree,Tier 2 (Top State/Private),Data Science & AI/ML,Tier 1 Tech Hub (Bengaluru/NCR/Hyd),1,4,0.0,1,1,1,0,0,0,0,0,2,11.53,Junior Associate,4.3,0,2,0,2,1.0,1,0,2,33.5,1,-2.383640328243175,-0.3768752225543974,-0.39438689190292603,Applied AI/ML & Data Science Specialists
CP-2705,0.2,B.Tech/B.E,Tier 2 (Top State/Private),Data Science & AI/ML,Tier 1 Tech Hub (Bengaluru/NCR/Hyd),2,4,111.0,0,1,1,0,1,0,1,1,5,20.15,Job-Ready Mid-Level,8.57,1,3,1,2,3.0,1,0,5,53.8,3,2.571414532805228,-0.4088721179563912,-0.42157200080650564,Emerging Full-Stack & Entry Developers
CP-2706,2.3,M.Tech/M.S,Tier 3 (Affiliated Colleges),Backend Systems,Tier 1 Tech Hub (Bengaluru/NCR/Hyd),3,6,211.0,2,0,1,1,0,1,0,1,4,26.34,High-Demand Specialist,13.98,1,1,2,1,4.0,1,0,4,68.1,0,2.7006920677064286,2.291022961830821,-1.3227042607390311,Core Systems & Algorithmic Backend Specialists
CP-2707,0.5,B.Tech/B.E,Tier 2 (Top State/Private),Cloud & DevOps,Tier 1 Tech Hub (Bengaluru/NCR/Hyd),3,8,32.0,1,1,1,1,0,0,0,0,3,17.8,Job-Ready Mid-Level,10.9,0,2,1,2,3.0,1,0,3,50.9,0,0.47103683179554645,2.121188628164148,-1.9292924449572477,Core Systems & Algorithmic Backend Specialists
CP-2708,2.1,MCA,Tier 1 (IIT/NIT/BITS),Full Stack Web,Tier 1 Tech Hub (Bengaluru/NCR/Hyd),1,5,123.0,2,1,1,0,1,0,0,0,3,21.46,Job-Ready Mid-Level,8.07,1,2,0,3,2.5,1,0,3,56.8,0,0.38478172661367416,0.9023087979095409,1.1421119879465742,Core Systems & Algorithmic Backend Specialists
CP-2709,2.3,B.Tech/B.E,Tier 3 (Affiliated Colleges),Data Science & AI/ML,Tier 1 Tech Hub (Bengaluru/NCR/Hyd),3,6,352.0,0,1,0,0,1,0,1,1,4,27.72,High-Demand Specialist,17.5,1,2,1,1,3.0,1,0,4,66.7,0,2.947113749226786,3.618697356805566,-0.29813729096866437,Core Systems & Algorithmic Backend Specialists
CP-2710,0.4,Non-CS Degree,Tier 3 (Affiliated Colleges),Cloud & DevOps,Tier 1 Tech Hub (Bengaluru/NCR/Hyd),0,1,221.0,2,1,1,1,0,0,0,0,3,7.21,Entry-Level Learner,6.22,0,2,1,1,1.0,1,0,3,32.2,1,-1.3025630864361326,-1.194749904260356,-1.5788153993701401,Applied AI/ML & Data Science Specialists
CP-2711,0.1,B.Tech/B.E,Tier 2 (Top State/Private),Full Stack Web,Remote Global,1,5,42.0,0,1,1,0,0,1,1,0,4,16.39,Job-Ready Mid-Level,6.05,1,3,0,2,3.0,0,1,4,45.0,1,0.7544229650598621,-0.7452773950114551,1.460179810517924,Applied AI/ML & Data Science Specialists
CP-2712,3.3,B.Tech/B.E,Tier 3 (Affiliated Colleges),Backend Systems,Tier 1 Tech Hub (Bengaluru/NCR/Hyd),1,6,43.0,0,1,1,0,0,0,0,0,2,16.12,Job-Ready Mid-Level,6.78,0,2,0,1,3.0,1,0,2,49.7,1,-1.2806208519830733,1.0162149869665715,-0.3593032081057819,Applied AI/ML & Data Science Specialists
CP-2713,1.4,M.Tech/M.S,Tier 2 (Top State/Private),Backend Systems,Remote Global,0,3,64.0,2,1,1,0,0,1,0,0,3,16.89,Job-Ready Mid-Level,3.7,1,2,0,2,4.0,0,1,3,46.5,1,-0.5889632213614501,-1.2578859817486827,1.8686068683488233,Applied AI/ML & Data Science Specialists
CP-2714,0.1,B.Tech/B.E,Tier 3 (Affiliated Colleges),Cloud & DevOps,Tier 1 Tech Hub (Bengaluru/NCR/Hyd),1,6,217.0,1,0,1,0,1,0,0,1,3,17.11,Job-Ready Mid-Level,11.12,1,1,1,1,3.0,1,0,3,45.1,0,0.07150248497526668,1.0856526701414935,0.1305067531731649,Core Systems & Algorithmic Backend Specialists
CP-2715,9.5,BCA/B.Sc CS,Tier 3 (Affiliated Colleges),Full Stack Web,Remote Global,0,1,215.0,0,1,1,0,1,1,0,1,5,43.83,High-Demand Specialist,6.08,2,2,1,1,2.0,0,1,5,66.4,3,2.9126679122645283,-1.3265017281633935,2.048209945493771,Emerging Full-Stack & Entry Developers
CP-2716,0.1,B.Tech/B.E,Tier 2 (Top State/Private),Full Stack Web,Tier 1 Tech Hub (Bengaluru/NCR/Hyd),2,6,211.0,0,1,0,0,1,0,1,0,3,17.36,Job-Ready Mid-Level,12.48,1,2,0,2,3.0,1,0,3,51.5,0,0.5797045341475076,2.3125866413543283,1.1004073976170314,Core Systems & Algorithmic Backend Specialists
CP-2717,2.6,M.Tech/M.S,Tier 3 (Affiliated Colleges),Cloud & DevOps,Tier 2 City,1,4,60.0,0,1,1,0,0,1,0,1,4,17.5,Job-Ready Mid-Level,5.8,1,2,1,1,4.0,0,0,4,56.0,3,1.1841577335232505,-0.8654803258583598,0.17674688389892107,Emerging Full-Stack & Entry Developers
CP-2718,9.1,B.Tech/B.E,Tier 3 (Affiliated Colleges),Data Science & AI/ML,Tier 1 Tech Hub (Bengaluru/NCR/Hyd),1,2,61.0,3,1,1,1,0,0,0,1,4,35.7,High-Demand Specialist,4.42,0,2,2,1,3.0,1,0,4,62.6,3,1.569287103139548,-1.0848084190216918,-2.9740866606650633,Emerging Full-Stack & Entry Developers
CP-2719,0.6,B.Tech/B.E,Tier 2 (Top State/Private),Full Stack Web,Tier 2 City,0,1,29.0,2,1,1,0,1,1,1,0,5,11.31,Junior Associate,1.42,2,3,0,2,3.0,0,0,5,43.9,3,1.3949851426721784,-3.317708410384529,2.916012028973201,Emerging Full-Stack & Entry Developers
CP-2720,0.3,B.Tech/B.E,Tier 2 (Top State/Private),Data Science & AI/ML,Tier 1 Tech Hub (Bengaluru/NCR/Hyd),0,3,0.0,0,1,1,0,0,0,0,0,2,9.81,Junior Associate,2.1,0,2,0,2,3.0,1,0,2,31.0,1,-2.730967266822619,-1.4717129080747773,-0.20674303626688204,Applied AI/ML & Data Science Specialists
CP-2721,0.3,B.Tech/B.E,Tier 3 (Affiliated Colleges),Data Science & AI/ML,Tier 1 Tech Hub (Bengaluru/NCR/Hyd),3,5,114.0,1,0,1,0,1,1,0,0,3,16.56,Job-Ready Mid-Level,10.85,2,1,0,1,3.0,1,0,3,45.6,0,0.23937422153977198,1.6548834919841726,2.952316160176508,Core Systems & Algorithmic Backend Specialists
CP-2722,0.8,B.Tech/B.E,Tier 2 (Top State/Private),Data Science & AI/ML,Tier 2 City,2,4,61.0,0,1,1,1,0,0,0,0,3,10.64,Junior Associate,7.32,0,2,1,2,3.0,0,0,3,46.4,1,-0.28674250060164275,0.2859547658410619,-1.570140115608595,Applied AI/ML & Data Science Specialists
CP-2723,0.2,B.Tech/B.E,Tier 2 (Top State/Private),Full Stack Web,Tier 1 Tech Hub (Bengaluru/NCR/Hyd),3,6,50.0,1,1,0,1,0,0,0,0,2,13.14,Junior Associate,9.95,0,1,1,2,3.0,1,0,2,43.6,2,-1.1993439701342037,1.9878509000214588,-1.6251291490292845,Cloud & DevOps Infrastructure Architects
CP-2724,2.6,B.Tech/B.E,Tier 3 (Affiliated Colleges),Data Analytics & BI,Remote Global,0,2,219.0,0,1,0,0,0,1,0,0,2,18.04,Job-Ready Mid-Level,6.88,1,1,0,1,3.0,0,1,2,46.3,2,-1.6538705105273142,0.15059093801647544,2.1157637717062125,Cloud & DevOps Infrastructure Architects
CP-2725,0.1,B.Tech/B.E,Tier 3 (Affiliated Colleges),Full Stack Web,Tier 1 Tech Hub (Bengaluru/NCR/Hyd),0,3,0.0,0,1,1,1,0,0,1,1,5,12.86,Junior Associate,2.1,0,3,2,1,3.0,1,0,5,38.4,3,1.0339288137269125,-3.482587729150032,-3.1312400827756592,Emerging Full-Stack & Entry Developers
CP-2726,1.6,BCA/B.Sc CS,Tier 2 (Top State/Private),Full Stack Web,Tier 1 Tech Hub (Bengaluru/NCR/Hyd),1,4,233.0,1,1,0,0,1,0,0,0,2,16.73,Job-Ready Mid-Level,10.12,1,1,0,2,2.0,1,0,2,47.8,2,-1.1373543396992387,1.6838823057319252,1.4282860730259388,Cloud & DevOps Infrastructure Architects
CP-2727,9.5,MCA,Tier 2 (Top State/Private),Data Science & AI/ML,Tier 2 City,1,3,12.0,2,1,0,0,0,0,1,0,2,26.43,High-Demand Specialist,3.9,0,2,0,2,2.5,0,0,2,56.0,1,-0.9882862180890059,0.34212106117461605,-0.1783571134674633,Applied AI/ML & Data Science Specialists
CP-2728,3.7,B.Tech/B.E,Tier 2 (Top State/Private),Cloud & DevOps,Tier 1 Tech Hub (Bengaluru/NCR/Hyd),0,4,214.0,1,1,1,1,0,0,0,1,4,24.41,High-Demand Specialist,8.15,0,2,2,2,3.0,1,0,4,66.5,3,1.7535941215721516,-0.16700286199010175,-2.9868975062905454,Emerging Full-Stack & Entry Developers
CP-2729,2.1,BCA/B.Sc CS,Tier 2 (Top State/Private),Data Science & AI/ML,Tier 1 Tech Hub (Bengaluru/NCR/Hyd),1,3,64.0,2,1,1,1,1,0,1,0,5,23.51,Job-Ready Mid-Level,5.2,1,3,1,2,2.0,1,0,5,54.6,3,2.2575286160675483,-1.5246445245225135,-0.4058359737389135,Emerging Full-Stack & Entry Developers
CP-2730,0.8,BCA/B.Sc CS,Tier 2 (Top State/Private),Cloud & DevOps,Tier 2 City,1,4,0.0,2,1,1,1,0,0,0,0,3,10.34,Junior Associate,4.3,0,2,1,2,2.0,0,0,3,38.2,1,-0.9736673745417841,-1.0551969670534396,-1.5350525983176964,Applied AI/ML & Data Science Specialists
CP-2731,2.2,B.Tech/B.E,Tier 3 (Affiliated Colleges),Backend Systems,Tier 2 City,0,3,150.0,1,1,1,1,0,0,0,1,4,15.34,Job-Ready Mid-Level,5.85,0,2,2,1,3.0,0,0,4,51.0,3,0.7799728131920242,-1.460362892258083,-2.7246563160041313,Emerging Full-Stack & Entry Developers
CP-2732,1.6,M.Tech/M.S,Tier 2 (Top State/Private),Data Science & AI/ML,Remote Global,0,2,60.0,0,1,0,1,1,1,0,0,4,22.7,Job-Ready Mid-Level,2.9,2,1,1,2,4.0,0,1,4,50.3,3,0.5616546749941176,-2.2614552389815294,2.3325918456482486,Emerging Full-Stack & Entry Developers
CP-2733,1.2,B.Tech/B.E,Tier 2 (Top State/Private),Data Science & AI/ML,Tier 1 Tech Hub (Bengaluru/NCR/Hyd),1,5,38.0,1,0,1,0,0,1,0,0,2,14.68,Junior Associate,5.95,1,1,0,2,3.0,1,0,2,42.0,2,-1.6810582216972676,0.28746678538386905,1.4999529921007464,Cloud & DevOps Infrastructure Architects
CP-2734,0.3,B.Tech/B.E,Tier 2 (Top State/Private),Full Stack Web,Tier 1 Tech Hub (Bengaluru/NCR/Hyd),1,5,148.0,0,0,1,1,0,0,1,1,4,19.46,Job-Ready Mid-Level,8.7,0,2,2,2,3.0,1,0,4,50.4,3,1.1584451765749146,-0.26490946816593197,-3.0513613996912294,Emerging Full-Stack & Entry Developers
CP-2735,4.8,B.Tech/B.E,Tier 3 (Affiliated Colleges),Backend Systems,Tier 1 Tech Hub (Bengaluru/NCR/Hyd),1,4,367.0,0,1,1,1,0,1,1,0,5,29.34,High-Demand Specialist,13.48,1,3,1,1,3.0,1,0,5,80.8,0,4.183693839819644,1.737757600421176,-0.3717612747238933,Core Systems & Algorithmic Backend Specialists
CP-2736,1.3,BCA/B.Sc CS,Tier 2 (Top State/Private),Data Analytics & BI,Tier 1 Tech Hub (Bengaluru/NCR/Hyd),1,3,2.0,1,1,0,1,0,0,1,0,3,16.2,Job-Ready Mid-Level,3.65,0,2,1,2,2.0,1,0,3,39.7,1,-0.9971580172335781,-1.2565625698342702,-1.7032217371737646,Applied AI/ML & Data Science Specialists
CP-2737,0.5,BCA/B.Sc CS,Tier 1 (IIT/NIT/BITS),Backend Systems,Tier 2 City,0,3,216.0,2,0,1,1,1,0,0,0,3,14.81,Junior Associate,7.5,1,1,1,3,2.0,0,0,3,46.2,2,-0.3552213266719393,-0.3271187585418356,0.32642857203766695,Cloud & DevOps Infrastructure Architects
CP-2738,1.0,B.Tech/B.E,Tier 1 (IIT/NIT/BITS),Full Stack Web,Tier 1 Tech Hub (Bengaluru/NCR/Hyd),2,5,34.0,0,1,1,1,0,0,0,0,3,18.01,Job-Ready Mid-Level,7.35,0,2,1,3,3.0,1,0,3,51.6,1,0.0045423959495267,0.5960938149631598,-1.8133667192790672,Applied AI/ML & Data Science Specialists
CP-2739,1.2,B.Tech/B.E,Tier 2 (Top State/Private),Backend Systems,Tier 1 Tech Hub (Bengaluru/NCR/Hyd),2,4,45.0,1,1,1,0,0,1,1,1,5,22.23,Job-Ready Mid-Level,6.92,1,3,1,2,3.0,1,0,5,56.1,3,2.5445392205436534,-0.8348344233258391,-0.39124857335146745,Emerging Full-Stack & Entry Developers
CP-2740,3.9,Non-CS Degree,Tier 2 (Top State/Private),Data Science & AI/ML,Tier 1 Tech Hub (Bengaluru/NCR/Hyd),1,6,57.0,0,1,1,1,0,0,1,0,4,22.67,Job-Ready Mid-Level,7.12,0,3,1,2,1.0,1,0,4,59.5,1,1.4362742416885452,0.1377889123405859,-2.1017107378464788,Applied AI/ML & Data Science Specialists
CP-2741,2.9,B.Tech/B.E,Tier 2 (Top State/Private),Data Science & AI/ML,Tier 2 City,0,2,38.0,1,1,1,0,0,0,1,1,4,14.94,Junior Associate,2.35,0,3,1,2,3.0,0,0,4,52.8,1,0.622938968343324,-2.30078115942081,-1.6204904245447749,Applied AI/ML & Data Science Specialists
CP-2742,3.2,B.Tech/B.E,Tier 2 (Top State/Private),Data Analytics & BI,Remote Global,1,5,0.0,1,1,1,0,1,0,0,0,3,23.07,Job-Ready Mid-Level,5.0,1,2,0,2,3.0,0,1,3,54.5,1,-0.01427628325551104,-0.12187676228535926,1.6545985517863206,Applied AI/ML & Data Science Specialists
CP-2743,0.0,MCA,Tier 1 (IIT/NIT/BITS),Backend Systems,Tier 2 City,1,4,50.0,1,1,1,0,0,0,1,0,3,11.82,Junior Associate,5.55,0,3,0,3,2.5,0,0,3,42.1,1,-0.6087304286064344,-0.39072419338492065,-0.43634458105910734,Applied AI/ML & Data Science Specialists
CP-2744,1.2,M.Tech/M.S,Tier 2 (Top State/Private),Data Science & AI/ML,Tier 1 Tech Hub (Bengaluru/NCR/Hyd),3,5,39.0,1,1,0,1,0,1,1,1,5,24.65,High-Demand Specialist,8.98,1,2,2,2,4.0,1,0,5,62.6,3,3.108950021441579,0.08162597764877359,-1.5693828146408635,Emerging Full-Stack & Entry Developers
CP-2745,1.4,BCA/B.Sc CS,Tier 2 (Top State/Private),Data Science & AI/ML,Tier 2 City,3,8,125.0,3,1,1,1,1,0,0,0,4,14.84,Junior Associate,13.22,1,2,1,2,2.0,0,0,4,60.3,0,2.33558672985447,2.4656704072603213,-0.24728115064191458,Core Systems & Algorithmic Backend Specialists
CP-2746,0.0,M.Tech/M.S,Tier 1 (IIT/NIT/BITS),Data Science & AI/ML,Tier 2 City,2,7,126.0,0,1,1,1,0,0,1,0,4,16.78,Job-Ready Mid-Level,11.05,0,3,1,3,4.0,0,0,4,60.1,0,2.0252784565560766,1.49368330711578,-1.9028268605054142,Core Systems & Algorithmic Backend Specialists
CP-2747,0.7,MCA,Tier 1 (IIT/NIT/BITS),Data Science & AI/ML,Tier 1 Tech Hub (Bengaluru/NCR/Hyd),0,2,70.0,0,0,1,0,1,0,1,0,3,17.44,Job-Ready Mid-Level,3.15,1,2,0,3,2.5,1,0,3,41.6,1,-0.930544618816564,-1.5955583048417,1.311125478306971,Applied AI/ML & Data Science Specialists
CP-2748,3.1,B.Tech/B.E,Tier 1 (IIT/NIT/BITS),Data Science & AI/ML,Tier 1 Tech Hub (Bengaluru/NCR/Hyd),3,5,65.0,1,1,1,1,1,0,0,0,4,26.71,High-Demand Specialist,9.62,1,2,1,3,3.0,1,0,4,70.1,0,2.3802768615559438,1.468448330812434,-0.3504959435902272,Core Systems & Algorithmic Backend Specialists
CP-2749,0.3,B.Tech/B.E,Tier 1 (IIT/NIT/BITS),Backend Systems,Tier 1 Tech Hub (Bengaluru/NCR/Hyd),1,5,377.0,1,0,1,0,0,0,0,0,1,18.81,Job-Ready Mid-Level,14.42,0,1,0,3,3.0,1,0,1,51.6,0,-1.6790612088179047,3.6459193834378554,-0.14179616064410575,Core Systems & Algorithmic Backend Specialists
CP-2750,1.7,B.Tech/B.E,Tier 3 (Affiliated Colleges),Cloud & DevOps,Tier 1 Tech Hub (Bengaluru/NCR/Hyd),2,4,29.0,2,1,1,1,0,0,0,0,3,15.36,Job-Ready Mid-Level,6.52,0,2,1,1,3.0,1,0,3,45.4,1,-0.3264496378131756,0.0527212676627373,-1.723875556421449,Applied AI/ML & Data Science Specialists
CP-2751,0.5,Non-CS Degree,Tier 2 (Top State/Private),Data Analytics & BI,Tier 2 City,1,4,28.0,0,0,1,0,0,0,0,1,2,7.93,Entry-Level Learner,5.0,0,1,1,2,1.0,0,0,2,30.6,2,-2.538111758991305,-0.6917990168104807,-1.2917777250595244,Cloud & DevOps Infrastructure Architects
CP-2752,0.0,BCA/B.Sc CS,Tier 2 (Top State/Private),Data Analytics & BI,Tier 1 Tech Hub (Bengaluru/NCR/Hyd),0,5,40.0,1,0,1,0,0,0,0,0,1,9.26,Junior Associate,4.5,0,1,0,2,2.0,1,0,1,26.2,2,-3.8380104900689496,-0.20723645357572912,-0.04910041686722827,Cloud & DevOps Infrastructure Architects
CP-2753,0.6,B.Tech/B.E,Tier 2 (Top State/Private),Full Stack Web,Tier 1 Tech Hub (Bengaluru/NCR/Hyd),1,2,139.0,1,1,1,1,1,0,1,0,5,17.32,Job-Ready Mid-Level,6.38,1,3,1,2,3.0,1,0,5,52.2,3,2.21983809829051,-1.397556041711274,-0.32916320453678594,Emerging Full-Stack & Entry Developers
CP-2754,8.2,MCA,Tier 3 (Affiliated Colleges),Data Analytics & BI,Remote Global,0,4,0.0,0,1,1,1,1,0,0,0,4,33.58,High-Demand Specialist,2.8,1,2,1,1,2.5,0,1,4,58.3,3,1.1304210981321277,-1.5263503090320392,0.3812389016846841,Emerging Full-Stack & Entry Developers
CP-2755,3.6,B.Tech/B.E,Tier 3 (Affiliated Colleges),Cloud & DevOps,Tier 2 City,1,4,50.0,1,1,0,1,1,1,1,0,5,19.35,Job-Ready Mid-Level,5.55,2,2,1,1,3.0,0,0,5,61.6,3,2.653933878619893,-1.2066405998046243,1.646155849151235,Emerging Full-Stack & Entry Developers
CP-2756,7.1,B.Tech/B.E,Tier 2 (Top State/Private),Full Stack Web,Tier 2 City,2,7,230.0,1,1,0,1,0,0,0,1,3,26.14,High-Demand Specialist,13.65,0,1,2,2,3.0,0,0,3,78.0,0,1.9426124292350953,3.224483040364849,-2.800833989124189,Core Systems & Algorithmic Backend Specialists
CP-2757,1.5,B.Tech/B.E,Tier 2 (Top State/Private),Cloud & DevOps,Tier 1 Tech Hub (Bengaluru/NCR/Hyd),0,1,29.0,2,0,1,1,0,1,0,0,3,14.11,Junior Associate,1.42,1,1,1,2,3.0,1,0,3,40.1,2,-1.2070098595595429,-2.4812021089138514,0.31439852644423855,Cloud & DevOps Infrastructure Architects
CP-2758,0.3,B.Tech/B.E,Tier 2 (Top State/Private),Full Stack Web,Tier 1 Tech Hub (Bengaluru/NCR/Hyd),0,3,74.0,0,1,1,1,0,0,0,0,3,12.25,Junior Associate,3.95,0,2,1,2,3.0,1,0,3,38.3,1,-1.115201451946044,-1.4814517044877065,-1.5779711423501328,Applied AI/ML & Data Science Specialists
CP-2759,1.7,MCA,Tier 2 (Top State/Private),Data Analytics & BI,Tier 1 Tech Hub (Bengaluru/NCR/Hyd),0,2,240.0,0,1,0,0,0,1,0,0,2,16.75,Job-Ready Mid-Level,7.4,1,1,0,2,2.5,1,0,2,45.3,2,-1.6616673774365087,0.3477093906632136,1.609081074260183,Cloud & DevOps Infrastructure Architects
CP-2760,1.3,B.Tech/B.E,Tier 1 (IIT/NIT/BITS),Backend Systems,Tier 1 Tech Hub (Bengaluru/NCR/Hyd),1,3,8.0,1,1,1,0,0,0,0,0,2,15.61,Job-Ready Mid-Level,3.8,0,2,0,3,3.0,1,0,2,43.0,1,-1.9152671664633825,-0.3636805765084792,-0.322120910412724,Applied AI/ML & Data Science Specialists
CP-2761,4.1,MCA,Tier 3 (Affiliated Colleges),Full Stack Web,Tier 1 Tech Hub (Bengaluru/NCR/Hyd),3,10,119.0,0,1,0,0,1,0,0,0,2,24.58,High-Demand Specialist,14.48,1,1,0,1,2.5,1,0,2,64.9,0,0.36516249788699795,4.563268432626265,1.1573220310249772,Core Systems & Algorithmic Backend Specialists
CP-2762,0.2,BCA/B.Sc CS,Tier 2 (Top State/Private),Data Analytics & BI,Tier 1 Tech Hub (Bengaluru/NCR/Hyd),0,4,54.0,1,1,1,0,1,1,1,0,5,16.41,Job-Ready Mid-Level,4.15,2,3,0,2,2.0,1,0,5,43.3,3,1.6254147869662714,-2.196094398817901,2.6138570014702096,Emerging Full-Stack & Entry Developers
CP-2763,1.5,B.Tech/B.E,Tier 3 (Affiliated Colleges),Data Science & AI/ML,Tier 1 Tech Hub (Bengaluru/NCR/Hyd),0,2,0.0,0,1,1,0,1,0,0,0,3,12.61,Junior Associate,1.4,1,2,0,1,3.0,1,0,3,35.9,1,-1.3885569654836734,-2.223396125972822,1.4001212414137152,Applied AI/ML & Data Science Specialists
CP-2764,0.4,Non-CS Degree,Tier 2 (Top State/Private),Data Analytics & BI,Tier 1 Tech Hub (Bengaluru/NCR/Hyd),2,2,24.0,0,0,0,1,0,0,0,1,2,13.28,Junior Associate,5.0,0,0,2,2,1.0,1,0,2,30.1,2,-2.6202285619757064,-0.8398128269367017,-2.6055778134774545,Cloud & DevOps Infrastructure Architects
CP-2765,0.9,B.Tech/B.E,Tier 3 (Affiliated Colleges),Full Stack Web,Tier 1 Tech Hub (Bengaluru/NCR/Hyd),2,4,152.0,0,0,1,1,0,1,1,1,5,22.69,Job-Ready Mid-Level,9.6,1,2,2,1,3.0,1,0,5,54.9,3,2.6527164294043195,-0.3709245423709785,-1.4740766381268169,Emerging Full-Stack & Entry Developers
CP-2766,2.9,B.Tech/B.E,Tier 3 (Affiliated Colleges),Data Science & AI/ML,Tier 2 City,0,3,6.0,3,1,1,1,0,0,0,0,3,10.74,Junior Associate,2.25,0,2,1,1,3.0,0,0,3,44.3,1,-0.8773918664670985,-1.801781516096089,-1.3836709490830414,Applied AI/ML & Data Science Specialists
CP-2767,1.4,B.Tech/B.E,Tier 1 (IIT/NIT/BITS),Full Stack Web,Tier 2 City,2,4,57.0,2,0,1,0,0,0,0,0,1,13.06,Junior Associate,7.22,0,1,0,3,3.0,0,0,1,45.1,2,-2.538271714761435,1.4931593943627965,0.008729389264569882,Cloud & DevOps Infrastructure Architects
CP-2768,1.0,MCA,Tier 2 (Top State/Private),Cloud & DevOps,Tier 1 Tech Hub (Bengaluru/NCR/Hyd),1,3,339.0,2,1,1,0,0,0,0,0,2,13.65,Junior Associate,12.08,0,2,0,2,2.5,1,0,2,49.6,0,-0.8897573517118142,2.2101686311444326,-0.3290045445571381,Core Systems & Algorithmic Backend Specialists
CP-2769,1.1,B.Tech/B.E,Tier 2 (Top State/Private),Data Science & AI/ML,Tier 1 Tech Hub (Bengaluru/NCR/Hyd),2,4,136.0,1,1,0,1,0,0,0,0,2,16.41,Job-Ready Mid-Level,9.2,0,1,1,2,3.0,1,0,2,46.9,2,-1.23889352446914,1.4421681901419523,-1.5133484379501816,Cloud & DevOps Infrastructure Architects
CP-2770,1.4,B.Tech/B.E,Tier 2 (Top State/Private),Backend Systems,Tier 1 Tech Hub (Bengaluru/NCR/Hyd),1,4,74.0,1,1,0,0,0,1,0,0,2,15.01,Job-Ready Mid-Level,6.15,1,1,0,2,3.0,1,0,2,43.3,2,-1.6731365059113157,0.35246329252766845,1.5166223434496136,Cloud & DevOps Infrastructure Architects
CP-2771,3.4,B.Tech/B.E,Tier 2 (Top State/Private),Data Science & AI/ML,Tier 1 Tech Hub (Bengaluru/NCR/Hyd),3,7,32.0,0,0,0,1,1,1,1,1,5,31.77,High-Demand Specialist,10.2,2,1,2,2,3.0,1,0,5,72.5,3,3.7361791885672697,0.8902749879243114,0.12457087676633623,Emerging Full-Stack & Entry Developers
CP-2772,4.9,B.Tech/B.E,Tier 2 (Top State/Private),Backend Systems,Tier 1 Tech Hub (Bengaluru/NCR/Hyd),0,2,47.0,0,1,1,0,0,0,0,0,2,19.3,Job-Ready Mid-Level,2.58,0,2,0,2,3.0,1,0,2,54.8,1,-1.5914495376915745,-0.6533590339207049,-0.22634569399074736,Applied AI/ML & Data Science Specialists
CP-2773,6.8,M.Tech/M.S,Tier 2 (Top State/Private),Cloud & DevOps,Remote Global,0,4,34.0,2,1,0,0,0,1,0,0,2,30.91,High-Demand Specialist,3.65,1,1,0,2,4.0,0,1,2,60.2,2,-0.9734526723225849,-0.029624238212770583,2.0527172567823797,Cloud & DevOps Infrastructure Architects
CP-2774,3.4,B.Tech/B.E,Tier 3 (Affiliated Colleges),Full Stack Web,Remote Global,1,5,370.0,1,1,0,1,1,0,1,0,4,30.53,High-Demand Specialist,14.25,1,2,1,1,3.0,0,1,4,71.0,0,2.6867181212939206,2.2726529894448606,0.28392416469682186,Core Systems & Algorithmic Backend Specialists
CP-2775,0.8,B.Tech/B.E,Tier 1 (IIT/NIT/BITS),Full Stack Web,Tier 2 City,1,3,384.0,3,1,0,0,1,0,0,0,2,15.0,Job-Ready Mid-Level,13.2,1,1,0,3,3.0,0,0,2,56.2,0,-0.4023402438940045,2.6636490567303768,1.6387708877025182,Core Systems & Algorithmic Backend Specialists
CP-2776,2.6,B.Tech/B.E,Tier 3 (Affiliated Colleges),Data Analytics & BI,Remote Global,2,6,41.0,1,1,0,0,0,0,0,0,1,18.26,Job-Ready Mid-Level,8.22,0,1,0,1,3.0,0,1,1,44.4,2,-2.5039393352834423,1.993808647948056,0.2831044882187771,Cloud & DevOps Infrastructure Architects
CP-2777,1.3,B.Tech/B.E,Tier 2 (Top State/Private),Cloud & DevOps,Tier 2 City,1,8,11.0,0,1,1,0,0,1,0,0,3,11.39,Junior Associate,7.38,1,2,0,2,3.0,0,0,3,49.0,1,-0.029186732620314536,0.6909241636566841,1.3449227232519554,Applied AI/ML & Data Science Specialists
CP-2778,0.6,Non-CS Degree,Tier 3 (Affiliated Colleges),Cloud & DevOps,Tier 1 Tech Hub (Bengaluru/NCR/Hyd),0,5,249.0,0,1,1,1,0,0,0,0,3,12.69,Junior Associate,9.72,0,2,1,1,1.0,1,0,3,39.0,1,-0.617351372727793,0.43847107468090907,-1.694109487793245,Applied AI/ML & Data Science Specialists
CP-2779,4.0,B.Tech/B.E,Tier 2 (Top State/Private),Full Stack Web,Remote Global,1,5,112.0,2,1,1,0,1,1,1,0,5,32.74,High-Demand Specialist,7.8,2,3,0,2,3.0,0,1,5,71.5,3,3.437484025754879,0.005524094716110144,2.9735500783776083,Emerging Full-Stack & Entry Developers
CP-2780,0.1,Non-CS Degree,Tier 1 (IIT/NIT/BITS),Full Stack Web,Tier 1 Tech Hub (Bengaluru/NCR/Hyd),1,1,64.0,0,1,0,0,0,0,0,1,2,11.64,Junior Associate,3.8,0,1,1,3,1.0,1,0,2,30.8,2,-2.7611980538090544,-1.2381303875379945,-1.4286953781788176,Cloud & DevOps Infrastructure Architects
CP-2781,5.1,B.Tech/B.E,Tier 3 (Affiliated Colleges),Backend Systems,Tier 2 City,3,6,68.0,0,1,1,1,0,0,1,0,4,22.52,Job-Ready Mid-Level,10.4,0,3,1,1,3.0,0,0,4,72.5,0,2.5524690829017076,1.8914367750945615,-1.9604204577304087,Core Systems & Algorithmic Backend Specialists
CP-2782,1.4,B.Tech/B.E,Tier 2 (Top State/Private),Data Science & AI/ML,Tier 1 Tech Hub (Bengaluru/NCR/Hyd),1,2,74.0,0,1,1,0,1,0,1,0,4,15.74,Job-Ready Mid-Level,4.75,1,3,0,2,3.0,1,0,4,49.3,1,0.7973129887445352,-1.1767563521700741,1.0340207837916533,Applied AI/ML & Data Science Specialists
CP-2783,2.2,MCA,Tier 3 (Affiliated Colleges),Full Stack Web,Tier 1 Tech Hub (Bengaluru/NCR/Hyd),1,6,210.0,1,1,1,0,1,0,1,1,5,25.38,High-Demand Specialist,10.95,1,3,1,1,2.5,1,0,5,62.1,0,3.179857771486734,0.519860247875466,-0.41916536039414787,Core Systems & Algorithmic Backend Specialists
CP-2784,2.4,B.Tech/B.E,Tier 2 (Top State/Private),Full Stack Web,Tier 2 City,1,6,0.0,0,1,1,1,1,1,0,1,6,19.67,Job-Ready Mid-Level,5.7,2,2,2,2,3.0,0,0,6,64.2,3,3.90458770456309,-1.7807252789865822,0.24383325463365,Emerging Full-Stack & Entry Developers
CP-2785,5.0,M.Tech/M.S,Tier 2 (Top State/Private),Data Analytics & BI,Tier 1 Tech Hub (Bengaluru/NCR/Hyd),2,5,130.0,0,1,1,1,0,1,1,0,5,33.04,High-Demand Specialist,9.75,1,3,1,2,4.0,1,0,5,82.9,0,4.112802649955542,1.0607336781307617,-0.4500496622765871,Core Systems & Algorithmic Backend Specialists
CP-2786,2.2,Non-CS Degree,Tier 2 (Top State/Private),Data Analytics & BI,Tier 1 Tech Hub (Bengaluru/NCR/Hyd),1,3,1.0,1,1,1,1,0,0,0,0,3,15.0,Job-Ready Mid-Level,3.62,0,2,1,2,1.0,1,0,3,41.0,1,-1.0047536583831942,-1.1973365067933042,-1.7408050306952612,Applied AI/ML & Data Science Specialists
CP-2787,2.1,B.Tech/B.E,Tier 3 (Affiliated Colleges),Full Stack Web,Tier 1 Tech Hub (Bengaluru/NCR/Hyd),0,3,241.0,0,1,1,0,0,0,0,0,2,15.98,Job-Ready Mid-Level,8.12,0,2,0,1,3.0,1,0,2,45.9,1,-1.5132733919940118,0.7272852910445787,-0.20719000376934618,Applied AI/ML & Data Science Specialists
CP-2788,0.2,B.Tech/B.E,Tier 1 (IIT/NIT/BITS),Data Science & AI/ML,Tier 1 Tech Hub (Bengaluru/NCR/Hyd),2,6,47.0,0,1,0,1,1,0,1,0,4,20.54,Job-Ready Mid-Level,8.38,1,2,1,3,3.0,1,0,4,53.5,3,1.441033494081381,0.44155554069483677,-0.28875130262854654,Emerging Full-Stack & Entry Developers
CP-2789,1.6,M.Tech/M.S,Tier 3 (Affiliated Colleges),Data Science & AI/ML,Remote Global,1,3,11.0,0,0,0,1,1,0,0,0,2,18.23,Job-Ready Mid-Level,3.87,1,0,1,1,4.0,0,1,2,39.4,2,-2.0874341868737156,-0.8453356804323481,0.9332355490503867,Cloud & DevOps Infrastructure Architects
CP-2790,0.4,B.Tech/B.E,Tier 3 (Affiliated Colleges),Full Stack Web,Tier 2 City,1,4,24.0,0,0,1,1,1,1,0,0,4,12.49,Junior Associate,4.9,2,1,1,1,3.0,0,0,4,40.4,3,0.3941302438098855,-1.5778450924730132,1.9426722942788983,Emerging Full-Stack & Entry Developers
CP-2791,2.9,B.Tech/B.E,Tier 1 (IIT/NIT/BITS),Full Stack Web,Tier 1 Tech Hub (Bengaluru/NCR/Hyd),3,5,43.0,1,1,1,0,1,0,1,0,4,27.27,High-Demand Specialist,9.07,1,3,0,3,3.0,1,0,4,68.2,0,2.329037782232442,1.4456397236587317,0.7619474351285802,Core Systems & Algorithmic Backend Specialists
CP-2792,1.6,B.Tech/B.E,Tier 1 (IIT/NIT/BITS),Backend Systems,Tier 1 Tech Hub (Bengaluru/NCR/Hyd),2,4,11.0,0,1,0,1,1,1,0,0,4,21.07,Job-Ready Mid-Level,6.07,2,1,1,3,3.0,1,0,4,56.7,3,1.3050736800045708,-0.37869413699906257,1.6050989883585374,Emerging Full-Stack & Entry Developers
CP-2793,2.5,B.Tech/B.E,Tier 3 (Affiliated Colleges),Full Stack Web,Tier 2 City,2,3,129.0,0,0,0,0,0,1,0,0,1,14.2,Junior Associate,8.32,1,0,0,1,3.0,0,0,1,44.1,2,-2.600240523940737,1.6164322611696005,1.9283042051411847,Cloud & DevOps Infrastructure Architects
CP-2794,0.1,M.Tech/M.S,Tier 2 (Top State/Private),Data Science & AI/ML,Tier 1 Tech Hub (Bengaluru/NCR/Hyd),3,4,64.0,0,1,1,0,0,1,0,0,3,16.76,Job-Ready Mid-Level,8.9,1,2,0,2,4.0,1,0,3,48.7,0,0.13372637589352432,1.1756284671100532,1.1816123478318263,Core Systems & Algorithmic Backend Specialists
CP-2795,0.2,B.Tech/B.E,Tier 2 (Top State/Private),Backend Systems,Tier 1 Tech Hub (Bengaluru/NCR/Hyd),0,5,9.0,1,0,1,1,1,0,0,0,3,13.79,Junior Associate,3.72,1,1,1,2,3.0,1,0,3,37.4,2,-1.0101330847709094,-1.4735392323739973,0.1811319968599355,Cloud & DevOps Infrastructure Architects
CP-2796,2.8,B.Tech/B.E,Tier 1 (IIT/NIT/BITS),Full Stack Web,Tier 1 Tech Hub (Bengaluru/NCR/Hyd),1,3,45.0,1,1,1,0,0,0,0,0,2,19.09,Job-Ready Mid-Level,4.72,0,2,0,3,3.0,1,0,2,52.1,1,-1.4048917350419816,0.1971645244802042,-0.3392489913326466,Applied AI/ML & Data Science Specialists
CP-2797,0.2,BCA/B.Sc CS,Tier 2 (Top State/Private),Cloud & DevOps,Remote Global,1,6,49.0,2,1,1,1,0,0,0,0,3,13.08,Junior Associate,6.92,0,2,1,2,2.0,0,1,3,39.6,1,-0.6291283508452951,-0.10272174817156432,-1.3099695117467531,Applied AI/ML & Data Science Specialists
CP-2798,0.2,B.Tech/B.E,Tier 1 (IIT/NIT/BITS),Data Science & AI/ML,Tier 1 Tech Hub (Bengaluru/NCR/Hyd),0,2,31.0,1,1,0,1,1,0,0,1,4,17.0,Job-Ready Mid-Level,2.17,1,1,2,3,3.0,1,0,4,43.2,3,0.09993078104505969,-2.869294775591153,-1.1154716734602739,Emerging Full-Stack & Entry Developers
CP-2799,0.0,B.Tech/B.E,Tier 2 (Top State/Private),Full Stack Web,Tier 1 Tech Hub (Bengaluru/NCR/Hyd),2,4,59.0,0,1,1,0,1,0,0,1,4,16.38,Job-Ready Mid-Level,7.28,1,2,1,2,3.0,1,0,4,46.5,3,0.9158078452695744,-0.4385724668476889,-0.1591908114177211,Emerging Full-Stack & Entry Developers
CP-2800,6.9,M.Tech/M.S,Tier 3 (Affiliated Colleges),Backend Systems,Tier 1 Tech Hub (Bengaluru/NCR/Hyd),2,6,30.0,1,0,1,0,1,1,1,0,4,35.65,High-Demand Specialist,7.95,2,2,0,1,4.0,1,0,4,71.6,0,2.558243127606931,1.0640213517707697,2.736302675794053,Core Systems & Algorithmic Backend Specialists
CP-2801,2.9,B.Tech/B.E,Tier 2 (Top State/Private),Cloud & DevOps,Tier 1 Tech Hub (Bengaluru/NCR/Hyd),1,6,64.0,1,1,1,0,0,0,1,1,4,23.92,Job-Ready Mid-Level,7.3,0,3,1,2,3.0,1,0,4,61.0,1,1.6393816433893529,0.049308100345802845,-1.986004124072805,Applied AI/ML & Data Science Specialists
CP-2802,1.0,M.Tech/M.S,Tier 2 (Top State/Private),Full Stack Web,Tier 1 Tech Hub (Bengaluru/NCR/Hyd),3,6,34.0,2,1,1,1,1,0,0,0,4,20.07,Job-Ready Mid-Level,9.55,1,2,1,2,4.0,1,0,4,58.4,0,1.9304637013034642,1.136821052317472,-0.2827110262202888,Core Systems & Algorithmic Backend Specialists
CP-2803,0.8,MCA,Tier 3 (Affiliated Colleges),Cloud & DevOps,Tier 1 Tech Hub (Bengaluru/NCR/Hyd),0,6,0.0,0,1,1,1,1,1,0,0,5,14.48,Junior Associate,4.2,2,2,1,1,2.5,1,0,5,43.8,3,1.6216530503525899,-2.1639273098068363,1.501211745913223,Emerging Full-Stack & Entry Developers
CP-2804,0.9,B.Tech/B.E,Tier 3 (Affiliated Colleges),Backend Systems,Tier 1 Tech Hub (Bengaluru/NCR/Hyd),1,2,8.0,0,0,1,0,1,0,1,1,4,17.45,Job-Ready Mid-Level,3.1,1,2,1,1,3.0,1,0,4,39.9,3,0.1745752698526294,-2.3431000034084835,-0.006728744144053471,Emerging Full-Stack & Entry Developers
CP-2805,3.3,B.Tech/B.E,Tier 3 (Affiliated Colleges),Data Science & AI/ML,Tier 1 Tech Hub (Bengaluru/NCR/Hyd),1,5,153.0,2,1,1,1,1,0,0,0,4,24.24,High-Demand Specialist,8.82,1,2,1,1,3.0,1,0,4,61.4,0,1.8013271771009176,0.48446184702187467,-0.14916801701896554,Core Systems & Algorithmic Backend Specialists
CP-2806,2.4,B.Tech/B.E,Tier 2 (Top State/Private),Full Stack Web,Tier 1 Tech Hub (Bengaluru/NCR/Hyd),0,1,28.0,1,1,1,0,0,0,0,0,2,13.43,Junior Associate,1.4,0,2,0,2,3.0,1,0,2,40.4,1,-2.3761443984571686,-1.568982300142756,-0.17332806202836706,Applied AI/ML & Data Science Specialists
CP-2807,0.5,B.Tech/B.E,Tier 3 (Affiliated Colleges),Backend Systems,Tier 2 City,0,1,31.0,1,1,0,1,0,0,0,0,2,4.6,Entry-Level Learner,1.48,0,1,1,1,3.0,0,0,2,26.8,2,-3.087466452053172,-2.2152899872474334,-1.0593230658133648,Cloud & DevOps Infrastructure Architects
CP-2808,0.4,MCA,Tier 1 (IIT/NIT/BITS),Data Science & AI/ML,Remote Global,2,7,134.0,1,0,1,0,0,1,1,0,3,24.01,High-Demand Specialist,11.25,1,2,0,3,2.5,0,1,3,53.6,0,0.6107236707183641,1.9743310378456498,1.5231239492203108,Core Systems & Algorithmic Backend Specialists
CP-2809,0.2,MCA,Tier 1 (IIT/NIT/BITS),Data Analytics & BI,Tier 1 Tech Hub (Bengaluru/NCR/Hyd),1,3,41.0,0,1,1,0,1,0,0,0,3,14.49,Junior Associate,4.62,1,2,0,3,2.5,1,0,3,41.5,1,-0.7710816546458548,-0.778160123306885,1.2229215272749012,Applied AI/ML & Data Science Specialists
CP-2810,2.4,B.Tech/B.E,Tier 2 (Top State/Private),Cloud & DevOps,Tier 1 Tech Hub (Bengaluru/NCR/Hyd),2,6,62.0,1,1,1,1,0,0,0,1,4,22.29,Job-Ready Mid-Level,8.75,0,2,2,2,3.0,1,0,4,61.0,3,1.7405480810346659,0.49919374081004925,-3.16087328014611,Emerging Full-Stack & Entry Developers
CP-2811,3.2,BCA/B.Sc CS,Tier 2 (Top State/Private),Cloud & DevOps,Tier 1 Tech Hub (Bengaluru/NCR/Hyd),1,6,14.0,2,1,1,0,0,0,0,1,3,19.2,Job-Ready Mid-Level,6.05,0,2,1,2,2.0,1,0,3,53.2,1,-0.047440848611595324,0.0392486721692959,-1.7683067110096042,Applied AI/ML & Data Science Specialists
CP-2812,0.7,Non-CS Degree,Tier 3 (Affiliated Colleges),Full Stack Web,Tier 2 City,0,5,149.0,2,1,1,0,1,1,0,0,4,11.46,Junior Associate,7.22,2,2,0,1,1.0,0,0,4,39.5,3,0.5209953593947994,-0.7749328874519728,3.0065265133805474,Emerging Full-Stack & Entry Developers
CP-2813,0.0,Non-CS Degree,Tier 2 (Top State/Private),Full Stack Web,Tier 2 City,0,5,143.0,0,1,1,0,0,0,1,0,3,8.88,Entry-Level Learner,7.08,0,3,0,2,1.0,0,0,3,35.8,1,-0.9143550379495247,-0.2531137488531355,-0.4250827567916414,Applied AI/ML & Data Science Specialists
CP-2814,0.2,B.Tech/B.E,Tier 3 (Affiliated Colleges),Cloud & DevOps,Tier 1 Tech Hub (Bengaluru/NCR/Hyd),1,4,113.0,1,0,0,0,1,0,0,1,2,14.62,Junior Associate,7.12,1,0,1,1,3.0,1,0,2,34.7,2,-2.004312166050574,-0.013270855066322694,0.4396489690852617,Cloud & DevOps Infrastructure Architects
CP-2815,7.6,B.Tech/B.E,Tier 3 (Affiliated Colleges),Data Science & AI/ML,Tier 2 City,3,8,223.0,0,0,1,1,1,0,0,0,3,28.54,High-Demand Specialist,15.68,1,1,1,1,3.0,0,0,3,76.0,0,2.2656203223846565,4.34328661167654,0.03790591030727711,Core Systems & Algorithmic Backend Specialists
CP-2816,0.8,B.Tech/B.E,Tier 2 (Top State/Private),Full Stack Web,Tier 2 City,0,5,117.0,3,0,0,1,1,0,0,1,3,13.99,Junior Associate,6.42,1,0,2,2,3.0,0,0,3,44.9,2,-0.43506871775148,-0.8213762199797372,-0.7433166049023938,Cloud & DevOps Infrastructure Architects
CP-2817,3.2,Non-CS Degree,Tier 2 (Top State/Private),Data Science & AI/ML,Remote Global,3,3,251.0,1,1,1,1,1,0,0,0,4,27.66,High-Demand Specialist,12.88,1,2,1,2,1.0,0,1,4,65.6,0,2.265677817787693,2.021736595431199,0.1062394217331064,Core Systems & Algorithmic Backend Specialists
CP-2818,2.2,B.Tech/B.E,Tier 2 (Top State/Private),Data Science & AI/ML,Tier 1 Tech Hub (Bengaluru/NCR/Hyd),3,7,73.0,1,1,1,1,0,1,1,1,6,27.15,High-Demand Specialist,11.22,1,3,2,2,3.0,1,0,6,72.4,3,4.963066084915679,0.6916922528760667,-1.923322398637384,Emerging Full-Stack & Entry Developers
CP-2819,1.1,BCA/B.Sc CS,Tier 2 (Top State/Private),Backend Systems,Tier 1 Tech Hub (Bengaluru/NCR/Hyd),3,4,61.0,1,1,1,0,1,0,0,0,3,16.15,Job-Ready Mid-Level,8.82,1,2,0,2,2.0,1,0,3,47.3,0,0.035714643698852404,1.1901565061092305,1.0575673471860265,Core Systems & Algorithmic Backend Specialists
CP-2820,0.5,B.Tech/B.E,Tier 1 (IIT/NIT/BITS),Full Stack Web,Tier 1 Tech Hub (Bengaluru/NCR/Hyd),1,7,353.0,3,1,0,1,0,0,0,0,2,18.99,Job-Ready Mid-Level,15.22,0,1,1,3,3.0,1,0,2,57.7,0,-0.10514161512928515,3.5715680965653913,-1.5705686444483835,Core Systems & Algorithmic Backend Specialists
CP-2821,0.3,B.Tech/B.E,Tier 3 (Affiliated Colleges),Backend Systems,Remote Global,3,6,210.0,3,0,1,0,1,0,0,0,2,19.03,Job-Ready Mid-Level,13.95,1,1,0,1,3.0,0,1,2,46.6,0,-0.5385000505797409,3.2357640721625764,1.7848645634481692,Core Systems & Algorithmic Backend Specialists
CP-2822,2.1,B.Tech/B.E,Tier 1 (IIT/NIT/BITS),Data Science & AI/ML,Tier 2 City,1,5,36.0,0,0,0,0,1,1,1,0,3,18.02,Job-Ready Mid-Level,5.9,2,1,0,3,3.0,0,0,3,54.7,2,0.10457049091891184,0.0530729068833029,3.184601584187938,Cloud & DevOps Infrastructure Architects
CP-2823,3.3,Non-CS Degree,Tier 1 (IIT/NIT/BITS),Cloud & DevOps,Tier 1 Tech Hub (Bengaluru/NCR/Hyd),0,1,39.0,1,0,1,0,1,0,0,0,2,18.77,Job-Ready Mid-Level,1.67,1,1,0,3,1.0,1,0,2,43.2,2,-2.2434998067043566,-1.4469435043160017,1.513955442153201,Cloud & DevOps Infrastructure Architects
CP-2824,2.3,B.Tech/B.E,Tier 3 (Affiliated Colleges),Data Science & AI/ML,Tier 1 Tech Hub (Bengaluru/NCR/Hyd),0,4,251.0,1,1,0,1,1,0,0,1,4,22.46,Job-Ready Mid-Level,9.07,1,1,2,1,3.0,1,0,4,56.8,3,1.3976148703436717,-0.2555777626657141,-1.1389595188930994,Emerging Full-Stack & Entry Developers
CP-2825,1.7,BCA/B.Sc CS,Tier 2 (Top State/Private),Data Analytics & BI,Tier 1 Tech Hub (Bengaluru/NCR/Hyd),3,10,27.0,0,1,1,0,0,0,0,1,3,18.68,Job-Ready Mid-Level,12.18,0,2,1,2,2.0,1,0,3,55.9,0,0.7955749846161841,2.753135784814304,-2.007691820153213,Core Systems & Algorithmic Backend Specialists
CP-2826,0.1,B.Tech/B.E,Tier 3 (Affiliated Colleges),Data Analytics & BI,Tier 1 Tech Hub (Bengaluru/NCR/Hyd),0,2,0.0,2,1,0,0,0,1,0,0,2,7.01,Entry-Level Learner,1.4,1,1,0,1,3.0,1,0,2,24.7,2,-3.058722281414484,-2.0486643651360934,1.695080995722943,Cloud & DevOps Infrastructure Architects
CP-2827,7.6,B.Tech/B.E,Tier 2 (Top State/Private),Data Science & AI/ML,Tier 1 Tech Hub (Bengaluru/NCR/Hyd),1,6,141.0,0,0,1,0,0,0,0,0,1,29.91,High-Demand Specialist,9.22,0,1,0,2,3.0,1,0,1,62.2,0,-1.4572431049630117,2.7848638495533646,-0.16630226088318162,Core Systems & Algorithmic Backend Specialists
CP-2828,3.5,B.Tech/B.E,Tier 2 (Top State/Private),Backend Systems,Tier 1 Tech Hub (Bengaluru/NCR/Hyd),0,4,22.0,0,1,1,0,0,0,0,1,3,22.0,Job-Ready Mid-Level,3.35,0,2,1,2,3.0,1,0,3,53.3,1,-0.42742811516230994,-1.1842012782343727,-1.6049850347361678,Applied AI/ML & Data Science Specialists
CP-2829,0.8,B.Tech/B.E,Tier 2 (Top State/Private),Data Science & AI/ML,Tier 1 Tech Hub (Bengaluru/NCR/Hyd),0,6,30.0,0,1,1,1,0,0,0,0,3,12.16,Junior Associate,4.95,0,2,1,2,3.0,1,0,3,42.5,1,-0.7304187113976399,-0.7517379222730148,-1.6636512324603465,Applied AI/ML & Data Science Specialists
CP-2830,8.6,B.Tech/B.E,Tier 2 (Top State/Private),Cloud & DevOps,Tier 2 City,0,2,153.0,1,1,1,1,0,0,0,0,3,24.16,High-Demand Specialist,5.22,0,2,1,2,3.0,0,0,3,63.9,1,0.4243217395574801,-0.20173146603006004,-1.4241231861378276,Applied AI/ML & Data Science Specialists
CP-2831,2.0,B.Tech/B.E,Tier 2 (Top State/Private),Backend Systems,Tier 1 Tech Hub (Bengaluru/NCR/Hyd),2,7,52.0,2,0,1,1,0,0,0,0,2,15.83,Job-Ready Mid-Level,9.2,0,1,1,2,3.0,1,0,2,51.4,2,-0.8517101418089505,1.828064650373695,-1.5933490019253684,Cloud & DevOps Infrastructure Architects
CP-2832,1.9,B.Tech/B.E,Tier 3 (Affiliated Colleges),Backend Systems,Tier 1 Tech Hub (Bengaluru/NCR/Hyd),1,4,212.0,1,1,0,0,0,0,1,0,2,17.34,Job-Ready Mid-Level,9.6,0,2,0,1,3.0,1,0,2,47.4,1,-1.161427262436572,1.534027766634629,-0.3126278400219281,Applied AI/ML & Data Science Specialists
CP-2833,3.0,B.Tech/B.E,Tier 2 (Top State/Private),Backend Systems,Tier 1 Tech Hub (Bengaluru/NCR/Hyd),2,5,365.0,0,1,1,0,0,0,0,0,2,24.17,High-Demand Specialist,15.62,0,2,0,2,3.0,1,0,2,66.0,0,0.28963859976697737,4.20209255739899,-0.4545772585162149,Core Systems & Algorithmic Backend Specialists
CP-2834,3.7,Non-CS Degree,Tier 3 (Affiliated Colleges),Full Stack Web,Tier 2 City,1,4,60.0,0,0,1,0,0,0,0,1,2,14.34,Junior Associate,5.8,0,1,1,1,1.0,0,0,2,43.8,2,-1.843300009601255,-0.027327864950192005,-1.2906569782373414,Cloud & DevOps Infrastructure Architects
CP-2835,2.4,Non-CS Degree,Tier 1 (IIT/NIT/BITS),Data Science & AI/ML,Tier 1 Tech Hub (Bengaluru/NCR/Hyd),3,5,379.0,3,1,1,1,0,1,0,0,4,26.71,High-Demand Specialist,17.48,1,2,1,3,1.0,1,0,4,69.3,0,3.0055170249984373,3.731395320368884,-0.4034383504975924,Core Systems & Algorithmic Backend Specialists
CP-2836,0.3,B.Tech/B.E,Tier 2 (Top State/Private),Data Science & AI/ML,Remote Global,1,3,53.0,0,1,1,0,0,0,1,1,4,20.28,Job-Ready Mid-Level,4.92,0,3,1,2,3.0,0,1,4,44.1,1,0.479997058287686,-1.5591644179659871,-1.4161470587677543,Applied AI/ML & Data Science Specialists
CP-2837,0.9,BCA/B.Sc CS,Tier 2 (Top State/Private),Full Stack Web,Tier 1 Tech Hub (Bengaluru/NCR/Hyd),1,6,39.0,3,1,1,1,0,1,0,1,5,16.73,Job-Ready Mid-Level,6.67,1,2,2,2,2.0,1,0,5,51.0,3,2.221188504564535,-1.278869568332832,-1.5221265824960981,Emerging Full-Stack & Entry Developers
CP-2838,5.8,MCA,Tier 3 (Affiliated Colleges),Data Analytics & BI,Remote Global,1,3,253.0,2,1,1,0,0,0,1,0,3,32.28,High-Demand Specialist,9.93,0,3,0,1,2.5,0,1,3,66.0,0,0.9375643572799344,1.5429472659129868,-0.12486419546433254,Core Systems & Algorithmic Backend Specialists
CP-2839,0.6,B.Tech/B.E,Tier 1 (IIT/NIT/BITS),Data Science & AI/ML,Remote Global,1,6,48.0,1,1,0,1,0,0,0,0,2,16.95,Job-Ready Mid-Level,6.9,0,1,1,3,3.0,0,1,2,44.7,2,-1.5532174003909838,0.6142287953592852,-1.0617643852530378,Cloud & DevOps Infrastructure Architects
CP-2840,1.0,M.Tech/M.S,Tier 2 (Top State/Private),Cloud & DevOps,Tier 1 Tech Hub (Bengaluru/NCR/Hyd),2,5,45.0,2,1,1,0,0,0,0,0,2,14.0,Junior Associate,7.62,0,2,0,2,4.0,1,0,2,46.9,1,-1.1954203505938061,1.2600284515433293,-0.3753155894822913,Applied AI/ML & Data Science Specialists
CP-2841,1.2,Non-CS Degree,Tier 3 (Affiliated Colleges),Full Stack Web,Remote Global,1,4,153.0,0,1,0,1,0,0,0,1,3,17.74,Job-Ready Mid-Level,8.12,0,1,2,1,1.0,0,1,3,39.3,2,-0.7965724364466186,-0.2654707978782272,-2.367076934834393,Cloud & DevOps Infrastructure Architects
CP-2842,1.3,B.Tech/B.E,Tier 2 (Top State/Private),Full Stack Web,Tier 1 Tech Hub (Bengaluru/NCR/Hyd),2,3,127.0,2,1,1,1,1,0,0,0,4,17.09,Job-Ready Mid-Level,8.27,1,2,1,2,3.0,1,0,4,54.7,3,1.4342992528802774,0.13509418367709683,-0.17709311616037657,Emerging Full-Stack & Entry Developers
CP-2843,2.1,B.Tech/B.E,Tier 3 (Affiliated Colleges),Cloud & DevOps,Tier 1 Tech Hub (Bengaluru/NCR/Hyd),2,6,135.0,0,1,1,0,1,0,0,1,4,22.96,Job-Ready Mid-Level,10.58,1,2,1,1,3.0,1,0,4,58.3,0,1.8234778638083189,1.0937089352571396,-0.2065633650110653,Core Systems & Algorithmic Backend Specialists
CP-2844,6.3,Non-CS Degree,Tier 1 (IIT/NIT/BITS),Full Stack Web,Tier 1 Tech Hub (Bengaluru/NCR/Hyd),0,5,138.0,1,1,0,1,0,0,0,0,2,26.76,High-Demand Specialist,6.95,0,1,1,3,1.0,1,0,2,60.5,2,-0.8890214059829604,1.0134937761613205,-1.5520187647969201,Cloud & DevOps Infrastructure Architects
CP-2845,0.6,B.Tech/B.E,Tier 3 (Affiliated Colleges),Data Analytics & BI,Tier 1 Tech Hub (Bengaluru/NCR/Hyd),1,2,132.0,1,0,1,1,0,1,1,0,4,15.7,Job-Ready Mid-Level,6.2,1,2,1,1,3.0,1,0,4,43.5,3,0.6218492769177211,-1.2491085601030987,-0.005377246918663895,Emerging Full-Stack & Entry Developers
CP-2846,0.3,B.Tech/B.E,Tier 3 (Affiliated Colleges),Data Science & AI/ML,Tier 2 City,0,4,136.0,1,0,0,0,0,1,0,0,1,9.15,Junior Associate,6.2,1,0,0,1,3.0,0,0,1,29.5,2,-3.5365634388302243,0.16142695602318607,2.0621076371049263,Cloud & DevOps Infrastructure Architects
CP-2847,0.5,B.Tech/B.E,Tier 3 (Affiliated Colleges),Data Analytics & BI,Tier 2 City,1,6,46.0,0,1,1,1,1,1,0,0,5,12.22,Junior Associate,6.85,2,2,1,1,3.0,0,0,5,48.3,3,2.1407815384201703,-1.0729942943840478,1.6307886477970361,Emerging Full-Stack & Entry Developers
CP-2848,4.8,B.Tech/B.E,Tier 2 (Top State/Private),Data Science & AI/ML,Tier 1 Tech Hub (Bengaluru/NCR/Hyd),1,3,0.0,1,0,1,1,0,1,0,0,3,24.66,High-Demand Specialist,3.6,1,1,1,2,3.0,1,0,3,60.2,2,0.03214842593688614,-0.7556716627367067,0.15839830327468443,Cloud & DevOps Infrastructure Architects
CP-2849,2.3,BCA/B.Sc CS,Tier 1 (IIT/NIT/BITS),Data Science & AI/ML,Tier 1 Tech Hub (Bengaluru/NCR/Hyd),3,4,113.0,1,1,0,0,0,0,1,0,2,24.32,High-Demand Specialist,10.12,0,2,0,3,2.0,1,0,2,55.4,0,-0.648504187438826,2.441726410619954,-0.5584327527729677,Core Systems & Algorithmic Backend Specialists
CP-2850,0.7,M.Tech/M.S,Tier 3 (Affiliated Colleges),Cloud & DevOps,Tier 1 Tech Hub (Bengaluru/NCR/Hyd),0,4,0.0,3,0,1,0,1,1,1,0,4,15.55,Job-Ready Mid-Level,2.8,2,2,0,1,4.0,1,0,4,41.5,3,0.4457046933536935,-2.18286161624791,2.9787955496590484,Emerging Full-Stack & Entry Developers
CP-2851,3.7,Non-CS Degree,Tier 2 (Top State/Private),Data Analytics & BI,Tier 2 City,0,3,335.0,1,1,0,0,0,0,0,1,2,14.43,Junior Associate,10.48,0,1,1,2,1.0,0,0,2,55.8,2,-0.9781715889680209,1.4158720074721904,-1.2532410184388458,Cloud & DevOps Infrastructure Architects
CP-2852,4.3,B.Tech/B.E,Tier 1 (IIT/NIT/BITS),Data Science & AI/ML,Tier 1 Tech Hub (Bengaluru/NCR/Hyd),0,5,226.0,1,1,1,1,1,1,1,0,6,34.13,High-Demand Specialist,9.15,2,3,1,3,3.0,1,0,6,83.6,3,5.158261757336707,-0.15095351931209602,1.1735269622943054,Emerging Full-Stack & Entry Developers
CP-2853,4.1,B.Tech/B.E,Tier 3 (Affiliated Colleges),Full Stack Web,Remote Global,1,3,108.0,2,0,0,0,1,0,0,0,1,23.0,Job-Ready Mid-Level,6.3,1,0,0,1,3.0,0,1,1,48.7,2,-2.528297447934962,0.9433815682409875,2.2279007000506375,Cloud & DevOps Infrastructure Architects
CP-2854,5.5,B.Tech/B.E,Tier 2 (Top State/Private),Full Stack Web,Tier 1 Tech Hub (Bengaluru/NCR/Hyd),2,3,379.0,2,1,1,1,0,1,0,0,4,31.96,High-Demand Specialist,14.58,1,2,1,2,3.0,1,0,4,83.7,0,3.3478958904600282,2.8759686369388144,-0.19588254085343668,Core Systems & Algorithmic Backend Specialists
CP-2855,0.6,B.Tech/B.E,Tier 1 (IIT/NIT/BITS),Data Science & AI/ML,Tier 1 Tech Hub (Bengaluru/NCR/Hyd),2,4,112.0,1,1,1,0,0,1,0,0,3,20.01,Job-Ready Mid-Level,8.6,1,2,0,3,3.0,1,0,3,51.7,0,0.1763356494528254,0.9756939970490974,1.1701818776770767,Core Systems & Algorithmic Backend Specialists
CP-2856,3.1,B.Tech/B.E,Tier 2 (Top State/Private),Data Analytics & BI,Remote Global,1,2,21.0,2,1,1,1,1,0,1,0,5,24.3,High-Demand Specialist,3.42,1,3,1,2,3.0,0,1,5,59.7,3,2.344412275300702,-2.0602966097691193,0.11514461373886707,Emerging Full-Stack & Entry Developers
CP-2857,1.4,Non-CS Degree,Tier 1 (IIT/NIT/BITS),Data Analytics & BI,Tier 1 Tech Hub (Bengaluru/NCR/Hyd),2,9,66.0,1,0,1,1,1,0,1,0,4,22.74,Job-Ready Mid-Level,10.95,1,2,1,3,1.0,1,0,4,57.5,0,1.9321512714769884,1.594215667374372,-0.45785439278038037,Core Systems & Algorithmic Backend Specialists
CP-2858,4.1,MCA,Tier 2 (Top State/Private),Data Science & AI/ML,Tier 1 Tech Hub (Bengaluru/NCR/Hyd),0,3,43.0,0,1,1,0,0,1,1,1,5,25.73,High-Demand Specialist,3.18,1,3,1,2,2.5,1,0,5,62.8,3,2.324884387827747,-2.2319743839751087,-0.2690681903902355,Emerging Full-Stack & Entry Developers
CP-2859,2.9,B.Tech/B.E,Tier 3 (Affiliated Colleges),Full Stack Web,Tier 1 Tech Hub (Bengaluru/NCR/Hyd),0,7,68.0,2,1,1,0,0,1,0,0,3,16.99,Job-Ready Mid-Level,6.6,1,2,0,1,3.0,1,0,3,51.5,1,0.0010516224133052382,0.2410173920052419,1.2768661969312747,Applied AI/ML & Data Science Specialists
CP-2860,3.3,BCA/B.Sc CS,Tier 2 (Top State/Private),Data Analytics & BI,Tier 1 Tech Hub (Bengaluru/NCR/Hyd),0,1,25.0,1,1,0,1,0,1,0,1,4,19.36,Job-Ready Mid-Level,1.32,1,1,2,2,2.0,1,0,4,49.9,3,0.23780611649937472,-2.9915858002424724,-1.0863553058587985,Emerging Full-Stack & Entry Developers
CP-2861,2.3,B.Tech/B.E,Tier 3 (Affiliated Colleges),Full Stack Web,Remote Global,2,4,145.0,0,0,0,1,0,0,0,1,2,24.48,High-Demand Specialist,9.43,0,0,2,1,3.0,0,1,2,49.1,2,-1.2027269388334623,1.1225576942967757,-2.115648184650855,Cloud & DevOps Infrastructure Architects
CP-2862,0.4,B.Tech/B.E,Tier 3 (Affiliated Colleges),Cloud & DevOps,Tier 1 Tech Hub (Bengaluru/NCR/Hyd),1,6,48.0,0,1,1,0,0,0,0,1,3,10.44,Junior Associate,6.9,0,2,1,1,3.0,1,0,3,39.5,1,-0.6513561522292858,-0.19011402868639146,-1.669510330961782,Applied AI/ML & Data Science Specialists
CP-2863,1.7,BCA/B.Sc CS,Tier 3 (Affiliated Colleges),Data Science & AI/ML,Tier 1 Tech Hub (Bengaluru/NCR/Hyd),1,7,72.0,1,1,1,1,0,0,0,0,3,12.64,Junior Associate,8.2,0,2,1,1,2.0,1,0,3,45.1,1,-0.24366050647306858,0.6200675047773946,-1.7795196439907148,Applied AI/ML & Data Science Specialists
CP-2864,9.2,B.Tech/B.E,Tier 1 (IIT/NIT/BITS),Cloud & DevOps,Tier 1 Tech Hub (Bengaluru/NCR/Hyd),0,5,41.0,2,1,1,1,0,0,0,1,4,39.18,High-Demand Specialist,4.53,0,2,2,3,3.0,1,0,4,71.1,3,1.9909879890071847,-0.6980045827820318,-3.0542426596601304,Emerging Full-Stack & Entry Developers
CP-2865,6.1,Non-CS Degree,Tier 3 (Affiliated Colleges),Data Science & AI/ML,Tier 1 Tech Hub (Bengaluru/NCR/Hyd),1,4,56.0,0,1,0,1,0,0,0,0,2,22.02,Job-Ready Mid-Level,5.7,0,1,1,1,1.0,1,0,2,50.1,2,-1.5063151140270665,0.4459627626769694,-1.5199172701049455,Cloud & DevOps Infrastructure Architects
CP-2866,0.1,BCA/B.Sc CS,Tier 2 (Top State/Private),Data Analytics & BI,Tier 2 City,3,8,34.0,1,1,0,1,1,0,0,0,3,12.34,Junior Associate,10.95,1,1,1,2,2.0,0,0,3,45.8,0,0.20847323923368405,1.9321492386132673,0.018868758708427705,Core Systems & Algorithmic Backend Specialists
CP-2867,0.4,B.Tech/B.E,Tier 2 (Top State/Private),Full Stack Web,Remote Global,0,3,38.0,0,0,0,1,0,0,0,0,1,12.3,Junior Associate,3.05,0,0,1,2,3.0,0,1,1,29.0,2,-3.966570145848294,-1.0197416527084904,-0.6166428066398324,Cloud & DevOps Infrastructure Architects
CP-2868,0.3,M.Tech/M.S,Tier 3 (Affiliated Colleges),Full Stack Web,Remote Global,2,4,121.0,0,1,1,0,1,0,0,0,3,15.95,Job-Ready Mid-Level,8.82,1,2,0,1,4.0,0,1,3,45.4,1,-0.08304884860763001,0.7706020568239268,1.704885827797785,Applied AI/ML & Data Science Specialists
CP-2869,2.8,B.Tech/B.E,Tier 2 (Top State/Private),Data Analytics & BI,Tier 1 Tech Hub (Bengaluru/NCR/Hyd),0,3,56.0,0,1,1,1,0,0,0,0,3,16.25,Job-Ready Mid-Level,3.5,0,2,1,2,3.0,1,0,3,50.0,1,-0.5958410537562195,-1.2218965897189686,-1.6005909933579616,Applied AI/ML & Data Science Specialists
CP-2870,3.7,B.Tech/B.E,Tier 3 (Affiliated Colleges),Data Science & AI/ML,Tier 1 Tech Hub (Bengaluru/NCR/Hyd),0,2,17.0,2,1,1,1,0,0,0,0,3,15.33,Job-Ready Mid-Level,1.82,0,2,1,1,3.0,1,0,3,47.6,1,-0.817819059897464,-1.8834890675855223,-1.5448590975206635,Applied AI/ML & Data Science Specialists
CP-2871,0.5,B.Tech/B.E,Tier 1 (IIT/NIT/BITS),Full Stack Web,Tier 1 Tech Hub (Bengaluru/NCR/Hyd),1,6,54.0,0,0,0,1,1,1,1,0,4,22.72,Job-Ready Mid-Level,7.05,2,1,1,3,3.0,1,0,4,52.8,3,1.264259535605115,-0.3253250979983876,1.6238017778894969,Emerging Full-Stack & Entry Developers
CP-2872,1.6,B.Tech/B.E,Tier 3 (Affiliated Colleges),Full Stack Web,Tier 2 City,0,4,151.0,0,1,1,1,1,0,1,0,5,14.14,Junior Associate,6.57,1,3,1,1,3.0,0,0,5,53.3,3,2.248704617025274,-1.3606104055452422,-0.10921005233841362,Emerging Full-Stack & Entry Developers
CP-2873,4.0,M.Tech/M.S,Tier 1 (IIT/NIT/BITS),Full Stack Web,Tier 1 Tech Hub (Bengaluru/NCR/Hyd),1,5,138.0,0,1,1,1,0,1,0,1,5,33.22,High-Demand Specialist,8.45,1,2,2,3,4.0,1,0,5,79.9,3,3.7004751674765295,0.028116759344599618,-1.4855309218324382,Emerging Full-Stack & Entry Developers
CP-2874,2.9,B.Tech/B.E,Tier 3 (Affiliated Colleges),Backend Systems,Tier 1 Tech Hub (Bengaluru/NCR/Hyd),1,3,362.0,0,1,1,0,0,0,0,1,3,21.56,Job-Ready Mid-Level,12.65,0,2,1,1,3.0,1,0,3,61.6,0,0.7861392635063654,1.8589019361260717,-1.632171786514514,Core Systems & Algorithmic Backend Specialists
CP-2875,1.7,M.Tech/M.S,Tier 1 (IIT/NIT/BITS),Data Analytics & BI,Remote Global,1,4,128.0,0,1,1,1,0,0,0,0,3,22.88,Job-Ready Mid-Level,7.5,0,2,1,3,4.0,0,1,3,58.5,1,0.2737469690266517,0.42837353050849586,-1.2288634986373879,Applied AI/ML & Data Science Specialists
CP-2876,2.0,BCA/B.Sc CS,Tier 1 (IIT/NIT/BITS),Data Science & AI/ML,Tier 1 Tech Hub (Bengaluru/NCR/Hyd),2,9,38.0,0,0,1,0,0,0,1,1,3,24.89,High-Demand Specialist,10.25,0,2,1,3,2.0,1,0,3,58.3,0,0.709052774556834,1.881502110914206,-1.9502034466536147,Core Systems & Algorithmic Backend Specialists
CP-2877,1.6,B.Tech/B.E,Tier 2 (Top State/Private),Data Analytics & BI,Tier 1 Tech Hub (Bengaluru/NCR/Hyd),1,6,58.0,1,0,1,0,1,0,0,0,2,16.69,Job-Ready Mid-Level,7.15,1,1,0,2,3.0,1,0,2,46.0,2,-1.3248605809304452,0.8930803927961842,1.4311312901699142,Cloud & DevOps Infrastructure Architects
CP-2878,0.8,M.Tech/M.S,Tier 2 (Top State/Private),Full Stack Web,Tier 1 Tech Hub (Bengaluru/NCR/Hyd),0,5,31.0,1,1,0,0,0,0,1,1,3,17.32,Job-Ready Mid-Level,4.28,0,2,1,2,4.0,1,0,3,44.5,1,-0.632436091530353,-1.1367337074905772,-1.5789848949124832,Applied AI/ML & Data Science Specialists
CP-2879,1.8,B.Tech/B.E,Tier 2 (Top State/Private),Backend Systems,Tier 1 Tech Hub (Bengaluru/NCR/Hyd),1,5,105.0,0,0,1,1,0,1,0,0,3,17.87,Job-Ready Mid-Level,7.62,1,1,1,2,3.0,1,0,3,51.9,2,0.010056535855332692,0.3176706035373611,0.12397905794239189,Cloud & DevOps Infrastructure Architects
CP-2880,2.6,B.Tech/B.E,Tier 2 (Top State/Private),Full Stack Web,Tier 1 Tech Hub (Bengaluru/NCR/Hyd),1,6,46.0,1,1,0,1,1,0,1,1,5,25.27,High-Demand Specialist,6.85,1,2,2,2,3.0,1,0,5,63.0,3,2.8353294166577023,-0.8195907117768206,-1.5449845201155101,Emerging Full-Stack & Entry Developers
CP-2881,4.5,B.Tech/B.E,Tier 2 (Top State/Private),Cloud & DevOps,Tier 1 Tech Hub (Bengaluru/NCR/Hyd),0,3,137.0,0,1,1,1,1,0,0,0,4,25.56,High-Demand Specialist,5.52,1,2,1,2,3.0,1,0,4,66.1,3,1.5442825254202124,-0.7327792614306409,-0.06651477344782923,Emerging Full-Stack & Entry Developers
CP-2882,2.2,B.Tech/B.E,Tier 1 (IIT/NIT/BITS),Full Stack Web,Tier 1 Tech Hub (Bengaluru/NCR/Hyd),2,5,28.0,2,0,0,0,0,0,0,0,0,18.44,Job-Ready Mid-Level,7.2,0,0,0,3,3.0,1,0,0,44.9,2,-3.685176120511775,2.194749291138176,0.040562720354425076,Cloud & DevOps Infrastructure Architects
CP-2883,3.1,B.Tech/B.E,Tier 2 (Top State/Private),Full Stack Web,Tier 1 Tech Hub (Bengaluru/NCR/Hyd),1,7,71.0,0,1,0,1,0,0,1,0,3,20.04,Job-Ready Mid-Level,8.17,0,2,1,2,3.0,1,0,3,59.3,0,0.4639196093384496,1.0585360269685913,-1.7975728496236294,Core Systems & Algorithmic Backend Specialists
CP-2884,0.4,BCA/B.Sc CS,Tier 3 (Affiliated Colleges),Full Stack Web,Tier 2 City,2,6,42.0,2,1,1,0,1,0,1,0,4,13.48,Junior Associate,8.25,1,3,0,1,2.0,0,0,4,42.8,1,1.0005909924440326,0.24050328547086353,1.038496189630042,Applied AI/ML & Data Science Specialists
CP-2885,1.4,B.Tech/B.E,Tier 3 (Affiliated Colleges),Data Science & AI/ML,Tier 1 Tech Hub (Bengaluru/NCR/Hyd),2,3,151.0,0,0,0,0,1,1,0,1,3,19.86,Job-Ready Mid-Level,8.88,2,0,1,1,3.0,1,0,3,47.8,2,-0.06237435211954261,0.4074883609945454,1.9747055337456985,Cloud & DevOps Infrastructure Architects
CP-2886,0.0,B.Tech/B.E,Tier 3 (Affiliated Colleges),Data Analytics & BI,Tier 2 City,1,8,23.0,1,1,1,0,0,0,1,0,3,8.02,Entry-Level Learner,7.68,0,3,0,1,3.0,0,0,3,38.8,1,-0.42938323014829977,0.5059429444363085,-0.45817246768004505,Applied AI/ML & Data Science Specialists
CP-2887,0.6,Non-CS Degree,Tier 3 (Affiliated Colleges),Full Stack Web,Tier 1 Tech Hub (Bengaluru/NCR/Hyd),1,3,116.0,0,0,1,1,1,1,0,0,4,13.84,Junior Associate,6.5,2,1,1,1,1.0,1,0,4,37.8,3,0.2890761523674202,-1.228530457710138,1.7022147369629497,Emerging Full-Stack & Entry Developers
CP-2888,2.9,BCA/B.Sc CS,Tier 2 (Top State/Private),Backend Systems,Tier 1 Tech Hub (Bengaluru/NCR/Hyd),1,3,0.0,0,1,0,1,0,1,0,1,4,21.41,Job-Ready Mid-Level,3.6,1,1,2,2,2.0,1,0,4,51.8,3,0.6176200242899164,-1.8403075149370813,-1.2073470178727264,Emerging Full-Stack & Entry Developers
CP-2889,9.5,MCA,Tier 1 (IIT/NIT/BITS),Data Science & AI/ML,Remote Global,1,1,26.0,1,1,0,0,0,0,1,1,3,46.61,High-Demand Specialist,2.85,0,2,1,3,2.5,0,1,3,62.6,1,0.22847035327649542,-0.8884374911191703,-1.2163111348942384,Applied AI/ML & Data Science Specialists
CP-2890,0.2,B.Tech/B.E,Tier 2 (Top State/Private),Cloud & DevOps,Tier 1 Tech Hub (Bengaluru/NCR/Hyd),2,7,0.0,1,1,1,1,1,0,0,0,4,15.1,Job-Ready Mid-Level,7.9,1,2,1,2,3.0,1,0,4,48.5,3,1.208304062231069,0.24019475491296133,-0.26899430606407215,Emerging Full-Stack & Entry Developers
CP-2891,1.1,BCA/B.Sc CS,Tier 3 (Affiliated Colleges),Backend Systems,Tier 1 Tech Hub (Bengaluru/NCR/Hyd),2,3,0.0,2,1,0,1,1,0,0,0,3,15.29,Job-Ready Mid-Level,5.1,1,1,1,1,2.0,1,0,3,36.9,2,-0.9025893942125175,-0.7386279143407753,0.07527549784696282,Cloud & DevOps Infrastructure Architects
CP-2892,3.5,MCA,Tier 3 (Affiliated Colleges),Cloud & DevOps,Remote Global,0,5,4.0,1,1,1,1,0,0,0,0,3,20.85,Job-Ready Mid-Level,3.6,0,2,1,1,2.5,0,1,3,48.0,1,-0.6226903207343446,-1.1132618050328615,-1.1855976162977966,Applied AI/ML & Data Science Specialists
CP-2893,0.5,BCA/B.Sc CS,Tier 2 (Top State/Private),Backend Systems,Tier 1 Tech Hub (Bengaluru/NCR/Hyd),1,4,62.0,0,1,1,0,0,0,0,0,2,10.51,Junior Associate,5.85,0,2,0,2,2.0,1,0,2,35.2,1,-2.16088634306643,0.0939971292008246,-0.3514161250157182,Applied AI/ML & Data Science Specialists
CP-2894,1.8,M.Tech/M.S,Tier 1 (IIT/NIT/BITS),Data Analytics & BI,Tier 1 Tech Hub (Bengaluru/NCR/Hyd),3,6,52.0,3,1,1,1,1,1,0,0,5,27.03,High-Demand Specialist,10.0,2,2,1,3,4.0,1,0,5,71.5,0,3.799918068080455,1.0455920932039025,1.2656263186854273,Core Systems & Algorithmic Backend Specialists
CP-2895,2.9,B.Tech/B.E,Tier 1 (IIT/NIT/BITS),Full Stack Web,Tier 1 Tech Hub (Bengaluru/NCR/Hyd),1,3,246.0,1,1,1,1,0,0,1,0,4,26.38,High-Demand Specialist,9.75,0,3,1,3,3.0,1,0,4,69.3,0,2.150039249386857,0.8365535964977909,-1.9773724933120858,Core Systems & Algorithmic Backend Specialists
CP-2896,2.1,B.Tech/B.E,Tier 2 (Top State/Private),Cloud & DevOps,Tier 2 City,2,5,0.0,0,0,1,0,0,1,0,0,2,13.97,Junior Associate,6.5,1,1,0,2,3.0,0,0,2,47.4,2,-1.353567973750548,0.8309371774592117,1.6046880023874466,Cloud & DevOps Infrastructure Architects
CP-2897,0.5,B.Tech/B.E,Tier 2 (Top State/Private),Data Science & AI/ML,Remote Global,2,7,32.0,3,0,0,0,1,0,0,1,2,21.12,Job-Ready Mid-Level,8.7,1,0,1,2,3.0,0,1,2,43.0,2,-1.257607050775707,1.1716351518544854,0.712949891505322,Cloud & DevOps Infrastructure Architects
CP-2898,1.0,B.Tech/B.E,Tier 1 (IIT/NIT/BITS),Full Stack Web,Tier 1 Tech Hub (Bengaluru/NCR/Hyd),1,6,141.0,3,1,1,0,0,1,1,1,5,24.93,High-Demand Specialist,9.22,1,3,1,3,3.0,1,0,5,63.1,3,3.1439686166740817,0.007877638586020072,-0.4163193487098792,Emerging Full-Stack & Entry Developers
CP-2899,3.4,MCA,Tier 3 (Affiliated Colleges),Data Science & AI/ML,Tier 1 Tech Hub (Bengaluru/NCR/Hyd),1,2,141.0,0,0,1,0,1,0,0,0,2,19.3,Job-Ready Mid-Level,6.42,1,1,0,1,2.5,1,0,2,48.0,2,-1.4827054651992861,0.36204586827164786,1.5347718151973455,Cloud & DevOps Infrastructure Architects
CP-2900,1.8,B.Tech/B.E,Tier 2 (Top State/Private),Data Analytics & BI,Tier 1 Tech Hub (Bengaluru/NCR/Hyd),1,5,66.0,0,1,1,1,0,1,0,1,5,21.46,Job-Ready Mid-Level,6.65,1,2,2,2,3.0,1,0,5,58.6,3,2.488634958530757,-1.1548789855826158,-1.4644570377882034,Emerging Full-Stack & Entry Developers
CP-2901,0.0,Non-CS Degree,Tier 3 (Affiliated Colleges),Full Stack Web,Tier 1 Tech Hub (Bengaluru/NCR/Hyd),1,2,129.0,0,1,1,1,0,0,1,0,4,12.21,Junior Associate,6.12,0,3,1,1,1.0,1,0,4,34.2,1,0.01221831196452504,-1.3897485604520055,-1.9233164039053126,Applied AI/ML & Data Science Specialists
CP-2902,3.1,Non-CS Degree,Tier 3 (Affiliated Colleges),Full Stack Web,Tier 1 Tech Hub (Bengaluru/NCR/Hyd),1,5,127.0,1,1,1,1,0,0,0,0,3,17.24,Job-Ready Mid-Level,8.18,0,2,1,1,1.0,1,0,3,48.9,1,-0.17655482192870184,0.5614823028275256,-1.7803627573534566,Applied AI/ML & Data Science Specialists
CP-2903,0.1,B.Tech/B.E,Tier 3 (Affiliated Colleges),Data Science & AI/ML,Tier 1 Tech Hub (Bengaluru/NCR/Hyd),1,4,37.0,1,1,1,0,0,1,0,0,3,10.34,Junior Associate,5.22,1,2,0,1,3.0,1,0,3,35.2,1,-0.961129615299901,-0.7561446399783268,1.3196100747239892,Applied AI/ML & Data Science Specialists
CP-2904,3.0,B.Tech/B.E,Tier 3 (Affiliated Colleges),Backend Systems,Tier 1 Tech Hub (Bengaluru/NCR/Hyd),2,5,48.0,1,1,1,1,1,0,0,0,4,20.89,Job-Ready Mid-Level,7.7,1,2,1,1,3.0,1,0,4,58.0,3,1.5756884195929357,0.2942378097826732,-0.2091339281680721,Emerging Full-Stack & Entry Developers
CP-2905,0.5,MCA,Tier 3 (Affiliated Colleges),Data Science & AI/ML,Tier 1 Tech Hub (Bengaluru/NCR/Hyd),0,3,0.0,1,0,0,1,1,1,1,0,4,13.78,Junior Associate,2.1,2,1,1,1,2.5,1,0,4,34.6,3,-0.17561727410041217,-2.856031448904888,1.8308775050295738,Emerging Full-Stack & Entry Developers
CP-2906,7.0,Non-CS Degree,Tier 3 (Affiliated Colleges),Data Science & AI/ML,Remote Global,0,1,34.0,0,0,1,1,0,0,0,0,2,26.43,High-Demand Specialist,1.55,0,1,1,1,1.0,0,1,2,43.2,2,-2.2774561419794552,-1.58816812404996,-0.8979460332863428,Cloud & DevOps Infrastructure Architects
CP-2907,1.0,B.Tech/B.E,Tier 3 (Affiliated Colleges),Data Science & AI/ML,Tier 1 Tech Hub (Bengaluru/NCR/Hyd),0,3,372.0,0,1,1,1,0,0,1,0,4,16.56,Job-Ready Mid-Level,11.4,0,3,1,1,3.0,1,0,4,54.2,0,1.4697914184690586,0.5771819899839095,-1.8287770093004063,Core Systems & Algorithmic Backend Specialists
CP-2908,0.9,B.Tech/B.E,Tier 2 (Top State/Private),Backend Systems,Tier 1 Tech Hub (Bengaluru/NCR/Hyd),1,3,52.0,2,0,1,1,0,0,1,0,3,15.96,Job-Ready Mid-Level,4.9,0,2,1,2,3.0,1,0,3,42.9,1,-0.621442280021356,-0.8953011601651565,-1.6569350278060404,Applied AI/ML & Data Science Specialists
CP-2909,0.4,B.Tech/B.E,Tier 3 (Affiliated Colleges),Backend Systems,Tier 1 Tech Hub (Bengaluru/NCR/Hyd),0,3,50.0,2,1,1,1,1,1,0,0,5,13.48,Junior Associate,3.35,2,2,1,1,3.0,1,0,5,42.0,3,1.4545598499057812,-2.7929969843238616,1.604499344276813,Emerging Full-Stack & Entry Developers
CP-2910,0.8,BCA/B.Sc CS,Tier 3 (Affiliated Colleges),Cloud & DevOps,Remote Global,1,4,354.0,0,1,1,1,1,0,1,0,5,23.76,Job-Ready Mid-Level,13.15,1,3,1,1,2.0,0,1,5,57.2,0,2.9996342306869304,0.8517810083100743,0.05238643037966857,Core Systems & Algorithmic Backend Specialists
CP-2911,4.6,B.Tech/B.E,Tier 3 (Affiliated Colleges),Backend Systems,Tier 2 City,0,1,131.0,0,1,1,0,1,0,0,1,4,18.26,Job-Ready Mid-Level,3.97,1,2,1,1,3.0,0,0,4,59.8,3,1.0301300666187498,-1.7432177751024411,0.23222758741892469,Emerging Full-Stack & Entry Developers
CP-2912,9.5,M.Tech/M.S,Tier 3 (Affiliated Colleges),Data Science & AI/ML,Tier 2 City,1,5,25.0,0,1,0,0,0,0,1,0,2,27.13,High-Demand Specialist,5.62,0,2,0,1,4.0,0,0,2,59.4,1,-0.6158532201770544,1.1152646684397538,-0.14129434468448823,Applied AI/ML & Data Science Specialists
CP-2913,1.0,B.Tech/B.E,Tier 2 (Top State/Private),Backend Systems,Tier 1 Tech Hub (Bengaluru/NCR/Hyd),1,5,114.0,0,1,0,1,0,0,1,1,4,18.63,Job-Ready Mid-Level,7.85,0,2,2,2,3.0,1,0,4,52.5,3,1.1485368582364193,-0.3685440929004906,-3.0625307965334714,Emerging Full-Stack & Entry Developers
CP-2914,1.3,B.Tech/B.E,Tier 1 (IIT/NIT/BITS),Data Science & AI/ML,Tier 2 City,1,5,114.0,0,1,1,0,1,0,1,0,4,18.42,Job-Ready Mid-Level,7.85,1,3,0,3,3.0,0,0,4,58.1,1,1.5731976141032162,0.26747782735103204,1.0949822993668468,Applied AI/ML & Data Science Specialists
CP-2915,2.8,B.Tech/B.E,Tier 2 (Top State/Private),Data Science & AI/ML,Tier 1 Tech Hub (Bengaluru/NCR/Hyd),1,4,105.0,0,1,0,1,1,0,0,0,3,20.99,Job-Ready Mid-Level,6.92,1,1,1,2,3.0,1,0,3,55.7,2,0.09151974628695474,0.24149283881596775,0.10001970025174782,Cloud & DevOps Infrastructure Architects
CP-2916,4.8,B.Tech/B.E,Tier 2 (Top State/Private),Data Science & AI/ML,Tier 1 Tech Hub (Bengaluru/NCR/Hyd),0,5,16.0,0,0,1,1,0,0,1,1,4,28.59,High-Demand Specialist,3.9,0,2,2,2,3.0,1,0,4,64.9,3,1.3769351633890816,-1.3811075462283535,-3.0143457086053655,Emerging Full-Stack & Entry Developers
CP-2917,2.0,B.Tech/B.E,Tier 3 (Affiliated Colleges),Cloud & DevOps,Tier 1 Tech Hub (Bengaluru/NCR/Hyd),2,4,56.0,1,1,1,1,0,1,1,0,5,21.36,Job-Ready Mid-Level,7.2,1,3,1,1,3.0,1,0,5,56.4,3,2.590466318853408,-0.6128413273057272,-0.39352736390021925,Emerging Full-Stack & Entry Developers
CP-2918,1.1,B.Tech/B.E,Tier 2 (Top State/Private),Data Analytics & BI,Tier 2 City,0,1,67.0,2,1,0,1,0,0,0,0,2,8.64,Entry-Level Learner,2.38,0,1,1,2,3.0,0,0,2,35.5,2,-2.5623360848152306,-1.6792977745701678,-1.1022280610598836,Cloud & DevOps Infrastructure Architects
CP-2919,1.2,B.Tech/B.E,Tier 2 (Top State/Private),Full Stack Web,Tier 2 City,1,3,11.0,2,1,0,0,1,0,1,0,3,11.94,Junior Associate,3.87,1,2,0,2,3.0,0,0,3,42.7,1,-0.6717291346652702,-0.9956537563963981,1.4394240799497318,Applied AI/ML & Data Science Specialists
CP-2920,2.6,B.Tech/B.E,Tier 2 (Top State/Private),Backend Systems,Remote Global,2,6,37.0,1,1,0,0,0,0,0,0,1,19.21,Job-Ready Mid-Level,8.12,0,1,0,2,3.0,0,1,1,48.4,2,-2.321330599256144,2.0950909445517123,0.24918808834070139,Cloud & DevOps Infrastructure Architects
CP-2921,0.0,B.Tech/B.E,Tier 1 (IIT/NIT/BITS),Full Stack Web,Remote Global,1,4,121.0,1,1,1,0,1,1,0,0,4,19.73,Job-Ready Mid-Level,7.32,2,2,0,3,3.0,0,1,4,50.7,3,1.1413771670945791,-0.3405181294668242,3.2622834855694727,Emerging Full-Stack & Entry Developers
CP-2922,2.1,Non-CS Degree,Tier 3 (Affiliated Colleges),Data Science & AI/ML,Tier 1 Tech Hub (Bengaluru/NCR/Hyd),2,4,12.0,1,1,1,1,1,0,0,0,4,16.09,Job-Ready Mid-Level,6.1,1,2,1,1,1.0,1,0,4,44.6,3,0.6783912141814687,-0.6494927180340416,-0.2488378028141099,Emerging Full-Stack & Entry Developers
CP-2923,1.0,B.Tech/B.E,Tier 3 (Affiliated Colleges),Full Stack Web,Tier 1 Tech Hub (Bengaluru/NCR/Hyd),0,6,49.0,0,0,0,0,1,0,0,0,1,10.86,Junior Associate,5.42,1,0,0,1,3.0,1,0,1,31.7,2,-3.4273590032362953,0.2838804167120918,1.789432952925952,Cloud & DevOps Infrastructure Architects
CP-2924,3.5,B.Tech/B.E,Tier 1 (IIT/NIT/BITS),Cloud & DevOps,Tier 1 Tech Hub (Bengaluru/NCR/Hyd),1,2,154.0,1,1,1,1,0,0,0,0,3,23.29,Job-Ready Mid-Level,6.75,0,2,1,3,3.0,1,0,3,63.1,1,0.36961432893662627,0.25827395778082834,-1.69160400478748,Applied AI/ML & Data Science Specialists
CP-2925,0.2,BCA/B.Sc CS,Tier 2 (Top State/Private),Data Analytics & BI,Remote Global,1,3,60.0,0,1,0,0,1,0,0,1,3,13.31,Junior Associate,5.1,1,1,1,2,2.0,0,1,3,36.6,2,-1.077923748928479,-1.1836788151739612,0.6044568870008619,Cloud & DevOps Infrastructure Architects
CP-2926,2.0,Non-CS Degree,Tier 2 (Top State/Private),Full Stack Web,Tier 1 Tech Hub (Bengaluru/NCR/Hyd),0,6,251.0,0,1,1,1,0,1,0,0,4,17.84,Job-Ready Mid-Level,10.48,1,2,1,2,1.0,1,0,4,55.6,0,1.4435662521494472,0.6553730179356864,-0.1781626992397479,Core Systems & Algorithmic Backend Specialists
CP-2927,1.4,B.Tech/B.E,Tier 2 (Top State/Private),Cloud & DevOps,Remote Global,1,2,106.0,1,1,1,0,0,1,0,0,3,16.06,Job-Ready Mid-Level,5.55,1,2,0,2,3.0,0,1,3,46.5,1,-0.4808866485728279,-0.5707010007929771,1.78363702700382,Applied AI/ML & Data Science Specialists
CP-2928,2.3,BCA/B.Sc CS,Tier 1 (IIT/NIT/BITS),Data Science & AI/ML,Tier 1 Tech Hub (Bengaluru/NCR/Hyd),1,4,366.0,0,0,1,1,1,0,0,0,3,26.65,High-Demand Specialist,13.45,1,1,1,3,2.0,1,0,3,65.2,0,1.088301698811336,2.359199191612944,0.01904688800909531,Core Systems & Algorithmic Backend Specialists
CP-2929,0.1,M.Tech/M.S,Tier 3 (Affiliated Colleges),Cloud & DevOps,Tier 1 Tech Hub (Bengaluru/NCR/Hyd),1,6,56.0,2,0,1,0,0,0,0,0,1,9.41,Junior Associate,7.1,0,1,0,1,4.0,1,0,1,33.2,2,-3.062570880545147,1.0425864090765835,-0.037235530986032675,Cloud & DevOps Infrastructure Architects
CP-2930,1.9,BCA/B.Sc CS,Tier 2 (Top State/Private),Backend Systems,Tier 1 Tech Hub (Bengaluru/NCR/Hyd),3,7,110.0,2,1,1,0,0,1,0,0,3,18.68,Job-Ready Mid-Level,12.15,1,2,0,2,2.0,1,0,3,56.8,0,0.874580149180727,2.720529857602463,0.997647753223183,Core Systems & Algorithmic Backend Specialists
CP-2931,1.8,B.Tech/B.E,Tier 2 (Top State/Private),Data Science & AI/ML,Tier 1 Tech Hub (Bengaluru/NCR/Hyd),0,7,235.0,0,1,1,0,1,0,1,0,4,21.23,Job-Ready Mid-Level,10.77,1,3,0,2,3.0,1,0,4,61.3,0,1.980887214199041,1.2024209510510324,0.9494037036250056,Core Systems & Algorithmic Backend Specialists
CP-2932,1.8,BCA/B.Sc CS,Tier 2 (Top State/Private),Backend Systems,Remote Global,0,1,213.0,0,1,1,1,1,0,1,1,6,26.53,High-Demand Specialist,6.02,1,3,2,2,2.0,0,1,6,58.6,3,3.401865239683174,-2.571086806015076,-1.1642746428149098,Emerging Full-Stack & Entry Developers
CP-2933,2.0,B.Tech/B.E,Tier 3 (Affiliated Colleges),Cloud & DevOps,Tier 1 Tech Hub (Bengaluru/NCR/Hyd),1,3,147.0,0,1,1,0,1,0,1,1,5,23.14,Job-Ready Mid-Level,7.28,1,3,1,1,3.0,1,0,5,56.5,3,2.490391385270985,-1.0229366355516787,-0.3086689424397575,Emerging Full-Stack & Entry Developers
CP-2934,2.5,BCA/B.Sc CS,Tier 3 (Affiliated Colleges),Data Science & AI/ML,Tier 1 Tech Hub (Bengaluru/NCR/Hyd),1,2,40.0,2,1,1,1,1,0,0,0,4,16.21,Job-Ready Mid-Level,3.9,1,2,1,1,2.0,1,0,4,46.1,3,0.5103930030554163,-1.6955205534354147,-0.08889895431231934,Emerging Full-Stack & Entry Developers
CP-2935,3.6,M.Tech/M.S,Tier 3 (Affiliated Colleges),Backend Systems,Tier 1 Tech Hub (Bengaluru/NCR/Hyd),2,4,49.0,0,0,1,1,0,1,0,1,4,26.14,High-Demand Specialist,7.02,1,1,2,1,4.0,1,0,4,63.0,3,1.6677114091615028,-0.2816787742768226,-1.1961268111860845,Emerging Full-Stack & Entry Developers
CP-2936,0.7,B.Tech/B.E,Tier 1 (IIT/NIT/BITS),Full Stack Web,Tier 1 Tech Hub (Bengaluru/NCR/Hyd),1,3,244.0,0,0,1,0,0,0,0,0,1,18.39,Job-Ready Mid-Level,9.7,0,1,0,3,3.0,1,0,1,45.7,2,-2.460852444265284,1.9122729455644598,-0.0797622565422812,Cloud & DevOps Infrastructure Architects
CP-2937,3.8,MCA,Tier 3 (Affiliated Colleges),Full Stack Web,Tier 1 Tech Hub (Bengaluru/NCR/Hyd),0,4,132.0,0,1,0,0,1,0,0,1,3,21.82,Job-Ready Mid-Level,6.1,1,1,1,1,2.5,1,0,3,53.6,2,-0.17561747932004923,-0.41166638707037034,0.2015721872847931,Cloud & DevOps Infrastructure Architects
CP-2938,1.5,B.Tech/B.E,Tier 2 (Top State/Private),Data Science & AI/ML,Tier 1 Tech Hub (Bengaluru/NCR/Hyd),1,3,221.0,0,1,1,1,0,1,0,0,4,19.39,Job-Ready Mid-Level,9.12,1,2,1,2,3.0,1,0,4,57.1,3,1.4552824022177224,0.19429102349276453,-0.07893019752365864,Emerging Full-Stack & Entry Developers
CP-2939,0.2,MCA,Tier 2 (Top State/Private),Data Science & AI/ML,Remote Global,2,10,15.0,1,1,0,0,0,1,0,0,2,14.69,Junior Associate,10.38,1,1,0,2,2.5,0,1,2,42.8,2,-1.1130099825056672,2.327677583501097,1.7337805747646473,Cloud & DevOps Infrastructure Architects
CP-2940,0.1,B.Tech/B.E,Tier 2 (Top State/Private),Data Analytics & BI,Tier 1 Tech Hub (Bengaluru/NCR/Hyd),1,8,47.0,0,1,1,1,0,0,0,0,3,12.72,Junior Associate,8.27,0,2,1,2,3.0,1,0,3,44.5,1,-0.22110814892405764,0.696980294160469,-1.7847506202007228,Applied AI/ML & Data Science Specialists
CP-2941,0.9,B.Tech/B.E,Tier 2 (Top State/Private),Cloud & DevOps,Tier 1 Tech Hub (Bengaluru/NCR/Hyd),1,7,55.0,1,0,1,0,0,1,1,0,3,15.64,Job-Ready Mid-Level,7.78,1,2,0,2,3.0,1,0,3,47.7,1,0.010486817439756097,0.6207011978613336,1.1887436175541843,Applied AI/ML & Data Science Specialists
CP-2942,3.4,B.Tech/B.E,Tier 3 (Affiliated Colleges),Backend Systems,Tier 1 Tech Hub (Bengaluru/NCR/Hyd),0,1,60.0,1,1,0,1,0,0,1,0,3,20.74,Job-Ready Mid-Level,2.2,0,2,1,1,3.0,1,0,3,46.7,1,-0.8742367071637687,-1.9019919542492485,-1.527130440935608,Applied AI/ML & Data Science Specialists
CP-2943,2.7,Non-CS Degree,Tier 3 (Affiliated Colleges),Data Science & AI/ML,Tier 1 Tech Hub (Bengaluru/NCR/Hyd),0,3,208.0,1,1,1,0,0,0,0,0,2,14.32,Junior Associate,7.3,0,2,0,1,1.0,1,0,2,41.3,1,-1.8578146416078065,0.3938586474762583,-0.28985001701399354,Applied AI/ML & Data Science Specialists
CP-2944,3.4,B.Tech/B.E,Tier 2 (Top State/Private),Data Science & AI/ML,Tier 1 Tech Hub (Bengaluru/NCR/Hyd),0,6,63.0,1,1,1,1,1,0,0,0,4,22.87,Job-Ready Mid-Level,5.78,1,2,1,2,3.0,1,0,4,61.0,3,1.4587807066077183,-0.523432808375419,-0.1349522761250684,Emerging Full-Stack & Entry Developers
CP-2945,1.6,B.Tech/B.E,Tier 3 (Affiliated Colleges),Data Science & AI/ML,Tier 1 Tech Hub (Bengaluru/NCR/Hyd),1,3,147.0,2,1,1,0,0,0,1,0,3,15.33,Job-Ready Mid-Level,7.28,0,3,0,1,3.0,1,0,3,46.2,1,-0.2379908296131592,0.14937286719208764,-0.5239067753175561,Applied AI/ML & Data Science Specialists
CP-2946,1.3,B.Tech/B.E,Tier 3 (Affiliated Colleges),Full Stack Web,Tier 1 Tech Hub (Bengaluru/NCR/Hyd),2,7,27.0,1,1,1,1,0,0,1,1,5,19.62,Job-Ready Mid-Level,8.57,0,3,2,1,3.0,1,0,5,55.2,3,2.680709835578121,-0.21543695761696885,-3.398377806011764,Emerging Full-Stack & Entry Developers
CP-2947,0.4,BCA/B.Sc CS,Tier 3 (Affiliated Colleges),Backend Systems,Tier 2 City,1,3,67.0,1,1,0,0,0,1,0,1,3,9.37,Junior Associate,5.28,1,1,1,1,2.0,0,0,3,33.7,2,-1.1865910157914743,-1.2192387764135912,0.39264009882409995,Cloud & DevOps Infrastructure Architects
CP-2948,0.9,B.Tech/B.E,Tier 2 (Top State/Private),Cloud & DevOps,Tier 1 Tech Hub (Bengaluru/NCR/Hyd),0,2,39.0,1,0,0,0,0,0,0,1,1,12.61,Junior Associate,2.38,0,0,1,2,3.0,1,0,1,30.3,2,-3.9506605494711744,-1.331737428928185,-1.0256391027814618,Cloud & DevOps Infrastructure Architects
CP-2949,1.3,B.Tech/B.E,Tier 2 (Top State/Private),Full Stack Web,Tier 2 City,0,3,141.0,0,0,0,0,0,0,0,0,0,10.12,Junior Associate,5.62,0,0,0,2,3.0,0,0,0,33.6,2,-4.631357322518383,0.6757759229996629,0.45433144029771505,Cloud & DevOps Infrastructure Architects
CP-2950,0.2,B.Tech/B.E,Tier 2 (Top State/Private),Backend Systems,Remote Global,1,3,242.0,3,0,1,0,1,0,0,0,2,17.19,Job-Ready Mid-Level,9.65,1,1,0,2,3.0,0,1,2,43.1,2,-1.2997492559986805,1.1196776251708607,1.9747213382970399,Cloud & DevOps Infrastructure Architects
CP-2951,0.5,B.Tech/B.E,Tier 3 (Affiliated Colleges),Data Analytics & BI,Tier 1 Tech Hub (Bengaluru/NCR/Hyd),1,4,47.0,0,1,0,0,0,0,0,1,2,12.4,Junior Associate,5.48,0,1,1,1,3.0,1,0,2,33.5,2,-2.3008972853370304,-0.41522756323713894,-1.3680104381182179,Cloud & DevOps Infrastructure Architects
CP-2952,2.0,B.Tech/B.E,Tier 1 (IIT/NIT/BITS),Data Science & AI/ML,Tier 1 Tech Hub (Bengaluru/NCR/Hyd),1,4,29.0,0,0,1,0,0,0,1,0,2,19.47,Job-Ready Mid-Level,5.03,0,2,0,3,3.0,1,0,2,48.6,1,-1.4865809954669684,0.2098245112251515,-0.36167353781216977,Applied AI/ML & Data Science Specialists
CP-2953,2.9,B.Tech/B.E,Tier 2 (Top State/Private),Data Analytics & BI,Tier 1 Tech Hub (Bengaluru/NCR/Hyd),1,4,145.0,1,1,1,1,0,0,0,0,3,19.88,Job-Ready Mid-Level,7.92,0,2,1,2,3.0,1,0,3,57.9,1,0.28759930927396793,0.626303222905746,-1.7069632253898113,Applied AI/ML & Data Science Specialists
CP-2954,9.5,M.Tech/M.S,Tier 2 (Top State/Private),Full Stack Web,Tier 1 Tech Hub (Bengaluru/NCR/Hyd),1,4,67.0,0,0,1,0,1,0,0,0,2,37.1,High-Demand Specialist,5.98,1,1,0,2,4.0,1,0,2,64.1,2,-0.3442849540187274,1.192650488769285,1.488467177434883,Cloud & DevOps Infrastructure Architects
CP-2955,6.0,B.Tech/B.E,Tier 2 (Top State/Private),Data Science & AI/ML,Tier 2 City,0,2,359.0,1,1,1,0,0,0,0,0,2,21.95,Job-Ready Mid-Level,10.38,0,2,0,2,3.0,0,0,2,68.3,0,-0.20042133619824493,2.0255274415012905,-0.07020424592108009,Core Systems & Algorithmic Backend Specialists
CP-2956,2.3,B.Tech/B.E,Tier 3 (Affiliated Colleges),Data Science & AI/ML,Tier 2 City,0,1,234.0,0,0,0,0,1,0,1,0,2,15.35,Job-Ready Mid-Level,6.55,1,1,0,1,3.0,0,0,2,44.3,2,-1.709432754525286,-0.1035334859716359,1.8276565943017946,Cloud & DevOps Infrastructure Architects
CP-2957,1.2,B.Tech/B.E,Tier 3 (Affiliated Colleges),Full Stack Web,Tier 1 Tech Hub (Bengaluru/NCR/Hyd),0,1,50.0,2,1,1,1,1,1,0,1,6,19.08,Job-Ready Mid-Level,1.95,2,2,2,1,3.0,1,0,6,47.8,3,2.6489099564393954,-4.107880532246686,0.31501871608164245,Emerging Full-Stack & Entry Developers
CP-2958,2.2,Non-CS Degree,Tier 3 (Affiliated Colleges),Full Stack Web,Tier 1 Tech Hub (Bengaluru/NCR/Hyd),0,4,27.0,2,0,1,1,1,1,0,0,4,16.36,Job-Ready Mid-Level,3.47,2,1,1,1,1.0,1,0,4,40.7,3,0.20892721059764693,-2.1290673701401768,1.7355321597106221,Emerging Full-Stack & Entry Developers
CP-2959,3.4,Non-CS Degree,Tier 3 (Affiliated Colleges),Full Stack Web,Tier 1 Tech Hub (Bengaluru/NCR/Hyd),0,2,0.0,1,1,0,0,1,1,0,0,3,14.26,Junior Associate,1.4,2,1,0,1,1.0,1,0,3,39.1,2,-1.2946915521113533,-2.1293624414111676,3.1411036864323445,Cloud & DevOps Infrastructure Architects
CP-2960,0.3,M.Tech/M.S,Tier 2 (Top State/Private),Data Science & AI/ML,Tier 1 Tech Hub (Bengaluru/NCR/Hyd),0,1,71.0,0,1,0,0,0,0,0,0,1,10.65,Junior Associate,2.47,0,1,0,2,4.0,1,0,1,30.6,2,-3.9167286943713133,-1.0310542409111028,0.13009997000786147,Cloud & DevOps Infrastructure Architects
CP-2961,1.2,B.Tech/B.E,Tier 2 (Top State/Private),Data Analytics & BI,Tier 2 City,2,4,122.0,0,1,1,1,0,0,0,0,3,11.48,Junior Associate,8.85,0,2,1,2,3.0,0,0,3,51.0,1,0.06080429500323636,0.8697127343887413,-1.5785117783148916,Applied AI/ML & Data Science Specialists
CP-2962,4.0,B.Tech/B.E,Tier 2 (Top State/Private),Backend Systems,Tier 1 Tech Hub (Bengaluru/NCR/Hyd),1,5,21.0,2,1,1,1,0,1,0,0,4,22.66,Job-Ready Mid-Level,5.52,1,2,1,2,3.0,1,0,4,63.6,3,1.596348802908895,-0.4110063707133035,-0.14509545653870945,Emerging Full-Stack & Entry Developers
CP-2963,1.1,B.Tech/B.E,Tier 1 (IIT/NIT/BITS),Data Analytics & BI,Tier 1 Tech Hub (Bengaluru/NCR/Hyd),1,2,215.0,0,1,1,0,0,1,0,0,3,19.02,Job-Ready Mid-Level,8.28,1,2,0,3,3.0,1,0,3,53.7,1,0.07664397252695812,0.5115130925824339,1.284844175161953,Applied AI/ML & Data Science Specialists
CP-2964,1.9,B.Tech/B.E,Tier 2 (Top State/Private),Full Stack Web,Tier 2 City,2,6,35.0,0,1,1,1,0,1,1,0,5,18.33,Job-Ready Mid-Level,8.07,1,3,1,2,3.0,0,0,5,61.5,3,2.9334101842369242,-0.02116638504378984,-0.29985936352377046,Emerging Full-Stack & Entry Developers
CP-2965,1.9,B.Tech/B.E,Tier 3 (Affiliated Colleges),Data Science & AI/ML,Tier 1 Tech Hub (Bengaluru/NCR/Hyd),0,3,370.0,3,1,1,0,0,0,1,0,3,19.11,Job-Ready Mid-Level,11.35,0,3,0,1,3.0,1,0,3,54.5,1,0.4706918752918394,1.3367031641182483,-0.47241545570375604,Applied AI/ML & Data Science Specialists
CP-2966,0.4,M.Tech/M.S,Tier 2 (Top State/Private),Data Science & AI/ML,Tier 1 Tech Hub (Bengaluru/NCR/Hyd),2,5,0.0,1,1,1,0,0,1,0,0,3,14.33,Junior Associate,6.5,1,2,0,2,4.0,1,0,3,46.2,1,-0.1855811159500475,0.2770413165686791,1.2257627543034193,Applied AI/ML & Data Science Specialists
CP-2967,1.0,MCA,Tier 3 (Affiliated Colleges),Data Science & AI/ML,Tier 1 Tech Hub (Bengaluru/NCR/Hyd),1,4,247.0,0,0,1,0,1,0,0,1,3,19.38,Job-Ready Mid-Level,10.48,1,1,1,1,2.5,1,0,3,46.9,2,-0.020950783801394025,0.7746912009409302,0.15627986910308914,Cloud & DevOps Infrastructure Architects
CP-2968,0.9,MCA,Tier 2 (Top State/Private),Cloud & DevOps,Tier 1 Tech Hub (Bengaluru/NCR/Hyd),1,2,129.0,2,0,1,0,0,0,0,0,1,11.54,Junior Associate,6.12,0,1,0,2,2.5,1,0,1,35.0,2,-3.260368753790123,0.45322812942348734,-0.03144102881321957,Cloud & DevOps Infrastructure Architects
CP-2969,0.1,B.Tech/B.E,Tier 1 (IIT/NIT/BITS),Cloud & DevOps,Tier 2 City,1,3,0.0,1,1,1,0,0,1,1,0,4,12.09,Junior Associate,3.6,1,3,0,3,3.0,0,0,4,45.0,1,0.5270722487277506,-1.6078208470269142,1.2059943111877895,Applied AI/ML & Data Science Specialists
CP-2970,0.1,BCA/B.Sc CS,Tier 1 (IIT/NIT/BITS),Cloud & DevOps,Remote Global,0,1,50.0,0,1,1,1,1,1,0,0,5,18.35,Job-Ready Mid-Level,1.95,2,2,1,3,2.0,0,1,5,43.3,3,1.2009130438858777,-3.3937629614641125,2.0160986634036195,Emerging Full-Stack & Entry Developers
CP-2971,3.9,B.Tech/B.E,Tier 2 (Top State/Private),Cloud & DevOps,Tier 1 Tech Hub (Bengaluru/NCR/Hyd),3,5,249.0,0,1,0,1,1,1,0,0,4,29.09,High-Demand Specialist,14.22,2,1,1,2,3.0,1,0,4,77.6,0,3.087904858109239,2.960295340658665,1.501396327701311,Core Systems & Algorithmic Backend Specialists
CP-2972,0.7,B.Tech/B.E,Tier 2 (Top State/Private),Full Stack Web,Remote Global,0,4,54.0,1,1,0,0,0,1,1,0,3,16.2,Job-Ready Mid-Level,4.15,1,2,0,2,3.0,0,1,3,40.6,1,-0.8553596760346424,-1.18821343679403,1.7985820281830334,Applied AI/ML & Data Science Specialists
CP-2973,1.6,M.Tech/M.S,Tier 1 (IIT/NIT/BITS),Full Stack Web,Tier 1 Tech Hub (Bengaluru/NCR/Hyd),0,1,30.0,1,1,1,1,1,1,1,0,6,23.06,Job-Ready Mid-Level,1.45,2,3,1,3,4.0,1,0,6,60.4,3,3.313381094501131,-3.5353615823065567,1.3650037193969609,Emerging Full-Stack & Entry Developers
CP-2974,0.8,B.Tech/B.E,Tier 2 (Top State/Private),Cloud & DevOps,Tier 2 City,0,1,231.0,0,0,1,1,0,1,1,0,4,12.28,Junior Associate,6.48,1,2,1,2,3.0,0,0,4,49.2,3,0.7758329547486394,-1.351510072939827,0.23122057136233393,Emerging Full-Stack & Entry Developers
CP-2975,6.2,B.Tech/B.E,Tier 2 (Top State/Private),Full Stack Web,Remote Global,0,5,3.0,0,0,1,0,0,0,0,0,1,26.22,High-Demand Specialist,3.58,0,1,0,2,3.0,0,1,1,52.8,2,-2.5843971332631077,0.38438835677876365,0.4037380416492532,Cloud & DevOps Infrastructure Architects
CP-2976,0.7,B.Tech/B.E,Tier 2 (Top State/Private),Data Science & AI/ML,Tier 1 Tech Hub (Bengaluru/NCR/Hyd),0,1,62.0,1,1,0,1,1,0,0,0,3,13.15,Junior Associate,2.25,1,1,1,2,3.0,1,0,3,37.5,2,-1.3025778279650162,-2.2309006567244056,0.2774979594785222,Cloud & DevOps Infrastructure Architects
CP-2977,1.2,BCA/B.Sc CS,Tier 3 (Affiliated Colleges),Full Stack Web,Tier 2 City,0,3,149.0,1,1,1,0,1,0,0,0,3,10.17,Junior Associate,5.82,1,2,0,1,2.0,0,0,3,38.6,1,-0.8693387482632625,-0.7850508255164492,1.505671032442192,Applied AI/ML & Data Science Specialists
CP-2978,4.5,M.Tech/M.S,Tier 3 (Affiliated Colleges),Data Science & AI/ML,Tier 1 Tech Hub (Bengaluru/NCR/Hyd),0,4,147.0,2,1,1,1,0,0,0,0,3,21.2,Job-Ready Mid-Level,6.48,0,2,1,1,4.0,1,0,3,62.5,1,0.39738268445743025,0.10447281804875917,-1.578565888056927,Applied AI/ML & Data Science Specialists
CP-2979,4.1,B.Tech/B.E,Tier 2 (Top State/Private),Data Science & AI/ML,Tier 1 Tech Hub (Bengaluru/NCR/Hyd),2,3,43.0,2,0,1,1,1,0,0,0,3,24.75,High-Demand Specialist,6.18,1,1,1,2,3.0,1,0,3,61.0,2,0.41905828313607923,0.2644904495170208,0.05543016106822002,Cloud & DevOps Infrastructure Architects
CP-2980,0.5,M.Tech/M.S,Tier 3 (Affiliated Colleges),Data Analytics & BI,Tier 2 City,0,3,63.0,2,1,1,0,1,0,0,0,3,7.57,Entry-Level Learner,3.68,1,2,0,1,4.0,0,0,3,37.8,1,-0.9641752401919339,-1.4766952537329563,1.5970758140161727,Applied AI/ML & Data Science Specialists
CP-2981,3.6,B.Tech/B.E,Tier 3 (Affiliated Colleges),Data Analytics & BI,Remote Global,0,2,148.0,1,1,1,1,0,0,0,0,3,22.68,Job-Ready Mid-Level,5.1,0,2,1,1,3.0,0,1,3,52.5,1,-0.35890605644700296,-0.8612959192731477,-1.0931072271848608,Applied AI/ML & Data Science Specialists
CP-2982,1.3,B.Tech/B.E,Tier 3 (Affiliated Colleges),Data Science & AI/ML,Remote Global,1,4,56.0,1,1,0,0,0,0,1,0,2,15.55,Job-Ready Mid-Level,5.7,0,2,0,1,3.0,0,1,2,37.9,1,-1.9613881045093604,0.0448580514046353,0.16425390152229663,Applied AI/ML & Data Science Specialists
CP-2983,1.5,M.Tech/M.S,Tier 2 (Top State/Private),Data Science & AI/ML,Tier 2 City,3,5,152.0,0,1,1,0,0,0,0,0,2,15.43,Job-Ready Mid-Level,11.8,0,2,0,2,4.0,0,0,2,56.3,0,-0.4046325544517101,2.9662817299620756,-0.2768659980882426,Core Systems & Algorithmic Backend Specialists
CP-2984,0.3,BCA/B.Sc CS,Tier 1 (IIT/NIT/BITS),Data Analytics & BI,Tier 1 Tech Hub (Bengaluru/NCR/Hyd),0,2,25.0,0,1,0,1,1,0,0,0,3,14.39,Junior Associate,2.02,1,1,1,3,2.0,1,0,3,36.1,2,-1.4332766801289214,-2.2100742328556104,0.18278722379847198,Cloud & DevOps Infrastructure Architects
CP-2985,0.2,Non-CS Degree,Tier 3 (Affiliated Colleges),Data Science & AI/ML,Tier 1 Tech Hub (Bengaluru/NCR/Hyd),0,3,229.0,1,1,1,0,0,0,0,0,2,8.72,Entry-Level Learner,7.82,0,2,0,1,1.0,1,0,2,29.7,1,-2.36604640665102,0.15829818025062106,-0.26736669757075526,Applied AI/ML & Data Science Specialists
CP-2986,2.9,B.Tech/B.E,Tier 2 (Top State/Private),Full Stack Web,Remote Global,3,7,71.0,1,0,1,0,0,0,0,1,2,26.66,High-Demand Specialist,11.18,0,1,1,2,3.0,0,1,2,59.2,0,-0.30908952933481015,2.682435774129949,-1.1859876058648147,Core Systems & Algorithmic Backend Specialists
CP-2987,1.5,BCA/B.Sc CS,Tier 3 (Affiliated Colleges),Data Science & AI/ML,Tier 1 Tech Hub (Bengaluru/NCR/Hyd),0,5,60.0,1,1,0,1,0,0,0,1,3,17.08,Job-Ready Mid-Level,5.0,0,1,2,1,2.0,1,0,3,38.8,2,-1.0197774652981548,-1.2593049113746602,-2.7414414212133273,Cloud & DevOps Infrastructure Architects
CP-2988,1.3,BCA/B.Sc CS,Tier 3 (Affiliated Colleges),Data Science & AI/ML,Tier 2 City,1,3,0.0,1,0,1,1,1,0,0,0,3,8.66,Entry-Level Learner,3.6,1,1,1,1,2.0,0,0,3,35.4,2,-1.1702678163483395,-1.5437855055398895,0.3322485200367056,Cloud & DevOps Infrastructure Architects
CP-2989,2.9,MCA,Tier 2 (Top State/Private),Data Analytics & BI,Tier 1 Tech Hub (Bengaluru/NCR/Hyd),0,3,42.0,0,0,1,0,0,0,0,0,1,14.11,Junior Associate,3.15,0,1,0,2,2.5,1,0,1,40.1,2,-3.3709204386781395,-0.34744044960718257,-0.0012211884067400746,Cloud & DevOps Infrastructure Architects
CP-2990,3.2,B.Tech/B.E,Tier 2 (Top State/Private),Data Analytics & BI,Tier 2 City,3,7,20.0,0,0,1,1,0,1,0,1,4,20.84,Job-Ready Mid-Level,9.9,1,1,2,2,3.0,0,0,4,66.9,3,2.210627285074319,1.200261892212449,-1.2376802534468232,Emerging Full-Stack & Entry Developers
CP-2991,0.4,M.Tech/M.S,Tier 2 (Top State/Private),Data Science & AI/ML,Tier 1 Tech Hub (Bengaluru/NCR/Hyd),3,8,46.0,2,0,0,1,1,1,0,0,3,19.96,Job-Ready Mid-Level,11.25,2,0,1,2,4.0,1,0,3,54.1,0,0.7947926256852228,2.131313532984388,1.7578396982952111,Core Systems & Algorithmic Backend Specialists
CP-2992,2.1,BCA/B.Sc CS,Tier 2 (Top State/Private),Full Stack Web,Remote Global,2,5,0.0,0,1,1,1,0,0,0,0,3,19.08,Job-Ready Mid-Level,6.5,0,2,1,2,2.0,0,1,3,48.4,1,-0.2834880620841271,0.20811319689525193,-1.3668604634689347,Applied AI/ML & Data Science Specialists
CP-2993,0.3,B.Tech/B.E,Tier 2 (Top State/Private),Data Science & AI/ML,Tier 1 Tech Hub (Bengaluru/NCR/Hyd),0,4,131.0,0,1,0,0,1,0,1,1,4,16.72,Job-Ready Mid-Level,6.07,1,2,1,2,3.0,1,0,4,46.0,3,0.6813546830950507,-1.2653455253737107,-0.03611667996670395,Emerging Full-Stack & Entry Developers
CP-2994,3.1,B.Tech/B.E,Tier 2 (Top State/Private),Data Science & AI/ML,Remote Global,1,2,212.0,2,0,1,1,1,1,1,0,5,31.0,High-Demand Specialist,8.2,2,2,1,2,3.0,0,1,5,67.7,3,3.163461028112422,-0.5755793704862662,1.9464816297969796,Emerging Full-Stack & Entry Developers
CP-2995,2.4,B.Tech/B.E,Tier 2 (Top State/Private),Backend Systems,Tier 1 Tech Hub (Bengaluru/NCR/Hyd),0,1,8.0,0,1,0,1,0,1,0,0,3,15.95,Job-Ready Mid-Level,0.9,1,1,1,2,3.0,1,0,3,43.7,2,-1.186477753124851,-2.435600945461935,0.3009846015292167,Cloud & DevOps Infrastructure Architects
CP-2996,6.9,BCA/B.Sc CS,Tier 2 (Top State/Private),Cloud & DevOps,Tier 1 Tech Hub (Bengaluru/NCR/Hyd),2,7,4.0,0,1,0,1,0,0,0,0,2,27.44,High-Demand Specialist,8.0,0,1,1,2,2.0,1,0,2,61.2,0,-0.5223966976435015,2.025277171504516,-1.666501604528813,Core Systems & Algorithmic Backend Specialists
CP-2997,0.2,MCA,Tier 3 (Affiliated Colleges),Full Stack Web,Tier 2 City,2,6,226.0,1,1,1,1,0,0,0,1,4,12.48,Junior Associate,12.85,0,2,2,1,2.5,0,0,4,51.1,0,1.586041909379601,1.3189982755417373,-2.956058786729148,Core Systems & Algorithmic Backend Specialists
CP-2998,0.1,BCA/B.Sc CS,Tier 1 (IIT/NIT/BITS),Data Analytics & BI,Tier 2 City,1,5,33.0,0,0,0,1,0,1,0,0,2,12.44,Junior Associate,5.82,1,0,1,3,2.0,0,0,2,37.3,2,-2.0650173530701683,-0.09798147102571961,0.499312853251066,Cloud & DevOps Infrastructure Architects
CP-2999,0.7,BCA/B.Sc CS,Tier 3 (Affiliated Colleges),Data Analytics & BI,Remote Global,1,3,64.0,0,0,1,0,0,1,1,1,4,20.8,Job-Ready Mid-Level,5.2,1,2,1,1,2.0,0,1,4,39.2,3,0.2597180413837598,-1.7432204917673564,0.41925355901292877,Emerging Full-Stack & Entry Developers
CP-3000,0.7,B.Tech/B.E,Tier 3 (Affiliated Colleges),Data Analytics & BI,Tier 1 Tech Hub (Bengaluru/NCR/Hyd),0,1,34.0,1,1,1,0,0,0,0,1,3,9.77,Junior Associate,1.55,0,2,1,1,3.0,1,0,3,32.1,1,-1.6550622973051052,-2.702454840576354,-1.4610029040313013,Applied AI/ML & Data Science Specialists
CP-3001,0.6,B.Tech/B.E,Tier 2 (Top State/Private),Data Science & AI/ML,Tier 1 Tech Hub (Bengaluru/NCR/Hyd),1,4,63.0,0,0,0,1,0,1,0,0,2,14.05,Junior Associate,5.88,1,0,1,2,3.0,1,0,2,38.8,2,-1.9703421772708591,-0.12961757551003236,0.4129771456154176,Cloud & DevOps Infrastructure Architects
CP-3002,5.2,B.Tech/B.E,Tier 3 (Affiliated Colleges),Data Science & AI/ML,Tier 1 Tech Hub (Bengaluru/NCR/Hyd),1,2,3.0,1,1,0,1,0,0,0,0,2,20.02,Job-Ready Mid-Level,2.97,0,1,1,1,3.0,1,0,2,51.8,2,-1.653090701251056,-0.5859713370281736,-1.3803943794692652,Cloud & DevOps Infrastructure Architects
CP-3003,0.6,B.Tech/B.E,Tier 2 (Top State/Private),Cloud & DevOps,Tier 1 Tech Hub (Bengaluru/NCR/Hyd),1,3,154.0,3,1,1,0,0,0,0,0,2,11.55,Junior Associate,7.45,0,2,0,2,3.0,1,0,2,41.5,1,-1.6102579341928278,0.6151918494240224,-0.29243637592300714,Applied AI/ML & Data Science Specialists
CP-3004,0.7,B.Tech/B.E,Tier 3 (Affiliated Colleges),Full Stack Web,Remote Global,1,5,25.0,2,1,1,0,0,0,1,0,3,14.77,Junior Associate,5.62,0,3,0,1,3.0,0,1,3,38.9,1,-0.6756829107513523,-0.4257339884500829,-0.10243154883023017,Applied AI/ML & Data Science Specialists
CP-3005,3.1,B.Tech/B.E,Tier 2 (Top State/Private),Backend Systems,Tier 1 Tech Hub (Bengaluru/NCR/Hyd),0,6,115.0,1,0,0,0,0,1,0,1,2,21.88,Job-Ready Mid-Level,7.07,1,0,1,2,3.0,1,0,2,53.3,2,-1.151838369001765,0.5223885726515183,0.42768339731303795,Cloud & DevOps Infrastructure Architects
CP-3006,1.3,B.Tech/B.E,Tier 2 (Top State/Private),Cloud & DevOps,Tier 1 Tech Hub (Bengaluru/NCR/Hyd),2,5,65.0,0,1,1,0,1,0,0,0,3,17.59,Job-Ready Mid-Level,8.12,1,2,0,2,3.0,1,0,3,50.2,0,0.09393563866644974,0.9308616296208234,1.1379099380873552,Core Systems & Algorithmic Backend Specialists
CP-3007,3.3,B.Tech/B.E,Tier 2 (Top State/Private),Backend Systems,Tier 1 Tech Hub (Bengaluru/NCR/Hyd),2,4,66.0,0,1,0,0,0,1,0,0,2,22.25,Job-Ready Mid-Level,7.45,1,1,0,2,3.0,1,0,2,55.0,2,-0.9759105358264962,1.3458463167092536,1.4284845397743242,Cloud & DevOps Infrastructure Architects
CP-3008,0.1,B.Tech/B.E,Tier 2 (Top State/Private),Data Science & AI/ML,Tier 1 Tech Hub (Bengaluru/NCR/Hyd),3,4,34.0,0,1,0,1,0,0,0,0,2,12.2,Junior Associate,8.15,0,1,1,2,3.0,1,0,2,40.1,2,-1.619977264997619,1.1603609724822794,-1.5667305011532784,Cloud & DevOps Infrastructure Architects
CP-3009,1.5,B.Tech/B.E,Tier 2 (Top State/Private),Backend Systems,Tier 1 Tech Hub (Bengaluru/NCR/Hyd),1,3,205.0,0,1,1,0,1,0,0,0,3,16.93,Job-Ready Mid-Level,8.72,1,2,0,2,3.0,1,0,3,52.2,0,0.10736591033399362,0.7249992084959662,1.2526044145494384,Core Systems & Algorithmic Backend Specialists
CP-3010,0.1,B.Tech/B.E,Tier 2 (Top State/Private),Full Stack Web,Tier 1 Tech Hub (Bengaluru/NCR/Hyd),1,6,51.0,0,1,0,0,1,1,0,1,4,18.01,Job-Ready Mid-Level,6.98,2,1,1,2,3.0,1,0,4,46.5,3,0.8888688068287782,-0.6178615387503208,1.6934730951577937,Emerging Full-Stack & Entry Developers
CP-3011,0.1,Non-CS Degree,Tier 2 (Top State/Private),Backend Systems,Tier 1 Tech Hub (Bengaluru/NCR/Hyd),0,3,1.0,0,1,0,1,1,0,0,0,3,9.98,Junior Associate,2.12,1,1,1,2,1.0,1,0,3,28.0,2,-1.8229595125868923,-2.316928075766572,0.1531469548792899,Cloud & DevOps Infrastructure Architects
CP-3012,5.2,MCA,Tier 1 (IIT/NIT/BITS),Data Science & AI/ML,Tier 1 Tech Hub (Bengaluru/NCR/Hyd),3,4,68.0,1,1,1,1,1,1,0,0,5,31.94,High-Demand Specialist,9.0,2,2,1,3,2.5,1,0,5,81.1,0,3.980762229151641,0.933563590446821,1.230992631882852,Core Systems & Algorithmic Backend Specialists
CP-3013,0.3,M.Tech/M.S,Tier 1 (IIT/NIT/BITS),Full Stack Web,Remote Global,1,6,28.0,0,1,1,0,0,0,0,1,3,19.34,Job-Ready Mid-Level,6.4,0,2,1,3,4.0,0,1,3,49.7,1,-0.18033864385570225,-0.09946255968523937,-1.2363104743909805,Applied AI/ML & Data Science Specialists
CP-3014,1.7,B.Tech/B.E,Tier 2 (Top State/Private),Data Analytics & BI,Tier 1 Tech Hub (Bengaluru/NCR/Hyd),1,5,1.0,1,0,0,1,0,1,0,0,2,14.56,Junior Associate,5.03,1,0,1,2,3.0,1,0,2,42.9,2,-1.7791665026326524,-0.135460465302609,0.37856826551818273,Cloud & DevOps Infrastructure Architects
CP-3015,1.2,M.Tech/M.S,Tier 1 (IIT/NIT/BITS),Full Stack Web,Tier 1 Tech Hub (Bengaluru/NCR/Hyd),1,3,63.0,1,1,1,0,1,0,1,1,5,25.73,High-Demand Specialist,5.18,1,3,1,3,4.0,1,0,5,60.5,3,2.5837674737244054,-1.5213381599448645,-0.32425088725559736,Emerging Full-Stack & Entry Developers
CP-3016,0.9,M.Tech/M.S,Tier 1 (IIT/NIT/BITS),Full Stack Web,Remote Global,2,4,67.0,2,0,1,0,1,1,1,0,4,28.99,High-Demand Specialist,7.48,2,2,0,3,4.0,0,1,4,58.6,3,1.7355348203648142,0.10555597665420886,3.2224001840021046,Emerging Full-Stack & Entry Developers
CP-3017,5.1,M.Tech/M.S,Tier 3 (Affiliated Colleges),Backend Systems,Tier 2 City,0,2,336.0,1,0,1,1,1,0,0,0,3,21.39,Job-Ready Mid-Level,9.8,1,1,1,1,4.0,0,0,3,70.5,0,1.022206789409638,0.9824095246095532,0.44998468614222586,Core Systems & Algorithmic Backend Specialists
CP-3018,0.0,B.Tech/B.E,Tier 1 (IIT/NIT/BITS),Full Stack Web,Remote Global,0,4,32.0,0,1,1,1,0,0,0,0,3,15.45,Job-Ready Mid-Level,3.6,0,2,1,3,3.0,0,1,3,40.4,1,-1.028620703087413,-1.482527278154329,-1.1744148778375783,Applied AI/ML & Data Science Specialists
CP-3019,2.4,BCA/B.Sc CS,Tier 3 (Affiliated Colleges),Cloud & DevOps,Remote Global,1,4,127.0,0,1,1,1,0,0,0,1,4,22.56,Job-Ready Mid-Level,7.48,0,2,2,1,2.0,0,1,4,51.6,3,0.954511426755761,-0.6516696847128925,-2.5839993140862743,Emerging Full-Stack & Entry Developers
CP-3020,7.3,MCA,Tier 2 (Top State/Private),Data Science & AI/ML,Tier 1 Tech Hub (Bengaluru/NCR/Hyd),2,8,65.0,1,1,1,1,0,0,0,0,3,31.05,High-Demand Specialist,10.22,0,2,1,2,2.5,1,0,3,70.7,0,1.4081666599941505,2.494927561621346,-1.9264867908126884,Core Systems & Algorithmic Backend Specialists
CP-3021,1.8,BCA/B.Sc CS,Tier 3 (Affiliated Colleges),Data Analytics & BI,Tier 2 City,1,1,0.0,0,0,1,1,0,0,0,0,2,8.56,Entry-Level Learner,2.2,0,1,1,1,2.0,0,0,2,31.4,2,-2.78436373191437,-1.6602745816661009,-1.172560998739404,Cloud & DevOps Infrastructure Architects
CP-3022,6.1,BCA/B.Sc CS,Tier 2 (Top State/Private),Cloud & DevOps,Tier 1 Tech Hub (Bengaluru/NCR/Hyd),1,4,376.0,0,1,1,1,1,1,0,1,6,35.35,High-Demand Specialist,13.7,2,2,2,2,2.0,1,0,6,87.4,0,5.647530328095749,1.1662888968281113,0.026039840311937245,Core Systems & Algorithmic Backend Specialists
CP-3023,0.1,B.Tech/B.E,Tier 2 (Top State/Private),Full Stack Web,Tier 1 Tech Hub (Bengaluru/NCR/Hyd),1,6,134.0,1,1,1,1,0,0,0,0,3,13.11,Junior Associate,9.05,0,2,1,2,3.0,1,0,3,45.8,1,-0.12597300925923283,0.751293703370396,-1.735364731100541,Applied AI/ML & Data Science Specialists
CP-3024,1.2,B.Tech/B.E,Tier 2 (Top State/Private),Data Science & AI/ML,Tier 2 City,1,3,139.0,0,0,0,1,0,0,0,0,1,11.07,Junior Associate,7.07,0,0,1,2,3.0,0,0,1,39.7,2,-3.0407354729290246,0.7497743480983902,-0.9811105279293304,Cloud & DevOps Infrastructure Architects
CP-3025,0.7,B.Tech/B.E,Tier 2 (Top State/Private),Cloud & DevOps,Tier 1 Tech Hub (Bengaluru/NCR/Hyd),1,2,129.0,1,0,0,1,0,0,0,0,1,13.1,Junior Associate,6.12,0,0,1,2,3.0,1,0,1,35.6,2,-3.307947649397088,0.2698222019936503,-1.1288792666182286,Cloud & DevOps Infrastructure Architects
CP-3026,2.9,BCA/B.Sc CS,Tier 2 (Top State/Private),Data Science & AI/ML,Tier 2 City,1,3,351.0,0,1,1,1,0,0,0,0,3,16.44,Job-Ready Mid-Level,12.38,0,2,1,2,2.0,0,0,3,62.2,0,0.7488577824107946,1.9272061901122997,-1.5520362754284476,Core Systems & Algorithmic Backend Specialists
CP-3027,8.8,B.Tech/B.E,Tier 1 (IIT/NIT/BITS),Data Science & AI/ML,Tier 2 City,0,2,70.0,2,1,1,1,1,1,0,1,6,31.86,High-Demand Specialist,3.15,2,2,2,3,3.0,0,0,6,77.1,3,4.404641507355595,-2.510866992686065,0.35738899353839493,Emerging Full-Stack & Entry Developers
CP-3028,0.7,B.Tech/B.E,Tier 3 (Affiliated Colleges),Cloud & DevOps,Tier 1 Tech Hub (Bengaluru/NCR/Hyd),2,3,3.0,0,1,1,0,0,0,0,1,3,13.81,Junior Associate,5.18,0,2,1,1,3.0,1,0,3,38.2,1,-0.8950997970031187,-0.793524788644622,-1.656024595126803,Applied AI/ML & Data Science Specialists
CP-3029,2.3,B.Tech/B.E,Tier 2 (Top State/Private),Data Science & AI/ML,Remote Global,1,6,2.0,2,1,1,1,0,0,0,1,4,21.51,Job-Ready Mid-Level,5.75,0,2,2,2,3.0,0,1,4,55.5,3,1.1763275872505745,-0.8425103639131338,-2.6252923863517483,Emerging Full-Stack & Entry Developers
CP-3030,0.5,B.Tech/B.E,Tier 2 (Top State/Private),Data Science & AI/ML,Tier 1 Tech Hub (Bengaluru/NCR/Hyd),2,4,122.0,0,1,1,0,1,1,1,0,5,20.22,Job-Ready Mid-Level,8.85,2,3,0,2,3.0,1,0,5,55.8,3,2.758941363313064,-0.005027111717533107,2.504337193642749,Emerging Full-Stack & Entry Developers
CP-3031,1.8,B.Tech/B.E,Tier 3 (Affiliated Colleges),Cloud & DevOps,Tier 1 Tech Hub (Bengaluru/NCR/Hyd),0,2,150.0,1,1,0,0,1,0,0,1,3,17.64,Job-Ready Mid-Level,5.15,1,1,1,1,3.0,1,0,3,43.6,2,-0.7420860941458753,-1.2334721140413818,0.2948744590968335,Cloud & DevOps Infrastructure Architects
CP-3032,1.4,BCA/B.Sc CS,Tier 2 (Top State/Private),Data Science & AI/ML,Remote Global,0,2,139.0,0,1,1,1,1,0,0,0,4,17.39,Job-Ready Mid-Level,4.88,1,2,1,2,2.0,0,1,4,46.4,3,0.45560675664579203,-1.7126207754690228,0.4114382726273836,Emerging Full-Stack & Entry Developers
CP-3033,7.9,M.Tech/M.S,Tier 3 (Affiliated Colleges),Full Stack Web,Tier 1 Tech Hub (Bengaluru/NCR/Hyd),2,7,0.0,1,1,1,1,1,1,1,1,7,41.27,High-Demand Specialist,7.9,2,3,2,1,4.0,1,0,7,79.8,3,6.444309942022634,-0.6616599870878989,-0.2405970444342771,Emerging Full-Stack & Entry Developers
CP-3034,2.1,B.Tech/B.E,Tier 2 (Top State/Private),Data Science & AI/ML,Tier 2 City,0,2,357.0,0,1,0,0,0,1,0,0,2,14.17,Junior Associate,10.32,1,1,0,2,3.0,0,0,2,53.7,2,-0.9986385560952799,1.408918520800092,1.7976640720524537,Cloud & DevOps Infrastructure Architects
CP-3035,0.9,B.Tech/B.E,Tier 3 (Affiliated Colleges),Cloud & DevOps,Tier 1 Tech Hub (Bengaluru/NCR/Hyd),1,3,69.0,2,1,1,1,0,0,0,1,4,14.6,Junior Associate,5.32,0,2,2,1,3.0,1,0,4,43.6,3,0.4904593158918743,-1.5907267615903091,-2.9582816645177155,Emerging Full-Stack & Entry Developers
CP-3036,0.3,B.Tech/B.E,Tier 1 (IIT/NIT/BITS),Cloud & DevOps,Tier 1 Tech Hub (Bengaluru/NCR/Hyd),1,5,126.0,1,1,1,0,0,0,0,0,2,14.61,Junior Associate,8.15,0,2,0,3,3.0,1,0,2,45.3,1,-1.3711850981484042,1.1486589612358278,-0.3771036057318057,Applied AI/ML & Data Science Specialists
CP-3037,0.4,MCA,Tier 3 (Affiliated Colleges),Data Analytics & BI,Tier 2 City,2,8,28.0,0,1,0,1,1,0,0,1,4,11.28,Junior Associate,9.3,1,1,2,1,2.5,0,0,4,46.1,3,1.1086419484724723,0.32598975248073836,-1.1964825240550863,Emerging Full-Stack & Entry Developers
CP-3038,0.6,B.Tech/B.E,Tier 3 (Affiliated Colleges),Data Science & AI/ML,Tier 1 Tech Hub (Bengaluru/NCR/Hyd),0,7,343.0,0,1,1,1,0,1,0,0,4,17.44,Job-Ready Mid-Level,13.47,1,2,1,1,3.0,1,0,4,55.7,0,1.824685148623898,1.5566753295148474,-0.0861896634188777,Core Systems & Algorithmic Backend Specialists
CP-3039,0.6,B.Tech/B.E,Tier 2 (Top State/Private),Data Science & AI/ML,Tier 1 Tech Hub (Bengaluru/NCR/Hyd),0,5,56.0,1,1,1,1,1,0,0,0,4,15.6,Job-Ready Mid-Level,4.9,1,2,1,2,3.0,1,0,4,45.5,3,0.6137189368325476,-1.3860965243614307,-0.07946055291325127,Emerging Full-Stack & Entry Developers
CP-3040,4.2,B.Tech/B.E,Tier 1 (IIT/NIT/BITS),Data Science & AI/ML,Tier 1 Tech Hub (Bengaluru/NCR/Hyd),2,8,60.0,0,1,1,0,0,0,0,0,2,25.47,High-Demand Specialist,10.1,0,2,0,3,3.0,1,0,2,68.0,0,0.0062551874190756,2.998588505089031,-0.5641164041622156,Core Systems & Algorithmic Backend Specialists
CP-3041,1.8,BCA/B.Sc CS,Tier 2 (Top State/Private),Full Stack Web,Remote Global,1,6,363.0,1,1,1,1,0,0,1,0,4,25.04,High-Demand Specialist,14.77,0,3,1,2,2.0,0,1,4,64.9,0,2.402352107274537,2.379470438513199,-1.6045963780562686,Core Systems & Algorithmic Backend Specialists
CP-3042,1.6,MCA,Tier 3 (Affiliated Colleges),Backend Systems,Tier 1 Tech Hub (Bengaluru/NCR/Hyd),0,4,246.0,1,1,1,0,0,1,0,0,3,14.74,Junior Associate,8.95,1,2,0,1,2.5,1,0,3,47.4,1,-0.15366877558069872,0.4788787079766326,1.3409999020430385,Applied AI/ML & Data Science Specialists
CP-3043,0.3,MCA,Tier 2 (Top State/Private),Data Science & AI/ML,Remote Global,0,2,3.0,0,1,0,0,0,1,0,1,3,12.69,Junior Associate,1.48,1,1,1,2,2.5,0,1,3,32.6,2,-1.6816070643302803,-2.724578926370966,0.7615758771676855,Cloud & DevOps Infrastructure Architects
CP-3044,4.3,BCA/B.Sc CS,Tier 2 (Top State/Private),Data Science & AI/ML,Tier 1 Tech Hub (Bengaluru/NCR/Hyd),3,6,252.0,1,1,1,0,1,1,0,1,5,32.25,High-Demand Specialist,15.0,2,2,1,2,2.0,1,0,5,81.9,0,4.548958338587245,2.7371943241281844,1.2110762453611286,Core Systems & Algorithmic Backend Specialists
CP-3045,2.8,B.Tech/B.E,Tier 1 (IIT/NIT/BITS),Data Science & AI/ML,Tier 2 City,0,3,133.0,0,1,1,0,0,0,1,0,3,16.16,Job-Ready Mid-Level,5.42,0,3,0,3,3.0,0,0,3,57.4,1,-0.0017552924053012703,-0.2705291742784539,-0.35035661018081876,Applied AI/ML & Data Science Specialists
CP-3046,0.2,B.Tech/B.E,Tier 2 (Top State/Private),Cloud & DevOps,Remote Global,1,5,19.0,1,1,1,1,0,0,1,1,5,19.72,Job-Ready Mid-Level,5.48,0,3,2,2,3.0,0,1,5,48.7,3,1.9599611529068564,-1.8216662831808321,-2.834937100113974,Emerging Full-Stack & Entry Developers
CP-3047,2.7,B.Tech/B.E,Tier 2 (Top State/Private),Cloud & DevOps,Tier 1 Tech Hub (Bengaluru/NCR/Hyd),1,6,0.0,1,1,1,1,1,1,0,0,5,21.6,Job-Ready Mid-Level,5.7,2,2,1,2,3.0,1,0,5,61.5,3,2.714660624182893,-0.9376133938679584,1.3975461858948908,Emerging Full-Stack & Entry Developers
CP-3048,1.7,B.Tech/B.E,Tier 3 (Affiliated Colleges),Cloud & DevOps,Tier 1 Tech Hub (Bengaluru/NCR/Hyd),2,4,32.0,0,1,0,0,0,1,0,0,2,15.69,Job-Ready Mid-Level,6.6,1,1,0,1,3.0,1,0,2,41.4,2,-1.6955957865641855,0.6588136428862108,1.48052813901861,Cloud & DevOps Infrastructure Architects
CP-3049,0.2,B.Tech/B.E,Tier 2 (Top State/Private),Backend Systems,Tier 2 City,2,3,49.0,0,1,1,0,0,0,1,0,3,10.9,Junior Associate,6.32,0,3,0,2,3.0,0,0,3,41.7,1,-0.5422709949239741,-0.05889572362230346,-0.4264946108188183,Applied AI/ML & Data Science Specialists
CP-3050,1.3,B.Tech/B.E,Tier 3 (Affiliated Colleges),Full Stack Web,Tier 2 City,1,8,131.0,0,1,1,0,0,1,0,0,3,13.06,Junior Associate,10.38,1,2,0,1,3.0,0,0,3,49.8,0,0.2624610661378362,1.5694861214898828,1.370536804250738,Core Systems & Algorithmic Backend Specialists
CP-3051,1.5,B.Tech/B.E,Tier 2 (Top State/Private),Data Science & AI/ML,Tier 1 Tech Hub (Bengaluru/NCR/Hyd),0,4,31.0,1,1,1,1,0,0,0,0,3,12.8,Junior Associate,3.58,0,2,1,2,3.0,1,0,3,43.7,1,-0.8217793201832841,-1.309166475805564,-1.6147606452808276,Applied AI/ML & Data Science Specialists
CP-3052,0.4,Non-CS Degree,Tier 1 (IIT/NIT/BITS),Full Stack Web,Tier 2 City,2,4,247.0,0,0,1,1,0,0,0,0,2,14.3,Junior Associate,11.98,0,1,1,3,1.0,0,0,2,45.9,2,-1.1445109117185546,2.1534147940336776,-1.4395197631530172,Cloud & DevOps Infrastructure Architects
CP-3053,6.4,BCA/B.Sc CS,Tier 2 (Top State/Private),Cloud & DevOps,Tier 2 City,1,4,249.0,0,1,0,1,1,0,0,0,3,23.39,Job-Ready Mid-Level,10.52,1,1,1,2,2.0,0,0,3,69.6,0,1.0904022574159753,1.7982050071014053,0.2084376862291949,Core Systems & Algorithmic Backend Specialists
CP-3054,4.2,MCA,Tier 2 (Top State/Private),Cloud & DevOps,Tier 2 City,3,8,110.0,0,1,1,1,1,0,1,0,5,23.93,Job-Ready Mid-Level,12.85,1,3,1,2,2.5,0,0,5,79.4,0,4.3302709216871005,2.408921948210979,-0.509361338032817,Core Systems & Algorithmic Backend Specialists
CP-3055,2.4,M.Tech/M.S,Tier 3 (Affiliated Colleges),Full Stack Web,Tier 2 City,1,3,217.0,1,0,1,1,0,1,0,0,3,17.13,Job-Ready Mid-Level,9.02,1,1,1,1,4.0,0,0,3,56.2,0,0.3380301805774492,0.5921680117402821,0.420525439080032,Core Systems & Algorithmic Backend Specialists
CP-3056,1.4,B.Tech/B.E,Tier 3 (Affiliated Colleges),Cloud & DevOps,Tier 1 Tech Hub (Bengaluru/NCR/Hyd),1,3,115.0,0,0,1,1,0,1,1,0,4,19.87,Job-Ready Mid-Level,6.48,1,2,1,1,3.0,1,0,4,48.0,3,0.8580001443720264,-0.9163495791239238,-0.03964884747199603,Emerging Full-Stack & Entry Developers
CP-3057,1.2,M.Tech/M.S,Tier 2 (Top State/Private),Cloud & DevOps,Remote Global,0,3,22.0,1,1,1,1,1,0,0,1,5,21.05,Job-Ready Mid-Level,2.65,1,2,2,2,4.0,0,1,5,52.1,3,1.800493989413985,-3.0150159625082367,-0.8653913703834186,Emerging Full-Stack & Entry Developers
CP-3058,2.3,B.Tech/B.E,Tier 2 (Top State/Private),Backend Systems,Tier 1 Tech Hub (Bengaluru/NCR/Hyd),1,7,110.0,0,1,1,0,0,0,0,0,2,16.77,Job-Ready Mid-Level,9.15,0,2,0,2,3.0,1,0,2,52.8,1,-0.897821585973246,1.8906499272014818,-0.4166534935641007,Applied AI/ML & Data Science Specialists
CP-3059,1.7,BCA/B.Sc CS,Tier 2 (Top State/Private),Cloud & DevOps,Tier 1 Tech Hub (Bengaluru/NCR/Hyd),0,2,339.0,1,1,1,1,1,0,0,0,4,19.69,Job-Ready Mid-Level,9.88,1,2,1,2,2.0,1,0,4,56.2,0,1.397956637554671,0.09504759680327941,-0.06596717213816217,Core Systems & Algorithmic Backend Specialists
CP-3060,0.1,B.Tech/B.E,Tier 3 (Affiliated Colleges),Data Analytics & BI,Tier 1 Tech Hub (Bengaluru/NCR/Hyd),1,5,0.0,0,0,0,1,1,1,0,1,4,18.17,Job-Ready Mid-Level,5.0,2,0,2,1,3.0,1,0,4,39.0,3,0.3048226936716111,-1.785384082301413,0.6470175266283525,Emerging Full-Stack & Entry Developers
CP-3061,1.6,Non-CS Degree,Tier 3 (Affiliated Colleges),Data Science & AI/ML,Tier 1 Tech Hub (Bengaluru/NCR/Hyd),0,2,353.0,0,1,1,1,0,1,0,0,4,16.27,Job-Ready Mid-Level,10.22,1,2,1,1,1.0,1,0,4,49.0,3,0.9730019415559085,-0.043412366965436225,-0.035372698819028534,Emerging Full-Stack & Entry Developers
CP-3062,3.6,B.Tech/B.E,Tier 3 (Affiliated Colleges),Cloud & DevOps,Tier 1 Tech Hub (Bengaluru/NCR/Hyd),0,3,27.0,1,1,0,1,1,0,1,1,5,23.87,Job-Ready Mid-Level,2.77,1,2,2,1,3.0,1,0,5,57.0,3,2.0383727262281734,-2.713677631811162,-1.3642029488836196,Emerging Full-Stack & Entry Developers
CP-3063,1.4,B.Tech/B.E,Tier 2 (Top State/Private),Backend Systems,Tier 1 Tech Hub (Bengaluru/NCR/Hyd),0,7,30.0,0,0,1,0,1,1,1,1,5,22.18,Job-Ready Mid-Level,5.65,2,2,1,2,3.0,1,0,5,55.0,3,2.384688244671976,-1.4929495903849166,1.475206747967128,Emerging Full-Stack & Entry Developers
CP-3064,0.1,Non-CS Degree,Tier 2 (Top State/Private),Full Stack Web,Tier 1 Tech Hub (Bengaluru/NCR/Hyd),0,2,129.0,0,1,0,1,0,1,0,0,3,8.47,Entry-Level Learner,4.62,1,1,1,2,1.0,1,0,3,32.2,2,-1.4761997725962148,-1.6047312816321637,0.20740765760531088,Cloud & DevOps Infrastructure Architects
CP-3065,3.4,B.Tech/B.E,Tier 2 (Top State/Private),Data Analytics & BI,Tier 2 City,2,6,113.0,2,1,0,0,1,1,0,0,3,19.0,Job-Ready Mid-Level,10.02,2,1,0,2,3.0,0,0,3,63.9,0,0.9988242261598511,1.923286981382048,3.105019416820007,Core Systems & Algorithmic Backend Specialists
CP-3066,0.5,BCA/B.Sc CS,Tier 2 (Top State/Private),Data Analytics & BI,Tier 1 Tech Hub (Bengaluru/NCR/Hyd),1,2,124.0,0,0,1,0,0,0,0,0,1,10.03,Junior Associate,6.0,0,1,0,2,2.0,1,0,1,31.2,2,-3.5430007944582393,0.3135800298413973,-0.04637638816663159,Cloud & DevOps Infrastructure Architects
CP-3067,0.7,M.Tech/M.S,Tier 2 (Top State/Private),Data Science & AI/ML,Tier 1 Tech Hub (Bengaluru/NCR/Hyd),1,5,49.0,0,0,1,0,0,0,0,0,1,12.05,Junior Associate,6.22,0,1,0,2,4.0,1,0,1,38.9,2,-2.967617264513035,0.8834895889133384,-0.04806726529308001,Cloud & DevOps Infrastructure Architects
CP-3068,0.4,MCA,Tier 1 (IIT/NIT/BITS),Cloud & DevOps,Tier 1 Tech Hub (Bengaluru/NCR/Hyd),0,1,154.0,0,1,0,0,0,1,0,0,2,14.02,Junior Associate,4.55,1,1,0,3,2.5,1,0,2,38.2,2,-2.273404397120911,-0.7986208610168268,1.6215802344363064,Cloud & DevOps Infrastructure Architects
CP-3069,0.9,Non-CS Degree,Tier 1 (IIT/NIT/BITS),Data Science & AI/ML,Tier 1 Tech Hub (Bengaluru/NCR/Hyd),1,2,112.0,3,1,1,0,0,1,0,0,3,15.49,Job-Ready Mid-Level,5.7,1,2,0,3,1.0,1,0,3,42.1,1,-0.6794434736723475,-0.5555407387877698,1.2145448653329038,Applied AI/ML & Data Science Specialists
CP-3070,3.1,Non-CS Degree,Tier 3 (Affiliated Colleges),Backend Systems,Tier 1 Tech Hub (Bengaluru/NCR/Hyd),1,5,74.0,0,1,1,1,1,0,0,1,5,23.12,Job-Ready Mid-Level,6.85,1,2,2,1,1.0,1,0,5,55.0,3,2.2740502604956743,-1.128728431054284,-1.5577320178976355,Emerging Full-Stack & Entry Developers
CP-3071,1.6,B.Tech/B.E,Tier 3 (Affiliated Colleges),Data Analytics & BI,Tier 1 Tech Hub (Bengaluru/NCR/Hyd),3,7,61.0,0,1,1,0,0,0,0,0,2,15.62,Job-Ready Mid-Level,10.92,0,2,0,1,3.0,1,0,2,48.1,0,-0.8415643461580243,2.711910946718252,-0.5135875193292094,Core Systems & Algorithmic Backend Specialists
CP-3072,0.5,MCA,Tier 2 (Top State/Private),Data Science & AI/ML,Remote Global,2,8,242.0,0,1,1,1,0,0,1,0,4,21.34,Job-Ready Mid-Level,14.65,0,3,1,2,2.5,0,1,4,59.7,0,2.2657432157801707,2.6051131781789194,-1.6900285002953865,Core Systems & Algorithmic Backend Specialists
CP-3073,4.6,BCA/B.Sc CS,Tier 2 (Top State/Private),Data Science & AI/ML,Remote Global,1,4,26.0,1,1,0,1,0,1,0,0,3,25.5,High-Demand Specialist,4.95,1,1,1,2,2.0,0,1,3,58.3,2,-0.010894856214330274,-0.3094333319216575,0.5440447092174909,Cloud & DevOps Infrastructure Architects
CP-3074,4.7,BCA/B.Sc CS,Tier 2 (Top State/Private),Cloud & DevOps,Remote Global,2,5,46.0,1,0,0,1,0,0,1,0,2,27.06,High-Demand Specialist,7.65,0,1,1,2,2.0,0,1,2,59.2,2,-0.75422191500364,1.403833479950391,-1.1524857185439636,Cloud & DevOps Infrastructure Architects
CP-3075,4.5,B.Tech/B.E,Tier 3 (Affiliated Colleges),Full Stack Web,Tier 1 Tech Hub (Bengaluru/NCR/Hyd),0,4,20.0,1,0,0,1,0,0,1,1,3,24.77,High-Demand Specialist,3.3,0,1,2,1,3.0,1,0,3,54.0,2,-0.3674795208406324,-1.4319694663782723,-2.7032284968872617,Cloud & DevOps Infrastructure Architects
CP-3076,0.6,BCA/B.Sc CS,Tier 3 (Affiliated Colleges),Data Science & AI/ML,Tier 1 Tech Hub (Bengaluru/NCR/Hyd),1,9,108.0,2,0,1,0,1,0,1,0,3,16.84,Job-Ready Mid-Level,10.5,1,2,0,1,2.0,1,0,3,43.4,0,0.12332255935856846,1.5131068516306778,1.09084910658674,Core Systems & Algorithmic Backend Specialists
CP-3077,1.3,Non-CS Degree,Tier 3 (Affiliated Colleges),Full Stack Web,Tier 1 Tech Hub (Bengaluru/NCR/Hyd),0,5,32.0,1,0,1,0,0,0,0,0,1,8.72,Entry-Level Learner,4.3,0,1,0,1,1.0,1,0,1,25.1,2,-3.9534921129517517,-0.2706349157163497,-0.06629640778368212,Cloud & DevOps Infrastructure Architects
CP-3078,9.2,MCA,Tier 3 (Affiliated Colleges),Full Stack Web,Tier 2 City,0,6,25.0,3,1,1,1,0,0,0,0,3,23.92,Job-Ready Mid-Level,4.82,0,2,1,1,2.5,0,0,3,57.5,1,0.3026442019475073,-0.07036668590087157,-1.513678460256338,Applied AI/ML & Data Science Specialists
CP-3079,3.3,B.Tech/B.E,Tier 2 (Top State/Private),Data Science & AI/ML,Tier 1 Tech Hub (Bengaluru/NCR/Hyd),0,3,32.0,1,1,0,1,0,0,1,0,3,20.41,Job-Ready Mid-Level,2.9,0,2,1,2,3.0,1,0,3,51.5,1,-0.5183313839596365,-1.3418851730579804,-1.6142971101844465,Applied AI/ML & Data Science Specialists
CP-3080,0.1,B.Tech/B.E,Tier 2 (Top State/Private),Data Analytics & BI,Tier 1 Tech Hub (Bengaluru/NCR/Hyd),1,5,17.0,0,1,1,1,1,0,1,0,5,16.71,Job-Ready Mid-Level,5.42,1,3,1,2,3.0,1,0,5,48.1,3,2.0100138316171337,-1.4918306490806497,-0.3991733451800364,Emerging Full-Stack & Entry Developers
CP-3081,0.1,B.Tech/B.E,Tier 2 (Top State/Private),Backend Systems,Tier 1 Tech Hub (Bengaluru/NCR/Hyd),1,4,48.0,0,1,0,1,1,0,1,1,5,17.38,Job-Ready Mid-Level,5.5,1,2,2,2,3.0,1,0,5,48.2,3,1.9155906148169282,-1.8922598408111422,-1.4647571259305265,Emerging Full-Stack & Entry Developers
CP-3082,1.4,MCA,Tier 2 (Top State/Private),Data Analytics & BI,Tier 1 Tech Hub (Bengaluru/NCR/Hyd),2,4,73.0,1,0,0,1,0,1,0,0,2,18.43,Job-Ready Mid-Level,7.62,1,0,1,2,2.5,1,0,2,44.2,2,-1.4889440255051,0.7885923661428028,0.3138501967945705,Cloud & DevOps Infrastructure Architects
CP-3083,5.3,M.Tech/M.S,Tier 3 (Affiliated Colleges),Data Analytics & BI,Remote Global,1,4,29.0,0,1,1,1,0,0,0,0,3,26.5,High-Demand Specialist,5.03,0,2,1,1,4.0,0,1,3,62.6,1,0.2758716817291681,-0.11422095519043575,-1.1854842438710558,Applied AI/ML & Data Science Specialists
CP-3084,1.7,B.Tech/B.E,Tier 2 (Top State/Private),Data Science & AI/ML,Tier 2 City,0,1,32.0,1,1,1,0,0,1,1,0,4,12.15,Junior Associate,1.5,1,3,0,2,3.0,0,0,4,45.4,1,0.23435930713990025,-2.6291301527649344,1.3491222020740143,Applied AI/ML & Data Science Specialists
CP-3085,1.5,B.Tech/B.E,Tier 1 (IIT/NIT/BITS),Data Science & AI/ML,Tier 2 City,1,4,369.0,2,1,1,1,1,0,0,0,4,20.14,Job-Ready Mid-Level,13.52,1,2,1,3,3.0,0,0,4,68.6,0,2.5021134734033774,1.9144231980724913,-0.006892883090573381,Core Systems & Algorithmic Backend Specialists
CP-3086,0.2,B.Tech/B.E,Tier 2 (Top State/Private),Data Science & AI/ML,Tier 1 Tech Hub (Bengaluru/NCR/Hyd),2,5,26.0,0,0,1,1,0,0,1,0,3,18.22,Job-Ready Mid-Level,7.15,0,2,1,2,3.0,1,0,3,43.1,1,-0.3576246093177736,0.19697048592545865,-1.7743799484039633,Applied AI/ML & Data Science Specialists
CP-3087,2.4,B.Tech/B.E,Tier 3 (Affiliated Colleges),Data Analytics & BI,Remote Global,2,10,254.0,1,1,0,0,1,1,0,0,3,25.08,High-Demand Specialist,16.35,2,1,0,1,3.0,0,1,3,63.0,0,1.6073782643911456,4.086969566438825,3.309622772533577,Core Systems & Algorithmic Backend Specialists
CP-3088,3.8,Non-CS Degree,Tier 2 (Top State/Private),Backend Systems,Tier 2 City,1,3,154.0,0,0,1,1,0,0,1,0,3,18.72,Job-Ready Mid-Level,7.45,0,2,1,2,1.0,0,0,3,55.4,1,0.022567968196219763,0.27025972590104513,-1.589429292678787,Applied AI/ML & Data Science Specialists
CP-3089,1.1,BCA/B.Sc CS,Tier 3 (Affiliated Colleges),Data Analytics & BI,Remote Global,2,3,10.0,0,1,0,0,1,0,0,0,2,14.02,Junior Associate,5.35,1,1,0,1,2.0,0,1,2,33.2,2,-2.257574631587746,-0.08173782141218001,1.9007416732884892,Cloud & DevOps Infrastructure Architects
CP-3090,3.3,B.Tech/B.E,Tier 2 (Top State/Private),Backend Systems,Tier 1 Tech Hub (Bengaluru/NCR/Hyd),2,7,73.0,1,1,1,1,1,0,0,0,4,25.51,High-Demand Specialist,9.72,1,2,1,2,3.0,1,0,4,67.1,0,2.2469685957512926,1.369528227870927,-0.30407731369419166,Core Systems & Algorithmic Backend Specialists
CP-3091,7.3,B.Tech/B.E,Tier 1 (IIT/NIT/BITS),Cloud & DevOps,Tier 1 Tech Hub (Bengaluru/NCR/Hyd),0,1,377.0,1,1,1,0,1,1,0,0,4,35.96,High-Demand Specialist,10.12,2,2,0,3,3.0,1,0,4,80.4,0,2.783186117796501,1.093591761670535,2.8879458689327913,Core Systems & Algorithmic Backend Specialists
CP-3092,0.5,B.Tech/B.E,Tier 2 (Top State/Private),Full Stack Web,Tier 2 City,0,8,145.0,2,1,0,1,0,0,0,0,2,9.73,Junior Associate,9.22,0,1,1,2,3.0,0,0,2,43.9,2,-1.348338563091643,1.2551809727999508,-1.297971279171374,Cloud & DevOps Infrastructure Architects
CP-3093,1.6,Non-CS Degree,Tier 3 (Affiliated Colleges),Full Stack Web,Tier 1 Tech Hub (Bengaluru/NCR/Hyd),0,1,27.0,1,0,1,0,0,0,0,0,1,7.64,Entry-Level Learner,1.38,0,1,0,1,1.0,1,0,1,21.8,2,-4.492937646186018,-1.61877672537909,0.043011626639175515,Cloud & DevOps Infrastructure Architects
CP-3094,0.7,B.Tech/B.E,Tier 2 (Top State/Private),Data Science & AI/ML,Remote Global,0,1,50.0,2,0,1,0,1,0,1,0,3,17.89,Job-Ready Mid-Level,1.95,1,2,0,2,3.0,0,1,3,37.0,1,-1.2112914590992965,-2.2789637723258998,1.8537904472321236,Applied AI/ML & Data Science Specialists
CP-3095,3.5,B.Tech/B.E,Tier 3 (Affiliated Colleges),Data Science & AI/ML,Remote Global,1,6,65.0,1,1,0,0,0,1,1,0,3,23.86,Job-Ready Mid-Level,7.32,1,2,0,1,3.0,0,1,3,55.7,1,0.2638145078578934,0.6529368016100509,1.6784895565308497,Applied AI/ML & Data Science Specialists
CP-3096,1.9,B.Tech/B.E,Tier 2 (Top State/Private),Cloud & DevOps,Tier 1 Tech Hub (Bengaluru/NCR/Hyd),3,6,153.0,0,1,0,1,1,0,0,0,3,21.62,Job-Ready Mid-Level,12.52,1,1,1,2,3.0,1,0,3,60.6,0,0.9957384557335385,2.6657711596378735,-0.09232036379718274,Core Systems & Algorithmic Backend Specialists
CP-3097,2.2,BCA/B.Sc CS,Tier 1 (IIT/NIT/BITS),Full Stack Web,Tier 1 Tech Hub (Bengaluru/NCR/Hyd),1,2,209.0,0,1,1,0,0,0,1,1,4,25.34,High-Demand Specialist,8.12,0,3,1,3,2.0,1,0,4,60.0,1,1.446951495892205,-0.13503996510661156,-1.9512124997448557,Applied AI/ML & Data Science Specialists
CP-3098,3.5,BCA/B.Sc CS,Tier 3 (Affiliated Colleges),Cloud & DevOps,Tier 1 Tech Hub (Bengaluru/NCR/Hyd),1,7,28.0,0,0,1,0,0,0,0,0,1,15.49,Job-Ready Mid-Level,7.1,0,1,0,1,2.0,1,0,1,43.9,2,-2.6788027826333365,1.5603386063523972,-0.17410224343496464,Cloud & DevOps Infrastructure Architects
CP-3099,1.1,M.Tech/M.S,Tier 2 (Top State/Private),Cloud & DevOps,Remote Global,1,7,42.0,1,1,1,1,0,0,0,1,4,21.39,Job-Ready Mid-Level,7.45,0,2,2,2,4.0,0,1,4,55.4,3,1.360276664708617,-0.2852571075929524,-2.604809675873029,Emerging Full-Stack & Entry Developers
CP-3100,5.4,B.Tech/B.E,Tier 2 (Top State/Private),Data Science & AI/ML,Tier 2 City,0,3,49.0,1,1,1,0,0,0,0,0,2,16.12,Job-Ready Mid-Level,3.32,0,2,0,2,3.0,0,0,2,56.6,1,-1.3579960718474786,-0.2910678867865298,-0.07518234954229953,Applied AI/ML & Data Science Specialists
CP-3101,1.7,B.Tech/B.E,Tier 3 (Affiliated Colleges),Full Stack Web,Tier 1 Tech Hub (Bengaluru/NCR/Hyd),0,4,382.0,3,1,1,1,0,1,0,1,5,21.29,Job-Ready Mid-Level,12.35,1,2,2,1,3.0,1,0,5,63.5,3,3.2075667837236854,0.27368090291832325,-1.3543394734640668,Emerging Full-Stack & Entry Developers
CP-3102,0.4,B.Tech/B.E,Tier 2 (Top State/Private),Full Stack Web,Tier 1 Tech Hub (Bengaluru/NCR/Hyd),1,4,65.0,0,1,1,1,0,1,1,0,5,17.25,Job-Ready Mid-Level,5.92,1,3,1,2,3.0,1,0,5,50.4,3,2.097913797799434,-1.4077694800673632,-0.3419155959625697,Emerging Full-Stack & Entry Developers
CP-3103,2.6,BCA/B.Sc CS,Tier 3 (Affiliated Colleges),Full Stack Web,Tier 1 Tech Hub (Bengaluru/NCR/Hyd),1,5,244.0,0,1,1,0,1,0,1,0,4,21.56,Job-Ready Mid-Level,11.1,1,3,0,1,2.0,1,0,4,58.6,0,1.8319540673056514,1.2660059458510444,0.9209928040643185,Core Systems & Algorithmic Backend Specialists
CP-3104,3.5,B.Tech/B.E,Tier 1 (IIT/NIT/BITS),Data Analytics & BI,Tier 2 City,3,5,62.0,0,1,1,0,1,1,1,1,6,25.71,High-Demand Specialist,9.55,2,3,1,3,3.0,0,0,6,80.3,3,5.180316738729348,0.4035891321441544,1.19012334102109,Emerging Full-Stack & Entry Developers
CP-3105,0.8,BCA/B.Sc CS,Tier 2 (Top State/Private),Full Stack Web,Tier 1 Tech Hub (Bengaluru/NCR/Hyd),1,4,153.0,1,0,0,0,0,1,0,1,2,16.11,Job-Ready Mid-Level,8.12,1,0,1,2,2.0,1,0,2,40.4,2,-1.723530133864854,0.4519303086332788,0.39290400571013057,Cloud & DevOps Infrastructure Architects
CP-3106,4.3,MCA,Tier 1 (IIT/NIT/BITS),Cloud & DevOps,Tier 1 Tech Hub (Bengaluru/NCR/Hyd),2,2,70.0,2,0,0,0,0,0,1,0,1,27.39,High-Demand Specialist,6.15,0,1,0,3,2.5,1,0,1,56.2,2,-2.160523488665009,1.3985365546375987,-0.17511158274329391,Cloud & DevOps Infrastructure Architects
CP-3107,5.2,MCA,Tier 3 (Affiliated Colleges),Backend Systems,Tier 2 City,1,4,225.0,0,1,1,0,0,0,0,0,2,17.59,Job-Ready Mid-Level,9.93,0,2,0,1,2.5,0,0,2,61.9,0,-0.5181664488441181,2.100308009615452,-0.1716952460026338,Core Systems & Algorithmic Backend Specialists
CP-3108,0.7,B.Tech/B.E,Tier 2 (Top State/Private),Backend Systems,Tier 1 Tech Hub (Bengaluru/NCR/Hyd),1,4,48.0,0,0,1,0,0,0,0,0,1,13.18,Junior Associate,5.5,0,1,0,2,3.0,1,0,1,34.5,2,-3.3160407918885326,0.45912563449231214,-0.059376106304927366,Cloud & DevOps Infrastructure Architects
CP-3109,9.0,B.Tech/B.E,Tier 3 (Affiliated Colleges),Backend Systems,Tier 1 Tech Hub (Bengaluru/NCR/Hyd),1,3,132.0,1,1,1,0,0,1,0,1,4,36.88,High-Demand Specialist,6.9,1,2,1,1,3.0,1,0,4,66.7,3,1.9930713412219438,-0.01573440847508315,-0.04885259697661215,Emerging Full-Stack & Entry Developers
CP-3110,0.3,B.Tech/B.E,Tier 3 (Affiliated Colleges),Data Science & AI/ML,Tier 1 Tech Hub (Bengaluru/NCR/Hyd),0,4,70.0,0,1,1,1,1,0,0,0,4,12.04,Junior Associate,4.55,1,2,1,1,3.0,1,0,4,39.3,3,0.2195383436571463,-1.7875830963965464,-0.015181365192734794,Emerging Full-Stack & Entry Developers
CP-3111,0.5,BCA/B.Sc CS,Tier 2 (Top State/Private),Data Science & AI/ML,Tier 1 Tech Hub (Bengaluru/NCR/Hyd),0,3,108.0,0,1,0,1,1,0,1,0,4,14.64,Junior Associate,4.8,1,2,1,2,2.0,1,0,4,41.8,3,0.3033849948062336,-1.709157413284925,-0.07591635324674884,Emerging Full-Stack & Entry Developers
CP-3112,0.4,MCA,Tier 2 (Top State/Private),Data Science & AI/ML,Tier 1 Tech Hub (Bengaluru/NCR/Hyd),0,2,32.0,1,0,1,0,0,0,1,1,3,14.1,Junior Associate,2.2,0,2,1,2,2.5,1,0,3,34.3,1,-1.4238509586244452,-2.3963164636775587,-1.5434041974830386,Applied AI/ML & Data Science Specialists
CP-3113,4.9,B.Tech/B.E,Tier 2 (Top State/Private),Data Science & AI/ML,Remote Global,1,2,33.0,0,0,1,1,0,0,0,1,3,30.52,High-Demand Specialist,3.72,0,1,2,2,3.0,0,1,3,60.9,2,-0.07941733893647245,-1.128518903341188,-2.2864097766434037,Cloud & DevOps Infrastructure Architects
CP-3114,2.3,B.Tech/B.E,Tier 2 (Top State/Private),Backend Systems,Tier 2 City,1,3,57.0,0,1,1,0,0,0,0,0,2,10.52,Junior Associate,5.02,0,2,0,2,3.0,0,0,2,45.9,1,-1.7165382308869976,0.05328895549485701,-0.11973671498077088,Applied AI/ML & Data Science Specialists
CP-3115,0.4,MCA,Tier 2 (Top State/Private),Cloud & DevOps,Remote Global,0,2,27.0,1,0,1,0,0,0,1,0,2,12.03,Junior Associate,2.08,0,2,0,2,2.5,0,1,2,29.9,1,-2.7645503823717665,-1.7423693442950572,0.25469393994882,Applied AI/ML & Data Science Specialists
CP-3116,1.3,MCA,Tier 3 (Affiliated Colleges),Data Science & AI/ML,Remote Global,1,2,33.0,0,1,1,1,0,0,0,0,3,14.34,Junior Associate,3.72,0,2,1,1,2.5,0,1,3,37.2,1,-1.1961784931571653,-1.504172994864838,-1.1529374958955425,Applied AI/ML & Data Science Specialists
CP-3117,2.1,B.Tech/B.E,Tier 3 (Affiliated Colleges),Data Science & AI/ML,Tier 1 Tech Hub (Bengaluru/NCR/Hyd),0,3,4.0,0,0,0,0,0,0,0,0,0,10.14,Junior Associate,2.2,0,0,0,1,3.0,1,0,0,27.7,2,-5.195056674996792,-0.4548614015206755,0.30970622559478866,Cloud & DevOps Infrastructure Architects
CP-3118,0.2,BCA/B.Sc CS,Tier 3 (Affiliated Colleges),Data Science & AI/ML,Tier 1 Tech Hub (Bengaluru/NCR/Hyd),2,6,59.0,0,1,1,1,0,0,0,1,4,14.77,Junior Associate,8.67,0,2,2,1,2.0,1,0,4,42.5,3,0.7739530707071123,-0.09978112977136142,-3.1443175627089976,Emerging Full-Stack & Entry Developers
CP-3119,4.7,B.Tech/B.E,Tier 3 (Affiliated Colleges),Cloud & DevOps,Tier 1 Tech Hub (Bengaluru/NCR/Hyd),2,4,63.0,0,0,1,1,0,0,0,0,2,21.02,Job-Ready Mid-Level,7.38,0,1,1,1,3.0,1,0,2,57.7,2,-0.8767528841274533,1.2207638019391138,-1.5013365976682675,Cloud & DevOps Infrastructure Architects
CP-3120,3.6,B.Tech/B.E,Tier 3 (Affiliated Colleges),Data Analytics & BI,Tier 2 City,2,5,67.0,1,1,1,0,0,1,1,0,4,18.72,Job-Ready Mid-Level,8.18,1,3,0,1,3.0,0,0,4,61.8,0,1.8450823138595984,0.6895577548693086,1.109219763592616,Core Systems & Algorithmic Backend Specialists
CP-3121,1.5,MCA,Tier 2 (Top State/Private),Data Analytics & BI,Tier 2 City,1,6,71.0,1,1,1,1,0,0,0,1,4,14.73,Junior Associate,7.48,0,2,2,2,2.5,0,0,4,52.8,3,1.1477746496579646,-0.3842287754303676,-2.920891997320009,Emerging Full-Stack & Entry Developers
CP-3122,7.5,MCA,Tier 3 (Affiliated Colleges),Backend Systems,Tier 1 Tech Hub (Bengaluru/NCR/Hyd),0,5,0.0,0,0,1,0,1,0,0,1,3,30.1,High-Demand Specialist,3.5,1,1,1,1,2.5,1,0,3,55.3,2,-0.09161873732195695,-0.9111245190883833,0.1754969024913674,Cloud & DevOps Infrastructure Architects
CP-3123,1.2,M.Tech/M.S,Tier 3 (Affiliated Colleges),Data Science & AI/ML,Tier 1 Tech Hub (Bengaluru/NCR/Hyd),2,5,11.0,1,0,1,1,1,1,0,0,4,19.36,Job-Ready Mid-Level,6.78,2,1,1,1,4.0,1,0,4,50.6,3,1.2249661848379125,-0.37022090667418567,1.6954094781462101,Emerging Full-Stack & Entry Developers
CP-3124,9.1,B.Tech/B.E,Tier 2 (Top State/Private),Full Stack Web,Tier 1 Tech Hub (Bengaluru/NCR/Hyd),0,4,209.0,0,0,1,0,0,1,1,0,3,38.9,High-Demand Specialist,8.02,1,2,0,2,3.0,1,0,3,68.6,0,1.074927616712482,1.0780675820057442,1.2886502424486201,Core Systems & Algorithmic Backend Specialists
CP-3125,2.4,MCA,Tier 3 (Affiliated Colleges),Data Science & AI/ML,Tier 1 Tech Hub (Bengaluru/NCR/Hyd),0,3,33.0,1,0,1,0,1,0,0,1,3,18.13,Job-Ready Mid-Level,2.92,1,1,1,1,2.5,1,0,3,41.3,2,-0.9910823277313003,-1.8911723537023468,0.2567772359452431,Cloud & DevOps Infrastructure Architects
CP-3126,2.2,B.Tech/B.E,Tier 2 (Top State/Private),Full Stack Web,Remote Global,0,6,141.0,1,1,1,0,0,0,1,0,3,21.31,Job-Ready Mid-Level,7.72,0,3,0,2,3.0,0,1,3,54.1,1,0.15925494384289574,0.5375535520656811,-0.1164537034168809,Applied AI/ML & Data Science Specialists
CP-3127,0.4,B.Tech/B.E,Tier 3 (Affiliated Colleges),Backend Systems,Tier 1 Tech Hub (Bengaluru/NCR/Hyd),1,3,25.0,0,0,1,0,1,0,0,0,2,13.11,Junior Associate,4.22,1,1,0,1,3.0,1,0,2,30.9,2,-2.426599005231493,-0.7363653683078014,1.5636540985423573,Cloud & DevOps Infrastructure Architects
CP-3128,4.7,B.Tech/B.E,Tier 3 (Affiliated Colleges),Cloud & DevOps,Remote Global,1,3,356.0,0,0,1,1,1,0,0,0,3,30.83,High-Demand Specialist,12.5,1,1,1,1,3.0,0,1,3,70.4,0,1.2479275824023526,2.0655411850306873,0.5924821296361265,Core Systems & Algorithmic Backend Specialists
CP-3129,1.2,B.Tech/B.E,Tier 3 (Affiliated Colleges),Data Analytics & BI,Tier 1 Tech Hub (Bengaluru/NCR/Hyd),1,6,0.0,2,1,1,0,1,0,0,1,4,16.61,Job-Ready Mid-Level,5.7,1,2,1,1,3.0,1,0,4,45.7,3,0.8145191434257839,-0.9461282603346854,-0.118072740393938,Emerging Full-Stack & Entry Developers
CP-3130,0.4,M.Tech/M.S,Tier 2 (Top State/Private),Full Stack Web,Tier 2 City,1,4,253.0,1,0,0,1,0,0,1,0,2,15.77,Job-Ready Mid-Level,10.62,0,1,1,2,4.0,0,0,2,48.9,2,-0.99066338984399,1.5527759910907526,-1.227309301300545,Cloud & DevOps Infrastructure Architects
CP-3131,0.0,BCA/B.Sc CS,Tier 3 (Affiliated Colleges),Data Science & AI/ML,Remote Global,0,4,32.0,2,0,0,0,0,1,0,1,2,11.21,Junior Associate,3.6,1,0,1,1,2.0,0,1,2,24.8,2,-2.8992233659372735,-1.6529395009119519,0.9735849656924842,Cloud & DevOps Infrastructure Architects
CP-3132,1.8,B.Tech/B.E,Tier 2 (Top State/Private),Data Science & AI/ML,Remote Global,2,9,28.0,0,0,1,0,0,0,0,0,1,19.47,Job-Ready Mid-Level,10.0,0,1,0,2,3.0,0,1,1,47.5,2,-2.1011320859462006,2.840958083358872,0.18068832164126228,Cloud & DevOps Infrastructure Architects
CP-3133,1.6,B.Tech/B.E,Tier 2 (Top State/Private),Full Stack Web,Tier 1 Tech Hub (Bengaluru/NCR/Hyd),1,5,54.0,1,1,1,0,0,0,1,0,3,16.89,Job-Ready Mid-Level,6.35,0,3,0,2,3.0,1,0,3,48.8,1,-0.15930464586225418,0.17907974933571394,-0.6070367916398001,Applied AI/ML & Data Science Specialists
CP-3134,2.8,B.Tech/B.E,Tier 3 (Affiliated Colleges),Data Analytics & BI,Tier 1 Tech Hub (Bengaluru/NCR/Hyd),1,6,52.0,0,0,1,1,0,1,0,0,3,20.35,Job-Ready Mid-Level,7.0,1,1,1,1,3.0,1,0,3,51.7,2,-0.019313091482501772,0.24014375090179474,0.12435268790073836,Cloud & DevOps Infrastructure Architects
CP-3135,4.9,B.Tech/B.E,Tier 2 (Top State/Private),Data Science & AI/ML,Tier 1 Tech Hub (Bengaluru/NCR/Hyd),1,2,50.0,1,0,0,1,0,1,0,1,3,27.3,High-Demand Specialist,4.15,1,0,2,2,3.0,1,0,3,61.6,2,0.03940803438830214,-0.979634251649675,-0.9094912949873553,Cloud & DevOps Infrastructure Architects
CP-3136,0.2,BCA/B.Sc CS,Tier 3 (Affiliated Colleges),Data Analytics & BI,Tier 1 Tech Hub (Bengaluru/NCR/Hyd),0,2,58.0,1,1,0,1,0,1,1,0,4,10.75,Junior Associate,2.85,1,2,1,1,2.0,1,0,4,32.8,3,-0.31930847346758984,-2.6919171618490974,0.028162764960470172,Emerging Full-Stack & Entry Developers
CP-3137,2.9,MCA,Tier 2 (Top State/Private),Data Analytics & BI,Tier 2 City,0,5,253.0,2,0,1,1,0,0,0,0,2,16.07,Job-Ready Mid-Level,9.82,0,1,1,2,2.5,0,0,2,55.3,2,-0.8401112097367716,1.439432201307505,-1.2575936462396804,Cloud & DevOps Infrastructure Architects
CP-3138,0.5,B.Tech/B.E,Tier 2 (Top State/Private),Full Stack Web,Remote Global,1,4,56.0,0,1,0,0,0,0,0,0,1,12.02,Junior Associate,5.7,0,1,0,2,3.0,0,1,1,33.9,2,-3.384006231094423,0.49156317933584054,0.394864600370303,Cloud & DevOps Infrastructure Architects
CP-3139,4.3,B.Tech/B.E,Tier 3 (Affiliated Colleges),Data Analytics & BI,Tier 1 Tech Hub (Bengaluru/NCR/Hyd),0,1,46.0,0,1,1,1,0,0,0,0,3,18.46,Job-Ready Mid-Level,1.85,0,2,1,1,3.0,1,0,3,50.6,1,-0.7749359652402784,-1.872420199714317,-1.5240987512169142,Applied AI/ML & Data Science Specialists
CP-3140,3.8,BCA/B.Sc CS,Tier 2 (Top State/Private),Full Stack Web,Tier 1 Tech Hub (Bengaluru/NCR/Hyd),0,2,124.0,1,1,0,1,0,1,0,0,3,21.75,Job-Ready Mid-Level,4.5,1,1,1,2,2.0,1,0,3,53.6,2,-0.3879945107501357,-0.9629439649473793,0.21140116274535403,Cloud & DevOps Infrastructure Architects
CP-3141,1.7,M.Tech/M.S,Tier 2 (Top State/Private),Cloud & DevOps,Tier 1 Tech Hub (Bengaluru/NCR/Hyd),2,4,118.0,1,1,1,0,0,1,0,0,3,20.04,Job-Ready Mid-Level,8.75,1,2,0,2,4.0,1,0,3,56.4,0,0.4573136180361125,1.148619883471046,1.2328617809335998,Core Systems & Algorithmic Backend Specialists
CP-3142,2.7,B.Tech/B.E,Tier 3 (Affiliated Colleges),Data Analytics & BI,Remote Global,1,4,7.0,1,1,1,0,1,1,0,1,5,24.81,High-Demand Specialist,4.47,2,2,1,1,3.0,0,1,5,55.3,3,2.221019845420854,-1.8955408325919851,1.9751051179358106,Emerging Full-Stack & Entry Developers
CP-3143,0.8,B.Tech/B.E,Tier 2 (Top State/Private),Backend Systems,Remote Global,1,4,107.0,2,1,1,0,1,0,0,0,3,16.24,Job-Ready Mid-Level,6.98,1,2,0,2,3.0,0,1,3,45.8,1,-0.2599590230924188,0.04469168111075306,1.6975865915685786,Applied AI/ML & Data Science Specialists
CP-3144,1.4,BCA/B.Sc CS,Tier 3 (Affiliated Colleges),Full Stack Web,Tier 1 Tech Hub (Bengaluru/NCR/Hyd),1,4,43.0,2,1,1,1,0,1,0,1,5,17.66,Job-Ready Mid-Level,5.38,1,2,2,1,2.0,1,0,5,47.2,3,1.8280454520568412,-1.9709527301414977,-1.4368558970898861,Emerging Full-Stack & Entry Developers
CP-3145,3.8,B.Tech/B.E,Tier 2 (Top State/Private),Full Stack Web,Tier 1 Tech Hub (Bengaluru/NCR/Hyd),3,6,0.0,0,1,0,1,0,0,0,0,2,21.44,Job-Ready Mid-Level,8.7,0,1,1,2,3.0,1,0,2,59.5,0,-0.5828196277314871,2.1624331304856748,-1.6557704169613248,Core Systems & Algorithmic Backend Specialists
CP-3146,1.4,B.Tech/B.E,Tier 2 (Top State/Private),Data Science & AI/ML,Tier 2 City,0,2,60.0,1,1,1,1,0,1,0,0,4,10.78,Junior Associate,2.9,1,2,1,2,3.0,0,0,4,46.2,3,0.33893834508853743,-2.2990540958391628,0.213076903012228,Emerging Full-Stack & Entry Developers
CP-3147,1.0,M.Tech/M.S,Tier 2 (Top State/Private),Data Science & AI/ML,Tier 2 City,2,6,23.0,1,0,1,0,1,0,0,0,2,13.15,Junior Associate,7.78,1,1,0,2,4.0,0,0,2,47.1,2,-1.1149607661727288,1.2866727669632805,1.589262483711155,Cloud & DevOps Infrastructure Architects
CP-3148,1.5,BCA/B.Sc CS,Tier 2 (Top State/Private),Cloud & DevOps,Tier 1 Tech Hub (Bengaluru/NCR/Hyd),1,2,61.0,0,0,1,0,0,0,1,0,2,13.51,Junior Associate,4.42,0,2,0,2,2.0,1,0,2,37.8,1,-2.1648346025833862,-0.49394556650297144,-0.30834370614995976,Applied AI/ML & Data Science Specialists
CP-3149,3.9,BCA/B.Sc CS,Tier 2 (Top State/Private),Backend Systems,Remote Global,0,2,59.0,0,1,1,0,1,0,0,0,3,19.69,Job-Ready Mid-Level,2.88,1,2,0,2,2.0,0,1,3,51.4,1,-0.5880741843715505,-1.3397548327867341,1.7590128917667247,Applied AI/ML & Data Science Specialists
CP-3150,0.9,M.Tech/M.S,Tier 2 (Top State/Private),Full Stack Web,Remote Global,0,3,25.0,0,0,0,0,0,0,0,0,0,11.72,Junior Associate,2.72,0,0,0,2,4.0,0,1,0,29.9,2,-5.018515813804059,-0.33607140843467753,0.784824760251493,Cloud & DevOps Infrastructure Architects
CP-3151,0.4,BCA/B.Sc CS,Tier 2 (Top State/Private),Data Science & AI/ML,Tier 1 Tech Hub (Bengaluru/NCR/Hyd),1,6,43.0,3,0,0,0,1,0,1,1,3,19.7,Job-Ready Mid-Level,6.78,1,1,1,2,2.0,1,0,3,40.4,2,-0.4728137233208296,-0.2774334209529336,0.05549201135141057,Cloud & DevOps Infrastructure Architects
CP-3152,2.7,B.Tech/B.E,Tier 1 (IIT/NIT/BITS),Full Stack Web,Tier 1 Tech Hub (Bengaluru/NCR/Hyd),1,7,119.0,1,1,1,1,0,0,1,0,4,25.88,High-Demand Specialist,9.38,0,3,1,3,3.0,1,0,4,67.7,0,2.1763714890341768,1.0891981536743847,-2.0783727861791506,Core Systems & Algorithmic Backend Specialists
CP-3153,3.8,B.Tech/B.E,Tier 2 (Top State/Private),Full Stack Web,Tier 1 Tech Hub (Bengaluru/NCR/Hyd),0,1,129.0,1,1,0,1,0,1,0,1,4,22.67,Job-Ready Mid-Level,3.92,1,1,2,2,3.0,1,0,4,59.9,3,0.9784427616654392,-1.9531636991999657,-1.0592657865066475,Emerging Full-Stack & Entry Developers
CP-3154,0.2,B.Tech/B.E,Tier 2 (Top State/Private),Full Stack Web,Tier 1 Tech Hub (Bengaluru/NCR/Hyd),1,3,105.0,1,1,1,1,0,0,0,0,3,13.17,Junior Associate,6.22,0,2,1,2,3.0,1,0,3,41.6,1,-0.6659820329346698,-0.496368486073664,-1.650217783539848,Applied AI/ML & Data Science Specialists
CP-3155,0.6,B.Tech/B.E,Tier 1 (IIT/NIT/BITS),Data Science & AI/ML,Tier 1 Tech Hub (Bengaluru/NCR/Hyd),1,7,235.0,0,0,0,0,0,0,0,1,1,21.97,Job-Ready Mid-Level,12.27,0,0,1,3,3.0,1,0,1,49.5,2,-2.000800022393408,2.853562577064143,-1.2814752385231283,Cloud & DevOps Infrastructure Architects
CP-3156,0.3,BCA/B.Sc CS,Tier 3 (Affiliated Colleges),Data Analytics & BI,Tier 1 Tech Hub (Bengaluru/NCR/Hyd),1,4,241.0,1,1,1,0,1,0,1,0,4,16.1,Job-Ready Mid-Level,10.32,1,3,0,1,2.0,1,0,4,45.8,0,1.1580682898575323,0.5172305481770111,0.9710500453808885,Core Systems & Algorithmic Backend Specialists
CP-3157,0.9,MCA,Tier 3 (Affiliated Colleges),Data Science & AI/ML,Tier 1 Tech Hub (Bengaluru/NCR/Hyd),2,6,247.0,1,1,0,0,1,0,0,0,2,15.45,Job-Ready Mid-Level,13.38,1,1,0,1,2.5,1,0,2,47.1,0,-0.740501293761571,3.013190624024043,1.3611730681640013,Core Systems & Algorithmic Backend Specialists
CP-3158,1.3,Non-CS Degree,Tier 3 (Affiliated Colleges),Full Stack Web,Tier 1 Tech Hub (Bengaluru/NCR/Hyd),2,4,30.0,1,1,1,1,0,1,0,0,4,15.27,Job-Ready Mid-Level,6.55,1,2,1,1,1.0,1,0,4,41.4,3,0.5328456853687858,-0.6594060834059503,-0.2069965389043748,Emerging Full-Stack & Entry Developers
CP-3159,3.0,BCA/B.Sc CS,Tier 2 (Top State/Private),Data Analytics & BI,Tier 1 Tech Hub (Bengaluru/NCR/Hyd),1,1,46.0,0,1,0,1,0,0,0,0,2,17.4,Job-Ready Mid-Level,3.35,0,1,1,2,2.0,1,0,2,43.5,2,-2.141355304322956,-0.8398717523750909,-1.4095259524703307,Cloud & DevOps Infrastructure Architects
CP-3160,2.3,B.Tech/B.E,Tier 3 (Affiliated Colleges),Data Science & AI/ML,Tier 1 Tech Hub (Bengaluru/NCR/Hyd),3,4,74.0,3,1,1,1,1,0,0,1,5,24.49,High-Demand Specialist,9.15,1,2,2,1,3.0,1,0,5,61.1,3,3.0503148946084253,0.02900611839399277,-1.5854556227862615,Emerging Full-Stack & Entry Developers
CP-3161,2.1,B.Tech/B.E,Tier 3 (Affiliated Colleges),Cloud & DevOps,Tier 2 City,0,3,44.0,0,1,1,0,1,0,0,1,4,13.38,Junior Associate,3.2,1,2,1,1,3.0,0,0,4,46.0,3,0.37527279950030856,-2.211838909258706,0.20647858288761375,Emerging Full-Stack & Entry Developers
CP-3162,1.0,M.Tech/M.S,Tier 3 (Affiliated Colleges),Cloud & DevOps,Tier 2 City,0,4,25.0,0,1,0,1,0,1,1,0,4,11.68,Junior Associate,3.42,1,2,1,1,4.0,0,0,4,44.0,3,0.3780576168780172,-2.036102330273444,0.22713970430352654,Emerging Full-Stack & Entry Developers
CP-3163,4.1,BCA/B.Sc CS,Tier 2 (Top State/Private),Cloud & DevOps,Tier 1 Tech Hub (Bengaluru/NCR/Hyd),1,4,71.0,1,1,1,0,0,1,0,0,3,20.36,Job-Ready Mid-Level,6.07,1,2,0,2,2.0,1,0,3,57.7,1,0.13662442427431282,0.2518309958870704,1.205028801892241,Applied AI/ML & Data Science Specialists
CP-3164,1.4,BCA/B.Sc CS,Tier 3 (Affiliated Colleges),Full Stack Web,Tier 1 Tech Hub (Bengaluru/NCR/Hyd),1,3,377.0,1,1,0,1,0,0,0,0,2,14.5,Junior Associate,13.02,0,1,1,1,2.0,1,0,2,47.4,0,-1.035551326518306,2.232474993671013,-1.439961111949656,Core Systems & Algorithmic Backend Specialists
CP-3165,8.5,M.Tech/M.S,Tier 3 (Affiliated Colleges),Full Stack Web,Tier 2 City,1,4,29.0,1,1,1,0,1,0,0,0,3,24.85,High-Demand Specialist,5.03,1,2,0,1,4.0,0,0,3,62.6,1,0.6072329018894349,0.27024168154321365,1.4537881911664925,Applied AI/ML & Data Science Specialists
CP-3166,2.2,M.Tech/M.S,Tier 3 (Affiliated Colleges),Data Analytics & BI,Tier 1 Tech Hub (Bengaluru/NCR/Hyd),1,3,39.0,1,1,0,0,0,0,0,1,2,18.28,Job-Ready Mid-Level,4.57,0,1,1,1,4.0,1,0,2,43.6,2,-1.8503727528677936,-0.4711525214512738,-1.3164753834828742,Cloud & DevOps Infrastructure Architects
CP-3167,0.3,MCA,Tier 2 (Top State/Private),Data Analytics & BI,Remote Global,0,1,0.0,1,1,1,0,0,0,0,1,3,9.25,Junior Associate,0.7,0,2,1,2,2.5,0,1,3,31.3,1,-1.8049193897334737,-3.0298952828026993,-1.0487850644017687,Applied AI/ML & Data Science Specialists
CP-3168,2.5,B.Tech/B.E,Tier 2 (Top State/Private),Full Stack Web,Tier 1 Tech Hub (Bengaluru/NCR/Hyd),0,3,116.0,0,1,1,0,0,1,0,0,3,19.41,Job-Ready Mid-Level,5.0,1,2,0,2,3.0,1,0,3,51.0,1,-0.3609167410422485,-0.6356446175745355,1.3556143963028868,Applied AI/ML & Data Science Specialists
CP-3169,0.9,M.Tech/M.S,Tier 2 (Top State/Private),Data Science & AI/ML,Tier 2 City,2,5,31.0,2,0,1,1,1,1,0,0,4,16.8,Job-Ready Mid-Level,7.28,2,1,1,2,4.0,0,0,4,54.1,3,1.462127609431196,-0.14893137607884208,1.8433802835707356,Emerging Full-Stack & Entry Developers
CP-3170,2.6,MCA,Tier 2 (Top State/Private),Data Science & AI/ML,Tier 1 Tech Hub (Bengaluru/NCR/Hyd),2,5,0.0,0,0,0,0,0,0,1,0,1,18.28,Job-Ready Mid-Level,6.5,0,1,0,2,2.5,1,0,1,44.1,2,-2.6758350987603423,1.4154463365212433,-0.20292855841308652,Cloud & DevOps Infrastructure Architects
CP-3171,0.2,B.Tech/B.E,Tier 3 (Affiliated Colleges),Data Science & AI/ML,Tier 2 City,1,7,342.0,0,1,0,0,0,0,0,0,1,10.0,Junior Associate,14.95,0,1,0,1,3.0,0,0,1,43.6,0,-2.028253543371232,3.783109314841385,0.04857707560591291,Core Systems & Algorithmic Backend Specialists
CP-3172,0.4,BCA/B.Sc CS,Tier 1 (IIT/NIT/BITS),Cloud & DevOps,Remote Global,1,7,113.0,0,1,0,0,0,1,0,0,2,16.55,Job-Ready Mid-Level,9.22,1,1,0,3,2.0,0,1,2,44.4,2,-1.3562827008489957,1.5241529709026305,1.8260800656134262,Cloud & DevOps Infrastructure Architects
CP-3173,4.3,B.Tech/B.E,Tier 1 (IIT/NIT/BITS),Data Science & AI/ML,Remote Global,1,5,131.0,1,1,0,0,1,0,0,0,2,31.69,High-Demand Specialist,8.28,1,1,0,3,3.0,0,1,2,65.5,0,-0.38919796023365666,1.747941540359162,1.8467857102465026,Core Systems & Algorithmic Backend Specialists
CP-3174,0.6,Non-CS Degree,Tier 2 (Top State/Private),Full Stack Web,Remote Global,0,3,362.0,0,1,0,1,0,0,0,0,2,12.95,Junior Associate,11.15,0,1,1,2,1.0,0,1,2,41.4,2,-1.6428387420677732,1.2238107170115162,-0.9741600393465546,Cloud & DevOps Infrastructure Architects
CP-3175,4.0,B.Tech/B.E,Tier 2 (Top State/Private),Data Analytics & BI,Tier 1 Tech Hub (Bengaluru/NCR/Hyd),1,2,61.0,0,0,0,0,0,0,0,0,0,16.67,Job-Ready Mid-Level,4.42,0,0,0,2,3.0,1,0,0,45.1,2,-4.146695620064286,0.879405201004505,0.21043989787980014,Cloud & DevOps Infrastructure Architects
CP-3176,0.7,BCA/B.Sc CS,Tier 2 (Top State/Private),Full Stack Web,Tier 1 Tech Hub (Bengaluru/NCR/Hyd),1,3,119.0,1,1,0,1,0,0,0,0,2,12.57,Junior Associate,6.57,0,1,1,2,2.0,1,0,2,37.4,2,-2.057608135619163,0.07287930570007951,-1.4489953943762945,Cloud & DevOps Infrastructure Architects
CP-3177,2.3,B.Tech/B.E,Tier 3 (Affiliated Colleges),Data Analytics & BI,Tier 1 Tech Hub (Bengaluru/NCR/Hyd),1,3,3.0,0,1,0,0,0,1,1,0,3,16.9,Job-Ready Mid-Level,3.68,1,2,0,1,3.0,1,0,3,43.7,1,-0.7341150126355992,-1.0096119763778244,1.3186653491324904,Applied AI/ML & Data Science Specialists
CP-3178,2.6,M.Tech/M.S,Tier 2 (Top State/Private),Data Analytics & BI,Tier 1 Tech Hub (Bengaluru/NCR/Hyd),0,1,134.0,0,1,0,1,0,0,1,1,4,22.57,Job-Ready Mid-Level,4.05,0,2,2,2,4.0,1,0,4,57.2,3,0.8973233248093261,-1.9626397072078274,-2.857025196551232,Emerging Full-Stack & Entry Developers
CP-3179,1.6,B.Tech/B.E,Tier 1 (IIT/NIT/BITS),Data Science & AI/ML,Tier 1 Tech Hub (Bengaluru/NCR/Hyd),3,5,0.0,0,0,1,1,1,0,0,0,3,22.59,Job-Ready Mid-Level,8.0,1,1,1,3,3.0,1,0,3,55.7,0,0.38506454559984754,1.0510132787182118,-0.07774643287375814,Core Systems & Algorithmic Backend Specialists
CP-3180,0.8,B.Tech/B.E,Tier 2 (Top State/Private),Data Analytics & BI,Remote Global,2,3,29.0,1,0,1,0,1,0,0,0,2,16.25,Job-Ready Mid-Level,5.82,1,1,0,2,3.0,0,1,2,39.7,2,-1.7890538041570196,0.16665198194647776,1.9142615878040514,Cloud & DevOps Infrastructure Architects
CP-3181,0.5,B.Tech/B.E,Tier 2 (Top State/Private),Data Analytics & BI,Remote Global,0,1,30.0,3,1,1,0,0,1,1,0,4,14.54,Junior Associate,1.45,1,3,0,2,3.0,0,1,4,39.3,1,-0.001500635930187453,-2.892190625128052,1.639090206114212,Applied AI/ML & Data Science Specialists
CP-3182,0.1,MCA,Tier 1 (IIT/NIT/BITS),Full Stack Web,Tier 1 Tech Hub (Bengaluru/NCR/Hyd),1,3,14.0,0,1,1,0,0,0,0,0,2,12.82,Junior Associate,3.95,0,2,0,3,2.5,1,0,2,35.7,1,-2.3073707578879015,-0.5455662373819145,-0.33049112373259987,Applied AI/ML & Data Science Specialists
CP-3183,0.8,B.Tech/B.E,Tier 3 (Affiliated Colleges),Data Science & AI/ML,Tier 1 Tech Hub (Bengaluru/NCR/Hyd),2,5,25.0,1,1,1,0,0,0,0,0,2,12.99,Junior Associate,7.12,0,2,0,1,3.0,1,0,2,37.7,1,-1.7551899250600875,0.8485824672852125,-0.3767874657214438,Applied AI/ML & Data Science Specialists
CP-3184,2.3,B.Tech/B.E,Tier 3 (Affiliated Colleges),Full Stack Web,Tier 1 Tech Hub (Bengaluru/NCR/Hyd),0,3,66.0,2,0,0,1,1,0,0,0,2,16.48,Job-Ready Mid-Level,3.75,1,0,1,1,3.0,1,0,2,39.6,2,-2.112184881417215,-1.0175058647907562,0.49325092563373474,Cloud & DevOps Infrastructure Architects
CP-3185,6.1,M.Tech/M.S,Tier 3 (Affiliated Colleges),Backend Systems,Tier 2 City,1,2,142.0,0,1,1,1,0,0,0,1,4,22.4,Job-Ready Mid-Level,6.45,0,2,2,1,4.0,0,0,4,69.1,3,1.801890256570718,-0.5190421315879926,-2.755152285184095,Emerging Full-Stack & Entry Developers
CP-3186,4.5,B.Tech/B.E,Tier 3 (Affiliated Colleges),Cloud & DevOps,Tier 1 Tech Hub (Bengaluru/NCR/Hyd),1,8,9.0,2,1,1,1,1,1,0,1,6,27.19,High-Demand Specialist,7.32,2,2,2,1,3.0,1,0,6,73.2,3,4.613359881744064,-0.7920489696689283,0.019734603328368967,Emerging Full-Stack & Entry Developers
CP-3187,3.2,MCA,Tier 1 (IIT/NIT/BITS),Data Science & AI/ML,Remote Global,1,6,19.0,2,0,1,1,0,0,0,0,2,26.2,High-Demand Specialist,6.17,0,1,1,3,2.5,0,1,2,54.9,2,-1.0793124412921729,0.687969203242672,-1.0976953854999127,Cloud & DevOps Infrastructure Architects
CP-3188,3.4,B.Tech/B.E,Tier 3 (Affiliated Colleges),Cloud & DevOps,Tier 2 City,2,4,130.0,0,0,1,1,0,0,0,0,2,14.68,Junior Associate,9.05,0,1,1,1,3.0,0,0,2,54.0,2,-0.9185296506981389,1.5416802742409035,-1.3126343208374593,Cloud & DevOps Infrastructure Architects
CP-3189,2.4,BCA/B.Sc CS,Tier 3 (Affiliated Colleges),Full Stack Web,Tier 2 City,1,2,117.0,0,1,1,1,0,0,1,0,4,13.76,Junior Associate,5.82,0,3,1,1,2.0,0,0,4,48.8,1,0.7201405659243609,-1.0497364520869945,-1.7249705652594358,Applied AI/ML & Data Science Specialists
CP-3190,0.7,B.Tech/B.E,Tier 3 (Affiliated Colleges),Cloud & DevOps,Tier 1 Tech Hub (Bengaluru/NCR/Hyd),0,3,3.0,2,1,1,1,1,0,1,0,5,14.71,Junior Associate,2.17,1,3,1,1,3.0,1,0,5,41.5,3,1.35709213555639,-3.0752542105369662,-0.2435688206067879,Emerging Full-Stack & Entry Developers
CP-3191,5.2,B.Tech/B.E,Tier 1 (IIT/NIT/BITS),Data Analytics & BI,Tier 1 Tech Hub (Bengaluru/NCR/Hyd),0,3,34.0,0,0,1,0,0,0,1,0,2,29.02,High-Demand Specialist,2.95,0,2,0,3,3.0,1,0,2,60.1,1,-1.2014250798879338,-0.3254806407603121,-0.29225367861158685,Applied AI/ML & Data Science Specialists
CP-3192,2.4,BCA/B.Sc CS,Tier 3 (Affiliated Colleges),Full Stack Web,Remote Global,0,1,149.0,0,0,1,0,1,1,0,1,4,22.78,Job-Ready Mid-Level,4.42,2,1,1,1,2.0,0,1,4,46.4,3,0.4092782811445909,-2.203520439615238,2.336702004546712,Emerging Full-Stack & Entry Developers
CP-3193,1.8,BCA/B.Sc CS,Tier 3 (Affiliated Colleges),Data Analytics & BI,Tier 2 City,1,6,0.0,1,0,1,1,0,0,1,0,3,12.96,Junior Associate,5.7,0,2,1,1,2.0,0,0,3,41.4,1,-0.6115134961438061,-0.4066716065952309,-1.5696859248716541,Applied AI/ML & Data Science Specialists
CP-3194,0.3,M.Tech/M.S,Tier 3 (Affiliated Colleges),Data Analytics & BI,Remote Global,1,7,39.0,0,1,1,1,0,0,0,0,3,14.31,Junior Associate,7.37,0,2,1,1,4.0,0,1,3,42.9,1,-0.3795697105219295,0.19101079275404043,-1.2244584541552581,Applied AI/ML & Data Science Specialists
CP-3195,1.3,B.Tech/B.E,Tier 1 (IIT/NIT/BITS),Cloud & DevOps,Tier 1 Tech Hub (Bengaluru/NCR/Hyd),0,2,47.0,2,0,1,1,0,0,1,0,3,19.25,Job-Ready Mid-Level,2.58,0,2,1,3,3.0,1,0,3,45.2,1,-0.8068159626911837,-1.8182725724182915,-1.5959664824814377,Applied AI/ML & Data Science Specialists
CP-3196,1.4,B.Tech/B.E,Tier 3 (Affiliated Colleges),Data Science & AI/ML,Tier 2 City,1,4,240.0,0,1,1,1,0,0,0,1,4,15.92,Job-Ready Mid-Level,10.3,0,2,2,1,3.0,0,0,4,54.4,3,1.3829119253033704,0.2540135809737896,-2.821847793315828,Emerging Full-Stack & Entry Developers
CP-3197,4.4,B.Tech/B.E,Tier 3 (Affiliated Colleges),Data Analytics & BI,Tier 1 Tech Hub (Bengaluru/NCR/Hyd),1,3,27.0,0,1,1,1,1,1,0,1,6,28.07,High-Demand Specialist,4.27,2,2,2,1,3.0,1,0,6,67.7,3,3.855450604317743,-2.345545420666156,0.15982619998597813,Emerging Full-Stack & Entry Developers
CP-3198,1.7,Non-CS Degree,Tier 3 (Affiliated Colleges),Backend Systems,Tier 2 City,0,2,55.0,1,1,1,1,1,1,1,0,6,14.11,Junior Associate,2.78,2,3,1,1,1.0,0,0,6,45.4,3,2.601414381739963,-3.4951364474980324,1.4652797592946283,Emerging Full-Stack & Entry Developers
CP-3199,1.1,B.Tech/B.E,Tier 2 (Top State/Private),Data Science & AI/ML,Tier 2 City,1,5,212.0,2,1,1,1,1,0,0,0,4,15.68,Job-Ready Mid-Level,10.3,1,2,1,2,3.0,0,0,4,57.0,0,1.710981875278187,0.7251980565597175,0.014528087866083554,Core Systems & Algorithmic Backend Specialists
CP-3200,8.3,B.Tech/B.E,Tier 3 (Affiliated Colleges),Full Stack Web,Tier 2 City,1,10,54.0,2,1,0,0,0,0,0,0,1,21.44,Job-Ready Mid-Level,9.85,0,1,0,1,3.0,0,0,1,59.1,0,-1.3512758210189524,3.3457161526778734,-0.065131521922342,Core Systems & Algorithmic Backend Specialists
CP-3201,0.3,B.Tech/B.E,Tier 2 (Top State/Private),Data Science & AI/ML,Tier 2 City,1,4,58.0,1,1,0,1,1,1,0,1,5,11.97,Junior Associate,5.75,2,1,2,2,3.0,0,0,5,49.6,3,2.005618992699611,-1.8756199297879086,0.5620492563723716,Emerging Full-Stack & Entry Developers
CP-3202,1.2,BCA/B.Sc CS,Tier 2 (Top State/Private),Data Analytics & BI,Tier 1 Tech Hub (Bengaluru/NCR/Hyd),0,5,17.0,3,1,0,1,0,0,0,0,2,10.42,Junior Associate,3.92,0,1,1,2,2.0,1,0,2,35.4,2,-2.3050810984205006,-0.7794123511779657,-1.4321738033810516,Cloud & DevOps Infrastructure Architects
CP-3203,0.1,B.Tech/B.E,Tier 2 (Top State/Private),Data Analytics & BI,Remote Global,1,4,335.0,1,1,0,1,0,1,0,0,3,19.27,Job-Ready Mid-Level,12.68,1,1,1,2,3.0,0,1,3,51.8,0,0.3789484093235297,1.6362530634385373,0.6043982060039126,Core Systems & Algorithmic Backend Specialists
CP-3204,3.0,MCA,Tier 3 (Affiliated Colleges),Data Science & AI/ML,Remote Global,3,4,60.0,1,0,1,1,0,1,0,0,3,27.01,High-Demand Specialist,8.8,1,1,1,1,2.5,0,1,3,54.1,0,0.30560668257696355,1.0353110805420718,0.4763660902648648,Core Systems & Algorithmic Backend Specialists
CP-3205,5.5,B.Tech/B.E,Tier 1 (IIT/NIT/BITS),Backend Systems,Tier 1 Tech Hub (Bengaluru/NCR/Hyd),1,4,154.0,0,1,1,1,0,0,1,1,5,34.98,High-Demand Specialist,8.15,0,3,2,3,3.0,1,0,5,81.3,3,3.718637049506066,0.010092220879353159,-3.3570417673184045,Emerging Full-Stack & Entry Developers
CP-3206,0.7,MCA,Tier 2 (Top State/Private),Data Science & AI/ML,Remote Global,1,3,0.0,2,1,1,1,1,1,0,0,5,18.02,Job-Ready Mid-Level,3.6,2,2,1,2,2.5,0,1,5,46.5,3,1.7158443192426127,-2.3974271263259372,1.9404994559404902,Emerging Full-Stack & Entry Developers
CP-3207,4.3,B.Tech/B.E,Tier 3 (Affiliated Colleges),Data Analytics & BI,Tier 1 Tech Hub (Bengaluru/NCR/Hyd),1,5,11.0,1,1,0,1,0,0,0,0,2,19.0,Job-Ready Mid-Level,5.28,0,1,1,1,3.0,1,0,2,52.2,2,-1.3511707952518714,0.3758716714607602,-1.4582013020382307,Cloud & DevOps Infrastructure Architects
CP-3208,0.8,BCA/B.Sc CS,Tier 3 (Affiliated Colleges),Full Stack Web,Tier 2 City,0,5,46.0,0,0,1,0,0,1,1,1,4,13.33,Junior Associate,4.65,1,2,1,1,2.0,0,0,4,38.8,3,0.2064012066192532,-1.9016985835576916,0.15541853162591568,Emerging Full-Stack & Entry Developers
CP-3209,5.3,MCA,Tier 2 (Top State/Private),Full Stack Web,Tier 1 Tech Hub (Bengaluru/NCR/Hyd),1,3,64.0,0,1,1,0,0,1,1,0,4,27.15,High-Demand Specialist,5.2,1,3,0,2,2.5,1,0,4,66.5,1,1.6523382879623436,-0.3786302073665374,0.9876296260467635,Applied AI/ML & Data Science Specialists
CP-3210,3.1,B.Tech/B.E,Tier 3 (Affiliated Colleges),Data Science & AI/ML,Remote Global,0,2,123.0,2,0,1,1,0,0,0,0,2,18.93,Job-Ready Mid-Level,4.47,0,1,1,1,3.0,0,1,2,44.8,2,-1.8823554368424877,-0.7828293814196943,-0.8334013888823446,Cloud & DevOps Infrastructure Architects
CP-3211,3.6,Non-CS Degree,Tier 3 (Affiliated Colleges),Data Science & AI/ML,Tier 1 Tech Hub (Bengaluru/NCR/Hyd),0,6,68.0,2,1,1,0,0,0,1,0,3,15.78,Job-Ready Mid-Level,5.9,0,3,0,1,1.0,1,0,3,47.6,1,-0.34242156442338545,-0.06700068121499715,-0.6294750934291113,Applied AI/ML & Data Science Specialists
CP-3212,0.0,B.Tech/B.E,Tier 1 (IIT/NIT/BITS),Cloud & DevOps,Tier 1 Tech Hub (Bengaluru/NCR/Hyd),1,3,210.0,0,1,1,1,0,1,0,0,4,16.84,Job-Ready Mid-Level,8.85,1,2,1,3,3.0,1,0,4,53.3,3,1.252244216660041,-0.01061211215453848,-0.09796470728811606,Emerging Full-Stack & Entry Developers
CP-3213,7.2,Non-CS Degree,Tier 2 (Top State/Private),Cloud & DevOps,Tier 1 Tech Hub (Bengaluru/NCR/Hyd),0,6,72.0,1,0,0,0,0,0,1,1,2,30.53,High-Demand Specialist,6.0,0,1,1,2,1.0,1,0,2,54.8,2,-1.1025397209326424,0.5182190631146988,-1.5176944763570674,Cloud & DevOps Infrastructure Architects
CP-3214,2.9,BCA/B.Sc CS,Tier 1 (IIT/NIT/BITS),Data Science & AI/ML,Tier 1 Tech Hub (Bengaluru/NCR/Hyd),1,4,64.0,2,1,0,1,0,1,1,0,4,23.48,Job-Ready Mid-Level,5.9,1,2,1,3,2.0,1,0,4,59.8,3,1.391324130235892,-0.5043070567979155,-0.19373334932983735,Emerging Full-Stack & Entry Developers
CP-3215,0.8,B.Tech/B.E,Tier 2 (Top State/Private),Data Science & AI/ML,Tier 2 City,0,2,143.0,0,1,1,1,0,1,1,0,5,14.09,Junior Associate,4.97,1,3,1,2,3.0,0,0,5,50.8,3,1.8971885351216244,-2.135197582913252,-0.04361944218272816,Emerging Full-Stack & Entry Developers
CP-3216,3.9,B.Tech/B.E,Tier 2 (Top State/Private),Data Science & AI/ML,Tier 1 Tech Hub (Bengaluru/NCR/Hyd),0,3,44.0,0,1,1,1,0,1,1,0,5,23.32,Job-Ready Mid-Level,3.2,1,3,1,2,3.0,1,0,5,63.4,3,2.3868230896352074,-2.088528164715545,-0.2754075039234556,Emerging Full-Stack & Entry Developers
CP-3217,0.7,B.Tech/B.E,Tier 3 (Affiliated Colleges),Data Analytics & BI,Tier 2 City,2,4,207.0,1,0,1,1,1,0,0,0,3,13.37,Junior Associate,10.98,1,1,1,1,3.0,0,0,3,47.8,0,0.18862724939369668,1.2661194147460775,0.26383330857072024,Core Systems & Algorithmic Backend Specialists
CP-3218,4.5,B.Tech/B.E,Tier 3 (Affiliated Colleges),Data Analytics & BI,Remote Global,2,7,0.0,0,0,1,0,1,0,0,1,3,27.95,High-Demand Specialist,7.9,1,1,1,1,3.0,0,1,3,61.7,0,0.6357610557326729,0.9927437124451808,0.46537118679549155,Core Systems & Algorithmic Backend Specialists
CP-3219,0.3,B.Tech/B.E,Tier 1 (IIT/NIT/BITS),Data Science & AI/ML,Tier 2 City,0,1,127.0,0,1,0,1,0,1,0,0,3,11.26,Junior Associate,3.88,1,1,1,3,3.0,0,0,3,42.3,2,-1.007111144062274,-1.6711694851750498,0.4593972201028057,Cloud & DevOps Infrastructure Architects
CP-3220,2.7,B.Tech/B.E,Tier 1 (IIT/NIT/BITS),Cloud & DevOps,Remote Global,1,5,372.0,0,1,1,0,1,0,0,0,3,27.7,High-Demand Specialist,14.3,1,2,0,3,3.0,0,1,3,71.7,0,1.5569833269176205,3.0791068583116266,1.598622264186346,Core Systems & Algorithmic Backend Specialists
CP-3221,1.7,B.Tech/B.E,Tier 2 (Top State/Private),Data Science & AI/ML,Tier 1 Tech Hub (Bengaluru/NCR/Hyd),0,4,27.0,1,0,1,0,1,0,0,1,3,16.87,Job-Ready Mid-Level,3.47,1,1,1,2,3.0,1,0,3,44.5,2,-0.736043359630422,-1.543828119032737,0.22136287670854943,Cloud & DevOps Infrastructure Architects
CP-3222,0.2,M.Tech/M.S,Tier 2 (Top State/Private),Backend Systems,Tier 1 Tech Hub (Bengaluru/NCR/Hyd),1,6,58.0,0,1,1,1,1,0,0,1,5,18.59,Job-Ready Mid-Level,7.15,1,2,2,2,4.0,1,0,5,54.6,3,2.449548976428814,-1.0394263255713188,-1.4726763143614314,Emerging Full-Stack & Entry Developers
CP-3223,0.6,B.Tech/B.E,Tier 2 (Top State/Private),Backend Systems,Tier 1 Tech Hub (Bengaluru/NCR/Hyd),1,5,1.0,0,1,1,1,0,1,1,0,5,17.77,Job-Ready Mid-Level,5.03,1,3,1,2,3.0,1,0,5,49.9,3,2.0320796010710267,-1.5746216403866613,-0.36729685527928113,Emerging Full-Stack & Entry Developers
CP-3224,0.0,B.Tech/B.E,Tier 3 (Affiliated Colleges),Cloud & DevOps,Tier 1 Tech Hub (Bengaluru/NCR/Hyd),0,3,152.0,0,1,0,0,1,0,0,0,2,10.08,Junior Associate,5.9,1,1,0,1,3.0,1,0,2,31.7,2,-2.3497313244409734,-0.40341869051400314,1.622127345269099,Cloud & DevOps Infrastructure Architects
CP-3225,1.4,BCA/B.Sc CS,Tier 3 (Affiliated Colleges),Backend Systems,Remote Global,1,4,51.0,0,1,0,1,1,0,0,1,4,19.4,Job-Ready Mid-Level,5.57,1,1,2,1,2.0,0,1,4,43.4,3,0.4307727586629396,-1.4942434120563555,-0.7659967014274277,Emerging Full-Stack & Entry Developers
CP-3226,0.8,B.Tech/B.E,Tier 2 (Top State/Private),Data Analytics & BI,Tier 1 Tech Hub (Bengaluru/NCR/Hyd),0,2,23.0,0,0,1,0,1,1,0,0,3,14.4,Junior Associate,1.98,2,1,0,2,3.0,1,0,3,37.5,2,-1.2280035112691963,-2.140701183468478,3.216192251177123,Cloud & DevOps Infrastructure Architects
CP-3227,2.0,B.Tech/B.E,Tier 3 (Affiliated Colleges),Data Analytics & BI,Remote Global,0,1,127.0,0,0,0,0,1,1,0,0,2,17.08,Job-Ready Mid-Level,3.88,2,0,0,1,3.0,0,1,2,38.3,2,-2.2568575205280483,-1.1661106844988594,3.9658167712980705,Cloud & DevOps Infrastructure Architects
CP-3228,0.8,B.Tech/B.E,Tier 2 (Top State/Private),Cloud & DevOps,Tier 1 Tech Hub (Bengaluru/NCR/Hyd),2,5,242.0,0,1,1,0,0,0,0,0,2,16.73,Job-Ready Mid-Level,12.55,0,2,0,2,3.0,1,0,2,51.0,0,-0.6978837364165146,2.823972297823675,-0.42653111469913885,Core Systems & Algorithmic Backend Specialists
CP-3229,0.8,Non-CS Degree,Tier 3 (Affiliated Colleges),Full Stack Web,Tier 2 City,1,5,215.0,0,1,0,0,0,0,0,1,2,9.85,Junior Associate,10.38,0,1,1,1,1.0,0,0,2,36.9,2,-1.7881122215936747,1.2116688539973923,-1.3088482479062422,Cloud & DevOps Infrastructure Architects
CP-3230,3.0,MCA,Tier 2 (Top State/Private),Data Science & AI/ML,Tier 1 Tech Hub (Bengaluru/NCR/Hyd),1,5,39.0,0,0,0,0,0,0,0,1,1,18.97,Job-Ready Mid-Level,5.98,0,0,1,2,2.5,1,0,1,45.3,2,-2.8240242082426255,0.7433677982531903,-1.2200438363537762,Cloud & DevOps Infrastructure Architects
CP-3231,0.1,B.Tech/B.E,Tier 1 (IIT/NIT/BITS),Full Stack Web,Tier 1 Tech Hub (Bengaluru/NCR/Hyd),1,3,50.0,1,1,0,0,1,0,0,1,3,16.38,Job-Ready Mid-Level,4.85,1,1,1,3,3.0,1,0,3,43.0,2,-0.6964686881661297,-1.0050015933663476,0.15117462389301053,Cloud & DevOps Infrastructure Architects
CP-3232,5.1,BCA/B.Sc CS,Tier 3 (Affiliated Colleges),Cloud & DevOps,Tier 2 City,1,4,215.0,3,1,0,0,0,0,0,0,1,16.8,Job-Ready Mid-Level,9.68,0,1,0,1,2.0,0,0,1,55.7,2,-1.9346197660575086,2.405311948822452,0.055135758159185366,Cloud & DevOps Infrastructure Architects
CP-3233,4.2,B.Tech/B.E,Tier 2 (Top State/Private),Data Science & AI/ML,Tier 1 Tech Hub (Bengaluru/NCR/Hyd),1,3,31.0,1,1,0,1,0,1,1,0,4,25.04,High-Demand Specialist,4.38,1,2,1,2,3.0,1,0,4,62.7,3,1.3770962918691272,-0.963645007679611,-0.10189897520782025,Emerging Full-Stack & Entry Developers
CP-3234,2.4,BCA/B.Sc CS,Tier 3 (Affiliated Colleges),Data Science & AI/ML,Tier 2 City,1,7,151.0,1,1,1,0,1,0,0,0,3,14.33,Junior Associate,10.17,1,2,0,1,2.0,0,0,3,51.9,0,0.33078886153026027,1.5322916250723715,1.3112231866435617,Core Systems & Algorithmic Backend Specialists
CP-3235,2.0,BCA/B.Sc CS,Tier 2 (Top State/Private),Full Stack Web,Tier 1 Tech Hub (Bengaluru/NCR/Hyd),1,5,152.0,3,1,1,1,0,0,0,0,3,16.86,Job-Ready Mid-Level,8.8,0,2,1,2,2.0,1,0,3,51.8,1,0.1283998095413963,0.7963491186414352,-1.7670086460337275,Applied AI/ML & Data Science Specialists
CP-3236,4.9,BCA/B.Sc CS,Tier 1 (IIT/NIT/BITS),Data Science & AI/ML,Tier 1 Tech Hub (Bengaluru/NCR/Hyd),1,7,32.0,0,0,0,0,1,1,1,0,3,30.53,High-Demand Specialist,7.2,2,1,0,3,2.0,1,0,3,67.8,0,0.8662947112760023,1.1160225729733573,2.881433512109843,Core Systems & Algorithmic Backend Specialists
CP-3237,0.5,B.Tech/B.E,Tier 1 (IIT/NIT/BITS),Cloud & DevOps,Remote Global,1,4,0.0,1,0,1,0,1,0,0,0,2,17.94,Job-Ready Mid-Level,4.3,1,1,0,3,3.0,0,1,2,39.9,2,-1.9403669452675574,-0.3944264503951917,1.9275712395357425,Cloud & DevOps Infrastructure Architects
CP-3238,0.2,B.Tech/B.E,Tier 2 (Top State/Private),Backend Systems,Tier 1 Tech Hub (Bengaluru/NCR/Hyd),1,1,1.0,1,1,1,0,0,0,0,1,3,11.17,Junior Associate,2.22,0,2,1,2,3.0,1,0,3,34.9,1,-1.3989547584936257,-2.186126647558447,-1.558712630636012,Applied AI/ML & Data Science Specialists
CP-3239,0.6,B.Tech/B.E,Tier 3 (Affiliated Colleges),Data Analytics & BI,Tier 2 City,1,3,47.0,0,1,0,1,1,0,0,0,3,9.43,Junior Associate,4.77,1,1,1,1,3.0,0,0,3,37.0,2,-1.022312940425577,-1.115659003665274,0.36846445208072215,Cloud & DevOps Infrastructure Architects
CP-3240,3.5,MCA,Tier 2 (Top State/Private),Cloud & DevOps,Tier 1 Tech Hub (Bengaluru/NCR/Hyd),1,6,26.0,1,1,1,1,1,0,0,1,5,25.73,High-Demand Specialist,6.35,1,2,2,2,2.5,1,0,5,65.1,3,2.848138227125678,-0.8815905924244657,-1.5615583388956011,Emerging Full-Stack & Entry Developers
CP-3241,0.1,BCA/B.Sc CS,Tier 3 (Affiliated Colleges),Cloud & DevOps,Tier 2 City,1,5,231.0,1,1,1,0,0,0,1,1,4,13.3,Junior Associate,10.78,0,3,1,1,2.0,0,0,4,45.6,1,1.1130817699525812,0.4210707273289292,-1.767587929756209,Applied AI/ML & Data Science Specialists
CP-3242,1.9,MCA,Tier 3 (Affiliated Colleges),Full Stack Web,Tier 1 Tech Hub (Bengaluru/NCR/Hyd),1,4,45.0,2,0,1,0,0,0,0,0,1,12.37,Junior Associate,5.42,0,1,0,1,2.5,1,0,1,34.7,2,-3.2678715285082958,0.4528196805312304,-0.056836466788969024,Cloud & DevOps Infrastructure Architects
CP-3243,9.5,Non-CS Degree,Tier 3 (Affiliated Colleges),Data Science & AI/ML,Tier 1 Tech Hub (Bengaluru/NCR/Hyd),1,5,31.0,2,1,1,0,0,0,0,1,3,34.46,High-Demand Specialist,5.78,0,2,1,1,1.0,1,0,3,54.4,1,0.1818585566783658,0.19208057800453507,-1.769205885500467,Applied AI/ML & Data Science Specialists
CP-3244,4.3,B.Tech/B.E,Tier 2 (Top State/Private),Backend Systems,Tier 1 Tech Hub (Bengaluru/NCR/Hyd),2,4,62.0,0,1,1,0,0,0,0,0,2,20.13,Job-Ready Mid-Level,7.35,0,2,0,2,3.0,1,0,2,59.8,1,-0.7522629104579082,1.5401368098047132,-0.4191083929942726,Applied AI/ML & Data Science Specialists
CP-3245,1.6,BCA/B.Sc CS,Tier 3 (Affiliated Colleges),Data Science & AI/ML,Tier 1 Tech Hub (Bengaluru/NCR/Hyd),1,10,10.0,0,1,1,0,1,0,0,1,4,16.16,Job-Ready Mid-Level,8.75,1,2,1,1,2.0,1,0,4,49.7,3,1.2822785324212944,0.4937034412406088,-0.27357075478668025,Emerging Full-Stack & Entry Developers
CP-3246,0.1,BCA/B.Sc CS,Tier 2 (Top State/Private),Data Science & AI/ML,Tier 1 Tech Hub (Bengaluru/NCR/Hyd),2,5,14.0,0,1,1,1,1,1,1,0,6,18.3,Job-Ready Mid-Level,6.85,2,3,1,2,2.0,1,0,6,51.5,3,3.4859059249287925,-1.3569116351737813,1.082710127503491,Emerging Full-Stack & Entry Developers
CP-3247,3.9,Non-CS Degree,Tier 2 (Top State/Private),Data Analytics & BI,Tier 2 City,1,3,0.0,0,0,0,0,0,1,0,0,1,12.59,Junior Associate,3.6,1,0,0,2,1.0,0,0,1,41.1,2,-3.297180712452316,-0.00293097167117311,1.8817854995406729,Cloud & DevOps Infrastructure Architects
CP-3248,2.0,Non-CS Degree,Tier 2 (Top State/Private),Data Science & AI/ML,Tier 2 City,3,5,72.0,1,1,0,1,0,0,0,0,2,12.77,Junior Associate,9.8,0,1,1,2,1.0,0,0,2,46.1,2,-1.224059577857052,1.9497009124335296,-1.5138795659438853,Cloud & DevOps Infrastructure Architects
CP-3249,0.3,BCA/B.Sc CS,Tier 2 (Top State/Private),Full Stack Web,Tier 1 Tech Hub (Bengaluru/NCR/Hyd),1,3,0.0,0,1,0,1,0,0,1,1,4,16.39,Job-Ready Mid-Level,3.6,0,2,2,2,2.0,1,0,4,38.8,3,0.024452937859466832,-2.202372507603153,-3.0310680972660764,Emerging Full-Stack & Entry Developers
CP-3250,0.2,B.Tech/B.E,Tier 1 (IIT/NIT/BITS),Data Science & AI/ML,Tier 1 Tech Hub (Bengaluru/NCR/Hyd),3,5,1.0,3,1,1,0,0,0,0,0,2,14.54,Junior Associate,8.02,0,2,0,3,3.0,1,0,2,44.6,1,-1.215400527627265,1.555265460895522,-0.5091055691634384,Applied AI/ML & Data Science Specialists
CP-3251,5.3,M.Tech/M.S,Tier 3 (Affiliated Colleges),Data Science & AI/ML,Tier 1 Tech Hub (Bengaluru/NCR/Hyd),0,4,114.0,0,0,1,0,0,0,0,0,1,22.48,Job-Ready Mid-Level,5.65,0,1,0,1,4.0,1,0,1,55.2,2,-2.3207250643157407,0.9417034088423014,0.03861929024357795,Cloud & DevOps Infrastructure Architects
CP-3252,2.4,B.Tech/B.E,Tier 2 (Top State/Private),Data Science & AI/ML,Tier 1 Tech Hub (Bengaluru/NCR/Hyd),0,2,32.0,0,0,0,1,0,0,0,0,1,14.09,Junior Associate,2.2,0,0,1,2,3.0,1,0,1,37.5,2,-3.648705292151211,-1.0100532721510715,-1.0671532428176138,Cloud & DevOps Infrastructure Architects
CP-3253,3.9,M.Tech/M.S,Tier 2 (Top State/Private),Data Science & AI/ML,Tier 1 Tech Hub (Bengaluru/NCR/Hyd),1,7,0.0,2,0,1,1,0,0,0,0,2,22.73,Job-Ready Mid-Level,6.4,0,1,1,2,4.0,1,0,2,59.3,2,-0.7321742788104659,1.0334351486636337,-1.4975837884423397,Cloud & DevOps Infrastructure Architects
CP-3254,4.6,MCA,Tier 3 (Affiliated Colleges),Cloud & DevOps,Tier 1 Tech Hub (Bengaluru/NCR/Hyd),3,5,349.0,1,1,0,0,0,0,0,0,1,25.76,High-Demand Specialist,16.73,0,1,0,1,2.5,1,0,1,64.1,0,-0.7840845509650372,5.304656066461705,-0.2757745779918664,Core Systems & Algorithmic Backend Specialists
CP-3255,1.9,B.Tech/B.E,Tier 2 (Top State/Private),Data Analytics & BI,Remote Global,1,1,119.0,1,1,0,0,0,0,0,0,1,15.99,Job-Ready Mid-Level,5.18,0,1,0,2,3.0,0,1,1,40.0,2,-3.203590345961156,0.23398636105427265,0.46059342625843597,Cloud & DevOps Infrastructure Architects
CP-3256,1.6,BCA/B.Sc CS,Tier 2 (Top State/Private),Full Stack Web,Tier 2 City,0,4,4.0,1,1,0,1,1,0,0,0,3,12.32,Junior Associate,2.9,1,1,1,2,2.0,0,0,3,39.9,2,-1.0842077079728973,-1.6614420953917048,0.3307132696866262,Cloud & DevOps Infrastructure Architects
CP-3257,1.2,B.Tech/B.E,Tier 2 (Top State/Private),Backend Systems,Tier 1 Tech Hub (Bengaluru/NCR/Hyd),1,4,60.0,0,1,0,0,0,0,1,0,2,13.15,Junior Associate,5.8,0,2,0,2,3.0,1,0,2,41.7,1,-1.7877846125086587,0.27115759044081056,-0.32881341254357255,Applied AI/ML & Data Science Specialists
CP-3258,0.8,B.Tech/B.E,Tier 3 (Affiliated Colleges),Data Science & AI/ML,Tier 1 Tech Hub (Bengaluru/NCR/Hyd),1,5,60.0,1,1,1,0,0,0,0,0,2,12.14,Junior Associate,6.5,0,2,0,1,3.0,1,0,2,36.7,1,-1.9213076444146417,0.4027669952187231,-0.308710685883849,Applied AI/ML & Data Science Specialists
CP-3259,1.3,B.Tech/B.E,Tier 1 (IIT/NIT/BITS),Full Stack Web,Tier 2 City,0,2,46.0,1,0,1,1,0,0,0,1,3,13.59,Junior Associate,2.55,0,1,2,3,3.0,0,0,3,45.1,2,-0.9497582098329987,-2.1825839821718485,-2.4954500178351533,Cloud & DevOps Infrastructure Architects
CP-3260,3.3,M.Tech/M.S,Tier 2 (Top State/Private),Data Science & AI/ML,Tier 1 Tech Hub (Bengaluru/NCR/Hyd),1,5,19.0,0,0,1,0,1,0,0,1,3,22.63,Job-Ready Mid-Level,5.48,1,1,1,2,4.0,1,0,3,59.0,2,0.23289851685618818,-0.18282082691437318,0.14747247979612277,Cloud & DevOps Infrastructure Architects
CP-3261,2.0,Non-CS Degree,Tier 2 (Top State/Private),Cloud & DevOps,Tier 2 City,3,8,0.0,0,1,0,0,0,0,0,0,1,9.75,Junior Associate,10.1,0,1,0,2,1.0,0,0,1,42.5,2,-2.417157348228724,3.0004096889810143,-0.2266970359250913,Cloud & DevOps Infrastructure Architects
CP-3262,4.9,Non-CS Degree,Tier 3 (Affiliated Colleges),Full Stack Web,Remote Global,2,6,234.0,2,1,1,0,0,0,1,0,3,29.73,High-Demand Specialist,13.05,0,3,0,1,1.0,0,1,3,66.0,0,1.2515550532989046,2.9658597794738917,-0.3354218030184657,Core Systems & Algorithmic Backend Specialists
CP-3263,1.3,B.Tech/B.E,Tier 3 (Affiliated Colleges),Cloud & DevOps,Tier 1 Tech Hub (Bengaluru/NCR/Hyd),0,1,55.0,0,1,0,0,1,0,0,0,2,9.83,Junior Associate,2.08,1,1,0,1,3.0,1,0,2,31.8,2,-2.735187061257799,-1.6873458679724662,1.6726370366671073,Cloud & DevOps Infrastructure Architects
CP-3264,2.1,MCA,Tier 3 (Affiliated Colleges),Data Analytics & BI,Tier 1 Tech Hub (Bengaluru/NCR/Hyd),0,4,34.0,1,1,1,0,0,0,0,0,2,11.08,Junior Associate,3.65,0,2,0,1,2.5,1,0,2,36.9,1,-2.274686155580519,-0.7228840008994839,-0.24036150300027548,Applied AI/ML & Data Science Specialists
CP-3265,2.2,M.Tech/M.S,Tier 1 (IIT/NIT/BITS),Full Stack Web,Tier 2 City,1,5,30.0,1,0,0,0,1,0,0,1,2,19.38,Job-Ready Mid-Level,5.75,1,0,1,3,4.0,0,0,2,53.9,2,-1.1339014618470495,0.272254823803555,0.55040786552755,Cloud & DevOps Infrastructure Architects
CP-3266,2.0,B.Tech/B.E,Tier 2 (Top State/Private),Cloud & DevOps,Remote Global,1,3,11.0,0,0,1,0,1,0,0,0,2,18.68,Job-Ready Mid-Level,3.87,1,1,0,2,3.0,0,1,2,42.5,2,-1.9214489872727727,-0.5265042615883349,1.974949737775308,Cloud & DevOps Infrastructure Architects
CP-3267,2.7,B.Tech/B.E,Tier 2 (Top State/Private),Backend Systems,Tier 1 Tech Hub (Bengaluru/NCR/Hyd),0,6,35.0,0,1,1,0,0,1,1,0,4,21.12,Job-Ready Mid-Level,5.07,1,3,0,2,3.0,1,0,4,56.3,1,1.1962935348725425,-0.7101005161202447,1.0187149970374167,Applied AI/ML & Data Science Specialists
CP-3268,0.6,B.Tech/B.E,Tier 1 (IIT/NIT/BITS),Full Stack Web,Tier 2 City,2,3,240.0,2,1,0,1,0,0,1,0,3,16.99,Job-Ready Mid-Level,11.1,0,2,1,3,3.0,0,0,3,55.9,0,0.5432690035925978,1.5605245557203504,-1.5983575508645813,Core Systems & Algorithmic Backend Specialists
CP-3269,1.6,MCA,Tier 2 (Top State/Private),Full Stack Web,Tier 1 Tech Hub (Bengaluru/NCR/Hyd),1,6,0.0,1,1,1,0,1,1,0,1,5,20.8,Job-Ready Mid-Level,5.7,2,2,1,2,2.5,1,0,5,54.5,3,2.349253481125824,-1.286836303474242,1.4162329958079858,Emerging Full-Stack & Entry Developers
CP-3270,0.2,BCA/B.Sc CS,Tier 2 (Top State/Private),Data Analytics & BI,Tier 1 Tech Hub (Bengaluru/NCR/Hyd),2,7,350.0,0,1,1,1,0,1,1,0,5,22.42,Job-Ready Mid-Level,16.65,1,3,1,2,2.0,1,0,5,61.4,0,3.683674915629873,2.596362650335307,-0.550077815541373,Core Systems & Algorithmic Backend Specialists
CP-3271,1.1,M.Tech/M.S,Tier 2 (Top State/Private),Cloud & DevOps,Tier 2 City,2,5,8.0,1,1,0,1,1,0,1,0,4,15.74,Job-Ready Mid-Level,6.7,1,2,1,2,4.0,0,0,4,54.2,3,1.370431324057621,-0.17166355745446485,-0.012207287881082374,Emerging Full-Stack & Entry Developers
CP-3272,1.5,B.Tech/B.E,Tier 3 (Affiliated Colleges),Data Science & AI/ML,Remote Global,0,3,45.0,1,0,1,0,0,1,0,0,2,14.44,Junior Associate,3.22,1,1,0,1,3.0,0,1,2,34.7,2,-2.409278657260646,-1.2354495400809695,2.1175484166957284,Cloud & DevOps Infrastructure Architects
CP-3273,2.3,M.Tech/M.S,Tier 2 (Top State/Private),Full Stack Web,Tier 2 City,3,5,24.0,0,1,1,1,1,1,1,0,6,21.11,Job-Ready Mid-Level,8.6,2,3,1,2,4.0,0,0,6,71.7,3,4.74372257531523,-0.04345772468106455,1.2500398171036158,Emerging Full-Stack & Entry Developers
CP-3274,6.6,B.Tech/B.E,Tier 3 (Affiliated Colleges),Full Stack Web,Tier 2 City,1,5,65.0,1,1,0,0,1,0,0,1,3,22.94,Job-Ready Mid-Level,6.62,1,1,1,1,3.0,0,0,3,62.1,2,0.5188793184991077,0.4014262344416699,0.29472516867429527,Cloud & DevOps Infrastructure Architects
CP-3275,2.0,B.Tech/B.E,Tier 2 (Top State/Private),Full Stack Web,Tier 1 Tech Hub (Bengaluru/NCR/Hyd),1,1,60.0,1,1,0,0,0,0,1,1,3,18.19,Job-Ready Mid-Level,3.7,0,2,1,2,3.0,1,0,3,46.4,1,-0.704773368471714,-1.3849542664971,-1.590698332789024,Applied AI/ML & Data Science Specialists
CP-3276,3.0,BCA/B.Sc CS,Tier 2 (Top State/Private),Data Science & AI/ML,Tier 1 Tech Hub (Bengaluru/NCR/Hyd),1,2,153.0,0,0,1,0,0,0,0,0,1,17.36,Job-Ready Mid-Level,6.72,0,1,0,2,2.0,1,0,1,45.0,2,-2.826271365004407,0.9726234976416838,-0.07258487013744956,Cloud & DevOps Infrastructure Architects
CP-3277,1.6,B.Tech/B.E,Tier 2 (Top State/Private),Backend Systems,Tier 1 Tech Hub (Bengaluru/NCR/Hyd),1,5,66.0,1,1,0,1,0,0,0,0,2,13.76,Junior Associate,6.65,0,1,1,2,3.0,1,0,2,45.1,2,-1.5715908050842236,0.5280085440020661,-1.4703116564379288,Cloud & DevOps Infrastructure Architects
CP-3278,2.2,MCA,Tier 1 (IIT/NIT/BITS),Data Analytics & BI,Tier 1 Tech Hub (Bengaluru/NCR/Hyd),0,2,69.0,2,0,1,0,0,1,0,0,2,17.65,Job-Ready Mid-Level,3.12,1,1,0,3,2.5,1,0,2,44.8,2,-1.939340205968835,-0.956054238663912,1.5887972271869621,Cloud & DevOps Infrastructure Architects
CP-3279,0.2,B.Tech/B.E,Tier 1 (IIT/NIT/BITS),Full Stack Web,Tier 2 City,1,6,127.0,0,1,1,0,0,0,1,1,4,16.6,Job-Ready Mid-Level,8.88,0,3,1,3,3.0,0,0,4,54.3,1,1.4130099996858418,0.24520401257208074,-1.8175626279165624,Applied AI/ML & Data Science Specialists
CP-3280,0.6,BCA/B.Sc CS,Tier 2 (Top State/Private),Cloud & DevOps,Tier 1 Tech Hub (Bengaluru/NCR/Hyd),0,3,5.0,0,1,1,1,0,0,0,0,3,8.51,Entry-Level Learner,2.22,0,2,1,2,2.0,1,0,3,33.8,1,-1.5208236944693845,-2.0918685377552038,-1.6152960904555924,Applied AI/ML & Data Science Specialists
CP-3281,1.0,B.Tech/B.E,Tier 3 (Affiliated Colleges),Backend Systems,Tier 2 City,1,7,56.0,1,0,1,1,1,0,0,0,3,12.38,Junior Associate,7.8,1,1,1,1,3.0,0,0,3,44.0,2,-0.22581538211469981,0.31321885499477686,0.2585978259421311,Cloud & DevOps Infrastructure Architects
CP-3282,1.4,BCA/B.Sc CS,Tier 3 (Affiliated Colleges),Data Science & AI/ML,Tier 2 City,0,3,1.0,0,1,1,1,0,0,1,1,5,13.25,Junior Associate,2.12,0,3,2,1,2.0,0,0,5,41.8,3,1.1455353799157857,-3.36667620646371,-3.0021553379002133,Emerging Full-Stack & Entry Developers
CP-3283,0.1,B.Tech/B.E,Tier 1 (IIT/NIT/BITS),Data Science & AI/ML,Tier 1 Tech Hub (Bengaluru/NCR/Hyd),0,3,41.0,2,0,0,1,0,0,1,0,2,15.75,Job-Ready Mid-Level,3.12,0,1,1,3,3.0,1,0,2,35.9,2,-2.3453334415010976,-1.2863640474434224,-1.365352539846814,Cloud & DevOps Infrastructure Architects
CP-3284,0.3,B.Tech/B.E,Tier 3 (Affiliated Colleges),Full Stack Web,Tier 1 Tech Hub (Bengaluru/NCR/Hyd),1,5,125.0,1,1,1,0,0,0,0,1,3,12.78,Junior Associate,8.12,0,2,1,1,3.0,1,0,3,41.1,1,-0.4714763838436409,0.10202415577345177,-1.6464514915316588,Applied AI/ML & Data Science Specialists
CP-3285,0.7,MCA,Tier 3 (Affiliated Colleges),Data Analytics & BI,Tier 2 City,1,3,0.0,2,1,0,0,1,1,0,0,3,8.95,Entry-Level Learner,3.6,2,1,0,1,2.5,0,0,3,34.0,2,-1.1574567567092668,-1.4108767419150086,3.308160746449026,Cloud & DevOps Infrastructure Architects
CP-3286,7.8,B.Tech/B.E,Tier 3 (Affiliated Colleges),Data Science & AI/ML,Remote Global,1,5,227.0,1,1,1,0,0,1,0,0,3,37.64,High-Demand Specialist,10.68,1,2,0,1,3.0,0,1,3,68.8,0,1.285796530304979,2.092419470261627,1.6874274869380148,Core Systems & Algorithmic Backend Specialists
CP-3287,0.9,M.Tech/M.S,Tier 3 (Affiliated Colleges),Backend Systems,Tier 2 City,0,5,229.0,0,0,1,1,0,0,0,0,2,11.23,Junior Associate,9.22,0,1,1,1,4.0,0,0,2,44.9,2,-1.3889525480423148,0.8931010653327898,-1.1428317785499045,Cloud & DevOps Infrastructure Architects
CP-3288,1.4,Non-CS Degree,Tier 2 (Top State/Private),Full Stack Web,Tier 1 Tech Hub (Bengaluru/NCR/Hyd),2,4,56.0,1,0,1,1,0,0,0,1,3,17.14,Job-Ready Mid-Level,7.2,0,1,2,2,1.0,1,0,3,43.0,2,-0.5431341745650076,-0.17107924319628975,-2.9203821727527792,Cloud & DevOps Infrastructure Architects
CP-3289,0.5,B.Tech/B.E,Tier 2 (Top State/Private),Full Stack Web,Tier 1 Tech Hub (Bengaluru/NCR/Hyd),1,1,0.0,1,1,1,0,1,0,0,0,3,11.57,Junior Associate,2.2,1,2,0,2,3.0,1,0,3,36.4,1,-1.2298900083865267,-1.8526712064414506,1.3325189156618673,Applied AI/ML & Data Science Specialists
CP-3290,2.1,B.Tech/B.E,Tier 2 (Top State/Private),Full Stack Web,Tier 1 Tech Hub (Bengaluru/NCR/Hyd),0,9,118.0,2,1,0,0,0,0,0,0,1,13.74,Junior Associate,9.25,0,1,0,2,3.0,1,0,1,47.8,2,-2.232428242047998,2.2984263363775135,-0.15467893127744742,Cloud & DevOps Infrastructure Architects
CP-3291,0.7,BCA/B.Sc CS,Tier 2 (Top State/Private),Data Science & AI/ML,Tier 1 Tech Hub (Bengaluru/NCR/Hyd),1,4,245.0,2,1,0,0,0,0,0,0,1,13.12,Junior Associate,10.42,0,1,0,2,2.0,1,0,1,39.6,2,-2.670715236141383,2.1095010888462546,-0.12046640058136875,Cloud & DevOps Infrastructure Architects
CP-3292,0.5,Non-CS Degree,Tier 2 (Top State/Private),Data Analytics & BI,Tier 2 City,1,7,22.0,1,1,0,0,0,0,0,1,2,8.28,Entry-Level Learner,6.95,0,1,1,2,1.0,0,0,2,33.9,2,-2.119073278649593,0.3415763966749891,-1.382584345441392,Cloud & DevOps Infrastructure Architects
CP-3293,1.6,MCA,Tier 2 (Top State/Private),Backend Systems,Tier 2 City,0,1,246.0,0,1,1,0,0,0,0,0,2,10.5,Junior Associate,6.85,0,2,0,2,2.5,0,0,2,43.9,1,-1.8123863470568329,0.07637359792893815,-0.01973222144610752,Applied AI/ML & Data Science Specialists
CP-3294,0.0,B.Tech/B.E,Tier 3 (Affiliated Colleges),Full Stack Web,Tier 1 Tech Hub (Bengaluru/NCR/Hyd),1,4,60.0,1,1,1,1,0,0,1,0,4,15.83,Job-Ready Mid-Level,5.8,0,3,1,1,3.0,1,0,4,39.9,1,0.448513708021566,-1.1449124255624976,-1.8957451889064951,Applied AI/ML & Data Science Specialists
CP-3295,0.0,M.Tech/M.S,Tier 3 (Affiliated Colleges),Backend Systems,Tier 1 Tech Hub (Bengaluru/NCR/Hyd),2,6,65.0,0,1,1,1,0,0,0,0,3,12.89,Junior Associate,8.82,0,2,1,1,4.0,1,0,3,43.9,1,-0.16063499814957763,0.8383936411090797,-1.7261816365353186,Applied AI/ML & Data Science Specialists
CP-3296,0.5,B.Tech/B.E,Tier 3 (Affiliated Colleges),Data Analytics & BI,Tier 1 Tech Hub (Bengaluru/NCR/Hyd),1,6,149.0,0,0,1,0,1,0,0,0,2,13.31,Junior Associate,9.42,1,1,0,1,3.0,1,0,2,40.1,2,-1.4484372841951318,1.3474195116967376,1.4697086154274956,Cloud & DevOps Infrastructure Architects
CP-3297,0.1,Non-CS Degree,Tier 3 (Affiliated Colleges),Full Stack Web,Remote Global,0,2,40.0,0,1,0,1,0,1,0,0,3,7.37,Entry-Level Learner,2.4,1,1,1,1,1.0,0,1,3,24.3,2,-2.0583840203863732,-2.5632762881139275,0.70791070475065,Cloud & DevOps Infrastructure Architects
CP-3298,0.3,Non-CS Degree,Tier 3 (Affiliated Colleges),Cloud & DevOps,Tier 1 Tech Hub (Bengaluru/NCR/Hyd),2,4,56.0,0,0,1,0,0,1,1,1,4,17.38,Job-Ready Mid-Level,7.2,1,2,1,1,1.0,1,0,4,37.5,3,0.418512865235808,-0.7965118567581986,-0.17452385138303686,Emerging Full-Stack & Entry Developers
CP-3299,0.9,B.Tech/B.E,Tier 1 (IIT/NIT/BITS),Full Stack Web,Tier 2 City,0,4,40.0,2,1,1,0,0,1,0,1,4,13.89,Junior Associate,3.8,1,2,1,3,3.0,0,0,4,49.4,3,0.6605295108674689,-1.8701413230394834,0.15673056900021512,Emerging Full-Stack & Entry Developers
CP-3300,3.6,B.Tech/B.E,Tier 2 (Top State/Private),Cloud & DevOps,Tier 1 Tech Hub (Bengaluru/NCR/Hyd),3,8,3.0,0,1,1,0,0,0,0,0,2,20.98,Job-Ready Mid-Level,10.18,0,2,0,2,3.0,1,0,2,61.0,0,-0.25606192761156454,3.0277160332953965,-0.590858568171516,Core Systems & Algorithmic Backend Specialists
CP-3301,1.9,B.Tech/B.E,Tier 2 (Top State/Private),Data Science & AI/ML,Tier 2 City,0,5,141.0,1,1,1,1,0,0,1,0,4,13.71,Junior Associate,7.02,0,3,1,2,3.0,0,0,4,55.6,1,1.2610034078796588,-0.44649131326701064,-1.730241344514062,Applied AI/ML & Data Science Specialists
CP-3302,1.6,B.Tech/B.E,Tier 3 (Affiliated Colleges),Cloud & DevOps,Tier 1 Tech Hub (Bengaluru/NCR/Hyd),1,3,27.0,1,1,0,0,0,0,0,1,2,14.55,Junior Associate,4.27,0,1,1,1,3.0,1,0,2,37.0,2,-2.2353740264625923,-0.7469799343179312,-1.349346744177203,Cloud & DevOps Infrastructure Architects
CP-3303,0.8,M.Tech/M.S,Tier 2 (Top State/Private),Data Science & AI/ML,Tier 1 Tech Hub (Bengaluru/NCR/Hyd),1,5,45.0,2,1,0,0,1,0,0,0,2,14.62,Junior Associate,6.12,1,1,0,2,4.0,1,0,2,43.4,2,-1.5268778053593712,0.45095684630897626,1.5001057004878386,Cloud & DevOps Infrastructure Architects
CP-3304,5.9,B.Tech/B.E,Tier 3 (Affiliated Colleges),Data Analytics & BI,Tier 2 City,0,2,219.0,1,1,1,0,0,0,0,0,2,17.62,Job-Ready Mid-Level,6.88,0,2,0,1,3.0,0,0,2,58.3,1,-0.9793172367741129,0.7011681337272264,-0.02579630238236374,Applied AI/ML & Data Science Specialists
CP-3305,1.1,B.Tech/B.E,Tier 1 (IIT/NIT/BITS),Data Analytics & BI,Tier 1 Tech Hub (Bengaluru/NCR/Hyd),2,4,10.0,1,1,0,0,0,0,0,0,1,16.6,Job-Ready Mid-Level,6.05,0,1,0,3,3.0,1,0,1,41.6,2,-2.8687831473218512,1.147441977183713,-0.17257798606847877,Cloud & DevOps Infrastructure Architects
CP-3306,0.2,B.Tech/B.E,Tier 2 (Top State/Private),Data Science & AI/ML,Tier 1 Tech Hub (Bengaluru/NCR/Hyd),1,3,54.0,0,0,1,0,0,1,0,0,2,11.42,Junior Associate,4.95,1,1,0,2,3.0,1,0,2,35.3,2,-2.185883011710383,-0.4188367376989903,1.5647426139735834,Cloud & DevOps Infrastructure Architects
CP-3307,2.1,Non-CS Degree,Tier 3 (Affiliated Colleges),Full Stack Web,Tier 1 Tech Hub (Bengaluru/NCR/Hyd),0,3,64.0,2,1,1,1,1,0,1,0,5,17.7,Job-Ready Mid-Level,3.7,1,3,1,1,1.0,1,0,5,44.8,3,1.55297839568718,-2.47916801757088,-0.3403648207706582,Emerging Full-Stack & Entry Developers
CP-3308,0.3,BCA/B.Sc CS,Tier 2 (Top State/Private),Full Stack Web,Tier 1 Tech Hub (Bengaluru/NCR/Hyd),1,7,0.0,0,1,0,1,0,0,0,0,2,10.15,Junior Associate,6.4,0,1,1,2,2.0,1,0,2,35.1,2,-2.0818800596549907,0.36260572589992995,-1.5483060544146445,Cloud & DevOps Infrastructure Architects
CP-3309,0.9,B.Tech/B.E,Tier 2 (Top State/Private),Cloud & DevOps,Tier 1 Tech Hub (Bengaluru/NCR/Hyd),1,3,247.0,0,1,1,0,1,0,0,0,3,16.59,Job-Ready Mid-Level,9.77,1,2,0,2,3.0,1,0,3,51.0,0,0.1385001708851801,0.9820289940443347,1.2552538626188026,Core Systems & Algorithmic Backend Specialists
CP-3310,1.6,B.Tech/B.E,Tier 2 (Top State/Private),Full Stack Web,Tier 2 City,0,2,37.0,3,0,1,0,0,0,0,0,1,8.79,Entry-Level Learner,2.33,0,1,0,2,3.0,0,0,1,33.8,2,-3.6545815201603875,-0.9444999609655929,0.23944343952083347,Cloud & DevOps Infrastructure Architects
CP-3311,4.6,Non-CS Degree,Tier 2 (Top State/Private),Cloud & DevOps,Remote Global,3,7,51.0,2,0,1,1,1,1,1,0,5,35.6,High-Demand Specialist,10.68,2,2,1,2,1.0,0,1,5,73.1,0,3.8380963815699842,1.3448816137817377,1.583290923219408,Core Systems & Algorithmic Backend Specialists
CP-3312,1.5,MCA,Tier 3 (Affiliated Colleges),Full Stack Web,Tier 1 Tech Hub (Bengaluru/NCR/Hyd),2,5,7.0,0,0,1,0,1,1,1,0,4,20.49,Job-Ready Mid-Level,6.68,2,2,0,1,2.5,1,0,4,47.3,3,1.0423018227601664,-0.26811321412883415,2.742800663049148,Emerging Full-Stack & Entry Developers
CP-3313,2.7,B.Tech/B.E,Tier 2 (Top State/Private),Data Science & AI/ML,Tier 1 Tech Hub (Bengaluru/NCR/Hyd),0,6,18.0,1,1,1,0,0,0,0,1,3,18.01,Job-Ready Mid-Level,4.65,0,2,1,2,3.0,1,0,3,51.5,1,-0.30175234500661496,-0.673661057706991,-1.6533583671437362,Applied AI/ML & Data Science Specialists
CP-3314,9.5,B.Tech/B.E,Tier 2 (Top State/Private),Data Science & AI/ML,Tier 1 Tech Hub (Bengaluru/NCR/Hyd),1,4,18.0,0,1,0,0,1,1,1,0,4,38.67,High-Demand Specialist,4.75,2,2,0,2,3.0,1,0,4,67.3,3,1.9918643581799853,-0.17793108490813375,2.7806461599067367,Emerging Full-Stack & Entry Developers
CP-3315,0.3,B.Tech/B.E,Tier 1 (IIT/NIT/BITS),Data Science & AI/ML,Tier 1 Tech Hub (Bengaluru/NCR/Hyd),0,4,7.0,1,1,0,1,0,1,0,0,3,14.29,Junior Associate,2.97,1,1,1,3,3.0,1,0,3,40.8,2,-1.0128819148298036,-1.6418672825099108,0.20280912371841678,Cloud & DevOps Infrastructure Architects
CP-3316,0.7,B.Tech/B.E,Tier 3 (Affiliated Colleges),Data Analytics & BI,Tier 1 Tech Hub (Bengaluru/NCR/Hyd),2,4,68.0,1,1,0,1,1,0,1,0,4,15.54,Job-Ready Mid-Level,7.5,1,2,1,1,3.0,1,0,4,46.2,3,0.985482455607036,-0.2516845317695362,-0.17089768835849767,Emerging Full-Stack & Entry Developers
CP-3317,1.1,BCA/B.Sc CS,Tier 2 (Top State/Private),Backend Systems,Tier 2 City,3,8,44.0,0,1,1,0,1,1,0,0,4,14.28,Junior Associate,11.2,2,2,0,2,2.0,0,0,4,55.4,0,1.8881456374811656,1.8699104754529121,2.719958135674677,Core Systems & Algorithmic Backend Specialists
CP-3318,1.2,Non-CS Degree,Tier 3 (Affiliated Colleges),Full Stack Web,Tier 1 Tech Hub (Bengaluru/NCR/Hyd),1,5,60.0,2,1,1,0,1,0,0,1,4,15.16,Job-Ready Mid-Level,6.5,1,2,1,1,1.0,1,0,4,40.8,3,0.524853103950324,-0.9297641116771584,-0.17333459433523224,Emerging Full-Stack & Entry Developers
CP-3319,1.2,B.Tech/B.E,Tier 3 (Affiliated Colleges),Full Stack Web,Tier 1 Tech Hub (Bengaluru/NCR/Hyd),2,6,4.0,0,0,1,0,0,0,0,0,1,10.26,Junior Associate,7.3,0,1,0,1,3.0,1,0,1,35.9,2,-2.966074580963985,1.4583893934334424,-0.1536164579575131,Cloud & DevOps Infrastructure Architects
CP-3320,5.2,MCA,Tier 2 (Top State/Private),Data Science & AI/ML,Remote Global,1,5,71.0,3,1,0,0,0,1,0,0,2,27.21,High-Demand Specialist,6.78,1,1,0,2,2.5,0,1,2,60.8,2,-0.7127752567668321,1.158174950847313,1.8935494373590138,Cloud & DevOps Infrastructure Architects
CP-3321,2.8,B.Tech/B.E,Tier 3 (Affiliated Colleges),Cloud & DevOps,Remote Global,1,6,143.0,2,1,0,1,1,0,0,1,4,28.17,High-Demand Specialist,9.27,1,1,2,1,3.0,0,1,4,59.7,3,1.701091461214529,0.26316861569101213,-0.8032020110316123,Emerging Full-Stack & Entry Developers
CP-3322,2.1,M.Tech/M.S,Tier 3 (Affiliated Colleges),Data Science & AI/ML,Remote Global,3,3,118.0,0,1,1,1,1,0,0,0,4,25.7,High-Demand Specialist,9.55,1,2,1,1,4.0,0,1,4,59.7,0,1.8043186126533726,0.8092716515212109,0.27939036086695235,Core Systems & Algorithmic Backend Specialists
CP-3323,0.8,M.Tech/M.S,Tier 2 (Top State/Private),Cloud & DevOps,Tier 2 City,1,3,33.0,1,1,0,0,0,1,0,0,2,9.54,Junior Associate,4.42,1,1,0,2,4.0,0,0,2,40.5,2,-1.9474473428788301,-0.3888221993916622,1.773937113921158,Cloud & DevOps Infrastructure Architects
CP-3324,3.8,B.Tech/B.E,Tier 2 (Top State/Private),Backend Systems,Remote Global,1,7,230.0,0,1,1,1,0,0,0,0,3,29.04,High-Demand Specialist,12.15,0,2,1,2,3.0,0,1,3,69.5,0,1.2450301347348922,2.445638944592175,-1.3456883931041583,Core Systems & Algorithmic Backend Specialists
CP-3325,6.8,B.Tech/B.E,Tier 3 (Affiliated Colleges),Data Science & AI/ML,Tier 1 Tech Hub (Bengaluru/NCR/Hyd),1,5,231.0,0,1,1,0,0,1,0,0,3,28.9,High-Demand Specialist,10.78,1,2,0,1,3.0,1,0,3,69.0,0,1.2256587062221334,2.143208093022047,1.228645180640065,Core Systems & Algorithmic Backend Specialists
CP-3326,3.8,BCA/B.Sc CS,Tier 3 (Affiliated Colleges),Data Analytics & BI,Tier 1 Tech Hub (Bengaluru/NCR/Hyd),0,3,58.0,2,0,1,0,0,1,0,0,2,16.79,Job-Ready Mid-Level,3.55,1,1,0,1,2.0,1,0,2,43.7,2,-1.9469540697533794,-0.750818529330339,1.59472793885257,Cloud & DevOps Infrastructure Architects
CP-3327,0.0,B.Tech/B.E,Tier 2 (Top State/Private),Data Science & AI/ML,Tier 1 Tech Hub (Bengaluru/NCR/Hyd),0,2,133.0,0,0,0,1,0,1,0,0,2,12.81,Junior Associate,4.72,1,0,1,2,3.0,1,0,2,33.9,2,-2.434156787917954,-1.0605894122483002,0.5404427069845905,Cloud & DevOps Infrastructure Architects
CP-3328,2.2,B.Tech/B.E,Tier 2 (Top State/Private),Full Stack Web,Tier 2 City,3,8,56.0,0,1,1,0,0,0,0,0,2,14.19,Junior Associate,11.5,0,2,0,2,3.0,0,0,2,56.2,0,-0.3796054736756919,3.213422555572866,-0.4001592780497626,Core Systems & Algorithmic Backend Specialists
CP-3329,0.1,B.Tech/B.E,Tier 3 (Affiliated Colleges),Data Science & AI/ML,Remote Global,1,3,60.0,2,0,0,1,0,0,1,0,2,18.41,Job-Ready Mid-Level,5.1,0,1,1,1,3.0,0,1,2,30.9,2,-2.3701857800433275,-0.7222554083241662,-0.9092462549869227,Cloud & DevOps Infrastructure Architects
CP-3330,0.7,Non-CS Degree,Tier 3 (Affiliated Colleges),Full Stack Web,Tier 1 Tech Hub (Bengaluru/NCR/Hyd),2,3,69.0,0,0,1,0,0,1,0,1,3,15.94,Job-Ready Mid-Level,6.82,1,1,1,1,1.0,1,0,3,34.7,2,-0.9785485579882706,-0.5205384567931203,0.10559390468748156,Cloud & DevOps Infrastructure Architects
CP-3331,0.1,B.Tech/B.E,Tier 3 (Affiliated Colleges),Data Science & AI/ML,Tier 2 City,0,1,339.0,1,1,1,0,0,1,0,0,3,10.14,Junior Associate,9.17,1,2,0,1,3.0,0,0,3,41.8,1,-0.48609391790410594,0.005121451509646545,1.6335473221694887,Applied AI/ML & Data Science Specialists
CP-3332,2.0,M.Tech/M.S,Tier 2 (Top State/Private),Full Stack Web,Tier 2 City,1,5,0.0,1,1,1,1,1,0,0,0,4,13.8,Junior Associate,5.0,1,2,1,2,4.0,0,0,4,55.8,3,1.2158470700240176,-0.8390255850215282,0.06089344806871334,Emerging Full-Stack & Entry Developers
CP-3333,2.6,B.Tech/B.E,Tier 3 (Affiliated Colleges),Full Stack Web,Remote Global,3,6,47.0,1,0,1,0,1,0,0,0,2,22.36,Job-Ready Mid-Level,9.88,1,1,0,1,3.0,0,1,2,51.3,0,-0.72851099209497,2.24470495733438,1.7750846478185418,Core Systems & Algorithmic Backend Specialists
CP-3334,0.3,M.Tech/M.S,Tier 2 (Top State/Private),Full Stack Web,Tier 2 City,0,3,125.0,2,1,1,0,0,1,0,0,3,9.96,Junior Associate,5.22,1,2,0,2,4.0,0,0,3,43.5,1,-0.5917070752292735,-0.8843090275074329,1.596025361915363,Applied AI/ML & Data Science Specialists
CP-3335,1.1,BCA/B.Sc CS,Tier 2 (Top State/Private),Cloud & DevOps,Remote Global,0,3,137.0,0,0,1,1,0,0,0,0,2,15.07,Job-Ready Mid-Level,5.52,0,1,1,2,2.0,0,1,2,37.6,2,-2.2164478471099525,-0.5894508922662473,-0.9163006236853518,Cloud & DevOps Infrastructure Architects
CP-3336,1.3,MCA,Tier 3 (Affiliated Colleges),Backend Systems,Tier 1 Tech Hub (Bengaluru/NCR/Hyd),1,3,145.0,1,1,1,1,1,0,0,0,4,16.42,Job-Ready Mid-Level,7.22,1,2,1,1,2.5,1,0,4,47.2,3,0.8654240999562819,-0.6264208476949862,-0.09288114111246873,Emerging Full-Stack & Entry Developers
CP-3337,1.0,B.Tech/B.E,Tier 3 (Affiliated Colleges),Full Stack Web,Tier 1 Tech Hub (Bengaluru/NCR/Hyd),1,3,228.0,2,1,1,1,1,1,1,1,7,24.23,High-Demand Specialist,9.3,2,3,2,1,3.0,1,0,7,59.0,3,5.1861376809697814,-1.7444849053131712,-0.07231114082460811,Emerging Full-Stack & Entry Developers
CP-3338,0.3,BCA/B.Sc CS,Tier 2 (Top State/Private),Data Science & AI/ML,Tier 1 Tech Hub (Bengaluru/NCR/Hyd),0,4,120.0,2,1,1,1,0,0,0,0,3,10.55,Junior Associate,5.8,0,2,1,2,2.0,1,0,3,38.2,1,-0.905098172268839,-0.8366358222101231,-1.6492186922412875,Applied AI/ML & Data Science Specialists
CP-3339,1.2,BCA/B.Sc CS,Tier 2 (Top State/Private),Data Science & AI/ML,Tier 1 Tech Hub (Bengaluru/NCR/Hyd),2,3,136.0,1,0,1,0,1,0,1,1,4,23.17,Job-Ready Mid-Level,8.5,1,2,1,2,2.0,1,0,4,51.4,3,1.2684512369410041,-0.07356408613427516,-0.1914148488328153,Emerging Full-Stack & Entry Developers
CP-3340,3.1,B.Tech/B.E,Tier 3 (Affiliated Colleges),Data Analytics & BI,Tier 1 Tech Hub (Bengaluru/NCR/Hyd),3,7,43.0,1,1,1,0,0,0,1,0,3,19.71,Job-Ready Mid-Level,10.48,0,3,0,1,3.0,1,0,3,59.0,0,0.87282921588195,2.3650286272676606,-0.7838728438126569,Core Systems & Algorithmic Backend Specialists
CP-3341,0.2,B.Tech/B.E,Tier 2 (Top State/Private),Cloud & DevOps,Tier 2 City,1,3,50.0,1,0,0,0,0,1,1,1,3,12.9,Junior Associate,4.85,1,1,1,2,3.0,0,0,3,39.3,2,-0.8506272638182139,-1.2498010838212197,0.39756918128700075,Cloud & DevOps Infrastructure Architects
CP-3342,0.2,B.Tech/B.E,Tier 3 (Affiliated Colleges),Full Stack Web,Tier 2 City,2,5,27.0,2,1,0,1,0,0,1,0,3,11.44,Junior Associate,7.18,0,2,1,1,3.0,0,0,3,39.0,1,-0.5268867957001261,0.1030052155666129,-1.5667510709050765,Applied AI/ML & Data Science Specialists
CP-3343,1.0,B.Tech/B.E,Tier 3 (Affiliated Colleges),Data Science & AI/ML,Tier 2 City,2,3,139.0,1,0,1,0,0,1,0,1,3,15.21,Job-Ready Mid-Level,8.57,1,1,1,1,3.0,0,0,3,45.3,2,-0.20719184812863262,0.2376685409861281,0.3574270564912897,Cloud & DevOps Infrastructure Architects
CP-3344,6.3,MCA,Tier 1 (IIT/NIT/BITS),Full Stack Web,Tier 1 Tech Hub (Bengaluru/NCR/Hyd),1,5,63.0,0,1,0,1,0,0,0,0,2,27.14,High-Demand Specialist,6.58,0,1,1,3,2.5,1,0,2,64.6,2,-0.6272111627154298,1.2415161800396657,-1.557950945545814,Cloud & DevOps Infrastructure Architects
CP-3345,2.4,B.Tech/B.E,Tier 3 (Affiliated Colleges),Data Science & AI/ML,Tier 1 Tech Hub (Bengaluru/NCR/Hyd),0,2,2.0,0,0,0,1,0,0,0,0,1,11.42,Junior Associate,1.45,0,0,1,1,3.0,1,0,1,32.1,2,-3.9700760235695163,-1.3983840429857437,-1.0308150563381555,Cloud & DevOps Infrastructure Architects
CP-3346,2.5,B.Tech/B.E,Tier 3 (Affiliated Colleges),Backend Systems,Tier 1 Tech Hub (Bengaluru/NCR/Hyd),0,4,0.0,1,0,1,0,0,0,0,0,1,14.08,Junior Associate,2.8,0,1,0,1,3.0,1,0,1,34.9,2,-3.5577892957388197,-0.5296772373756683,0.03131057384254757,Cloud & DevOps Infrastructure Architects
CP-3347,1.0,M.Tech/M.S,Tier 3 (Affiliated Colleges),Backend Systems,Tier 1 Tech Hub (Bengaluru/NCR/Hyd),0,3,236.0,1,1,1,1,0,0,1,0,4,16.19,Job-Ready Mid-Level,8.0,0,3,1,1,4.0,1,0,4,51.7,1,1.1424042019117144,-0.4988793138410399,-1.7798831559908348,Applied AI/ML & Data Science Specialists
CP-3348,2.0,B.Tech/B.E,Tier 3 (Affiliated Colleges),Data Science & AI/ML,Tier 1 Tech Hub (Bengaluru/NCR/Hyd),0,4,8.0,1,1,0,0,1,1,0,0,3,15.26,Job-Ready Mid-Level,3.0,2,1,0,1,3.0,1,0,3,41.0,2,-0.9111485393240375,-1.4626130671025817,3.1769084032211867,Cloud & DevOps Infrastructure Architects
CP-3349,0.0,B.Tech/B.E,Tier 3 (Affiliated Colleges),Full Stack Web,Tier 1 Tech Hub (Bengaluru/NCR/Hyd),0,5,0.0,1,1,1,0,0,0,0,0,2,7.73,Entry-Level Learner,3.5,0,2,0,1,3.0,1,0,2,27.7,1,-2.668919078289145,-0.9798993927485015,-0.22600023987537488,Applied AI/ML & Data Science Specialists
CP-3350,2.2,B.Tech/B.E,Tier 1 (IIT/NIT/BITS),Data Science & AI/ML,Tier 1 Tech Hub (Bengaluru/NCR/Hyd),1,6,48.0,0,1,1,0,0,0,0,1,3,22.15,Job-Ready Mid-Level,6.9,0,2,1,3,3.0,1,0,3,56.9,1,0.177343126129861,0.3786987145705205,-1.755313197226388,Applied AI/ML & Data Science Specialists
CP-3351,5.4,Non-CS Degree,Tier 2 (Top State/Private),Full Stack Web,Tier 2 City,0,3,28.0,0,1,1,1,0,1,1,1,6,22.67,Job-Ready Mid-Level,2.8,1,3,2,2,1.0,0,0,6,66.1,3,3.512494739693293,-2.9690790998946874,-1.5209266498027583,Emerging Full-Stack & Entry Developers
CP-3352,2.1,MCA,Tier 3 (Affiliated Colleges),Backend Systems,Tier 1 Tech Hub (Bengaluru/NCR/Hyd),0,2,69.0,1,0,1,0,0,1,1,0,3,16.26,Job-Ready Mid-Level,3.12,1,2,0,1,2.5,1,0,3,40.2,1,-0.9967704042924734,-1.6786479660351004,1.40149834296275,Applied AI/ML & Data Science Specialists
CP-3353,4.6,MCA,Tier 2 (Top State/Private),Full Stack Web,Remote Global,1,3,16.0,0,1,1,1,0,0,0,0,3,24.41,High-Demand Specialist,4.0,0,2,1,2,2.5,0,1,3,58.3,1,-0.13385961939675,-0.6281562383667383,-1.2455921130212497,Applied AI/ML & Data Science Specialists
CP-3354,2.8,B.Tech/B.E,Tier 1 (IIT/NIT/BITS),Full Stack Web,Tier 1 Tech Hub (Bengaluru/NCR/Hyd),0,1,26.0,3,1,0,0,0,0,0,0,1,14.84,Junior Associate,1.35,0,1,0,3,3.0,1,0,1,42.3,2,-3.3958603542907135,-0.9474588470312393,0.034719709291863736,Cloud & DevOps Infrastructure Architects
CP-3355,0.3,M.Tech/M.S,Tier 3 (Affiliated Colleges),Data Science & AI/ML,Remote Global,2,5,138.0,0,1,1,0,1,1,0,0,4,20.39,Job-Ready Mid-Level,9.95,2,2,0,1,4.0,0,1,4,51.4,0,1.5048497518324286,0.7459735110845034,3.2675331025788616,Core Systems & Algorithmic Backend Specialists
CP-3356,5.1,B.Tech/B.E,Tier 3 (Affiliated Colleges),Data Analytics & BI,Tier 1 Tech Hub (Bengaluru/NCR/Hyd),0,3,123.0,1,1,1,1,1,0,1,0,5,28.06,High-Demand Specialist,5.18,1,3,1,1,3.0,1,0,5,68.0,3,2.844194575161002,-1.3402199670440593,-0.29339846252625706,Emerging Full-Stack & Entry Developers
CP-3357,0.2,B.Tech/B.E,Tier 2 (Top State/Private),Cloud & DevOps,Tier 1 Tech Hub (Bengaluru/NCR/Hyd),2,3,0.0,0,1,1,0,1,0,1,1,5,17.37,Job-Ready Mid-Level,5.1,1,3,1,2,3.0,1,0,5,48.0,3,1.9681374607868325,-1.685970434374072,-0.38559896849883923,Emerging Full-Stack & Entry Developers
CP-3358,1.7,B.Tech/B.E,Tier 3 (Affiliated Colleges),Full Stack Web,Tier 1 Tech Hub (Bengaluru/NCR/Hyd),3,3,142.0,0,1,0,0,0,0,1,0,2,17.81,Job-Ready Mid-Level,10.15,0,2,0,1,3.0,1,0,2,47.3,1,-1.0567995415109097,2.0594522480302517,-0.41876105762926913,Applied AI/ML & Data Science Specialists
CP-3359,0.3,BCA/B.Sc CS,Tier 3 (Affiliated Colleges),Data Science & AI/ML,Tier 2 City,1,4,117.0,0,0,0,0,1,0,0,0,1,7.7,Entry-Level Learner,7.22,1,0,0,1,2.0,0,0,1,28.1,2,-3.5006274676582394,0.7021179333563221,1.9180725840616244,Cloud & DevOps Infrastructure Architects
CP-3360,0.0,B.Tech/B.E,Tier 2 (Top State/Private),Full Stack Web,Tier 1 Tech Hub (Bengaluru/NCR/Hyd),1,3,126.0,1,1,1,0,1,0,1,0,4,16.83,Job-Ready Mid-Level,6.75,1,3,0,2,3.0,1,0,4,45.6,1,0.8590520135312356,-0.6327949497886542,1.01548321286614,Applied AI/ML & Data Science Specialists
CP-3361,1.2,B.Tech/B.E,Tier 3 (Affiliated Colleges),Backend Systems,Tier 1 Tech Hub (Bengaluru/NCR/Hyd),3,8,55.0,1,1,0,1,1,0,1,0,4,19.83,Job-Ready Mid-Level,11.48,1,2,1,1,3.0,1,0,4,55.3,0,1.955183340417431,1.8225134118119914,-0.3574549871458563,Core Systems & Algorithmic Backend Specialists
CP-3362,0.8,B.Tech/B.E,Tier 2 (Top State/Private),Full Stack Web,Remote Global,0,6,60.0,0,1,1,1,0,1,0,0,4,18.81,Job-Ready Mid-Level,5.7,1,2,1,2,3.0,0,1,4,47.9,3,0.745242681607277,-1.0776582857787957,0.3859329632476694,Emerging Full-Stack & Entry Developers
CP-3363,1.5,B.Tech/B.E,Tier 2 (Top State/Private),Full Stack Web,Tier 1 Tech Hub (Bengaluru/NCR/Hyd),3,10,148.0,0,1,0,1,0,0,1,0,3,22.82,Job-Ready Mid-Level,15.2,0,2,1,2,3.0,1,0,3,62.7,0,1.4557455084406135,3.944659751668299,-2.012684041445831,Core Systems & Algorithmic Backend Specialists
CP-3364,1.9,M.Tech/M.S,Tier 2 (Top State/Private),Full Stack Web,Tier 1 Tech Hub (Bengaluru/NCR/Hyd),2,6,54.0,1,1,1,1,0,0,0,1,4,21.11,Job-Ready Mid-Level,8.55,0,2,2,2,4.0,1,0,4,61.2,3,1.7794580284911634,0.42291400509697336,-3.115887546034795,Emerging Full-Stack & Entry Developers
CP-3365,0.1,B.Tech/B.E,Tier 2 (Top State/Private),Data Analytics & BI,Tier 1 Tech Hub (Bengaluru/NCR/Hyd),1,4,7.0,1,0,0,1,1,0,0,0,2,11.43,Junior Associate,4.47,1,0,1,2,3.0,1,0,2,34.0,2,-2.2528867500310645,-0.6586388267570367,0.3859991087252344,Cloud & DevOps Infrastructure Architects
CP-3366,0.3,M.Tech/M.S,Tier 2 (Top State/Private),Full Stack Web,Tier 2 City,1,7,36.0,0,1,0,0,0,0,1,0,2,11.74,Junior Associate,7.3,0,2,0,2,4.0,0,0,2,42.8,1,-1.4693618086995675,0.9832474553420381,-0.181915117752877,Applied AI/ML & Data Science Specialists
CP-3367,1.8,B.Tech/B.E,Tier 3 (Affiliated Colleges),Data Science & AI/ML,Tier 1 Tech Hub (Bengaluru/NCR/Hyd),1,6,147.0,2,1,0,1,0,1,0,0,3,17.16,Job-Ready Mid-Level,9.38,1,1,1,1,3.0,1,0,3,50.7,0,0.16536855346224924,0.941247992104675,0.11954986267279565,Core Systems & Algorithmic Backend Specialists
CP-3368,0.9,M.Tech/M.S,Tier 3 (Affiliated Colleges),Cloud & DevOps,Tier 1 Tech Hub (Bengaluru/NCR/Hyd),1,3,38.0,0,1,1,0,0,0,1,0,3,13.01,Junior Associate,4.55,0,3,0,1,4.0,1,0,3,41.2,1,-0.7298581349543491,-0.8079593183005007,-0.4691205008706305,Applied AI/ML & Data Science Specialists
CP-3369,2.9,BCA/B.Sc CS,Tier 2 (Top State/Private),Cloud & DevOps,Tier 1 Tech Hub (Bengaluru/NCR/Hyd),1,7,60.0,2,1,0,0,0,0,0,0,1,14.53,Junior Associate,7.9,0,1,0,2,2.0,1,0,1,46.4,2,-2.459901937606475,1.9283181271054397,-0.21230251221710048,Cloud & DevOps Infrastructure Architects
CP-3370,2.3,B.Tech/B.E,Tier 3 (Affiliated Colleges),Data Analytics & BI,Tier 1 Tech Hub (Bengaluru/NCR/Hyd),1,7,249.0,0,1,1,0,0,0,0,1,3,21.74,Job-Ready Mid-Level,12.62,0,2,1,1,3.0,1,0,3,58.6,0,0.7746934963691173,2.1625393362672374,-1.7302940162716136,Core Systems & Algorithmic Backend Specialists
CP-3371,4.1,B.Tech/B.E,Tier 2 (Top State/Private),Backend Systems,Tier 2 City,0,1,212.0,1,1,1,0,0,0,0,0,2,15.55,Job-Ready Mid-Level,6.0,0,2,0,2,3.0,0,0,2,56.5,1,-1.2268728514039657,0.2355061329613858,-0.02176879478134128,Applied AI/ML & Data Science Specialists
CP-3372,2.6,BCA/B.Sc CS,Tier 1 (IIT/NIT/BITS),Full Stack Web,Tier 1 Tech Hub (Bengaluru/NCR/Hyd),1,3,48.0,0,1,0,0,1,0,0,0,2,18.21,Job-Ready Mid-Level,4.8,1,1,0,3,2.0,1,0,2,48.1,2,-1.6409917829726026,0.0850097986016473,1.4260476746605275,Cloud & DevOps Infrastructure Architects
CP-3373,1.2,MCA,Tier 3 (Affiliated Colleges),Data Science & AI/ML,Tier 1 Tech Hub (Bengaluru/NCR/Hyd),1,5,27.0,1,1,0,1,0,0,1,0,3,14.5,Junior Associate,5.68,0,2,1,1,2.5,1,0,3,39.9,1,-0.7261165489075708,-0.4806733875771044,-1.7060451598157844,Applied AI/ML & Data Science Specialists
CP-3374,2.5,B.Tech/B.E,Tier 1 (IIT/NIT/BITS),Backend Systems,Tier 1 Tech Hub (Bengaluru/NCR/Hyd),0,4,118.0,1,0,1,1,1,0,0,0,3,22.44,Job-Ready Mid-Level,5.75,1,1,1,3,3.0,1,0,3,56.5,2,0.036957987963074174,-0.37468863384916024,0.14485393615769515,Cloud & DevOps Infrastructure Architects
CP-3375,0.7,B.Tech/B.E,Tier 2 (Top State/Private),Full Stack Web,Tier 1 Tech Hub (Bengaluru/NCR/Hyd),0,1,34.0,0,1,1,1,1,0,0,0,4,13.6,Junior Associate,1.55,1,2,1,2,3.0,1,0,4,40.5,3,-0.07760188449455765,-2.9084242819385198,0.03330555140707305,Emerging Full-Stack & Entry Developers
CP-3376,0.8,MCA,Tier 3 (Affiliated Colleges),Cloud & DevOps,Tier 1 Tech Hub (Bengaluru/NCR/Hyd),0,1,115.0,0,1,0,0,0,0,0,0,1,6.94,Entry-Level Learner,3.58,0,1,0,1,2.5,1,0,1,26.1,2,-4.106000209190936,-0.82333835801198,0.09704260506168655,Cloud & DevOps Infrastructure Architects
CP-3377,3.4,BCA/B.Sc CS,Tier 2 (Top State/Private),Cloud & DevOps,Tier 1 Tech Hub (Bengaluru/NCR/Hyd),1,4,60.0,0,0,0,0,1,0,1,0,2,22.29,Job-Ready Mid-Level,5.8,1,1,0,2,2.0,1,0,2,49.6,2,-1.3921274325010167,0.4585862349705391,1.420234427585706,Cloud & DevOps Infrastructure Architects
CP-3378,1.3,B.Tech/B.E,Tier 3 (Affiliated Colleges),Full Stack Web,Tier 1 Tech Hub (Bengaluru/NCR/Hyd),1,3,62.0,1,1,1,1,0,1,0,1,5,17.67,Job-Ready Mid-Level,5.15,1,2,2,1,3.0,1,0,5,49.5,3,1.8945976799599311,-2.087030229028635,-1.3695701948034156,Emerging Full-Stack & Entry Developers
CP-3379,3.5,B.Tech/B.E,Tier 2 (Top State/Private),Data Science & AI/ML,Remote Global,0,6,12.0,2,1,0,0,1,0,0,0,2,21.14,Job-Ready Mid-Level,4.5,1,1,0,2,3.0,0,1,2,51.0,2,-1.396447187264946,0.06599830195298458,1.9397722861570543,Cloud & DevOps Infrastructure Architects
CP-3380,3.8,B.Tech/B.E,Tier 1 (IIT/NIT/BITS),Data Analytics & BI,Tier 1 Tech Hub (Bengaluru/NCR/Hyd),3,5,7.0,0,1,0,0,0,0,0,1,2,25.26,High-Demand Specialist,8.18,0,1,1,3,3.0,1,0,2,62.8,2,-0.5117680881486812,1.887241108179632,-1.6345740468771683,Cloud & DevOps Infrastructure Architects
CP-3381,4.3,BCA/B.Sc CS,Tier 2 (Top State/Private),Data Analytics & BI,Tier 1 Tech Hub (Bengaluru/NCR/Hyd),2,4,122.0,1,0,1,0,0,0,1,1,3,28.41,High-Demand Specialist,8.85,0,2,1,2,2.0,1,0,3,63.3,0,0.6946660932914133,1.1357272839849486,-1.8044325030445152,Core Systems & Algorithmic Backend Specialists
CP-3382,5.5,B.Tech/B.E,Tier 2 (Top State/Private),Cloud & DevOps,Tier 1 Tech Hub (Bengaluru/NCR/Hyd),1,4,44.0,0,1,1,0,1,1,0,0,4,27.17,High-Demand Specialist,5.4,2,2,0,2,3.0,1,0,4,68.4,3,1.8331619665681738,-0.19471991834451646,2.79370233273625,Emerging Full-Stack & Entry Developers
CP-3383,1.2,Non-CS Degree,Tier 2 (Top State/Private),Full Stack Web,Tier 1 Tech Hub (Bengaluru/NCR/Hyd),0,4,57.0,0,1,0,0,0,0,0,0,1,10.02,Junior Associate,4.22,0,1,0,2,1.0,1,0,1,28.7,2,-3.894696117054517,-0.20874315191323203,-0.0799866954796911,Cloud & DevOps Infrastructure Architects
CP-3384,0.8,B.Tech/B.E,Tier 2 (Top State/Private),Data Science & AI/ML,Remote Global,1,5,26.0,0,1,1,0,1,0,0,0,3,15.21,Job-Ready Mid-Level,5.65,1,2,0,2,3.0,0,1,3,43.6,1,-0.5128521524854363,-0.2948166591893088,1.6760278729754643,Applied AI/ML & Data Science Specialists
CP-3385,1.9,B.Tech/B.E,Tier 3 (Affiliated Colleges),Data Science & AI/ML,Tier 1 Tech Hub (Bengaluru/NCR/Hyd),1,2,23.0,0,1,1,0,0,0,1,0,3,14.55,Junior Associate,3.47,0,3,0,1,3.0,1,0,3,41.3,1,-0.8953121943365014,-1.1854372323105147,-0.4890870691603711,Applied AI/ML & Data Science Specialists
CP-3386,1.0,BCA/B.Sc CS,Tier 3 (Affiliated Colleges),Full Stack Web,Tier 1 Tech Hub (Bengaluru/NCR/Hyd),3,5,61.0,0,0,1,1,0,1,0,0,3,16.36,Job-Ready Mid-Level,9.52,1,1,1,1,2.0,1,0,3,43.8,2,-0.1300435298871972,1.0900147965341314,-0.01187489555769234,Cloud & DevOps Infrastructure Architects
CP-3387,2.0,MCA,Tier 2 (Top State/Private),Full Stack Web,Tier 2 City,1,9,50.0,2,0,0,1,0,1,1,1,4,19.93,Job-Ready Mid-Level,9.05,1,1,2,2,2.5,0,0,4,57.9,3,1.7158320548578105,0.40661943273702916,-1.1735209252511514,Emerging Full-Stack & Entry Developers
CP-3388,2.7,M.Tech/M.S,Tier 2 (Top State/Private),Backend Systems,Tier 1 Tech Hub (Bengaluru/NCR/Hyd),1,4,106.0,3,1,0,1,0,0,0,0,2,19.01,Job-Ready Mid-Level,6.95,0,1,1,2,4.0,1,0,2,54.2,2,-1.031927469325875,0.7772344141461122,-1.4168394930104435,Cloud & DevOps Infrastructure Architects
CP-3389,2.6,B.Tech/B.E,Tier 2 (Top State/Private),Data Analytics & BI,Tier 1 Tech Hub (Bengaluru/NCR/Hyd),2,5,27.0,2,1,0,0,1,1,1,0,4,22.73,Job-Ready Mid-Level,7.18,2,2,0,2,3.0,1,0,4,59.3,0,1.7113051630830816,0.31571282674066237,2.7089768199801485,Core Systems & Algorithmic Backend Specialists
CP-3390,1.0,M.Tech/M.S,Tier 3 (Affiliated Colleges),Cloud & DevOps,Tier 1 Tech Hub (Bengaluru/NCR/Hyd),0,3,4.0,3,0,1,1,0,1,1,0,4,14.29,Junior Associate,2.2,1,2,1,1,4.0,1,0,4,42.0,3,0.29404961540297153,-2.5986249372266745,0.08151884013190801,Emerging Full-Stack & Entry Developers
CP-3391,0.4,BCA/B.Sc CS,Tier 3 (Affiliated Colleges),Full Stack Web,Tier 1 Tech Hub (Bengaluru/NCR/Hyd),0,2,114.0,1,1,0,0,0,0,0,1,2,9.98,Junior Associate,4.25,0,1,1,1,2.0,1,0,2,27.8,2,-2.8188214540032166,-1.3682888214035396,-1.284825704658987,Cloud & DevOps Infrastructure Architects
CP-3392,1.2,B.Tech/B.E,Tier 2 (Top State/Private),Data Science & AI/ML,Tier 2 City,1,4,60.0,0,0,1,0,1,0,0,0,2,12.25,Junior Associate,5.8,1,1,0,2,3.0,0,0,2,41.7,2,-1.751923437761418,0.13700296708915932,1.6722236268207813,Cloud & DevOps Infrastructure Architects
CP-3393,0.3,B.Tech/B.E,Tier 3 (Affiliated Colleges),Backend Systems,Tier 1 Tech Hub (Bengaluru/NCR/Hyd),0,3,125.0,1,1,1,0,0,0,0,0,2,7.81,Entry-Level Learner,5.22,0,2,0,1,3.0,1,0,2,32.1,1,-2.3812420699389008,-0.5529503760322383,-0.18189637450987223,Applied AI/ML & Data Science Specialists
CP-3394,4.9,B.Tech/B.E,Tier 2 (Top State/Private),Full Stack Web,Tier 1 Tech Hub (Bengaluru/NCR/Hyd),0,5,24.0,1,1,0,1,0,1,1,0,4,26.29,High-Demand Specialist,4.1,1,2,1,2,3.0,1,0,4,65.7,3,1.4985360010310362,-0.9734314068156202,-0.09329658875830586,Emerging Full-Stack & Entry Developers
CP-3395,0.9,B.Tech/B.E,Tier 1 (IIT/NIT/BITS),Data Science & AI/ML,Tier 1 Tech Hub (Bengaluru/NCR/Hyd),1,8,0.0,1,1,1,1,0,0,0,0,3,15.95,Job-Ready Mid-Level,7.1,0,2,1,3,3.0,1,0,3,50.7,1,0.010237580477880407,0.5643311158930029,-1.8235619831754055,Applied AI/ML & Data Science Specialists
CP-3396,0.4,MCA,Tier 1 (IIT/NIT/BITS),Full Stack Web,Tier 1 Tech Hub (Bengaluru/NCR/Hyd),0,5,26.0,1,1,1,1,0,1,0,1,5,18.86,Job-Ready Mid-Level,4.15,1,2,2,3,2.5,1,0,5,50.1,3,1.8190914537783662,-2.3722417530740976,-1.4317543656680938,Emerging Full-Stack & Entry Developers
CP-3397,0.1,B.Tech/B.E,Tier 2 (Top State/Private),Backend Systems,Remote Global,1,4,232.0,1,1,1,0,1,1,0,0,4,19.77,Job-Ready Mid-Level,10.1,2,2,0,2,3.0,0,1,4,51.7,0,1.4228716654209796,0.4809094883603891,3.2874219123681376,Core Systems & Algorithmic Backend Specialists
CP-3398,2.3,Non-CS Degree,Tier 2 (Top State/Private),Backend Systems,Tier 1 Tech Hub (Bengaluru/NCR/Hyd),2,4,207.0,1,0,0,1,0,0,0,0,1,18.01,Job-Ready Mid-Level,10.98,0,0,1,2,1.0,1,0,1,45.4,2,-2.388021116990644,2.4648881915750076,-1.3554899477865863,Cloud & DevOps Infrastructure Architects
CP-3399,2.2,B.Tech/B.E,Tier 1 (IIT/NIT/BITS),Data Science & AI/ML,Remote Global,0,3,220.0,0,1,1,1,1,0,1,1,6,33.81,High-Demand Specialist,7.6,1,3,2,3,3.0,0,1,6,70.5,3,4.215000657067763,-1.5555227195432448,-1.2193750110833068,Emerging Full-Stack & Entry Developers
CP-3400,0.9,BCA/B.Sc CS,Tier 3 (Affiliated Colleges),Backend Systems,Tier 1 Tech Hub (Bengaluru/NCR/Hyd),0,4,0.0,1,1,0,0,1,1,0,0,3,9.48,Junior Associate,2.8,2,1,0,1,2.0,1,0,3,32.1,2,-1.3975561421007774,-1.7864720608715823,3.1484927682938317,Cloud & DevOps Infrastructure Architects
CP-3401,0.2,B.Tech/B.E,Tier 2 (Top State/Private),Data Science & AI/ML,Tier 2 City,0,3,227.0,0,1,1,0,1,1,0,0,4,10.68,Junior Associate,7.78,2,2,0,2,3.0,0,0,4,48.3,3,0.9420635014428433,-0.5829278216820282,3.10696681923144,Emerging Full-Stack & Entry Developers
CP-3402,1.2,B.Tech/B.E,Tier 2 (Top State/Private),Data Science & AI/ML,Tier 1 Tech Hub (Bengaluru/NCR/Hyd),0,5,234.0,0,1,1,0,1,1,0,0,4,18.58,Job-Ready Mid-Level,9.35,2,2,0,2,3.0,1,0,4,56.0,0,1.5147746018423855,0.3511882605922472,2.8597504732573613,Core Systems & Algorithmic Backend Specialists
CP-3403,0.8,B.Tech/B.E,Tier 2 (Top State/Private),Data Analytics & BI,Tier 1 Tech Hub (Bengaluru/NCR/Hyd),0,4,22.0,2,1,1,0,1,0,0,0,3,12.8,Junior Associate,3.35,1,2,0,2,3.0,1,0,3,39.8,1,-0.9006690455529546,-1.3457293104212427,1.3145045481186957,Applied AI/ML & Data Science Specialists
CP-3404,2.5,B.Tech/B.E,Tier 2 (Top State/Private),Backend Systems,Remote Global,0,3,37.0,1,0,1,0,1,1,0,0,3,21.52,Job-Ready Mid-Level,3.02,2,1,0,2,3.0,0,1,3,47.7,2,-0.6032844704336265,-1.479553375908411,3.6306146295978357,Cloud & DevOps Infrastructure Architects
CP-3405,2.0,BCA/B.Sc CS,Tier 2 (Top State/Private),Cloud & DevOps,Remote Global,1,7,30.0,2,1,0,1,0,1,0,0,3,17.36,Job-Ready Mid-Level,7.15,1,1,1,2,2.0,0,1,3,49.0,2,-0.13244271627513332,0.3109918059812652,0.4843778886163307,Cloud & DevOps Infrastructure Architects
CP-3406,1.0,B.Tech/B.E,Tier 2 (Top State/Private),Cloud & DevOps,Tier 1 Tech Hub (Bengaluru/NCR/Hyd),0,4,0.0,1,0,1,1,0,0,1,1,4,18.66,Job-Ready Mid-Level,2.8,0,2,2,2,3.0,1,0,4,44.0,3,0.2910402265212795,-2.487854391903658,-2.9488897592071366,Emerging Full-Stack & Entry Developers
CP-3407,0.5,M.Tech/M.S,Tier 2 (Top State/Private),Data Analytics & BI,Tier 1 Tech Hub (Bengaluru/NCR/Hyd),1,5,41.0,0,1,1,1,0,0,0,0,3,15.93,Job-Ready Mid-Level,6.02,0,2,1,2,4.0,1,0,3,45.9,1,-0.40066267618192763,-0.22968365305775443,-1.6647525768088556,Applied AI/ML & Data Science Specialists
CP-3408,9.5,B.Tech/B.E,Tier 2 (Top State/Private),Data Analytics & BI,Tier 1 Tech Hub (Bengaluru/NCR/Hyd),2,4,212.0,2,1,0,1,1,0,0,0,3,39.99,High-Demand Specialist,11.1,1,1,1,2,3.0,1,0,3,73.7,0,1.7099387255837943,2.5105261752775356,-0.005394120951862525,Core Systems & Algorithmic Backend Specialists
CP-3409,1.3,B.Tech/B.E,Tier 2 (Top State/Private),Backend Systems,Remote Global,2,5,213.0,0,1,1,1,1,0,1,0,5,26.78,High-Demand Specialist,11.82,1,3,1,2,3.0,0,1,5,64.7,0,3.3900554818041932,1.033649847803925,-0.03553066165653261,Core Systems & Algorithmic Backend Specialists
CP-3410,2.6,B.Tech/B.E,Tier 1 (IIT/NIT/BITS),Cloud & DevOps,Tier 1 Tech Hub (Bengaluru/NCR/Hyd),1,8,238.0,2,0,1,0,1,0,0,0,2,25.65,High-Demand Specialist,13.05,1,1,0,3,3.0,1,0,2,65.0,0,0.18111143190142634,3.3905682523755,1.318070144605784,Core Systems & Algorithmic Backend Specialists
CP-3411,0.3,Non-CS Degree,Tier 3 (Affiliated Colleges),Backend Systems,Tier 2 City,0,5,41.0,1,1,1,0,0,1,0,1,4,10.13,Junior Associate,4.53,1,2,1,1,1.0,0,0,4,33.0,3,-0.15091144696199185,-2.039710728337858,0.12421631816154328,Emerging Full-Stack & Entry Developers
CP-3412,1.5,M.Tech/M.S,Tier 3 (Affiliated Colleges),Backend Systems,Tier 2 City,1,3,67.0,2,0,1,1,0,0,1,1,4,15.59,Job-Ready Mid-Level,5.28,0,2,2,1,4.0,0,0,4,49.6,3,0.8710034830646342,-1.5263937050699405,-2.746896818220972,Emerging Full-Stack & Entry Developers
CP-3413,0.1,B.Tech/B.E,Tier 1 (IIT/NIT/BITS),Data Science & AI/ML,Tier 2 City,1,7,154.0,2,1,1,0,1,0,1,0,4,15.18,Job-Ready Mid-Level,10.25,1,3,0,3,3.0,0,0,4,56.1,0,1.8174661922139859,1.080005586640213,1.0470453179537573,Core Systems & Algorithmic Backend Specialists
CP-3414,1.5,B.Tech/B.E,Tier 2 (Top State/Private),Data Analytics & BI,Tier 1 Tech Hub (Bengaluru/NCR/Hyd),0,3,46.0,0,0,1,1,0,1,1,0,4,18.0,Job-Ready Mid-Level,3.25,1,2,1,2,3.0,1,0,4,47.3,3,0.48668384682284965,-2.092051774413298,0.0008883202587164831,Emerging Full-Stack & Entry Developers
CP-3415,7.3,B.Tech/B.E,Tier 1 (IIT/NIT/BITS),Full Stack Web,Tier 1 Tech Hub (Bengaluru/NCR/Hyd),2,6,0.0,2,1,1,1,1,0,0,0,4,36.12,High-Demand Specialist,7.2,1,2,1,3,3.0,1,0,4,75.5,0,2.575885751985187,0.9593783701157417,-0.32422524866020996,Core Systems & Algorithmic Backend Specialists
CP-3416,1.1,Non-CS Degree,Tier 2 (Top State/Private),Full Stack Web,Remote Global,0,7,145.0,1,1,1,0,0,1,0,0,3,16.29,Job-Ready Mid-Level,8.52,1,2,0,2,1.0,0,1,3,43.7,1,-0.35058631652127703,0.5106204508976123,1.6355667183785834,Applied AI/ML & Data Science Specialists
CP-3417,0.1,BCA/B.Sc CS,Tier 2 (Top State/Private),Cloud & DevOps,Tier 2 City,0,4,64.0,0,1,0,0,0,0,0,0,1,5.34,Entry-Level Learner,4.4,0,1,0,2,2.0,0,0,1,26.6,2,-3.9411917176866846,-0.28500318317186835,0.1505404721015273,Cloud & DevOps Infrastructure Architects
CP-3418,0.1,B.Tech/B.E,Tier 2 (Top State/Private),Data Science & AI/ML,Tier 2 City,2,5,13.0,2,1,1,0,1,0,0,0,3,11.36,Junior Associate,6.82,1,2,0,2,3.0,0,0,3,42.1,1,-0.340190039557603,0.2580677510416105,1.3335116801378069,Applied AI/ML & Data Science Specialists
CP-3419,1.1,BCA/B.Sc CS,Tier 2 (Top State/Private),Full Stack Web,Tier 1 Tech Hub (Bengaluru/NCR/Hyd),2,3,23.0,2,1,0,0,0,0,1,0,2,13.47,Junior Associate,5.68,0,2,0,2,2.0,1,0,2,37.9,1,-1.9234465068794337,0.26511798533812525,-0.40802300079402626,Applied AI/ML & Data Science Specialists
CP-3420,0.4,B.Tech/B.E,Tier 3 (Affiliated Colleges),Backend Systems,Tier 2 City,0,3,231.0,0,1,1,1,0,0,0,0,3,11.26,Junior Associate,7.88,0,2,1,1,3.0,0,0,3,41.2,1,-0.6528067257193014,-0.30168056649918856,-1.3750931075742976,Applied AI/ML & Data Science Specialists
CP-3421,0.1,Non-CS Degree,Tier 2 (Top State/Private),Data Science & AI/ML,Tier 1 Tech Hub (Bengaluru/NCR/Hyd),1,2,63.0,2,1,1,0,0,0,0,1,3,10.22,Junior Associate,4.47,0,2,1,2,1.0,1,0,3,31.9,1,-1.3735505134801278,-1.4939936396665712,-1.6694160649465666,Applied AI/ML & Data Science Specialists
CP-3422,3.1,B.Tech/B.E,Tier 2 (Top State/Private),Full Stack Web,Tier 1 Tech Hub (Bengaluru/NCR/Hyd),1,6,64.0,1,1,0,1,0,1,0,0,3,21.16,Job-Ready Mid-Level,7.3,1,1,1,2,3.0,1,0,3,57.9,2,0.29834237199607955,0.5915649772830023,0.07918642420685928,Cloud & DevOps Infrastructure Architects
CP-3423,1.3,BCA/B.Sc CS,Tier 2 (Top State/Private),Backend Systems,Tier 2 City,1,3,371.0,0,1,0,1,1,0,0,1,4,16.55,Job-Ready Mid-Level,12.88,1,1,2,2,2.0,0,0,4,59.2,0,1.779351138125287,1.0320938473881658,-1.073174474560314,Core Systems & Algorithmic Backend Specialists
CP-3424,0.8,B.Tech/B.E,Tier 3 (Affiliated Colleges),Full Stack Web,Tier 1 Tech Hub (Bengaluru/NCR/Hyd),0,3,27.0,1,0,0,1,1,0,1,0,3,13.99,Junior Associate,2.77,1,1,1,1,3.0,1,0,3,34.7,2,-1.2651782022648708,-2.031744481569689,0.2538452557113638,Cloud & DevOps Infrastructure Architects
CP-3425,5.1,M.Tech/M.S,Tier 3 (Affiliated Colleges),Full Stack Web,Tier 2 City,1,4,3.0,1,1,1,0,1,0,1,1,5,22.58,Job-Ready Mid-Level,4.38,1,3,1,1,4.0,0,0,5,69.8,3,2.990286288608635,-1.3568468688479978,-0.13503117358439345,Emerging Full-Stack & Entry Developers
CP-3426,0.3,M.Tech/M.S,Tier 2 (Top State/Private),Full Stack Web,Tier 1 Tech Hub (Bengaluru/NCR/Hyd),3,6,58.0,1,0,1,0,1,1,1,1,5,24.52,High-Demand Specialist,10.15,2,2,1,2,4.0,1,0,5,60.1,3,3.2510090728145458,0.5249660624488122,1.3388347155063254,Emerging Full-Stack & Entry Developers
CP-3427,6.9,BCA/B.Sc CS,Tier 3 (Affiliated Colleges),Full Stack Web,Tier 1 Tech Hub (Bengaluru/NCR/Hyd),0,3,0.0,1,0,1,0,1,0,1,1,4,29.45,High-Demand Specialist,2.1,1,2,1,1,2.0,1,0,4,55.6,3,0.9105257721880441,-2.1060616423393332,-0.04472648305483116,Emerging Full-Stack & Entry Developers
CP-3428,0.8,BCA/B.Sc CS,Tier 2 (Top State/Private),Cloud & DevOps,Tier 1 Tech Hub (Bengaluru/NCR/Hyd),2,8,5.0,2,1,0,1,0,0,0,0,2,11.61,Junior Associate,8.72,0,1,1,2,2.0,1,0,2,41.4,2,-1.416458052076462,1.5614657375930485,-1.6525864143630413,Cloud & DevOps Infrastructure Architects
CP-3429,4.8,MCA,Tier 3 (Affiliated Colleges),Data Analytics & BI,Tier 1 Tech Hub (Bengaluru/NCR/Hyd),3,4,206.0,2,1,1,1,1,0,0,0,4,28.76,High-Demand Specialist,12.45,1,2,1,1,2.5,1,0,4,73.4,0,2.7538847544111613,2.290814147891262,-0.3006026838395533,Core Systems & Algorithmic Backend Specialists
CP-3430,2.0,B.Tech/B.E,Tier 3 (Affiliated Colleges),Full Stack Web,Tier 1 Tech Hub (Bengaluru/NCR/Hyd),0,7,34.0,0,1,0,1,1,0,0,0,3,15.28,Job-Ready Mid-Level,5.75,1,1,1,1,3.0,1,0,3,45.6,2,-0.4540528878386915,-0.34950583350496134,0.13365374472630573,Cloud & DevOps Infrastructure Architects
CP-3431,3.9,B.Tech/B.E,Tier 2 (Top State/Private),Data Analytics & BI,Tier 2 City,2,8,146.0,0,1,1,0,1,0,1,0,4,20.92,Job-Ready Mid-Level,12.25,1,3,0,2,3.0,0,0,4,74.3,0,2.8815171899528846,2.5946570650696295,0.9471627719017023,Core Systems & Algorithmic Backend Specialists
CP-3432,9.1,B.Tech/B.E,Tier 3 (Affiliated Colleges),Full Stack Web,Tier 2 City,0,2,41.0,0,1,0,1,1,1,1,1,6,28.33,High-Demand Specialist,2.42,2,2,2,1,3.0,0,0,6,67.6,3,3.8602731218019577,-2.998727614568708,0.4177427748161717,Emerging Full-Stack & Entry Developers
CP-3433,0.7,Non-CS Degree,Tier 2 (Top State/Private),Full Stack Web,Tier 1 Tech Hub (Bengaluru/NCR/Hyd),1,4,0.0,1,0,1,1,0,0,0,0,2,10.85,Junior Associate,4.3,0,1,1,2,1.0,1,0,2,30.5,2,-2.552355241548966,-0.7360824690783417,-1.5010674858615867,Cloud & DevOps Infrastructure Architects
CP-3434,7.1,B.Tech/B.E,Tier 2 (Top State/Private),Cloud & DevOps,Tier 1 Tech Hub (Bengaluru/NCR/Hyd),2,3,51.0,3,0,1,1,0,0,0,0,2,29.43,High-Demand Specialist,6.38,0,1,1,2,3.0,1,0,2,61.7,2,-0.572123759698749,1.077457514351809,-1.5128491318805979,Cloud & DevOps Infrastructure Architects
CP-3435,1.1,M.Tech/M.S,Tier 2 (Top State/Private),Data Analytics & BI,Tier 2 City,0,2,0.0,0,0,1,1,0,1,0,0,3,11.93,Junior Associate,1.4,1,1,1,2,4.0,0,0,3,41.2,2,-1.1542210625607974,-2.3996399940772535,0.5133243818098049,Cloud & DevOps Infrastructure Architects
CP-3436,1.1,BCA/B.Sc CS,Tier 3 (Affiliated Colleges),Cloud & DevOps,Tier 2 City,1,3,74.0,0,1,1,1,1,0,0,0,4,10.94,Junior Associate,5.45,1,2,1,1,2.0,0,0,4,41.7,3,0.3892230520870637,-1.3232147180821774,0.07567110714273577,Emerging Full-Stack & Entry Developers
CP-3437,0.9,B.Tech/B.E,Tier 2 (Top State/Private),Data Science & AI/ML,Tier 2 City,2,5,60.0,3,0,0,1,0,1,1,0,3,15.14,Job-Ready Mid-Level,8.0,1,1,1,2,3.0,0,0,3,48.0,2,0.04126599506376495,0.49617783599372756,0.23497190589170194,Cloud & DevOps Infrastructure Architects
CP-3438,1.7,B.Tech/B.E,Tier 1 (IIT/NIT/BITS),Data Science & AI/ML,Tier 2 City,1,5,17.0,1,1,1,0,1,0,0,1,4,18.26,Job-Ready Mid-Level,5.42,1,2,1,3,3.0,0,0,4,56.1,3,1.2118014710363467,-0.816389302841359,0.016801676979913086,Emerging Full-Stack & Entry Developers
CP-3439,0.4,B.Tech/B.E,Tier 3 (Affiliated Colleges),Full Stack Web,Tier 1 Tech Hub (Bengaluru/NCR/Hyd),0,3,126.0,0,0,1,0,1,1,0,1,4,18.28,Job-Ready Mid-Level,5.25,2,1,1,1,3.0,1,0,4,41.0,3,0.35127745441058744,-1.8989944965746564,1.8809316816193178,Emerging Full-Stack & Entry Developers
CP-3440,1.8,B.Tech/B.E,Tier 2 (Top State/Private),Full Stack Web,Tier 1 Tech Hub (Bengaluru/NCR/Hyd),0,1,33.0,0,1,1,0,0,0,1,0,3,14.25,Junior Associate,1.52,0,3,0,2,3.0,1,0,3,41.7,1,-1.1393552622639365,-2.0655327619293944,-0.42431947074049065,Applied AI/ML & Data Science Specialists
CP-3441,1.7,B.Tech/B.E,Tier 1 (IIT/NIT/BITS),Cloud & DevOps,Tier 1 Tech Hub (Bengaluru/NCR/Hyd),1,2,59.0,3,1,1,0,0,0,1,1,4,20.94,Job-Ready Mid-Level,4.38,0,3,1,3,3.0,1,0,4,54.3,1,1.0088748939194168,-1.419211948609199,-1.8969666030945405,Applied AI/ML & Data Science Specialists
CP-3442,3.2,B.Tech/B.E,Tier 2 (Top State/Private),Data Science & AI/ML,Tier 1 Tech Hub (Bengaluru/NCR/Hyd),3,6,138.0,1,1,0,1,1,0,0,0,3,26.28,High-Demand Specialist,12.15,1,1,1,2,3.0,1,0,3,66.5,0,1.2793977007381088,2.751792939656921,-0.1040895161230807,Core Systems & Algorithmic Backend Specialists
CP-3443,3.9,MCA,Tier 2 (Top State/Private),Data Analytics & BI,Tier 2 City,2,6,42.0,1,1,1,1,0,0,1,0,4,16.16,Job-Ready Mid-Level,8.25,0,3,1,2,2.5,0,0,4,66.1,0,2.0061952868665216,0.8364711009424886,-1.9315196007017876,Core Systems & Algorithmic Backend Specialists
CP-3444,1.3,Non-CS Degree,Tier 2 (Top State/Private),Data Science & AI/ML,Tier 1 Tech Hub (Bengaluru/NCR/Hyd),1,2,240.0,1,1,1,1,0,0,0,1,4,17.34,Job-Ready Mid-Level,8.9,0,2,2,2,1.0,1,0,4,49.5,3,0.9158822375193415,-0.4307329474724472,-3.0593485296667815,Emerging Full-Stack & Entry Developers
CP-3445,0.8,B.Tech/B.E,Tier 1 (IIT/NIT/BITS),Full Stack Web,Remote Global,1,3,107.0,1,0,1,1,0,1,0,0,3,20.54,Job-Ready Mid-Level,6.28,1,1,1,3,3.0,0,1,3,48.8,2,-0.3005542730247007,-0.44767075683855634,0.6147710501706298,Cloud & DevOps Infrastructure Architects
CP-3446,0.7,B.Tech/B.E,Tier 3 (Affiliated Colleges),Full Stack Web,Tier 2 City,0,2,378.0,1,1,1,0,0,1,1,0,4,13.63,Junior Associate,10.85,1,3,0,1,3.0,0,0,4,51.8,0,1.3632371833566976,0.3345305508247026,1.340025732952415,Core Systems & Algorithmic Backend Specialists
CP-3447,0.5,B.Tech/B.E,Tier 3 (Affiliated Colleges),Data Science & AI/ML,Remote Global,0,3,40.0,0,1,0,0,1,0,0,0,2,10.5,Junior Associate,3.1,1,1,0,1,3.0,0,1,2,29.5,2,-2.708775908042294,-1.3397428091837666,2.0853342900750222,Cloud & DevOps Infrastructure Architects
CP-3448,0.1,BCA/B.Sc CS,Tier 2 (Top State/Private),Backend Systems,Remote Global,1,5,215.0,1,1,1,1,1,0,0,1,5,20.83,Job-Ready Mid-Level,10.38,1,2,2,2,2.0,0,1,5,53.2,3,2.549273970410485,-0.2943000700139895,-1.0743438423739806,Emerging Full-Stack & Entry Developers
CP-3449,0.9,MCA,Tier 2 (Top State/Private),Data Science & AI/ML,Tier 1 Tech Hub (Bengaluru/NCR/Hyd),1,5,114.0,2,1,1,1,0,1,1,0,5,21.64,Job-Ready Mid-Level,7.85,1,3,1,2,2.5,1,0,5,54.6,3,2.5405228825580077,-0.6138770973316156,-0.39867999189051817,Emerging Full-Stack & Entry Developers
CP-3450,0.7,B.Tech/B.E,Tier 2 (Top State/Private),Full Stack Web,Tier 2 City,1,4,146.0,2,1,0,0,0,1,1,0,3,12.65,Junior Associate,7.95,1,2,0,2,3.0,0,0,3,47.0,1,-0.11922436877742446,0.37237687589149554,1.4419894751313982,Applied AI/ML & Data Science Specialists
CP-3451,7.5,B.Tech/B.E,Tier 3 (Affiliated Colleges),Data Analytics & BI,Tier 1 Tech Hub (Bengaluru/NCR/Hyd),3,11,225.0,1,0,1,1,1,0,0,0,3,35.38,High-Demand Specialist,17.82,1,1,1,1,3.0,1,0,3,76.0,0,2.626890563631229,5.321516611033947,-0.22130383368323572,Core Systems & Algorithmic Backend Specialists
CP-3452,1.8,M.Tech/M.S,Tier 1 (IIT/NIT/BITS),Cloud & DevOps,Tier 1 Tech Hub (Bengaluru/NCR/Hyd),1,6,49.0,1,1,1,0,1,0,0,1,4,22.98,Job-Ready Mid-Level,6.92,1,2,1,3,4.0,1,0,4,62.2,3,1.7151581553602309,-0.08445382789540604,-0.15599192274156778,Emerging Full-Stack & Entry Developers
CP-3453,0.9,BCA/B.Sc CS,Tier 2 (Top State/Private),Full Stack Web,Tier 2 City,1,6,239.0,0,0,0,0,0,0,0,0,0,9.34,Junior Associate,11.68,0,0,0,2,2.0,0,0,0,38.6,2,-3.7604816541132133,3.1266005015860516,0.256810115839546,Cloud & DevOps Infrastructure Architects
CP-3454,1.9,B.Tech/B.E,Tier 3 (Affiliated Colleges),Full Stack Web,Tier 1 Tech Hub (Bengaluru/NCR/Hyd),0,1,30.0,0,1,1,0,0,1,0,0,3,12.41,Junior Associate,1.45,1,2,0,1,3.0,1,0,3,38.0,1,-1.34886480258737,-2.2739114759161274,1.4576314912856052,Applied AI/ML & Data Science Specialists
CP-3455,0.3,BCA/B.Sc CS,Tier 2 (Top State/Private),Cloud & DevOps,Remote Global,3,4,70.0,2,0,1,0,0,0,0,1,2,17.47,Job-Ready Mid-Level,9.05,0,1,1,2,2.0,0,1,2,39.5,2,-1.5376177688503705,1.1457206893121508,-1.1166102010233436,Cloud & DevOps Infrastructure Architects
CP-3456,1.3,B.Tech/B.E,Tier 2 (Top State/Private),Backend Systems,Tier 2 City,2,3,68.0,0,1,1,1,0,0,1,1,5,16.25,Job-Ready Mid-Level,6.8,0,3,2,2,3.0,0,0,5,56.4,3,2.4127980464841965,-1.1179062162722084,-3.14225233113327,Emerging Full-Stack & Entry Developers
CP-3457,2.2,B.Tech/B.E,Tier 3 (Affiliated Colleges),Backend Systems,Tier 2 City,2,7,0.0,0,1,1,1,1,1,0,1,6,18.55,Job-Ready Mid-Level,7.9,2,2,2,1,3.0,0,0,6,62.7,3,4.11763780323677,-0.8659882829656305,0.18125340509805116,Emerging Full-Stack & Entry Developers
CP-3458,1.5,M.Tech/M.S,Tier 3 (Affiliated Colleges),Full Stack Web,Tier 1 Tech Hub (Bengaluru/NCR/Hyd),1,7,58.0,1,1,0,0,0,0,0,0,1,12.62,Junior Associate,7.85,0,1,0,1,4.0,1,0,1,41.4,2,-2.647017312217289,1.7000684008018028,-0.08531507454599034,Cloud & DevOps Infrastructure Architects
CP-3459,1.1,M.Tech/M.S,Tier 2 (Top State/Private),Backend Systems,Tier 2 City,1,5,375.0,1,1,1,0,1,0,1,1,5,20.47,Job-Ready Mid-Level,14.38,1,3,1,2,4.0,0,0,5,71.1,0,3.926963404183319,1.6117693787992409,-0.1864253501742689,Core Systems & Algorithmic Backend Specialists
CP-3460,9.5,B.Tech/B.E,Tier 3 (Affiliated Colleges),Data Science & AI/ML,Tier 1 Tech Hub (Bengaluru/NCR/Hyd),1,2,150.0,1,1,1,0,0,1,0,0,3,34.05,High-Demand Specialist,6.65,1,2,0,1,3.0,1,0,3,62.1,0,0.6465834736711809,0.5931197028718231,1.3151525288623664,Core Systems & Algorithmic Backend Specialists
CP-3461,4.7,Non-CS Degree,Tier 1 (IIT/NIT/BITS),Data Science & AI/ML,Tier 2 City,0,2,105.0,1,1,0,1,0,1,1,1,5,22.66,Job-Ready Mid-Level,4.03,1,2,2,3,1.0,0,0,5,66.7,3,2.445634055893052,-2.1525184569012588,-1.283266234202862,Emerging Full-Stack & Entry Developers
CP-3462,2.1,B.Tech/B.E,Tier 3 (Affiliated Colleges),Data Analytics & BI,Tier 1 Tech Hub (Bengaluru/NCR/Hyd),1,4,107.0,1,0,1,0,1,0,1,0,3,19.0,Job-Ready Mid-Level,6.98,1,2,0,1,3.0,1,0,3,48.2,1,-0.1040728533354252,0.13596540168370996,1.2561323059913392,Applied AI/ML & Data Science Specialists
CP-3463,1.9,M.Tech/M.S,Tier 2 (Top State/Private),Data Science & AI/ML,Tier 2 City,2,6,62.0,0,1,1,1,1,1,0,0,5,17.97,Job-Ready Mid-Level,8.75,2,2,1,2,4.0,0,0,5,65.8,3,3.2452369523587494,0.24864569158537403,1.5506675040764213,Emerging Full-Stack & Entry Developers
CP-3464,2.1,B.Tech/B.E,Tier 3 (Affiliated Colleges),Data Science & AI/ML,Tier 1 Tech Hub (Bengaluru/NCR/Hyd),0,2,11.0,3,1,1,0,0,0,0,0,2,11.45,Junior Associate,1.67,0,2,0,1,3.0,1,0,2,35.2,1,-2.4986392257208836,-1.5648872937825886,-0.1635723122085455,Applied AI/ML & Data Science Specialists
CP-3465,0.5,MCA,Tier 3 (Affiliated Colleges),Data Science & AI/ML,Tier 1 Tech Hub (Bengaluru/NCR/Hyd),0,3,0.0,2,1,1,0,1,1,0,0,4,12.25,Junior Associate,2.1,2,2,0,1,2.5,1,0,4,34.6,3,-0.13733450807625946,-2.6026029574914125,2.953374311860344,Emerging Full-Stack & Entry Developers
CP-3466,1.1,MCA,Tier 3 (Affiliated Colleges),Full Stack Web,Tier 1 Tech Hub (Bengaluru/NCR/Hyd),1,3,27.0,0,0,0,0,1,0,0,0,1,11.67,Junior Associate,4.27,1,0,0,1,2.5,1,0,1,28.8,2,-3.721524736166615,-0.19680262561834103,1.7834847771390985,Cloud & DevOps Infrastructure Architects
CP-3467,0.1,B.Tech/B.E,Tier 3 (Affiliated Colleges),Data Analytics & BI,Tier 1 Tech Hub (Bengaluru/NCR/Hyd),0,3,151.0,1,1,0,0,1,1,1,0,4,11.77,Junior Associate,5.88,2,2,0,1,3.0,1,0,4,40.5,3,0.472891098636403,-1.3457837527126648,2.9558902333637795,Emerging Full-Stack & Entry Developers
CP-3468,1.4,Non-CS Degree,Tier 2 (Top State/Private),Cloud & DevOps,Tier 2 City,1,6,154.0,0,1,1,0,0,1,0,1,4,15.96,Job-Ready Mid-Level,9.55,1,2,1,2,1.0,0,0,4,51.0,3,1.1962596930642748,0.3165275893578781,-0.026998493531284844,Emerging Full-Stack & Entry Developers
CP-3469,1.7,MCA,Tier 2 (Top State/Private),Data Science & AI/ML,Tier 1 Tech Hub (Bengaluru/NCR/Hyd),1,5,43.0,1,1,1,0,0,0,0,0,2,13.34,Junior Associate,6.08,0,2,0,2,2.5,1,0,2,43.1,1,-1.6743482329823045,0.5057503467118662,-0.3701023398220721,Applied AI/ML & Data Science Specialists
CP-3470,0.6,M.Tech/M.S,Tier 2 (Top State/Private),Full Stack Web,Tier 1 Tech Hub (Bengaluru/NCR/Hyd),0,4,3.0,1,1,0,0,0,0,0,0,1,9.48,Junior Associate,2.88,0,1,0,2,4.0,1,0,1,32.8,2,-3.642721043014886,-0.5387661161784275,0.04770489034138151,Cloud & DevOps Infrastructure Architects
CP-3471,7.3,B.Tech/B.E,Tier 3 (Affiliated Colleges),Backend Systems,Tier 1 Tech Hub (Bengaluru/NCR/Hyd),2,7,30.0,0,1,0,0,0,1,1,0,3,31.92,High-Demand Specialist,8.65,1,2,0,1,3.0,1,0,3,65.5,0,1.063722801290076,1.8992106883554893,1.1054710058357178,Core Systems & Algorithmic Backend Specialists
CP-3472,5.3,M.Tech/M.S,Tier 3 (Affiliated Colleges),Data Analytics & BI,Tier 1 Tech Hub (Bengaluru/NCR/Hyd),1,4,71.0,0,1,0,0,0,0,0,1,2,25.77,High-Demand Specialist,6.07,0,1,1,1,4.0,1,0,2,60.1,2,-0.920954905639898,0.6218140531437215,-1.3737169928304822,Cloud & DevOps Infrastructure Architects
CP-3473,2.8,MCA,Tier 2 (Top State/Private),Full Stack Web,Tier 1 Tech Hub (Bengaluru/NCR/Hyd),2,3,38.0,1,0,0,0,0,0,0,0,0,18.51,Job-Ready Mid-Level,6.05,0,0,0,2,2.5,1,0,0,40.2,2,-4.13055672183343,1.5284370018478175,0.10493657696999949,Cloud & DevOps Infrastructure Architects
CP-3474,1.7,B.Tech/B.E,Tier 3 (Affiliated Colleges),Backend Systems,Tier 2 City,2,4,29.0,3,1,1,0,0,0,0,1,3,13.18,Junior Associate,6.52,0,2,1,1,3.0,0,0,3,45.4,1,-0.30777342565211036,-0.11161806917064283,-1.5151802664260845,Applied AI/ML & Data Science Specialists
CP-3475,4.5,Non-CS Degree,Tier 3 (Affiliated Colleges),Cloud & DevOps,Tier 1 Tech Hub (Bengaluru/NCR/Hyd),2,7,67.0,0,1,1,1,0,0,1,1,5,27.92,High-Demand Specialist,9.57,0,3,2,1,1.0,1,0,5,66.6,3,3.183070600013245,0.5021616425447663,-3.510572275282142,Emerging Full-Stack & Entry Developers
CP-3476,0.3,B.Tech/B.E,Tier 3 (Affiliated Colleges),Data Science & AI/ML,Tier 1 Tech Hub (Bengaluru/NCR/Hyd),0,7,249.0,1,0,1,1,0,0,1,0,3,15.93,Job-Ready Mid-Level,11.12,0,2,1,1,3.0,1,0,3,46.1,0,0.09095659548078946,1.1524233907945725,-1.6721096409238225,Core Systems & Algorithmic Backend Specialists
CP-3477,3.4,B.Tech/B.E,Tier 3 (Affiliated Colleges),Data Science & AI/ML,Tier 1 Tech Hub (Bengaluru/NCR/Hyd),0,5,69.0,0,1,0,0,1,0,0,0,2,18.5,Job-Ready Mid-Level,5.22,1,1,0,1,3.0,1,0,2,47.6,2,-1.5835997762292968,0.13497864872284498,1.5394654020154683,Cloud & DevOps Infrastructure Architects
CP-3478,0.3,B.Tech/B.E,Tier 2 (Top State/Private),Data Science & AI/ML,Tier 1 Tech Hub (Bengaluru/NCR/Hyd),0,3,140.0,0,1,1,1,0,0,0,1,4,15.85,Job-Ready Mid-Level,5.6,0,2,2,2,3.0,1,0,4,45.2,3,0.45651581543800973,-1.691244794580235,-2.9205512833074305,Emerging Full-Stack & Entry Developers
CP-3479,3.5,BCA/B.Sc CS,Tier 1 (IIT/NIT/BITS),Data Analytics & BI,Tier 1 Tech Hub (Bengaluru/NCR/Hyd),1,5,113.0,1,1,1,0,0,1,0,0,3,24.86,High-Demand Specialist,7.82,1,2,0,3,2.0,1,0,3,61.8,0,0.5139011212714418,0.9827041139636122,1.1455319313175631,Core Systems & Algorithmic Backend Specialists
CP-3480,0.7,BCA/B.Sc CS,Tier 1 (IIT/NIT/BITS),Data Science & AI/ML,Tier 1 Tech Hub (Bengaluru/NCR/Hyd),2,4,47.0,1,1,0,1,1,0,0,0,3,16.83,Job-Ready Mid-Level,6.98,1,1,1,3,2.0,1,0,3,46.4,2,-0.2916770092706506,0.20718319944182925,-0.02049637038771225,Cloud & DevOps Infrastructure Architects
CP-3481,4.6,B.Tech/B.E,Tier 2 (Top State/Private),Full Stack Web,Tier 2 City,1,4,136.0,1,1,1,0,1,1,0,1,5,22.89,Job-Ready Mid-Level,7.7,2,2,1,2,3.0,0,0,5,74.4,3,3.4139754415574264,-0.3129303537054239,1.634373711796622,Emerging Full-Stack & Entry Developers
CP-3482,6.3,Non-CS Degree,Tier 3 (Affiliated Colleges),Data Science & AI/ML,Tier 1 Tech Hub (Bengaluru/NCR/Hyd),2,6,53.0,1,1,1,1,1,1,1,0,6,33.65,High-Demand Specialist,8.52,2,3,1,1,1.0,1,0,6,71.5,3,4.680659116249836,-0.017854737160758367,0.9978584782103006,Emerging Full-Stack & Entry Developers
CP-3483,0.4,B.Tech/B.E,Tier 3 (Affiliated Colleges),Backend Systems,Tier 1 Tech Hub (Bengaluru/NCR/Hyd),0,1,29.0,2,1,1,0,0,1,0,1,4,11.62,Junior Associate,1.42,1,2,1,1,3.0,1,0,4,34.6,3,-0.3400337432678428,-3.3051182135669,0.13375214685105657,Emerging Full-Stack & Entry Developers
CP-3484,1.4,B.Tech/B.E,Tier 3 (Affiliated Colleges),Full Stack Web,Tier 1 Tech Hub (Bengaluru/NCR/Hyd),0,4,12.0,1,1,1,1,1,0,0,0,4,14.44,Junior Associate,3.1,1,2,1,1,3.0,1,0,4,42.4,3,0.27878862865443094,-2.099074206120141,-0.021880467631108767,Emerging Full-Stack & Entry Developers
CP-3485,8.7,B.Tech/B.E,Tier 3 (Affiliated Colleges),Backend Systems,Tier 2 City,2,6,144.0,2,1,0,0,0,1,0,0,2,26.25,High-Demand Specialist,10.8,1,1,0,1,3.0,0,0,2,64.9,0,0.13286979762181736,3.0087193532966454,1.560960335028319,Core Systems & Algorithmic Backend Specialists
CP-3486,1.5,BCA/B.Sc CS,Tier 1 (IIT/NIT/BITS),Backend Systems,Remote Global,1,2,35.0,0,0,1,1,1,0,0,0,3,20.78,Job-Ready Mid-Level,3.78,1,1,1,3,2.0,0,1,3,45.0,2,-0.7755193971333656,-1.3219714499957143,0.5665440706711614,Cloud & DevOps Infrastructure Architects
CP-3487,4.4,Non-CS Degree,Tier 2 (Top State/Private),Data Science & AI/ML,Tier 1 Tech Hub (Bengaluru/NCR/Hyd),2,2,43.0,2,1,1,0,0,0,0,0,2,17.85,Job-Ready Mid-Level,5.48,0,2,0,2,1.0,1,0,2,50.9,1,-1.422195182893631,0.5593176621244235,-0.4421861137975096,Applied AI/ML & Data Science Specialists
CP-3488,2.0,BCA/B.Sc CS,Tier 1 (IIT/NIT/BITS),Full Stack Web,Remote Global,0,2,0.0,0,1,1,0,1,0,0,0,3,17.97,Job-Ready Mid-Level,1.4,1,2,0,3,2.0,0,1,3,43.6,1,-1.0835934693296594,-2.0181112631880995,1.7473521498639057,Applied AI/ML & Data Science Specialists
CP-3489,1.0,MCA,Tier 2 (Top State/Private),Data Science & AI/ML,Tier 1 Tech Hub (Bengaluru/NCR/Hyd),3,6,0.0,0,1,0,1,0,1,1,0,4,19.88,Job-Ready Mid-Level,8.7,1,2,1,2,2.5,1,0,4,52.3,0,1.4226836013129958,0.714575228194505,-0.313673210975405,Core Systems & Algorithmic Backend Specialists
CP-3490,0.7,B.Tech/B.E,Tier 2 (Top State/Private),Backend Systems,Tier 1 Tech Hub (Bengaluru/NCR/Hyd),1,5,106.0,0,1,1,1,0,0,0,1,4,17.68,Job-Ready Mid-Level,7.65,0,2,2,2,3.0,1,0,4,50.6,3,1.019723740452717,-0.4906462305790642,-3.048615990180489,Emerging Full-Stack & Entry Developers
CP-3491,0.5,B.Tech/B.E,Tier 1 (IIT/NIT/BITS),Full Stack Web,Tier 1 Tech Hub (Bengaluru/NCR/Hyd),2,6,208.0,1,0,0,1,0,1,0,1,3,23.37,Job-Ready Mid-Level,12.4,1,0,2,3,3.0,1,0,3,57.5,0,0.7429697044380029,1.8654354217457052,-1.095509023823053,Core Systems & Algorithmic Backend Specialists
CP-3492,3.2,B.Tech/B.E,Tier 2 (Top State/Private),Data Science & AI/ML,Tier 1 Tech Hub (Bengaluru/NCR/Hyd),0,5,53.0,0,1,0,1,0,0,1,0,3,19.84,Job-Ready Mid-Level,4.82,0,2,1,2,3.0,1,0,3,54.2,1,-0.1946145304977503,-0.4997782621050614,-1.6705051228410164,Applied AI/ML & Data Science Specialists
CP-3493,1.1,B.Tech/B.E,Tier 2 (Top State/Private),Data Science & AI/ML,Tier 1 Tech Hub (Bengaluru/NCR/Hyd),1,4,28.0,0,1,1,1,0,1,0,0,4,17.62,Job-Ready Mid-Level,5.0,1,2,1,2,3.0,1,0,4,48.2,3,0.7167849573403899,-1.1634382903972635,-0.08917611249970823,Emerging Full-Stack & Entry Developers
CP-3494,1.6,B.Tech/B.E,Tier 3 (Affiliated Colleges),Full Stack Web,Tier 1 Tech Hub (Bengaluru/NCR/Hyd),2,9,205.0,1,1,1,1,0,1,0,0,4,20.23,Job-Ready Mid-Level,14.42,1,2,1,1,3.0,1,0,4,62.2,0,2.448001639992484,2.715999995912847,-0.2834043593002601,Core Systems & Algorithmic Backend Specialists
CP-3495,1.5,BCA/B.Sc CS,Tier 2 (Top State/Private),Backend Systems,Tier 1 Tech Hub (Bengaluru/NCR/Hyd),2,7,132.0,1,0,1,0,0,1,1,0,3,19.8,Job-Ready Mid-Level,11.2,1,2,0,2,2.0,1,0,3,53.2,0,0.5830228793348692,2.0355797468576426,1.0674523664462618,Core Systems & Algorithmic Backend Specialists
CP-3496,1.9,B.Tech/B.E,Tier 2 (Top State/Private),Cloud & DevOps,Tier 1 Tech Hub (Bengaluru/NCR/Hyd),0,3,122.0,1,1,0,1,0,1,1,0,4,18.07,Job-Ready Mid-Level,5.15,1,2,1,2,3.0,1,0,4,52.5,3,0.891442485159441,-1.3182175938867058,-0.015645029868547045,Emerging Full-Stack & Entry Developers
CP-3497,4.4,M.Tech/M.S,Tier 2 (Top State/Private),Backend Systems,Tier 1 Tech Hub (Bengaluru/NCR/Hyd),0,6,30.0,1,1,1,0,0,0,0,0,2,21.34,Job-Ready Mid-Level,4.95,0,2,0,2,4.0,1,0,2,59.4,1,-0.9579732209342529,0.5504166895497333,-0.293138762412662,Applied AI/ML & Data Science Specialists
CP-3498,8.7,B.Tech/B.E,Tier 3 (Affiliated Colleges),Full Stack Web,Tier 1 Tech Hub (Bengaluru/NCR/Hyd),1,4,37.0,2,0,1,1,0,0,0,0,2,30.98,High-Demand Specialist,5.22,0,1,1,1,3.0,1,0,2,55.6,2,-0.9298546854791235,0.5146225565492389,-1.4363794056705983,Cloud & DevOps Infrastructure Architects
CP-3499,1.2,B.Tech/B.E,Tier 2 (Top State/Private),Data Science & AI/ML,Remote Global,0,3,244.0,2,1,0,0,0,1,0,0,2,16.33,Job-Ready Mid-Level,8.2,1,1,0,2,3.0,0,1,2,45.7,2,-1.4673864488126007,0.5986375477232737,2.0646162998111417,Cloud & DevOps Infrastructure Architects
CP-3500,3.9,BCA/B.Sc CS,Tier 2 (Top State/Private),Backend Systems,Tier 1 Tech Hub (Bengaluru/NCR/Hyd),1,4,30.0,0,1,0,0,0,0,0,0,1,15.47,Job-Ready Mid-Level,5.05,0,1,0,2,2.0,1,0,1,46.7,2,-2.8573261292854935,0.8289059270745317,-0.13525246268159058,Cloud & DevOps Infrastructure Architects
CP-3501,3.2,B.Tech/B.E,Tier 3 (Affiliated Colleges),Data Science & AI/ML,Tier 2 City,0,2,153.0,2,1,1,1,1,0,0,1,5,17.55,Job-Ready Mid-Level,5.22,1,2,2,1,3.0,0,0,5,59.1,3,2.3171815201962738,-2.090593880667878,-1.1503901226338984,Emerging Full-Stack & Entry Developers
CP-3502,1.9,MCA,Tier 2 (Top State/Private),Backend Systems,Tier 2 City,0,2,147.0,0,0,1,0,0,0,0,0,1,12.31,Junior Associate,5.07,0,1,0,2,2.5,0,0,1,38.3,2,-3.3344719068556934,0.004409631836135057,0.20988891683414604,Cloud & DevOps Infrastructure Architects
CP-3503,6.9,BCA/B.Sc CS,Tier 3 (Affiliated Colleges),Full Stack Web,Tier 1 Tech Hub (Bengaluru/NCR/Hyd),1,6,31.0,1,1,0,0,1,0,1,0,3,29.74,High-Demand Specialist,6.48,1,2,0,1,2.0,1,0,3,58.7,0,0.45374371784994855,0.7532310347272931,1.1293256988037699,Core Systems & Algorithmic Backend Specialists
CP-3504,0.5,B.Tech/B.E,Tier 2 (Top State/Private),Data Science & AI/ML,Tier 1 Tech Hub (Bengaluru/NCR/Hyd),1,5,143.0,2,1,0,1,0,1,0,0,3,15.0,Job-Ready Mid-Level,8.57,1,1,1,2,3.0,1,0,3,47.0,2,-0.11143755870064398,0.48605200497327905,0.12624329589291874,Cloud & DevOps Infrastructure Architects
CP-3505,0.3,Non-CS Degree,Tier 2 (Top State/Private),Cloud & DevOps,Tier 1 Tech Hub (Bengaluru/NCR/Hyd),1,1,6.0,1,0,1,0,1,1,0,0,3,12.1,Junior Associate,2.35,2,1,0,2,1.0,1,0,3,29.4,2,-1.60628327926507,-2.118229727962306,3.1003061506815017,Cloud & DevOps Infrastructure Architects
CP-3506,4.2,B.Tech/B.E,Tier 1 (IIT/NIT/BITS),Backend Systems,Tier 1 Tech Hub (Bengaluru/NCR/Hyd),3,6,134.0,2,1,1,0,0,0,1,0,3,28.7,High-Demand Specialist,12.05,0,3,0,3,3.0,1,0,3,75.5,0,1.793060086284526,3.2434764720382496,-0.8417245549105364,Core Systems & Algorithmic Backend Specialists
CP-3507,1.3,B.Tech/B.E,Tier 3 (Affiliated Colleges),Backend Systems,Tier 1 Tech Hub (Bengaluru/NCR/Hyd),0,3,361.0,2,1,0,1,1,0,1,1,5,22.49,Job-Ready Mid-Level,11.12,1,2,2,1,3.0,1,0,5,59.4,3,2.894019824076126,-0.27365549928000343,-1.3664503145041211,Emerging Full-Stack & Entry Developers
CP-3508,4.1,BCA/B.Sc CS,Tier 2 (Top State/Private),Data Science & AI/ML,Tier 1 Tech Hub (Bengaluru/NCR/Hyd),1,6,342.0,3,0,0,0,1,1,0,0,2,26.61,High-Demand Specialist,14.25,2,0,0,2,2.0,1,0,2,67.2,0,0.305804761200671,3.5604084104956697,3.184983238533694,Core Systems & Algorithmic Backend Specialists
CP-3509,4.9,B.Tech/B.E,Tier 2 (Top State/Private),Data Science & AI/ML,Tier 1 Tech Hub (Bengaluru/NCR/Hyd),0,2,147.0,0,1,1,0,0,0,0,0,2,19.93,Job-Ready Mid-Level,5.07,0,2,0,2,3.0,1,0,2,59.0,1,-1.1809732563345021,0.19099807287195714,-0.23353292533391987,Applied AI/ML & Data Science Specialists
CP-3510,0.1,M.Tech/M.S,Tier 2 (Top State/Private),Cloud & DevOps,Remote Global,1,3,52.0,3,0,1,0,0,1,0,1,3,17.31,Job-Ready Mid-Level,4.9,1,1,1,2,4.0,0,1,3,42.0,2,-0.6363878643605317,-1.2249121297452563,0.7264739691311605,Cloud & DevOps Infrastructure Architects
CP-3511,4.7,M.Tech/M.S,Tier 2 (Top State/Private),Cloud & DevOps,Tier 1 Tech Hub (Bengaluru/NCR/Hyd),0,4,106.0,0,0,1,0,1,1,0,0,3,25.69,High-Demand Specialist,5.45,2,1,0,2,4.0,1,0,3,65.9,3,0.5299264350558556,-0.041570810477405365,3.1562930720409184,Emerging Full-Stack & Entry Developers
CP-3512,1.3,Non-CS Degree,Tier 1 (IIT/NIT/BITS),Data Analytics & BI,Tier 2 City,0,4,124.0,1,0,0,1,0,0,0,0,1,11.75,Junior Associate,5.9,0,0,1,3,1.0,0,0,1,36.1,2,-3.397437313157028,0.21532977363818226,-1.0516225634228291,Cloud & DevOps Infrastructure Architects
CP-3513,1.6,B.Tech/B.E,Tier 3 (Affiliated Colleges),Data Science & AI/ML,Tier 1 Tech Hub (Bengaluru/NCR/Hyd),0,4,0.0,1,1,1,0,0,0,1,0,3,13.34,Junior Associate,2.8,0,3,0,1,3.0,1,0,3,38.7,1,-1.0398677709684212,-1.4956902141722066,-0.4702083291647764,Applied AI/ML & Data Science Specialists
CP-3514,2.2,B.Tech/B.E,Tier 3 (Affiliated Colleges),Backend Systems,Remote Global,0,1,0.0,3,1,0,1,0,1,0,1,4,17.66,Job-Ready Mid-Level,0.7,1,1,2,1,3.0,0,1,4,42.4,3,-0.07682404838045119,-3.5189684503258603,-0.5412115478644729,Emerging Full-Stack & Entry Developers
CP-3515,5.7,M.Tech/M.S,Tier 2 (Top State/Private),Cloud & DevOps,Tier 1 Tech Hub (Bengaluru/NCR/Hyd),2,6,48.0,0,1,1,1,1,0,0,1,5,34.06,High-Demand Specialist,8.4,1,2,2,2,4.0,1,0,5,80.7,3,3.9053249699182273,0.4531714926257016,-1.5895802295605248,Emerging Full-Stack & Entry Developers
CP-3516,0.0,B.Tech/B.E,Tier 2 (Top State/Private),Data Analytics & BI,Tier 1 Tech Hub (Bengaluru/NCR/Hyd),1,3,0.0,2,1,1,0,1,1,0,0,4,13.16,Junior Associate,3.6,2,2,0,2,3.0,1,0,4,40.4,3,0.3534848515793819,-1.7672293916870838,2.872870769008484,Emerging Full-Stack & Entry Developers
CP-3517,1.4,B.Tech/B.E,Tier 3 (Affiliated Colleges),Full Stack Web,Remote Global,3,4,212.0,3,1,1,1,0,0,0,0,3,22.74,Job-Ready Mid-Level,12.6,0,2,1,1,3.0,0,1,3,54.0,0,0.6797442053215885,2.219174237962178,-1.3452927798374548,Core Systems & Algorithmic Backend Specialists
CP-3518,2.6,B.Tech/B.E,Tier 2 (Top State/Private),Full Stack Web,Tier 2 City,1,4,68.0,2,1,1,0,0,0,0,0,2,11.59,Junior Associate,6.0,0,2,0,2,3.0,0,0,2,49.0,1,-1.3831087221849498,0.5291809527798494,-0.15198200960110492,Applied AI/ML & Data Science Specialists
CP-3519,2.8,B.Tech/B.E,Tier 2 (Top State/Private),Backend Systems,Tier 1 Tech Hub (Bengaluru/NCR/Hyd),0,6,45.0,0,1,1,0,1,1,1,0,5,24.27,High-Demand Specialist,5.32,2,3,0,2,3.0,1,0,5,61.4,3,2.663483456355551,-1.0853878813321247,2.573301138684655,Emerging Full-Stack & Entry Developers
CP-3520,2.6,B.Tech/B.E,Tier 2 (Top State/Private),Cloud & DevOps,Tier 1 Tech Hub (Bengaluru/NCR/Hyd),0,7,46.0,2,1,0,1,1,1,0,0,4,19.71,Job-Ready Mid-Level,6.05,2,1,1,2,3.0,1,0,4,57.5,3,1.3796081317089524,-0.5265991235137246,1.6839694010104937,Emerging Full-Stack & Entry Developers
CP-3521,0.3,MCA,Tier 3 (Affiliated Colleges),Backend Systems,Tier 2 City,0,3,213.0,1,1,1,0,0,0,0,0,2,8.98,Entry-Level Learner,7.42,0,2,0,1,2.5,0,0,2,34.2,1,-2.1247212421894774,0.12276009851209341,-0.026931355203794353,Applied AI/ML & Data Science Specialists
CP-3522,0.8,MCA,Tier 3 (Affiliated Colleges),Backend Systems,Tier 2 City,0,10,246.0,0,0,0,1,0,1,1,0,3,14.14,Junior Associate,13.15,1,1,1,1,2.5,0,0,3,50.4,0,0.5005523177027499,2.099982462329175,0.2392215711449251,Core Systems & Algorithmic Backend Specialists
CP-3523,1.0,B.Tech/B.E,Tier 3 (Affiliated Colleges),Cloud & DevOps,Tier 1 Tech Hub (Bengaluru/NCR/Hyd),1,4,27.0,3,0,0,1,0,0,0,0,1,9.98,Junior Associate,4.97,0,0,1,1,3.0,1,0,1,31.0,2,-3.4883293887202536,-0.005769484287752336,-1.1467521517046455,Cloud & DevOps Infrastructure Architects
CP-3524,3.6,B.Tech/B.E,Tier 1 (IIT/NIT/BITS),Full Stack Web,Tier 1 Tech Hub (Bengaluru/NCR/Hyd),1,2,115.0,0,1,1,1,0,1,0,0,4,25.35,High-Demand Specialist,5.78,1,2,1,3,3.0,1,0,4,66.2,3,1.5723894175821973,-0.5573493334799393,-0.0977628584804103,Emerging Full-Stack & Entry Developers
CP-3525,0.7,B.Tech/B.E,Tier 2 (Top State/Private),Data Science & AI/ML,Tier 2 City,1,6,40.0,0,1,1,0,0,0,0,0,2,10.44,Junior Associate,6.7,0,2,0,2,3.0,0,0,2,40.7,1,-1.7214178018186583,0.6647990700065428,-0.1871963762839486,Applied AI/ML & Data Science Specialists
CP-3526,0.5,MCA,Tier 3 (Affiliated Colleges),Data Science & AI/ML,Tier 1 Tech Hub (Bengaluru/NCR/Hyd),0,3,74.0,0,1,0,1,0,1,0,0,3,9.99,Junior Associate,3.95,1,1,1,1,2.5,1,0,3,33.6,2,-1.365802399535665,-1.6845334316626024,0.2728739693683882,Cloud & DevOps Infrastructure Architects
CP-3527,6.9,B.Tech/B.E,Tier 1 (IIT/NIT/BITS),Data Science & AI/ML,Tier 2 City,0,2,113.0,0,1,1,0,0,0,0,0,2,22.97,Job-Ready Mid-Level,4.22,0,2,0,3,3.0,0,0,2,62.2,1,-0.9906405845270447,0.1348568101276877,-0.0873279336138808,Applied AI/ML & Data Science Specialists
CP-3528,0.0,M.Tech/M.S,Tier 3 (Affiliated Colleges),Data Science & AI/ML,Tier 1 Tech Hub (Bengaluru/NCR/Hyd),0,3,0.0,1,1,1,1,1,0,0,0,4,12.23,Junior Associate,2.1,1,2,1,1,4.0,1,0,4,36.8,3,-0.06000120223685541,-2.696515042282326,0.05997567318837273,Emerging Full-Stack & Entry Developers
CP-3529,9.5,B.Tech/B.E,Tier 3 (Affiliated Colleges),Data Science & AI/ML,Remote Global,0,6,60.0,2,1,1,1,1,0,0,0,4,40.89,High-Demand Specialist,5.7,1,2,1,1,3.0,0,1,4,64.7,3,1.9184908625793442,-0.23275373484401543,0.3385611673976782,Emerging Full-Stack & Entry Developers
CP-3530,2.5,BCA/B.Sc CS,Tier 1 (IIT/NIT/BITS),Full Stack Web,Tier 2 City,2,5,66.0,3,0,1,1,0,0,0,0,2,17.04,Job-Ready Mid-Level,8.15,0,1,1,3,2.0,0,0,2,53.2,2,-0.9390409503696607,1.3761239789173851,-1.4360984882426375,Cloud & DevOps Infrastructure Architects
CP-3531,3.9,B.Tech/B.E,Tier 3 (Affiliated Colleges),Full Stack Web,Tier 2 City,0,6,0.0,0,1,0,1,0,1,1,1,5,18.4,Job-Ready Mid-Level,4.2,1,2,2,1,3.0,0,0,5,60.9,3,2.372839846856032,-1.9306288495578683,-1.232353145451468,Emerging Full-Stack & Entry Developers
CP-3532,0.8,M.Tech/M.S,Tier 2 (Top State/Private),Full Stack Web,Tier 1 Tech Hub (Bengaluru/NCR/Hyd),1,5,0.0,0,0,1,1,0,0,0,1,3,17.83,Job-Ready Mid-Level,5.0,0,1,2,2,4.0,1,0,3,45.7,2,-0.5315758623655829,-0.9168642400106141,-2.749211920729817,Cloud & DevOps Infrastructure Architects
CP-3533,0.0,B.Tech/B.E,Tier 3 (Affiliated Colleges),Data Science & AI/ML,Tier 1 Tech Hub (Bengaluru/NCR/Hyd),1,2,28.0,0,1,1,0,1,1,0,1,5,16.04,Job-Ready Mid-Level,3.6,2,2,1,1,3.0,1,0,5,40.4,3,1.353482836505672,-2.766055731857452,1.5957826096170769,Emerging Full-Stack & Entry Developers
CP-3534,2.9,BCA/B.Sc CS,Tier 2 (Top State/Private),Data Science & AI/ML,Tier 1 Tech Hub (Bengaluru/NCR/Hyd),0,3,115.0,1,1,1,0,0,0,0,1,3,19.16,Job-Ready Mid-Level,4.97,0,2,1,2,2.0,1,0,3,49.9,1,-0.49635363193414445,-0.9161169298799725,-1.6176625788495158,Applied AI/ML & Data Science Specialists
CP-3535,4.0,B.Tech/B.E,Tier 2 (Top State/Private),Cloud & DevOps,Tier 2 City,2,5,8.0,2,1,1,0,0,0,0,0,2,13.99,Junior Associate,6.7,0,2,0,2,3.0,0,0,2,57.2,1,-0.8350510481688808,1.3367180159242975,-0.25986023968394695,Applied AI/ML & Data Science Specialists
CP-3536,3.0,M.Tech/M.S,Tier 3 (Affiliated Colleges),Full Stack Web,Tier 2 City,1,4,29.0,0,1,1,0,1,0,0,1,4,17.3,Job-Ready Mid-Level,5.03,1,2,1,1,4.0,0,0,4,56.7,3,1.1829939822759699,-1.029780902395194,0.1395747821800953,Emerging Full-Stack & Entry Developers
CP-3537,0.3,MCA,Tier 3 (Affiliated Colleges),Full Stack Web,Tier 1 Tech Hub (Bengaluru/NCR/Hyd),0,1,26.0,0,1,0,1,1,0,0,0,3,9.75,Junior Associate,1.35,1,1,1,1,2.5,1,0,3,28.2,2,-1.8784067794291246,-2.772600173689054,0.2988191348477849,Cloud & DevOps Infrastructure Architects
CP-3538,3.1,B.Tech/B.E,Tier 1 (IIT/NIT/BITS),Cloud & DevOps,Tier 2 City,2,3,221.0,2,0,1,0,1,0,1,0,3,23.77,Job-Ready Mid-Level,10.62,1,2,0,3,3.0,0,0,3,67.6,0,1.1885628694418897,1.9034979468952882,1.3080387908297029,Core Systems & Algorithmic Backend Specialists
CP-3539,3.2,MCA,Tier 2 (Top State/Private),Data Analytics & BI,Tier 2 City,0,4,121.0,1,1,0,0,0,1,1,0,3,14.69,Junior Associate,5.82,1,2,0,2,2.5,0,0,3,54.3,1,-0.0733680263394028,-0.20717974955250565,1.4712580405670748,Applied AI/ML & Data Science Specialists
CP-3540,2.4,BCA/B.Sc CS,Tier 2 (Top State/Private),Full Stack Web,Tier 1 Tech Hub (Bengaluru/NCR/Hyd),0,4,354.0,0,1,1,1,0,0,0,0,3,17.9,Job-Ready Mid-Level,11.65,0,2,1,2,2.0,1,0,3,58.5,0,0.486224472685824,1.4955659479928785,-1.685746359696197,Core Systems & Algorithmic Backend Specialists
CP-3541,3.2,B.Tech/B.E,Tier 2 (Top State/Private),Cloud & DevOps,Tier 1 Tech Hub (Bengaluru/NCR/Hyd),2,4,0.0,2,1,1,0,1,0,0,0,3,20.57,Job-Ready Mid-Level,5.8,1,2,0,2,3.0,1,0,3,55.9,1,0.2035134498454409,0.3517124990829156,1.1516071867489175,Applied AI/ML & Data Science Specialists
CP-3542,4.1,B.Tech/B.E,Tier 2 (Top State/Private),Backend Systems,Tier 2 City,1,6,108.0,0,1,0,1,1,0,0,0,3,20.89,Job-Ready Mid-Level,8.4,1,1,1,2,3.0,0,0,3,64.7,0,0.7045185389962912,1.1319962199619285,0.2122450936157555,Core Systems & Algorithmic Backend Specialists
CP-3543,2.1,B.Tech/B.E,Tier 2 (Top State/Private),Data Analytics & BI,Tier 1 Tech Hub (Bengaluru/NCR/Hyd),0,2,0.0,2,1,1,0,0,1,1,0,4,17.55,Job-Ready Mid-Level,1.4,1,3,0,2,3.0,1,0,4,47.2,1,0.3871934392703941,-2.4678846262268577,1.1383303792003394,Applied AI/ML & Data Science Specialists
CP-3544,0.2,M.Tech/M.S,Tier 2 (Top State/Private),Full Stack Web,Tier 2 City,0,1,127.0,1,1,1,0,0,0,0,0,2,7.23,Entry-Level Learner,3.88,0,2,0,2,4.0,0,0,2,36.6,1,-2.3085082759967754,-1.0498940310375615,0.06118675588562282,Applied AI/ML & Data Science Specialists
CP-3545,1.5,M.Tech/M.S,Tier 1 (IIT/NIT/BITS),Cloud & DevOps,Tier 1 Tech Hub (Bengaluru/NCR/Hyd),2,5,25.0,1,1,0,1,0,0,1,0,3,22.08,Job-Ready Mid-Level,7.12,0,2,1,3,4.0,1,0,3,56.9,1,0.338945926869976,0.67899578735776,-1.7887466311979623,Applied AI/ML & Data Science Specialists
CP-3546,0.2,B.Tech/B.E,Tier 1 (IIT/NIT/BITS),Data Science & AI/ML,Remote Global,0,3,146.0,1,1,1,0,0,1,1,0,4,20.81,Job-Ready Mid-Level,5.75,1,3,0,3,3.0,0,1,4,49.1,1,0.8277698321245383,-1.141481595391771,1.5440467392758295,Applied AI/ML & Data Science Specialists
CP-3547,1.2,B.Tech/B.E,Tier 1 (IIT/NIT/BITS),Cloud & DevOps,Tier 1 Tech Hub (Bengaluru/NCR/Hyd),0,2,74.0,0,1,1,0,0,1,1,0,4,18.98,Job-Ready Mid-Level,3.25,1,3,0,3,3.0,1,0,4,50.0,1,0.6078571258107301,-1.8484128522536858,1.1079288617900713,Applied AI/ML & Data Science Specialists
CP-3548,1.2,M.Tech/M.S,Tier 2 (Top State/Private),Backend Systems,Tier 1 Tech Hub (Bengaluru/NCR/Hyd),1,3,31.0,1,1,0,0,1,1,0,0,3,16.86,Job-Ready Mid-Level,4.38,2,1,0,2,4.0,1,0,3,46.6,2,-0.4504433293891778,-0.7842097400351062,3.1454068930205326,Cloud & DevOps Infrastructure Architects
CP-3549,0.2,Non-CS Degree,Tier 3 (Affiliated Colleges),Full Stack Web,Tier 1 Tech Hub (Bengaluru/NCR/Hyd),2,4,108.0,0,0,0,1,1,0,0,0,2,12.31,Junior Associate,8.5,1,0,1,1,1.0,1,0,2,30.8,2,-2.124704925254951,0.6724156042852693,0.2625892393052508,Cloud & DevOps Infrastructure Architects
CP-3550,0.9,B.Tech/B.E,Tier 1 (IIT/NIT/BITS),Backend Systems,Tier 1 Tech Hub (Bengaluru/NCR/Hyd),0,1,242.0,0,1,1,0,0,1,0,1,4,20.13,Job-Ready Mid-Level,6.75,1,2,1,3,3.0,1,0,4,54.3,3,0.9807009834407173,-1.1448344164383653,0.045750441937454235,Emerging Full-Stack & Entry Developers
CP-3551,0.3,Non-CS Degree,Tier 3 (Affiliated Colleges),Full Stack Web,Tier 1 Tech Hub (Bengaluru/NCR/Hyd),2,4,0.0,1,0,1,0,0,0,0,0,1,8.65,Entry-Level Learner,5.8,0,1,0,1,1.0,1,0,1,22.6,2,-3.8482774057612317,0.4410818205756357,-0.16780518908225225,Cloud & DevOps Infrastructure Architects
CP-3552,3.6,B.Tech/B.E,Tier 3 (Affiliated Colleges),Backend Systems,Tier 1 Tech Hub (Bengaluru/NCR/Hyd),1,4,249.0,0,1,0,0,0,0,0,0,1,19.94,Job-Ready Mid-Level,10.52,0,1,0,1,3.0,1,0,1,53.2,2,-2.0394325497090624,2.5687476662488393,-0.07431586954479347,Cloud & DevOps Infrastructure Architects
CP-3553,6.5,B.Tech/B.E,Tier 3 (Affiliated Colleges),Cloud & DevOps,Remote Global,1,2,11.0,1,1,0,0,1,0,0,0,2,26.08,High-Demand Specialist,3.18,1,1,0,1,3.0,0,1,2,52.2,2,-1.464897803757059,-0.35118139341292426,1.999329555720345,Cloud & DevOps Infrastructure Architects
CP-3554,0.2,MCA,Tier 3 (Affiliated Colleges),Data Science & AI/ML,Remote Global,1,4,138.0,1,1,1,0,1,1,1,0,5,19.44,Job-Ready Mid-Level,7.75,2,3,0,1,2.5,0,1,5,46.7,3,2.1613274417565966,-0.9111443314915583,3.050902765786338,Emerging Full-Stack & Entry Developers
CP-3555,6.8,B.Tech/B.E,Tier 3 (Affiliated Colleges),Cloud & DevOps,Tier 1 Tech Hub (Bengaluru/NCR/Hyd),3,4,347.0,0,1,1,0,0,1,1,0,4,37.44,High-Demand Specialist,15.98,1,3,0,1,3.0,1,0,4,80.2,0,3.5142172331794397,3.795706971945606,0.852785671822523,Core Systems & Algorithmic Backend Specialists
CP-3556,1.6,B.Tech/B.E,Tier 1 (IIT/NIT/BITS),Data Science & AI/ML,Tier 2 City,0,1,31.0,0,0,1,1,1,1,1,0,5,19.4,Job-Ready Mid-Level,1.48,2,2,1,3,3.0,0,0,5,53.2,3,1.7473045037998922,-3.25162536922759,1.7600418754021525,Emerging Full-Stack & Entry Developers
CP-3557,0.8,B.Tech/B.E,Tier 2 (Top State/Private),Data Science & AI/ML,Tier 1 Tech Hub (Bengaluru/NCR/Hyd),0,3,42.0,2,1,1,1,0,1,1,0,5,17.05,Job-Ready Mid-Level,3.15,1,3,1,2,3.0,1,0,5,47.8,3,1.7095925451098366,-2.6240174038430215,-0.24605288158608066,Emerging Full-Stack & Entry Developers
CP-3558,0.2,MCA,Tier 3 (Affiliated Colleges),Data Analytics & BI,Tier 2 City,2,6,35.0,0,1,0,1,0,1,0,0,3,10.37,Junior Associate,8.07,1,1,1,1,2.5,0,0,3,38.9,2,-0.5394078897931063,0.40885769004010225,0.23434737890577678,Cloud & DevOps Infrastructure Architects
CP-3559,1.5,MCA,Tier 2 (Top State/Private),Data Science & AI/ML,Tier 2 City,1,8,29.0,1,1,1,1,1,1,0,1,6,18.26,Job-Ready Mid-Level,7.82,2,2,2,2,2.5,0,0,6,61.7,3,4.044033340832603,-1.0467714013072893,0.17437354262533072,Emerging Full-Stack & Entry Developers
CP-3560,3.5,B.Tech/B.E,Tier 3 (Affiliated Colleges),Data Analytics & BI,Tier 1 Tech Hub (Bengaluru/NCR/Hyd),1,3,133.0,0,0,1,0,0,0,0,0,1,18.26,Job-Ready Mid-Level,6.92,0,1,0,1,3.0,1,0,1,46.7,2,-2.6492655911249887,1.1643840415673643,-0.03012836954578819,Cloud & DevOps Infrastructure Architects
CP-3561,2.7,B.Tech/B.E,Tier 1 (IIT/NIT/BITS),Full Stack Web,Tier 2 City,1,4,129.0,0,1,1,0,1,1,0,1,5,20.58,Job-Ready Mid-Level,7.52,2,2,1,3,3.0,0,0,5,68.7,3,3.0946021734584988,-0.5499593890478931,1.619368293926417,Emerging Full-Stack & Entry Developers
CP-3562,0.1,B.Tech/B.E,Tier 3 (Affiliated Colleges),Data Science & AI/ML,Tier 2 City,1,5,348.0,1,1,1,0,0,0,1,0,3,11.93,Junior Associate,13.7,0,3,0,1,3.0,0,0,3,49.4,0,0.4832809280358633,2.251734739060041,-0.3986182442422205,Core Systems & Algorithmic Backend Specialists
CP-3563,0.2,BCA/B.Sc CS,Tier 2 (Top State/Private),Backend Systems,Tier 1 Tech Hub (Bengaluru/NCR/Hyd),2,4,32.0,2,1,0,1,0,1,0,0,3,11.8,Junior Associate,6.6,1,1,1,2,2.0,1,0,3,39.1,2,-0.6678181688478467,-0.1725102337212107,0.05489353825331064,Cloud & DevOps Infrastructure Architects
CP-3564,1.1,B.Tech/B.E,Tier 2 (Top State/Private),Full Stack Web,Remote Global,2,3,70.0,1,1,1,0,1,1,1,1,6,28.11,High-Demand Specialist,6.85,2,3,1,2,3.0,0,1,6,59.6,3,3.8577091776454386,-1.5276475269647136,1.6521164691933332,Emerging Full-Stack & Entry Developers
CP-3565,0.8,M.Tech/M.S,Tier 2 (Top State/Private),Cloud & DevOps,Remote Global,1,4,65.0,1,1,1,0,0,0,1,0,3,16.29,Job-Ready Mid-Level,5.92,0,3,0,2,4.0,0,1,3,47.2,1,-0.27765836064924077,-0.19623914323493866,-0.07275079192218706,Applied AI/ML & Data Science Specialists
CP-3566,0.6,B.Tech/B.E,Tier 3 (Affiliated Colleges),Cloud & DevOps,Tier 1 Tech Hub (Bengaluru/NCR/Hyd),0,6,242.0,1,1,0,0,0,0,0,0,1,11.36,Junior Associate,10.25,0,1,0,1,3.0,1,0,1,37.8,2,-2.759728398904407,1.9486553278072865,-0.030724897453756336,Cloud & DevOps Infrastructure Architects
CP-3567,0.7,B.Tech/B.E,Tier 3 (Affiliated Colleges),Cloud & DevOps,Tier 2 City,1,2,25.0,1,1,0,0,1,1,1,0,4,12.2,Junior Associate,3.52,2,2,0,1,3.0,0,0,4,39.6,3,0.255233382341329,-1.939318336107287,3.0975732698154603,Emerging Full-Stack & Entry Developers
CP-3568,3.6,B.Tech/B.E,Tier 2 (Top State/Private),Backend Systems,Remote Global,1,6,371.0,1,1,1,0,1,0,1,0,4,31.81,High-Demand Specialist,14.98,1,3,0,2,3.0,0,1,4,77.3,0,3.1470153390441635,2.9802172317922446,1.3391303965771775,Core Systems & Algorithmic Backend Specialists
CP-3569,5.8,B.Tech/B.E,Tier 3 (Affiliated Colleges),Cloud & DevOps,Tier 1 Tech Hub (Bengaluru/NCR/Hyd),1,4,35.0,0,0,1,0,0,0,0,0,1,19.91,Job-Ready Mid-Level,5.18,0,1,0,1,3.0,1,0,1,51.3,2,-2.4957945214850605,0.9718086906311372,-0.06649100011497,Cloud & DevOps Infrastructure Architects
CP-3570,1.1,Non-CS Degree,Tier 2 (Top State/Private),Full Stack Web,Tier 1 Tech Hub (Bengaluru/NCR/Hyd),1,6,148.0,1,0,1,1,0,0,0,1,3,16.26,Job-Ready Mid-Level,9.4,0,1,2,2,1.0,1,0,3,45.1,2,-0.25449942118684205,0.49117395001254455,-2.9093080723848215,Cloud & DevOps Infrastructure Architects
CP-3571,5.2,B.Tech/B.E,Tier 1 (IIT/NIT/BITS),Backend Systems,Tier 1 Tech Hub (Bengaluru/NCR/Hyd),0,3,56.0,0,1,0,1,0,0,1,1,4,30.23,High-Demand Specialist,3.5,0,2,2,3,3.0,1,0,4,69.4,3,1.4652941158610815,-1.4742827654198436,-3.004458138049853,Emerging Full-Stack & Entry Developers
CP-3572,0.9,B.Tech/B.E,Tier 1 (IIT/NIT/BITS),Data Science & AI/ML,Remote Global,1,5,253.0,1,1,1,0,0,1,0,0,3,23.93,Job-Ready Mid-Level,11.32,1,2,0,3,3.0,0,1,3,57.7,0,0.6430599886845172,1.7400325616557544,1.6598385144197767,Core Systems & Algorithmic Backend Specialists
CP-3573,1.4,B.Tech/B.E,Tier 1 (IIT/NIT/BITS),Full Stack Web,Tier 2 City,1,2,30.0,1,1,1,1,0,0,0,0,3,12.83,Junior Associate,3.65,0,2,1,3,3.0,0,0,3,47.5,1,-0.6430162686193942,-1.1653583771036564,-1.481594325271596,Applied AI/ML & Data Science Specialists
CP-3574,0.6,B.Tech/B.E,Tier 2 (Top State/Private),Backend Systems,Tier 1 Tech Hub (Bengaluru/NCR/Hyd),2,5,110.0,2,1,1,1,0,0,0,0,3,16.73,Job-Ready Mid-Level,9.25,0,2,1,2,3.0,1,0,3,48.6,1,0.09108757780099505,1.0310054370181432,-1.781377552061023,Applied AI/ML & Data Science Specialists
CP-3575,2.3,B.Tech/B.E,Tier 2 (Top State/Private),Cloud & DevOps,Remote Global,1,5,151.0,0,1,0,1,1,1,0,1,5,29.4,High-Demand Specialist,8.78,2,1,2,2,3.0,0,1,5,64.7,3,2.9680024820613857,-0.4558165663144855,0.7871569666042609,Emerging Full-Stack & Entry Developers
CP-3576,8.5,B.Tech/B.E,Tier 3 (Affiliated Colleges),Data Analytics & BI,Tier 2 City,0,5,73.0,1,1,0,0,1,0,1,0,3,25.32,High-Demand Specialist,5.32,1,2,0,1,3.0,0,0,3,59.9,1,0.4496939795567596,0.16264406267707215,1.4437280773665868,Applied AI/ML & Data Science Specialists
CP-3577,2.0,B.Tech/B.E,Tier 3 (Affiliated Colleges),Cloud & DevOps,Remote Global,1,3,6.0,1,1,0,1,0,0,0,0,2,14.62,Junior Associate,3.75,0,1,1,1,3.0,0,1,2,38.1,2,-2.23576690164999,-0.7985709394325735,-0.9197473067898311,Cloud & DevOps Infrastructure Architects
CP-3578,1.0,BCA/B.Sc CS,Tier 1 (IIT/NIT/BITS),Data Analytics & BI,Tier 1 Tech Hub (Bengaluru/NCR/Hyd),2,4,107.0,1,1,0,0,1,0,1,0,3,20.06,Job-Ready Mid-Level,8.48,1,2,0,3,2.0,1,0,3,50.4,0,0.11155960520536623,0.9597259638965178,1.081266204974184,Core Systems & Algorithmic Backend Specialists
CP-3579,2.3,B.Tech/B.E,Tier 2 (Top State/Private),Backend Systems,Tier 1 Tech Hub (Bengaluru/NCR/Hyd),1,5,43.0,0,1,1,0,0,1,0,0,3,19.9,Job-Ready Mid-Level,6.08,1,2,0,2,3.0,1,0,3,51.8,1,-0.09916424246282082,0.13758210971935547,1.2360406055466155,Applied AI/ML & Data Science Specialists
CP-3580,0.3,B.Tech/B.E,Tier 2 (Top State/Private),Data Science & AI/ML,Tier 2 City,1,7,238.0,0,0,0,1,0,1,0,0,2,13.44,Junior Associate,12.35,1,0,1,2,3.0,0,0,2,48.1,2,-0.886549106100039,2.287723004326973,0.5003026831203223,Cloud & DevOps Infrastructure Architects
CP-3581,4.8,Non-CS Degree,Tier 2 (Top State/Private),Data Science & AI/ML,Tier 1 Tech Hub (Bengaluru/NCR/Hyd),1,4,145.0,1,1,0,0,0,1,0,1,3,25.87,High-Demand Specialist,7.92,1,1,1,2,1.0,1,0,3,61.2,2,0.3414871525697496,0.5946571233859103,0.0620988101179883,Cloud & DevOps Infrastructure Architects
CP-3582,1.5,B.Tech/B.E,Tier 1 (IIT/NIT/BITS),Full Stack Web,Tier 2 City,0,7,65.0,2,1,1,0,1,0,1,0,4,16.01,Job-Ready Mid-Level,6.52,1,3,0,3,3.0,0,0,4,56.9,1,1.4745258880889955,-0.18520802059359934,1.1107475535954092,Applied AI/ML & Data Science Specialists
CP-3583,1.3,B.Tech/B.E,Tier 1 (IIT/NIT/BITS),Cloud & DevOps,Tier 2 City,2,6,31.0,1,1,1,0,0,0,0,1,3,15.94,Job-Ready Mid-Level,7.98,0,2,1,3,3.0,0,0,3,54.2,1,0.23297888247108528,0.7974654158594353,-1.6354693833374006,Applied AI/ML & Data Science Specialists
CP-3584,1.9,B.Tech/B.E,Tier 3 (Affiliated Colleges),Data Science & AI/ML,Tier 1 Tech Hub (Bengaluru/NCR/Hyd),0,1,120.0,1,1,0,0,1,1,0,1,4,16.54,Job-Ready Mid-Level,3.7,2,1,1,1,3.0,1,0,4,45.9,3,0.3832996633157916,-2.3166782560307424,1.91582691333794,Emerging Full-Stack & Entry Developers
CP-3585,2.2,B.Tech/B.E,Tier 3 (Affiliated Colleges),Data Science & AI/ML,Tier 2 City,1,3,142.0,0,0,0,0,1,0,1,0,2,14.81,Junior Associate,7.15,1,1,0,1,3.0,0,0,2,44.8,2,-1.5023342513083806,0.5245873594085566,1.7085433179473832,Cloud & DevOps Infrastructure Architects
CP-3586,0.2,M.Tech/M.S,Tier 2 (Top State/Private),Full Stack Web,Tier 1 Tech Hub (Bengaluru/NCR/Hyd),0,5,213.0,1,1,1,1,0,0,0,0,3,14.56,Junior Associate,8.82,0,2,1,2,4.0,1,0,3,49.0,1,-0.046159873381616444,0.4267027756605044,-1.603736705142188,Applied AI/ML & Data Science Specialists
CP-3587,2.5,B.Tech/B.E,Tier 2 (Top State/Private),Backend Systems,Tier 1 Tech Hub (Bengaluru/NCR/Hyd),0,4,0.0,2,1,1,1,1,0,1,0,5,18.14,Job-Ready Mid-Level,2.8,1,3,1,2,3.0,1,0,5,55.7,3,2.1204380947140002,-2.328205396502709,-0.3228595835706399,Emerging Full-Stack & Entry Developers
CP-3588,0.6,M.Tech/M.S,Tier 2 (Top State/Private),Cloud & DevOps,Tier 1 Tech Hub (Bengaluru/NCR/Hyd),1,3,368.0,0,0,1,0,0,1,0,0,2,19.1,Job-Ready Mid-Level,12.8,1,1,0,2,4.0,1,0,2,53.5,0,-0.6101083872445849,2.3771511061994066,1.5777446499651988,Core Systems & Algorithmic Backend Specialists
CP-3589,2.8,B.Tech/B.E,Tier 3 (Affiliated Colleges),Full Stack Web,Tier 1 Tech Hub (Bengaluru/NCR/Hyd),1,4,70.0,1,0,0,0,0,1,0,0,1,16.92,Job-Ready Mid-Level,6.05,1,0,0,1,3.0,1,0,1,41.8,2,-2.8920234346616733,0.7909050596420423,1.791044921072578,Cloud & DevOps Infrastructure Architects
CP-3590,3.8,B.Tech/B.E,Tier 2 (Top State/Private),Data Science & AI/ML,Tier 1 Tech Hub (Bengaluru/NCR/Hyd),1,3,241.0,0,1,1,1,1,1,0,0,5,27.76,High-Demand Specialist,9.62,2,2,1,2,3.0,1,0,5,73.6,3,3.4863851264723618,0.2664230816957107,1.453842337612859,Emerging Full-Stack & Entry Developers
CP-3591,3.6,M.Tech/M.S,Tier 1 (IIT/NIT/BITS),Full Stack Web,Tier 2 City,1,4,27.0,2,1,0,0,0,0,0,0,1,15.78,Job-Ready Mid-Level,4.97,0,1,0,3,4.0,0,0,1,55.4,2,-2.295488238844351,1.00151091676446,0.09318653598492364,Cloud & DevOps Infrastructure Architects
CP-3592,1.8,B.Tech/B.E,Tier 3 (Affiliated Colleges),Data Science & AI/ML,Tier 2 City,1,5,31.0,1,1,1,1,1,1,0,0,5,15.94,Job-Ready Mid-Level,5.78,2,2,1,1,3.0,0,0,5,53.0,3,2.2749405685606825,-1.327144744796225,1.647073818442026,Emerging Full-Stack & Entry Developers
CP-3593,1.6,BCA/B.Sc CS,Tier 2 (Top State/Private),Data Science & AI/ML,Tier 1 Tech Hub (Bengaluru/NCR/Hyd),1,1,30.0,0,1,1,1,0,0,1,0,4,16.07,Job-Ready Mid-Level,2.95,0,3,1,2,2.0,1,0,4,44.2,1,0.23208838360151673,-2.090101974094063,-1.8983334982514202,Applied AI/ML & Data Science Specialists
CP-3594,0.3,B.Tech/B.E,Tier 2 (Top State/Private),Backend Systems,Tier 2 City,1,5,62.0,0,1,1,1,1,0,1,1,6,15.26,Job-Ready Mid-Level,6.55,1,3,2,2,3.0,0,0,6,55.1,3,3.53560465028952,-1.8759607729626924,-1.5611294776194866,Emerging Full-Stack & Entry Developers
CP-3595,3.3,M.Tech/M.S,Tier 2 (Top State/Private),Backend Systems,Tier 1 Tech Hub (Bengaluru/NCR/Hyd),1,2,382.0,1,1,0,0,0,1,0,0,2,21.83,Job-Ready Mid-Level,12.45,1,1,0,2,4.0,1,0,2,66.4,0,-0.06223974612455603,2.6661226390278734,1.5716800805970952,Core Systems & Algorithmic Backend Specialists
CP-3596,0.7,B.Tech/B.E,Tier 2 (Top State/Private),Data Science & AI/ML,Tier 1 Tech Hub (Bengaluru/NCR/Hyd),1,3,0.0,1,1,1,0,0,0,0,0,2,9.51,Junior Associate,3.6,0,2,0,2,3.0,1,0,2,35.5,1,-2.2898364237776323,-0.6654664092889037,-0.281579498820716,Applied AI/ML & Data Science Specialists
CP-3597,1.5,MCA,Tier 2 (Top State/Private),Data Science & AI/ML,Tier 2 City,1,7,0.0,1,1,1,1,0,0,0,0,3,10.68,Junior Associate,6.4,0,2,1,2,2.5,0,0,3,46.8,1,-0.29846342016169175,0.12068317163607115,-1.6058136202741353,Applied AI/ML & Data Science Specialists
CP-3598,0.7,B.Tech/B.E,Tier 2 (Top State/Private),Full Stack Web,Tier 2 City,3,6,0.0,1,1,1,1,1,1,0,0,5,14.75,Junior Associate,8.7,2,2,1,2,3.0,0,0,5,56.5,3,2.854342916715232,0.18880907846764464,1.4563601908357495,Emerging Full-Stack & Entry Developers
CP-3599,0.3,MCA,Tier 2 (Top State/Private),Full Stack Web,Tier 2 City,0,3,0.0,1,0,0,1,0,0,0,0,1,5.95,Entry-Level Learner,2.1,0,0,1,2,2.5,0,0,1,25.3,2,-4.199616445348801,-1.3584635995940706,-0.9117242092635228,Cloud & DevOps Infrastructure Architects
CP-3600,2.2,B.Tech/B.E,Tier 1 (IIT/NIT/BITS),Data Science & AI/ML,Tier 1 Tech Hub (Bengaluru/NCR/Hyd),2,7,70.0,2,1,0,1,0,1,0,0,3,23.0,Job-Ready Mid-Level,9.65,1,1,1,3,3.0,1,0,3,61.5,0,0.8026268878685123,1.7087962867007287,-0.04583247015365611,Core Systems & Algorithmic Backend Specialists
CP-3601,0.1,M.Tech/M.S,Tier 3 (Affiliated Colleges),Full Stack Web,Tier 2 City,0,1,60.0,3,1,1,0,0,1,0,0,3,6.78,Entry-Level Learner,2.2,1,2,0,1,4.0,0,0,3,33.3,1,-1.366153901364938,-2.282978895880366,1.6924886827739365,Applied AI/ML & Data Science Specialists
CP-3602,3.0,B.Tech/B.E,Tier 2 (Top State/Private),Data Science & AI/ML,Tier 2 City,0,2,52.0,0,1,1,0,0,1,0,0,3,14.31,Junior Associate,2.7,1,2,0,2,3.0,0,0,3,49.7,1,-0.658429870551632,-1.4629759751284486,1.5643935570831975,Applied AI/ML & Data Science Specialists
CP-3603,0.8,MCA,Tier 1 (IIT/NIT/BITS),Data Analytics & BI,Remote Global,0,1,0.0,1,0,0,0,0,0,0,1,1,16.78,Job-Ready Mid-Level,0.7,0,0,1,3,2.5,0,1,1,29.6,2,-4.199108841751666,-1.9927349151946236,-0.5878634932859271,Cloud & DevOps Infrastructure Architects
CP-3604,0.0,B.Tech/B.E,Tier 3 (Affiliated Colleges),Data Analytics & BI,Tier 1 Tech Hub (Bengaluru/NCR/Hyd),1,3,26.0,0,1,1,1,1,1,0,0,5,12.73,Junior Associate,4.25,2,2,1,1,3.0,1,0,5,41.5,3,1.5030945358044117,-2.3121392339971454,1.5399416848003031,Emerging Full-Stack & Entry Developers
CP-3605,1.6,B.Tech/B.E,Tier 3 (Affiliated Colleges),Cloud & DevOps,Tier 1 Tech Hub (Bengaluru/NCR/Hyd),0,2,33.0,0,1,0,1,1,1,1,0,5,18.98,Job-Ready Mid-Level,2.22,2,2,1,1,3.0,1,0,5,46.1,3,1.4739863412786456,-3.0694874613148833,1.6125150905466579,Emerging Full-Stack & Entry Developers
CP-3606,0.1,B.Tech/B.E,Tier 3 (Affiliated Colleges),Full Stack Web,Tier 2 City,2,6,122.0,1,0,1,0,0,0,0,1,2,10.54,Junior Associate,10.25,0,1,1,1,3.0,0,0,2,39.5,2,-1.4142333748372165,1.4739122545761387,-1.3087028780361005,Cloud & DevOps Infrastructure Architects
CP-3607,0.7,B.Tech/B.E,Tier 2 (Top State/Private),Backend Systems,Remote Global,2,4,111.0,0,1,0,0,1,1,0,1,4,23.97,Job-Ready Mid-Level,8.57,2,1,1,2,3.0,0,1,4,52.2,3,1.2750623682332165,-0.01951241998559666,2.1285777521283658,Emerging Full-Stack & Entry Developers
CP-3608,2.7,B.Tech/B.E,Tier 2 (Top State/Private),Backend Systems,Tier 1 Tech Hub (Bengaluru/NCR/Hyd),1,10,108.0,0,0,1,1,0,1,0,0,3,21.62,Job-Ready Mid-Level,11.2,1,1,1,2,3.0,1,0,3,62.4,0,0.9798746134557557,2.1906527784114562,-0.0249754322237998,Core Systems & Algorithmic Backend Specialists
CP-3609,0.1,Non-CS Degree,Tier 3 (Affiliated Colleges),Data Science & AI/ML,Tier 1 Tech Hub (Bengaluru/NCR/Hyd),1,3,60.0,2,1,0,0,1,1,0,0,3,15.22,Job-Ready Mid-Level,5.1,2,1,0,1,1.0,1,0,3,28.8,2,-1.3386053567955887,-1.086670956104414,3.069411474796565,Cloud & DevOps Infrastructure Architects
CP-3610,4.0,Non-CS Degree,Tier 3 (Affiliated Colleges),Data Science & AI/ML,Tier 1 Tech Hub (Bengaluru/NCR/Hyd),3,7,228.0,0,1,1,0,0,1,1,0,4,26.19,High-Demand Specialist,15.1,1,3,0,1,1.0,1,0,4,69.0,0,2.789151094543095,3.41769029608038,0.707623331655817,Core Systems & Algorithmic Backend Specialists
CP-3611,0.0,B.Tech/B.E,Tier 2 (Top State/Private),Full Stack Web,Tier 1 Tech Hub (Bengaluru/NCR/Hyd),2,5,46.0,2,1,1,1,1,0,0,0,4,16.14,Job-Ready Mid-Level,7.65,1,2,1,2,3.0,1,0,4,47.1,3,1.087817654500176,-0.08574272036965021,-0.21471063973237978,Emerging Full-Stack & Entry Developers
CP-3612,0.6,Non-CS Degree,Tier 3 (Affiliated Colleges),Data Science & AI/ML,Tier 1 Tech Hub (Bengaluru/NCR/Hyd),1,5,45.0,0,0,0,1,0,1,0,0,2,10.37,Junior Associate,6.12,1,0,1,1,1.0,1,0,2,28.8,2,-2.4832160339814235,-0.23078376346366378,0.34164733272719333,Cloud & DevOps Infrastructure Architects
CP-3613,3.0,B.Tech/B.E,Tier 1 (IIT/NIT/BITS),Full Stack Web,Tier 1 Tech Hub (Bengaluru/NCR/Hyd),1,10,252.0,0,1,0,1,1,0,0,1,4,29.31,High-Demand Specialist,14.8,1,1,2,3,3.0,1,0,4,78.2,0,3.134084965390121,2.923354402874685,-1.4526458064880157,Core Systems & Algorithmic Backend Specialists
CP-3614,0.8,B.Tech/B.E,Tier 3 (Affiliated Colleges),Cloud & DevOps,Tier 1 Tech Hub (Bengaluru/NCR/Hyd),1,3,146.0,0,1,0,1,1,0,0,0,3,13.83,Junior Associate,7.25,1,1,1,1,3.0,1,0,3,42.1,2,-0.5625182221456109,-0.21534421139089147,0.17838943441188007,Cloud & DevOps Infrastructure Architects
CP-3615,0.2,M.Tech/M.S,Tier 3 (Affiliated Colleges),Full Stack Web,Tier 1 Tech Hub (Bengaluru/NCR/Hyd),1,4,50.0,2,0,1,0,0,0,0,1,2,12.23,Junior Associate,5.55,0,1,1,1,4.0,1,0,2,35.2,2,-2.0611566280133444,-0.43966098256012226,-1.3194789617025628,Cloud & DevOps Infrastructure Architects
CP-3616,1.0,BCA/B.Sc CS,Tier 3 (Affiliated Colleges),Full Stack Web,Tier 1 Tech Hub (Bengaluru/NCR/Hyd),0,3,54.0,2,1,1,0,0,0,0,0,2,8.56,Entry-Level Learner,3.45,0,2,0,1,2.0,1,0,2,29.5,1,-2.6652831569779765,-1.116114509361381,-0.22325373764864906,Applied AI/ML & Data Science Specialists
CP-3617,0.7,Non-CS Degree,Tier 3 (Affiliated Colleges),Full Stack Web,Tier 1 Tech Hub (Bengaluru/NCR/Hyd),1,9,369.0,1,1,1,1,0,0,0,0,3,15.22,Job-Ready Mid-Level,17.02,0,2,1,1,1.0,1,0,3,48.3,0,0.7182761087397311,3.4955092300451645,-1.8810167106813456,Core Systems & Algorithmic Backend Specialists
CP-3618,4.1,B.Tech/B.E,Tier 3 (Affiliated Colleges),Backend Systems,Tier 1 Tech Hub (Bengaluru/NCR/Hyd),0,4,227.0,0,1,1,0,1,0,0,0,3,22.43,Job-Ready Mid-Level,8.48,1,2,0,1,3.0,1,0,3,60.7,0,0.4577424909635639,0.8046692662633997,1.302755352323156,Core Systems & Algorithmic Backend Specialists
CP-3619,0.8,BCA/B.Sc CS,Tier 2 (Top State/Private),Data Science & AI/ML,Remote Global,1,5,60.0,1,1,1,0,1,1,0,1,5,21.73,Job-Ready Mid-Level,6.5,2,2,1,2,2.0,0,1,5,50.2,3,2.139205364454201,-1.3620671496581704,1.8878611017646663,Emerging Full-Stack & Entry Developers
CP-3620,3.4,B.Tech/B.E,Tier 2 (Top State/Private),Cloud & DevOps,Tier 1 Tech Hub (Bengaluru/NCR/Hyd),1,1,374.0,1,0,1,0,0,0,1,0,2,23.37,Job-Ready Mid-Level,11.55,0,2,0,2,3.0,1,0,2,62.3,0,-0.34933793760261883,2.1996128952880794,-0.2820135670201003,Core Systems & Algorithmic Backend Specialists
CP-3621,4.9,B.Tech/B.E,Tier 1 (IIT/NIT/BITS),Data Science & AI/ML,Tier 2 City,3,3,384.0,3,0,1,0,1,1,0,0,3,27.99,High-Demand Specialist,16.2,2,1,0,3,3.0,0,0,3,83.9,0,2.53512709322799,4.209830836961482,3.060026242950551,Core Systems & Algorithmic Backend Specialists
CP-3622,1.3,B.Tech/B.E,Tier 2 (Top State/Private),Data Science & AI/ML,Tier 1 Tech Hub (Bengaluru/NCR/Hyd),3,7,14.0,3,1,1,0,0,1,0,0,3,16.77,Job-Ready Mid-Level,9.75,1,2,0,2,3.0,1,0,3,53.0,0,0.5695397805630017,1.8842363340757797,1.0493633272581318,Core Systems & Algorithmic Backend Specialists
CP-3623,5.3,Non-CS Degree,Tier 3 (Affiliated Colleges),Cloud & DevOps,Remote Global,1,4,223.0,2,1,1,0,1,0,1,0,4,32.28,High-Demand Specialist,9.88,1,3,0,1,1.0,0,1,4,65.4,0,2.0435545685328895,1.009257639102544,1.3469827312986056,Core Systems & Algorithmic Backend Specialists
CP-3624,1.0,M.Tech/M.S,Tier 2 (Top State/Private),Data Science & AI/ML,Tier 1 Tech Hub (Bengaluru/NCR/Hyd),1,2,236.0,1,0,1,0,1,1,0,0,3,19.89,Job-Ready Mid-Level,8.8,2,1,0,2,4.0,1,0,3,53.0,0,0.2321798053175168,0.5080536691326822,3.167419250805275,Core Systems & Algorithmic Backend Specialists
CP-3625,7.3,M.Tech/M.S,Tier 2 (Top State/Private),Data Science & AI/ML,Tier 1 Tech Hub (Bengaluru/NCR/Hyd),0,6,34.0,0,1,1,1,0,0,0,0,3,31.9,High-Demand Specialist,5.05,0,2,1,2,4.0,1,0,3,66.8,1,0.6196978115161531,0.18578407735494035,-1.6674737349420152,Applied AI/ML & Data Science Specialists
CP-3626,0.2,B.Tech/B.E,Tier 2 (Top State/Private),Data Science & AI/ML,Tier 1 Tech Hub (Bengaluru/NCR/Hyd),1,2,123.0,0,1,0,1,0,0,1,0,3,14.14,Junior Associate,5.98,0,2,1,2,3.0,1,0,3,41.2,1,-0.7517184800946883,-0.6749443131762691,-1.6336756578553515,Applied AI/ML & Data Science Specialists
CP-3627,2.6,B.Tech/B.E,Tier 3 (Affiliated Colleges),Cloud & DevOps,Tier 2 City,0,1,46.0,1,1,1,0,1,0,1,0,4,13.42,Junior Associate,1.85,1,3,0,1,3.0,0,0,4,46.3,1,0.3370334280311534,-2.466590302228553,1.338163365676264,Applied AI/ML & Data Science Specialists
CP-3628,1.5,B.Tech/B.E,Tier 1 (IIT/NIT/BITS),Cloud & DevOps,Tier 1 Tech Hub (Bengaluru/NCR/Hyd),0,2,108.0,0,0,1,1,1,0,0,0,3,17.51,Job-Ready Mid-Level,4.1,1,1,1,3,3.0,1,0,3,48.7,2,-0.5750204866633258,-1.3011278151695354,0.21154520352480977,Cloud & DevOps Infrastructure Architects
CP-3629,1.1,B.Tech/B.E,Tier 2 (Top State/Private),Data Science & AI/ML,Tier 1 Tech Hub (Bengaluru/NCR/Hyd),1,2,249.0,0,1,1,1,1,0,0,0,4,19.97,Job-Ready Mid-Level,9.12,1,2,1,2,3.0,1,0,4,55.1,3,1.3572594166545773,0.05651924479896341,-0.08465191041036843,Emerging Full-Stack & Entry Developers
CP-3630,2.2,B.Tech/B.E,Tier 1 (IIT/NIT/BITS),Cloud & DevOps,Tier 1 Tech Hub (Bengaluru/NCR/Hyd),0,7,36.0,1,0,1,1,0,1,0,0,3,19.62,Job-Ready Mid-Level,5.8,1,1,1,3,3.0,1,0,3,55.0,2,0.0407716655805397,-0.13181874898853263,0.10533189577474694,Cloud & DevOps Infrastructure Architects
CP-3631,2.7,M.Tech/M.S,Tier 3 (Affiliated Colleges),Data Science & AI/ML,Tier 2 City,0,3,39.0,1,1,1,0,1,1,0,0,4,14.49,Junior Associate,3.08,2,2,0,1,4.0,0,0,4,52.0,3,0.7986324661024319,-1.8201535870662038,3.1697546038077182,Emerging Full-Stack & Entry Developers
CP-3632,0.0,B.Tech/B.E,Tier 1 (IIT/NIT/BITS),Cloud & DevOps,Tier 1 Tech Hub (Bengaluru/NCR/Hyd),2,4,219.0,1,1,1,0,1,0,0,0,3,18.84,Job-Ready Mid-Level,11.27,1,2,0,3,3.0,1,0,3,53.2,0,0.5040226913666053,1.812211829231046,1.1326567548596693,Core Systems & Algorithmic Backend Specialists
CP-3633,0.4,B.Tech/B.E,Tier 3 (Affiliated Colleges),Full Stack Web,Tier 1 Tech Hub (Bengaluru/NCR/Hyd),0,7,344.0,0,1,1,1,1,0,0,1,5,20.01,Job-Ready Mid-Level,13.5,1,2,2,1,3.0,1,0,5,58.9,3,3.113699284083571,0.7964664789714075,-1.4577597941988185,Emerging Full-Stack & Entry Developers
CP-3634,2.7,B.Tech/B.E,Tier 2 (Top State/Private),Cloud & DevOps,Tier 1 Tech Hub (Bengaluru/NCR/Hyd),0,3,3.0,1,1,0,1,1,1,0,0,4,18.7,Job-Ready Mid-Level,2.17,2,1,1,2,3.0,1,0,4,51.5,3,0.5975083318581919,-2.229941091542041,1.7984972961214405,Emerging Full-Stack & Entry Developers
CP-3635,2.4,B.Tech/B.E,Tier 2 (Top State/Private),Backend Systems,Tier 1 Tech Hub (Bengaluru/NCR/Hyd),0,1,212.0,1,1,0,0,0,1,0,0,2,15.6,Job-Ready Mid-Level,6.0,1,1,0,2,3.0,1,0,2,48.0,2,-1.6276240146712742,-0.07874441803443574,1.6518629818121977,Cloud & DevOps Infrastructure Architects
CP-3636,7.4,B.Tech/B.E,Tier 3 (Affiliated Colleges),Backend Systems,Tier 2 City,0,2,15.0,3,1,1,1,1,0,0,1,5,23.0,Job-Ready Mid-Level,1.78,1,2,2,1,3.0,0,0,5,62.3,3,2.359469367700603,-2.8224723888309957,-1.1607745599112946,Emerging Full-Stack & Entry Developers
CP-3637,3.1,Non-CS Degree,Tier 1 (IIT/NIT/BITS),Data Science & AI/ML,Tier 1 Tech Hub (Bengaluru/NCR/Hyd),0,3,33.0,0,1,1,1,0,0,0,1,4,20.38,Job-Ready Mid-Level,2.92,0,2,2,3,1.0,1,0,4,52.7,3,0.4966053332685001,-2.149973725152225,-3.0528685724928457,Emerging Full-Stack & Entry Developers
CP-3638,6.6,BCA/B.Sc CS,Tier 2 (Top State/Private),Backend Systems,Tier 1 Tech Hub (Bengaluru/NCR/Hyd),2,3,133.0,1,1,1,1,1,0,0,0,4,31.33,High-Demand Specialist,8.43,1,2,1,2,2.0,1,0,4,70.3,0,2.207916081122536,0.8185467852923615,-0.2540894089189263,Core Systems & Algorithmic Backend Specialists
CP-3639,2.7,M.Tech/M.S,Tier 1 (IIT/NIT/BITS),Data Science & AI/ML,Tier 2 City,0,1,111.0,0,0,1,0,0,0,0,0,1,15.73,Job-Ready Mid-Level,3.47,0,1,0,3,4.0,0,0,1,48.4,2,-2.953177662796273,-0.26025961219688587,0.2579249535167926,Cloud & DevOps Infrastructure Architects
CP-3640,0.8,B.Tech/B.E,Tier 2 (Top State/Private),Backend Systems,Tier 2 City,2,4,112.0,0,0,1,0,0,0,0,0,1,10.63,Junior Associate,8.6,0,1,0,2,3.0,0,0,1,40.2,2,-2.7244730524495258,1.7305964244327563,0.04531536288285683,Cloud & DevOps Infrastructure Architects
CP-3641,0.2,B.Tech/B.E,Tier 2 (Top State/Private),Full Stack Web,Tier 1 Tech Hub (Bengaluru/NCR/Hyd),0,3,25.0,0,1,1,1,1,0,1,0,5,15.54,Job-Ready Mid-Level,2.72,1,3,1,2,3.0,1,0,5,44.1,3,1.4586333763942183,-2.8300092799167866,-0.27400726389170094,Emerging Full-Stack & Entry Developers
CP-3642,3.3,B.Tech/B.E,Tier 2 (Top State/Private),Full Stack Web,Tier 2 City,1,4,1.0,0,1,1,1,0,1,0,0,4,16.77,Job-Ready Mid-Level,4.32,1,2,1,2,3.0,0,0,4,58.1,3,1.1231985962099462,-1.0588652849771638,0.07266948547514056,Emerging Full-Stack & Entry Developers
CP-3643,2.3,MCA,Tier 1 (IIT/NIT/BITS),Data Science & AI/ML,Tier 1 Tech Hub (Bengaluru/NCR/Hyd),1,7,219.0,2,1,1,0,0,0,1,0,3,24.01,High-Demand Specialist,11.88,0,3,0,3,2.5,1,0,3,64.1,0,1.116675859190903,2.46287323918829,-0.7358802680184637,Core Systems & Algorithmic Backend Specialists
CP-3644,0.1,M.Tech/M.S,Tier 2 (Top State/Private),Data Science & AI/ML,Tier 1 Tech Hub (Bengaluru/NCR/Hyd),1,10,0.0,2,0,0,0,1,1,0,0,2,13.51,Junior Associate,8.5,2,0,0,2,4.0,1,0,2,43.8,2,-1.1036135081941525,1.5203392753897171,3.2153475128235716,Cloud & DevOps Infrastructure Architects
CP-3645,1.0,B.Tech/B.E,Tier 3 (Affiliated Colleges),Data Analytics & BI,Remote Global,1,2,0.0,0,1,1,0,0,1,1,0,4,17.27,Job-Ready Mid-Level,2.9,1,3,0,1,3.0,0,1,4,40.0,1,0.14953453097766314,-2.106961619108916,1.5729051643869771,Applied AI/ML & Data Science Specialists
CP-3646,6.9,B.Tech/B.E,Tier 3 (Affiliated Colleges),Backend Systems,Remote Global,2,5,246.0,0,1,1,0,0,1,1,0,4,38.75,High-Demand Specialist,12.65,1,3,0,1,3.0,0,1,4,76.3,0,2.983395054042956,2.5066472249500014,1.3598010238320917,Core Systems & Algorithmic Backend Specialists
CP-3647,1.5,B.Tech/B.E,Tier 2 (Top State/Private),Cloud & DevOps,Tier 1 Tech Hub (Bengaluru/NCR/Hyd),0,1,123.0,0,1,1,0,1,0,0,0,3,14.89,Junior Associate,3.78,1,2,0,2,3.0,1,0,3,44.0,1,-0.8343499940691691,-1.387737621162824,1.3850564181166793,Applied AI/ML & Data Science Specialists
CP-3648,1.2,BCA/B.Sc CS,Tier 2 (Top State/Private),Data Analytics & BI,Tier 1 Tech Hub (Bengaluru/NCR/Hyd),1,2,62.0,0,1,1,0,1,0,0,0,3,13.76,Junior Associate,4.45,1,2,0,2,2.0,1,0,3,40.5,1,-0.8903151894147352,-0.9467428084340466,1.2542107510416132,Applied AI/ML & Data Science Specialists
CP-3649,1.3,Non-CS Degree,Tier 2 (Top State/Private),Data Analytics & BI,Tier 1 Tech Hub (Bengaluru/NCR/Hyd),2,5,9.0,0,1,1,0,0,0,0,1,3,16.09,Job-Ready Mid-Level,6.72,0,2,1,2,1.0,1,0,3,41.7,1,-0.6205039987294967,0.01689902570425781,-1.831251369982236,Applied AI/ML & Data Science Specialists
CP-3650,0.5,BCA/B.Sc CS,Tier 2 (Top State/Private),Data Science & AI/ML,Tier 1 Tech Hub (Bengaluru/NCR/Hyd),0,1,216.0,0,1,1,0,1,0,0,1,4,16.15,Job-Ready Mid-Level,6.1,1,2,1,2,2.0,1,0,4,43.9,3,0.4158591173452108,-1.6110974702198315,0.010714542506266593,Emerging Full-Stack & Entry Developers
CP-3651,1.0,B.Tech/B.E,Tier 2 (Top State/Private),Data Science & AI/ML,Tier 1 Tech Hub (Bengaluru/NCR/Hyd),0,4,366.0,0,1,1,1,0,1,0,0,4,19.1,Job-Ready Mid-Level,11.95,1,2,1,2,3.0,1,0,4,59.3,0,1.7675780402728938,0.9341504291414936,-0.041892970489204,Core Systems & Algorithmic Backend Specialists
CP-3652,1.0,B.Tech/B.E,Tier 2 (Top State/Private),Data Science & AI/ML,Tier 1 Tech Hub (Bengaluru/NCR/Hyd),0,4,31.0,1,1,1,0,1,0,0,0,3,13.21,Junior Associate,3.58,1,2,0,2,3.0,1,0,3,41.2,1,-0.849642093635515,-1.2320736113188373,1.312145950336774,Applied AI/ML & Data Science Specialists
CP-3653,0.1,B.Tech/B.E,Tier 2 (Top State/Private),Full Stack Web,Remote Global,1,5,34.0,0,1,0,0,0,0,0,1,2,14.59,Junior Associate,5.85,0,1,1,2,3.0,0,1,2,36.3,2,-2.119830449599519,-0.1886839494036554,-0.9655322964487312,Cloud & DevOps Infrastructure Architects
CP-3654,3.2,B.Tech/B.E,Tier 2 (Top State/Private),Data Science & AI/ML,Remote Global,0,2,48.0,1,1,0,1,0,0,1,0,3,22.2,Job-Ready Mid-Level,2.6,0,2,1,2,3.0,0,1,3,50.5,1,-0.6426725572562509,-1.6340319459045531,-1.126611471928209,Applied AI/ML & Data Science Specialists
CP-3655,1.2,B.Tech/B.E,Tier 2 (Top State/Private),Data Science & AI/ML,Tier 1 Tech Hub (Bengaluru/NCR/Hyd),0,1,254.0,0,1,0,0,0,0,1,1,3,16.92,Job-Ready Mid-Level,7.05,0,2,1,2,3.0,1,0,3,48.0,1,-0.44537154641545923,-0.6169940092556113,-1.5260289087341157,Applied AI/ML & Data Science Specialists
CP-3656,3.8,M.Tech/M.S,Tier 3 (Affiliated Colleges),Data Science & AI/ML,Tier 1 Tech Hub (Bengaluru/NCR/Hyd),1,3,28.0,2,1,0,1,0,0,0,0,2,19.89,Job-Ready Mid-Level,4.3,0,1,1,1,4.0,1,0,2,51.2,2,-1.4688510929507916,-0.1700671034113037,-1.3594281182700987,Cloud & DevOps Infrastructure Architects
CP-3657,4.2,M.Tech/M.S,Tier 2 (Top State/Private),Data Science & AI/ML,Tier 1 Tech Hub (Bengaluru/NCR/Hyd),1,3,147.0,0,1,0,0,0,0,0,1,2,24.19,High-Demand Specialist,7.28,0,1,1,2,4.0,1,0,2,62.3,2,-0.7656727308152305,0.9126603889541245,-1.3775047305788561,Cloud & DevOps Infrastructure Architects
CP-3658,0.5,B.Tech/B.E,Tier 3 (Affiliated Colleges),Backend Systems,Tier 1 Tech Hub (Bengaluru/NCR/Hyd),0,5,61.0,0,1,1,1,1,1,0,0,5,15.27,Job-Ready Mid-Level,5.03,2,2,1,1,3.0,1,0,5,45.3,3,1.751417060914501,-1.99718985880555,1.547278497134071,Emerging Full-Stack & Entry Developers
CP-3659,2.4,MCA,Tier 3 (Affiliated Colleges),Data Science & AI/ML,Tier 1 Tech Hub (Bengaluru/NCR/Hyd),0,3,69.0,1,1,1,0,1,1,0,1,5,20.26,Job-Ready Mid-Level,3.82,2,2,1,1,2.5,1,0,5,51.2,3,1.8665611061634104,-2.469363664113453,1.5925373252255253,Emerging Full-Stack & Entry Developers
CP-3660,1.4,B.Tech/B.E,Tier 2 (Top State/Private),Full Stack Web,Tier 2 City,1,3,246.0,3,0,1,0,0,0,0,0,1,11.95,Junior Associate,9.75,0,1,0,2,3.0,0,0,1,45.1,2,-2.3888598421320504,1.8695908403385177,0.12776312096623263,Cloud & DevOps Infrastructure Architects
CP-3661,4.7,B.Tech/B.E,Tier 2 (Top State/Private),Cloud & DevOps,Tier 1 Tech Hub (Bengaluru/NCR/Hyd),3,9,63.0,2,1,1,0,0,1,1,0,4,29.12,High-Demand Specialist,12.38,1,3,0,2,3.0,1,0,4,78.5,0,3.236899932378199,3.1013598755038108,0.7006720982858188,Core Systems & Algorithmic Backend Specialists
CP-3662,0.5,B.Tech/B.E,Tier 2 (Top State/Private),Full Stack Web,Remote Global,1,5,247.0,1,1,1,1,1,1,0,0,5,23.38,Job-Ready Mid-Level,11.18,2,2,1,2,3.0,0,1,5,59.7,3,3.040311791089357,0.37859742098238575,1.8885836343159716,Emerging Full-Stack & Entry Developers
CP-3663,2.5,B.Tech/B.E,Tier 1 (IIT/NIT/BITS),Data Science & AI/ML,Tier 2 City,2,7,28.0,0,1,1,1,0,0,1,0,4,18.72,Job-Ready Mid-Level,8.6,0,3,1,3,3.0,0,0,4,65.4,0,2.0248909756551807,1.002380770238891,-1.9592348242996074,Core Systems & Algorithmic Backend Specialists
CP-3664,2.1,B.Tech/B.E,Tier 2 (Top State/Private),Full Stack Web,Tier 1 Tech Hub (Bengaluru/NCR/Hyd),1,3,20.0,0,1,1,1,1,1,0,0,5,21.06,Job-Ready Mid-Level,4.1,2,2,1,2,3.0,1,0,5,55.9,3,2.1766367077214666,-1.881385458752878,1.4860364190464401,Emerging Full-Stack & Entry Developers
CP-3665,0.8,B.Tech/B.E,Tier 3 (Affiliated Colleges),Data Science & AI/ML,Tier 1 Tech Hub (Bengaluru/NCR/Hyd),0,1,61.0,2,1,0,1,0,0,0,0,2,9.57,Junior Associate,2.22,0,1,1,1,3.0,1,0,2,29.6,2,-2.8502479652562736,-1.8858079823527363,-1.2456903604470637,Cloud & DevOps Infrastructure Architects
CP-3666,0.3,B.Tech/B.E,Tier 1 (IIT/NIT/BITS),Full Stack Web,Tier 2 City,1,5,49.0,1,0,0,1,1,0,0,0,2,12.54,Junior Associate,6.22,1,0,1,3,3.0,0,0,2,42.1,2,-1.6922851094773355,0.17418145700017004,0.49984788542184105,Cloud & DevOps Infrastructure Architects
CP-3667,2.3,Non-CS Degree,Tier 2 (Top State/Private),Data Science & AI/ML,Remote Global,2,6,65.0,1,1,1,0,0,0,1,0,3,22.95,Job-Ready Mid-Level,8.82,0,3,0,2,1.0,0,1,3,50.2,1,0.1069478425241035,1.2470585660131905,-0.3322869989952114,Applied AI/ML & Data Science Specialists
CP-3668,3.0,B.Tech/B.E,Tier 3 (Affiliated Colleges),Cloud & DevOps,Tier 2 City,1,5,134.0,0,1,1,1,0,0,0,0,3,13.38,Junior Associate,8.35,0,2,1,1,3.0,0,0,3,55.0,1,0.17631033365391086,0.7293223040043796,-1.519744238212796,Applied AI/ML & Data Science Specialists
CP-3669,0.8,B.Tech/B.E,Tier 3 (Affiliated Colleges),Cloud & DevOps,Tier 1 Tech Hub (Bengaluru/NCR/Hyd),2,4,25.0,1,1,0,0,1,0,1,0,3,14.67,Junior Associate,6.42,1,2,0,1,3.0,1,0,3,40.7,1,-0.4794173980170592,0.035957693954623,1.1971599137940714,Applied AI/ML & Data Science Specialists
CP-3670,2.3,B.Tech/B.E,Tier 2 (Top State/Private),Full Stack Web,Tier 1 Tech Hub (Bengaluru/NCR/Hyd),3,7,233.0,1,1,1,0,0,1,0,0,3,23.23,Job-Ready Mid-Level,15.22,1,2,0,2,3.0,1,0,3,66.7,0,1.620521786463345,3.897046788464588,1.0253170270673992,Core Systems & Algorithmic Backend Specialists
CP-3671,1.1,BCA/B.Sc CS,Tier 3 (Affiliated Colleges),Full Stack Web,Tier 1 Tech Hub (Bengaluru/NCR/Hyd),0,1,40.0,0,0,1,1,1,0,0,0,3,11.97,Junior Associate,1.7,1,1,1,1,2.0,1,0,3,31.2,2,-1.6906374906421762,-2.6283779580824502,0.27730883453360716,Cloud & DevOps Infrastructure Architects
CP-3672,2.7,B.Tech/B.E,Tier 2 (Top State/Private),Full Stack Web,Remote Global,0,5,21.0,0,0,0,1,0,0,1,1,3,23.69,Job-Ready Mid-Level,4.03,0,1,2,2,3.0,0,1,3,50.4,2,-0.4956457496508177,-1.3130298774801474,-2.288131695089411,Cloud & DevOps Infrastructure Architects
CP-3673,0.5,MCA,Tier 1 (IIT/NIT/BITS),Data Analytics & BI,Tier 2 City,0,3,21.0,0,0,1,0,1,1,1,0,4,14.09,Junior Associate,2.62,2,2,0,3,2.5,0,0,4,43.8,3,0.3298750666580116,-2.243982531581599,3.0616339979029443,Emerging Full-Stack & Entry Developers
CP-3674,4.9,B.Tech/B.E,Tier 2 (Top State/Private),Data Science & AI/ML,Tier 2 City,1,2,211.0,1,1,0,1,0,0,1,0,3,19.75,Job-Ready Mid-Level,8.18,0,2,1,2,3.0,0,0,3,68.3,0,0.7525949180809497,0.8101917728027497,-1.5042901912334912,Core Systems & Algorithmic Backend Specialists
CP-3675,0.7,B.Tech/B.E,Tier 2 (Top State/Private),Data Analytics & BI,Tier 1 Tech Hub (Bengaluru/NCR/Hyd),0,4,24.0,2,1,1,0,1,0,1,0,4,14.78,Junior Associate,3.4,1,3,0,2,3.0,1,0,4,43.5,1,0.4785926245975823,-1.786910111939209,1.0585597343879423,Applied AI/ML & Data Science Specialists
CP-3676,1.0,BCA/B.Sc CS,Tier 3 (Affiliated Colleges),Data Analytics & BI,Tier 2 City,2,6,17.0,1,1,1,1,0,1,1,1,6,14.59,Junior Associate,7.62,1,3,2,1,2.0,0,0,6,53.1,3,3.588075120826386,-1.3039387925013863,-1.6332713043273224,Emerging Full-Stack & Entry Developers
CP-3677,0.1,B.Tech/B.E,Tier 1 (IIT/NIT/BITS),Full Stack Web,Tier 1 Tech Hub (Bengaluru/NCR/Hyd),0,2,34.0,1,0,1,0,0,1,0,0,2,12.32,Junior Associate,2.25,1,1,0,3,3.0,1,0,2,34.5,2,-2.516493237106851,-1.5546480146394561,1.6312977881785993,Cloud & DevOps Infrastructure Architects
CP-3678,0.3,B.Tech/B.E,Tier 2 (Top State/Private),Full Stack Web,Tier 1 Tech Hub (Bengaluru/NCR/Hyd),0,3,46.0,2,1,1,1,1,0,1,0,5,15.2,Job-Ready Mid-Level,3.25,1,3,1,2,3.0,1,0,5,45.5,3,1.638907271528017,-2.641001723373521,-0.27713949038961433,Emerging Full-Stack & Entry Developers
CP-3679,1.6,B.Tech/B.E,Tier 2 (Top State/Private),Full Stack Web,Tier 1 Tech Hub (Bengaluru/NCR/Hyd),0,3,67.0,0,0,1,0,1,1,0,0,3,15.71,Job-Ready Mid-Level,3.77,2,1,0,2,3.0,1,0,3,44.5,2,-0.7095393624496484,-1.2988782269757495,3.1774180994372436,Cloud & DevOps Infrastructure Architects
CP-3680,0.7,BCA/B.Sc CS,Tier 2 (Top State/Private),Data Science & AI/ML,Remote Global,3,5,11.0,0,1,1,1,1,1,1,0,6,26.14,High-Demand Specialist,8.28,2,3,1,2,2.0,0,1,6,56.9,3,3.9110778951148255,-0.6098705249079595,1.4662602463875762,Emerging Full-Stack & Entry Developers
CP-3681,4.0,B.Tech/B.E,Tier 1 (IIT/NIT/BITS),Data Science & AI/ML,Tier 2 City,1,3,53.0,0,1,1,0,0,0,1,1,4,22.13,Job-Ready Mid-Level,4.92,0,3,1,3,3.0,0,0,4,66.7,1,1.5678576077511548,-0.7732994589248278,-1.7646154722285337,Applied AI/ML & Data Science Specialists
CP-3682,0.0,B.Tech/B.E,Tier 2 (Top State/Private),Data Science & AI/ML,Tier 1 Tech Hub (Bengaluru/NCR/Hyd),2,6,40.0,3,1,0,1,0,0,1,1,4,18.93,Job-Ready Mid-Level,8.2,0,2,2,2,3.0,1,0,4,48.0,3,1.1678331409236566,-0.08768175601134863,-3.147030813357678,Emerging Full-Stack & Entry Developers
CP-3683,1.0,Non-CS Degree,Tier 3 (Affiliated Colleges),Data Science & AI/ML,Remote Global,3,5,125.0,1,0,0,1,0,1,0,0,2,18.43,Job-Ready Mid-Level,11.12,1,0,1,1,1.0,0,1,2,39.2,2,-1.4183135064384622,1.925100763410723,0.6501075736488081,Cloud & DevOps Infrastructure Architects
CP-3684,0.9,B.Tech/B.E,Tier 2 (Top State/Private),Full Stack Web,Tier 1 Tech Hub (Bengaluru/NCR/Hyd),1,5,215.0,2,0,1,1,1,0,0,0,3,19.4,Job-Ready Mid-Level,10.38,1,1,1,2,3.0,1,0,3,52.0,0,0.34785080741621877,1.1255901925537128,0.0884686245555334,Core Systems & Algorithmic Backend Specialists
CP-3685,0.0,M.Tech/M.S,Tier 2 (Top State/Private),Data Analytics & BI,Tier 1 Tech Hub (Bengaluru/NCR/Hyd),0,1,125.0,1,1,0,1,1,0,1,0,4,15.27,Job-Ready Mid-Level,3.82,1,2,1,2,4.0,1,0,4,43.9,3,0.37874544941516036,-2.1797723114671,0.06235320292964428,Emerging Full-Stack & Entry Developers
CP-3686,0.3,M.Tech/M.S,Tier 2 (Top State/Private),Data Science & AI/ML,Tier 1 Tech Hub (Bengaluru/NCR/Hyd),0,3,33.0,0,1,0,0,1,0,1,0,3,13.8,Junior Associate,2.92,1,2,0,2,4.0,1,0,3,39.7,1,-0.9767966296246531,-1.5901872580034286,1.3762636703151114,Applied AI/ML & Data Science Specialists
CP-3687,1.2,B.Tech/B.E,Tier 2 (Top State/Private),Backend Systems,Tier 1 Tech Hub (Bengaluru/NCR/Hyd),0,3,11.0,0,1,0,1,0,0,0,0,2,11.72,Junior Associate,2.37,0,1,1,2,3.0,1,0,2,36.0,2,-2.53418037243489,-1.4223746903146688,-1.335520869584212,Cloud & DevOps Infrastructure Architects
CP-3688,1.5,B.Tech/B.E,Tier 2 (Top State/Private),Backend Systems,Tier 1 Tech Hub (Bengaluru/NCR/Hyd),1,3,243.0,2,1,1,1,1,0,0,1,5,22.47,Job-Ready Mid-Level,9.68,1,2,2,2,3.0,1,0,5,62.2,3,2.9483666636922092,-0.360399152226899,-1.4545926090173127,Emerging Full-Stack & Entry Developers
CP-3689,1.1,B.Tech/B.E,Tier 3 (Affiliated Colleges),Backend Systems,Tier 1 Tech Hub (Bengaluru/NCR/Hyd),0,2,46.0,0,0,1,1,1,1,0,0,4,14.9,Junior Associate,2.55,2,1,1,1,3.0,1,0,4,40.0,3,0.05054262597701379,-2.668116401318862,1.8800150101996032,Emerging Full-Stack & Entry Developers
CP-3690,1.7,BCA/B.Sc CS,Tier 3 (Affiliated Colleges),Data Analytics & BI,Tier 2 City,0,4,39.0,2,0,1,1,1,1,0,0,4,14.19,Junior Associate,3.78,2,1,1,1,2.0,0,0,4,41.9,3,0.32923001255123224,-2.061207318258438,1.9597464429375775,Emerging Full-Stack & Entry Developers
CP-3691,2.0,BCA/B.Sc CS,Tier 2 (Top State/Private),Full Stack Web,Tier 1 Tech Hub (Bengaluru/NCR/Hyd),1,5,247.0,0,1,1,1,1,1,0,0,5,23.15,Job-Ready Mid-Level,11.18,2,2,1,2,2.0,1,0,5,64.0,0,3.1838558384048894,0.6234206582127626,1.37526457089117,Core Systems & Algorithmic Backend Specialists
CP-3692,0.0,M.Tech/M.S,Tier 2 (Top State/Private),Data Science & AI/ML,Tier 2 City,1,2,357.0,0,0,0,0,0,0,0,0,0,10.28,Junior Associate,11.82,0,0,0,2,4.0,0,0,0,40.5,2,-3.7005454316902564,2.76553921775302,0.44809190475147465,Cloud & DevOps Infrastructure Architects
CP-3693,1.4,Non-CS Degree,Tier 3 (Affiliated Colleges),Cloud & DevOps,Tier 1 Tech Hub (Bengaluru/NCR/Hyd),1,3,233.0,0,1,1,1,0,0,0,1,4,18.38,Job-Ready Mid-Level,9.43,0,2,2,1,1.0,1,0,4,46.7,3,0.8256716509453949,-0.2651832803171052,-3.0533312192825295,Emerging Full-Stack & Entry Developers
CP-3694,7.3,BCA/B.Sc CS,Tier 2 (Top State/Private),Cloud & DevOps,Tier 2 City,1,4,373.0,2,1,1,1,1,0,1,0,5,29.82,High-Demand Specialist,13.62,1,3,1,2,2.0,0,0,5,83.1,0,4.493661802703919,2.0079816207656718,-0.3054594009786009,Core Systems & Algorithmic Backend Specialists
CP-3695,1.6,B.Tech/B.E,Tier 2 (Top State/Private),Data Analytics & BI,Tier 2 City,2,2,220.0,0,1,1,0,1,0,0,0,3,15.86,Job-Ready Mid-Level,9.9,1,2,0,2,3.0,0,0,3,54.7,0,0.35035967037046484,1.2438178197373642,1.3887732112932158,Core Systems & Algorithmic Backend Specialists
CP-3696,2.5,B.Tech/B.E,Tier 2 (Top State/Private),Backend Systems,Tier 2 City,1,2,107.0,0,0,1,1,0,0,1,0,3,14.74,Junior Associate,5.57,0,2,1,2,3.0,0,0,3,52.0,1,-0.2410517273051865,-0.5307887474719457,-1.466575982834974,Applied AI/ML & Data Science Specialists
CP-3697,0.8,MCA,Tier 3 (Affiliated Colleges),Full Stack Web,Tier 1 Tech Hub (Bengaluru/NCR/Hyd),0,7,40.0,0,1,1,1,1,1,1,0,6,17.36,Job-Ready Mid-Level,5.9,2,3,1,1,2.5,1,0,6,50.8,3,3.330547986862344,-1.9268522778818449,1.2134862230823724,Emerging Full-Stack & Entry Developers
CP-3698,3.3,B.Tech/B.E,Tier 2 (Top State/Private),Full Stack Web,Tier 2 City,2,5,342.0,0,1,1,0,1,0,0,1,4,23.92,Job-Ready Mid-Level,15.05,1,2,1,2,3.0,0,0,4,75.9,0,2.999913022436563,2.8057553486685896,-0.058100757512030615,Core Systems & Algorithmic Backend Specialists
CP-3699,3.3,B.Tech/B.E,Tier 3 (Affiliated Colleges),Data Science & AI/ML,Tier 1 Tech Hub (Bengaluru/NCR/Hyd),3,5,230.0,1,0,1,0,1,1,0,0,3,26.59,High-Demand Specialist,13.75,2,1,0,1,3.0,1,0,3,65.5,0,1.4310590224242346,3.132196499843249,2.915043265306265,Core Systems & Algorithmic Backend Specialists
CP-3700,1.6,M.Tech/M.S,Tier 3 (Affiliated Colleges),Data Science & AI/ML,Remote Global,0,8,26.0,3,0,1,0,1,0,0,1,3,20.66,Job-Ready Mid-Level,6.25,1,1,1,1,4.0,0,1,3,47.6,2,-0.12342676357924302,-0.34680742161254297,0.6432973268569563,Cloud & DevOps Infrastructure Architects
CP-3701,8.2,B.Tech/B.E,Tier 2 (Top State/Private),Full Stack Web,Tier 1 Tech Hub (Bengaluru/NCR/Hyd),1,4,33.0,2,1,0,0,1,1,1,0,4,36.37,High-Demand Specialist,5.12,2,2,0,2,3.0,1,0,4,67.9,3,2.042252229727651,-0.1347383902499975,2.780564597118309,Emerging Full-Stack & Entry Developers
CP-3702,0.3,Non-CS Degree,Tier 3 (Affiliated Colleges),Cloud & DevOps,Tier 1 Tech Hub (Bengaluru/NCR/Hyd),1,2,19.0,0,1,0,0,0,0,0,0,1,7.01,Entry-Level Learner,3.38,0,1,0,1,1.0,1,0,1,18.6,2,-4.448952128212782,-0.7478764392166374,-0.04916061951747581,Cloud & DevOps Infrastructure Architects
CP-3703,0.0,BCA/B.Sc CS,Tier 3 (Affiliated Colleges),Data Analytics & BI,Tier 1 Tech Hub (Bengaluru/NCR/Hyd),0,4,60.0,2,0,1,1,1,0,1,0,4,16.13,Job-Ready Mid-Level,4.3,1,2,1,1,2.0,1,0,4,34.2,3,0.04040657485507047,-2.069448181056299,-0.05499029183047263,Emerging Full-Stack & Entry Developers
CP-3704,3.2,B.Tech/B.E,Tier 2 (Top State/Private),Full Stack Web,Tier 2 City,2,5,32.0,1,0,1,1,1,0,0,1,4,20.41,Job-Ready Mid-Level,7.3,1,1,2,2,3.0,0,0,4,62.5,3,1.714825152823935,-0.09418307362984037,-1.147561713812493,Emerging Full-Stack & Entry Developers
CP-3705,3.6,Non-CS Degree,Tier 2 (Top State/Private),Backend Systems,Tier 1 Tech Hub (Bengaluru/NCR/Hyd),0,2,19.0,0,0,1,0,0,1,0,0,2,16.45,Job-Ready Mid-Level,1.88,1,1,0,2,1.0,1,0,2,40.9,2,-2.3683633436522955,-1.3875883307581869,1.5544239240040696,Cloud & DevOps Infrastructure Architects
CP-3706,0.3,B.Tech/B.E,Tier 1 (IIT/NIT/BITS),Cloud & DevOps,Remote Global,2,12,72.0,1,1,0,0,1,0,1,0,3,24.79,High-Demand Specialist,12.8,1,2,0,3,3.0,0,1,3,57.2,0,1.116600252081279,3.186170286405704,1.3700714248044257,Core Systems & Algorithmic Backend Specialists
CP-3707,0.7,B.Tech/B.E,Tier 2 (Top State/Private),Data Analytics & BI,Remote Global,1,6,380.0,0,1,0,1,1,0,0,0,3,20.84,Job-Ready Mid-Level,15.2,1,1,1,2,3.0,0,1,3,58.7,0,0.9877021875487143,2.821453101693537,0.5047049549788176,Core Systems & Algorithmic Backend Specialists
CP-3708,0.0,B.Tech/B.E,Tier 2 (Top State/Private),Data Science & AI/ML,Tier 2 City,1,2,143.0,2,1,1,1,0,0,1,0,4,10.62,Junior Associate,6.48,0,3,1,2,3.0,0,0,4,45.2,1,0.7192126802221651,-1.0194585003123304,-1.6992496186867039,Applied AI/ML & Data Science Specialists
CP-3709,0.8,B.Tech/B.E,Tier 2 (Top State/Private),Data Analytics & BI,Tier 1 Tech Hub (Bengaluru/NCR/Hyd),0,5,60.0,1,1,0,0,0,1,1,0,3,16.57,Job-Ready Mid-Level,5.0,1,2,0,2,3.0,1,0,3,42.5,1,-0.6414396433478792,-0.7104550162101491,1.3093392897445455,Applied AI/ML & Data Science Specialists
CP-3710,3.3,B.Tech/B.E,Tier 2 (Top State/Private),Cloud & DevOps,Tier 2 City,0,3,30.0,0,0,0,0,0,0,1,1,2,18.4,Job-Ready Mid-Level,2.85,0,1,1,2,3.0,0,0,2,47.3,2,-1.911958384418821,-1.1394875191686045,-1.1515923703825932,Cloud & DevOps Infrastructure Architects
CP-3711,1.6,B.Tech/B.E,Tier 3 (Affiliated Colleges),Data Science & AI/ML,Tier 1 Tech Hub (Bengaluru/NCR/Hyd),0,4,0.0,1,1,1,0,0,0,0,0,2,11.44,Junior Associate,2.8,0,2,0,1,3.0,1,0,2,34.5,1,-2.4376795990569553,-1.0558937306915628,-0.2133067843572879,Applied AI/ML & Data Science Specialists
CP-3712,0.9,B.Tech/B.E,Tier 2 (Top State/Private),Data Science & AI/ML,Tier 1 Tech Hub (Bengaluru/NCR/Hyd),0,2,0.0,1,1,1,0,1,0,0,0,3,10.22,Junior Associate,1.4,1,2,0,2,3.0,1,0,3,37.0,1,-1.3000721164890428,-2.191983017149713,1.3714999055311416,Applied AI/ML & Data Science Specialists
CP-3713,1.0,B.Tech/B.E,Tier 2 (Top State/Private),Backend Systems,Remote Global,0,2,63.0,1,1,1,1,0,1,0,0,4,14.97,Junior Associate,2.97,1,2,1,2,3.0,0,1,4,44.3,3,0.2441242694270754,-2.3823864019834375,0.4956350001138612,Emerging Full-Stack & Entry Developers
CP-3714,0.0,M.Tech/M.S,Tier 2 (Top State/Private),Data Science & AI/ML,Remote Global,2,9,25.0,0,1,1,1,1,0,0,0,4,17.71,Job-Ready Mid-Level,9.93,1,2,1,2,4.0,0,1,4,54.0,0,1.7016012054403191,1.1058756893039121,0.17471525007019,Core Systems & Algorithmic Backend Specialists
CP-3715,0.8,M.Tech/M.S,Tier 2 (Top State/Private),Full Stack Web,Remote Global,1,5,74.0,1,1,1,1,0,0,0,0,3,19.14,Job-Ready Mid-Level,6.85,0,2,1,2,4.0,0,1,3,48.8,1,-0.17603588475961365,0.025549989002265506,-1.2104994398525726,Applied AI/ML & Data Science Specialists
CP-3716,2.3,B.Tech/B.E,Tier 2 (Top State/Private),Full Stack Web,Tier 1 Tech Hub (Bengaluru/NCR/Hyd),2,7,67.0,1,1,1,0,1,1,0,0,4,21.76,Job-Ready Mid-Level,9.57,2,2,0,2,3.0,1,0,4,61.8,0,2.0430413744591585,1.281232223832947,2.6636887055409577,Core Systems & Algorithmic Backend Specialists
CP-3717,8.0,B.Tech/B.E,Tier 2 (Top State/Private),Cloud & DevOps,Tier 1 Tech Hub (Bengaluru/NCR/Hyd),1,4,27.0,1,1,0,0,1,0,0,1,3,33.68,High-Demand Specialist,4.97,1,1,1,2,3.0,1,0,3,63.5,3,0.5055242032986139,-0.012679087610451554,0.10864450453601338,Emerging Full-Stack & Entry Developers
CP-3718,4.1,B.Tech/B.E,Tier 2 (Top State/Private),Data Analytics & BI,Tier 1 Tech Hub (Bengaluru/NCR/Hyd),2,6,383.0,2,1,0,0,1,1,1,1,5,34.33,High-Demand Specialist,16.77,2,2,1,2,3.0,1,0,5,84.0,0,4.871844963249179,3.0797869165213996,1.3081600869301517,Core Systems & Algorithmic Backend Specialists
CP-3719,0.1,B.Tech/B.E,Tier 3 (Affiliated Colleges),Full Stack Web,Tier 1 Tech Hub (Bengaluru/NCR/Hyd),3,4,60.0,0,0,1,1,0,0,0,0,2,11.79,Junior Associate,8.8,0,1,1,1,3.0,1,0,2,37.0,2,-1.6752872025201715,1.1768543020830464,-1.5275003975244292,Cloud & DevOps Infrastructure Architects
CP-3720,5.0,M.Tech/M.S,Tier 3 (Affiliated Colleges),Full Stack Web,Tier 1 Tech Hub (Bengaluru/NCR/Hyd),0,3,0.0,1,1,1,0,0,1,0,0,3,20.63,Job-Ready Mid-Level,2.1,1,2,0,1,4.0,1,0,3,57.7,1,-0.20924896037750915,-1.2642494239964737,1.4132140623643736,Applied AI/ML & Data Science Specialists
CP-3721,3.4,M.Tech/M.S,Tier 2 (Top State/Private),Backend Systems,Tier 1 Tech Hub (Bengaluru/NCR/Hyd),2,6,11.0,1,1,0,0,0,0,0,0,1,21.11,Job-Ready Mid-Level,7.48,0,1,0,2,4.0,1,0,1,54.5,2,-2.023166024196441,2.1575890910410296,-0.17721857512272807,Cloud & DevOps Infrastructure Architects
CP-3722,3.3,B.Tech/B.E,Tier 3 (Affiliated Colleges),Data Analytics & BI,Tier 2 City,1,8,7.0,0,1,0,0,0,0,0,1,2,14.16,Junior Associate,7.28,0,1,1,1,3.0,0,0,2,50.5,2,-1.2123124375981498,1.0366611947903865,-1.3229756129601138,Cloud & DevOps Infrastructure Architects
CP-3723,1.3,B.Tech/B.E,Tier 3 (Affiliated Colleges),Backend Systems,Tier 2 City,2,7,3.0,2,0,1,0,1,0,0,0,2,10.03,Junior Associate,7.98,1,1,0,1,3.0,0,0,2,41.7,2,-1.3334676063036477,1.2937072423642983,1.5541877328967257,Cloud & DevOps Infrastructure Architects
CP-3724,1.1,B.Tech/B.E,Tier 1 (IIT/NIT/BITS),Full Stack Web,Tier 2 City,1,8,45.0,0,1,1,1,0,1,1,0,5,17.6,Job-Ready Mid-Level,8.22,1,3,1,3,3.0,0,0,5,61.9,3,2.9677528050660045,0.0015417436605175622,-0.3123654049890045,Emerging Full-Stack & Entry Developers
CP-3725,0.8,BCA/B.Sc CS,Tier 3 (Affiliated Colleges),Data Science & AI/ML,Tier 2 City,1,4,154.0,2,1,0,0,1,0,0,0,2,9.72,Junior Associate,8.15,1,1,0,1,2.0,0,0,2,36.3,2,-1.8241349131653801,0.7155143712242389,1.6566330628273163,Cloud & DevOps Infrastructure Architects
CP-3726,0.1,B.Tech/B.E,Tier 3 (Affiliated Colleges),Full Stack Web,Tier 1 Tech Hub (Bengaluru/NCR/Hyd),0,5,45.0,1,1,1,0,1,1,0,1,5,15.24,Job-Ready Mid-Level,4.62,2,2,1,1,3.0,1,0,5,42.6,3,1.614631659946102,-2.335054240848663,1.5800719600480198,Emerging Full-Stack & Entry Developers
CP-3727,0.6,Non-CS Degree,Tier 2 (Top State/Private),Data Analytics & BI,Tier 1 Tech Hub (Bengaluru/NCR/Hyd),0,1,48.0,1,1,1,1,1,1,0,0,5,13.03,Junior Associate,1.9,2,2,1,2,1.0,1,0,5,38.5,3,0.9738465132640295,-3.469231376560531,1.545896129940597,Emerging Full-Stack & Entry Developers
CP-3728,0.6,M.Tech/M.S,Tier 2 (Top State/Private),Data Science & AI/ML,Tier 2 City,1,5,217.0,2,0,0,0,0,0,0,0,0,10.1,Junior Associate,10.42,0,0,0,2,4.0,0,0,0,41.2,2,-3.6161915228700274,2.693886939117015,0.36778992077007694,Cloud & DevOps Infrastructure Architects
CP-3729,1.5,B.Tech/B.E,Tier 1 (IIT/NIT/BITS),Data Science & AI/ML,Tier 1 Tech Hub (Bengaluru/NCR/Hyd),3,6,66.0,3,1,0,1,1,0,1,0,4,24.78,High-Demand Specialist,10.35,1,2,1,3,3.0,1,0,4,63.3,0,2.2434570348237908,1.5499750213607588,-0.37415334742877043,Core Systems & Algorithmic Backend Specialists
CP-3730,3.0,BCA/B.Sc CS,Tier 1 (IIT/NIT/BITS),Data Science & AI/ML,Tier 1 Tech Hub (Bengaluru/NCR/Hyd),1,4,140.0,3,0,1,0,0,1,0,1,3,27.56,High-Demand Specialist,7.8,1,1,1,3,2.0,1,0,3,59.2,2,0.3898818893552971,0.39097673161591945,0.09138443988268462,Cloud & DevOps Infrastructure Architects
CP-3731,1.4,MCA,Tier 3 (Affiliated Colleges),Full Stack Web,Tier 1 Tech Hub (Bengaluru/NCR/Hyd),0,1,60.0,1,1,0,1,1,0,0,0,3,12.16,Junior Associate,2.2,1,1,1,1,2.5,1,0,3,35.1,2,-1.443266231648108,-2.3071206819632053,0.28554708636838183,Cloud & DevOps Infrastructure Architects
CP-3732,0.1,BCA/B.Sc CS,Tier 2 (Top State/Private),Data Analytics & BI,Tier 1 Tech Hub (Bengaluru/NCR/Hyd),2,5,34.0,0,1,1,0,0,0,0,0,2,11.35,Junior Associate,7.35,0,2,0,2,2.0,1,0,2,35.7,1,-1.9111862421292,0.8741205322770005,-0.44426289315952844,Applied AI/ML & Data Science Specialists
CP-3733,7.0,B.Tech/B.E,Tier 3 (Affiliated Colleges),Data Science & AI/ML,Tier 2 City,2,3,25.0,2,0,1,1,1,0,0,0,3,23.03,Job-Ready Mid-Level,5.72,1,1,1,1,3.0,0,0,3,60.6,2,0.47521888104867216,0.2110951383986697,0.26105792688481017,Cloud & DevOps Infrastructure Architects
CP-3734,6.3,B.Tech/B.E,Tier 3 (Affiliated Colleges),Cloud & DevOps,Remote Global,0,2,18.0,1,1,1,0,0,1,1,0,4,29.6,High-Demand Specialist,1.85,1,3,0,1,3.0,0,1,4,58.3,1,0.9793871689280788,-1.9640224262927688,1.6020394198462613,Applied AI/ML & Data Science Specialists
CP-3735,3.4,MCA,Tier 3 (Affiliated Colleges),Backend Systems,Remote Global,0,3,246.0,0,1,0,0,1,0,1,1,4,29.99,High-Demand Specialist,8.25,1,2,1,1,2.5,0,1,4,59.4,3,1.42871698344726,-0.3643863810393632,0.4281466793718725,Emerging Full-Stack & Entry Developers
CP-3736,9.5,BCA/B.Sc CS,Tier 3 (Affiliated Colleges),Data Science & AI/ML,Tier 1 Tech Hub (Bengaluru/NCR/Hyd),0,1,15.0,2,1,1,1,1,1,0,0,5,33.72,High-Demand Specialist,1.08,2,2,1,1,2.0,1,0,5,58.0,3,2.1865296970239823,-2.8224910064367306,1.5743153205128888,Emerging Full-Stack & Entry Developers
CP-3737,1.7,BCA/B.Sc CS,Tier 1 (IIT/NIT/BITS),Cloud & DevOps,Tier 1 Tech Hub (Bengaluru/NCR/Hyd),2,6,74.0,1,1,1,0,0,1,0,0,3,20.3,Job-Ready Mid-Level,9.05,1,2,0,3,2.0,1,0,3,54.8,0,0.3841757062815716,1.4386291925691315,1.0669515443835977,Core Systems & Algorithmic Backend Specialists
CP-3738,7.2,MCA,Tier 2 (Top State/Private),Backend Systems,Tier 2 City,2,6,136.0,1,1,1,1,1,1,0,0,5,28.29,High-Demand Specialist,10.6,2,2,1,2,2.5,0,0,5,79.6,0,4.1605229288630845,1.395365467768043,1.4537278864913816,Core Systems & Algorithmic Backend Specialists
CP-3739,0.2,MCA,Tier 3 (Affiliated Colleges),Backend Systems,Tier 1 Tech Hub (Bengaluru/NCR/Hyd),0,3,20.0,1,1,1,0,1,0,0,0,3,7.88,Entry-Level Learner,2.6,1,2,0,1,2.5,1,0,3,29.8,1,-1.5312873385835952,-1.9714396151402054,1.3632094187721147,Applied AI/ML & Data Science Specialists
CP-3740,1.0,MCA,Tier 1 (IIT/NIT/BITS),Data Science & AI/ML,Tier 1 Tech Hub (Bengaluru/NCR/Hyd),0,3,133.0,3,1,1,0,1,1,0,1,5,21.79,Job-Ready Mid-Level,5.42,2,2,1,3,2.5,1,0,5,55.2,3,2.2629701872866184,-1.8957163350526005,1.5323778349673427,Emerging Full-Stack & Entry Developers
CP-3741,0.6,B.Tech/B.E,Tier 1 (IIT/NIT/BITS),Data Science & AI/ML,Remote Global,2,6,34.0,0,1,0,1,0,1,0,0,3,19.57,Job-Ready Mid-Level,8.05,1,1,1,3,3.0,0,1,3,50.8,2,0.037794856732418156,0.735093990353028,0.46063660333657686,Cloud & DevOps Infrastructure Architects
CP-3742,0.5,B.Tech/B.E,Tier 3 (Affiliated Colleges),Data Science & AI/ML,Tier 2 City,3,5,125.0,0,1,1,0,1,1,0,0,4,11.7,Junior Associate,11.12,2,2,0,1,3.0,0,0,4,51.2,0,1.6258558253153275,1.3763814713247662,2.8776283299161323,Core Systems & Algorithmic Backend Specialists
CP-3743,0.3,M.Tech/M.S,Tier 3 (Affiliated Colleges),Cloud & DevOps,Remote Global,2,3,240.0,1,1,1,0,0,0,0,0,2,14.87,Junior Associate,11.1,0,2,0,1,4.0,0,1,2,45.0,1,-1.1114368785120101,1.910847470181983,0.16772927035555368,Applied AI/ML & Data Science Specialists
CP-3744,2.1,M.Tech/M.S,Tier 2 (Top State/Private),Data Analytics & BI,Tier 1 Tech Hub (Bengaluru/NCR/Hyd),1,2,60.0,2,1,1,1,0,0,0,0,3,16.78,Job-Ready Mid-Level,4.4,0,2,1,2,4.0,1,0,3,51.2,1,-0.31719203536808915,-0.8286528138436978,-1.5981193244920417,Applied AI/ML & Data Science Specialists
CP-3745,3.3,BCA/B.Sc CS,Tier 3 (Affiliated Colleges),Cloud & DevOps,Tier 1 Tech Hub (Bengaluru/NCR/Hyd),0,2,51.0,1,1,1,0,1,0,1,1,5,23.05,Job-Ready Mid-Level,2.68,1,3,1,1,2.0,1,0,5,52.2,3,1.787030437422165,-2.781867409821202,-0.2552572906472815,Emerging Full-Stack & Entry Developers
CP-3746,1.9,B.Tech/B.E,Tier 3 (Affiliated Colleges),Full Stack Web,Tier 2 City,1,3,45.0,1,1,0,1,1,0,0,0,3,12.43,Junior Associate,4.72,1,1,1,1,3.0,0,0,3,43.4,2,-0.6871293388851053,-0.9214677548595241,0.355866354427115,Cloud & DevOps Infrastructure Architects
CP-3747,0.3,M.Tech/M.S,Tier 2 (Top State/Private),Data Science & AI/ML,Tier 1 Tech Hub (Bengaluru/NCR/Hyd),0,4,2.0,0,1,0,0,0,0,0,0,1,9.1,Junior Associate,2.85,0,1,0,2,4.0,1,0,1,31.2,2,-3.755175940433296,-0.5956375503862869,0.05108273224043787,Cloud & DevOps Infrastructure Architects
CP-3748,3.7,M.Tech/M.S,Tier 1 (IIT/NIT/BITS),Cloud & DevOps,Tier 2 City,2,8,0.0,1,1,1,1,1,0,0,1,5,24.71,High-Demand Specialist,8.6,1,2,2,3,4.0,0,0,5,78.7,3,3.879832457211033,0.5726164950879242,-1.4822978587826647,Emerging Full-Stack & Entry Developers
CP-3749,2.2,B.Tech/B.E,Tier 3 (Affiliated Colleges),Full Stack Web,Tier 1 Tech Hub (Bengaluru/NCR/Hyd),1,3,381.0,0,0,0,1,0,0,0,1,2,22.67,Job-Ready Mid-Level,13.12,0,0,2,1,3.0,1,0,2,54.7,2,-0.7040223397039851,2.086456301175903,-2.492682097827164,Cloud & DevOps Infrastructure Architects
CP-3750,1.1,B.Tech/B.E,Tier 2 (Top State/Private),Data Analytics & BI,Tier 2 City,2,7,42.0,1,1,1,0,0,0,0,1,3,13.98,Junior Associate,8.95,0,2,1,2,3.0,0,0,3,50.6,1,0.17744001824701183,1.0597165661623744,-1.627999325358281,Applied AI/ML & Data Science Specialists
CP-3751,2.5,B.Tech/B.E,Tier 1 (IIT/NIT/BITS),Full Stack Web,Tier 2 City,1,1,0.0,1,1,0,0,1,1,0,0,3,15.01,Job-Ready Mid-Level,2.2,2,1,0,3,3.0,0,0,3,50.5,2,-0.5676282144574257,-1.4826228400882804,3.2985888525930207,Cloud & DevOps Infrastructure Architects
CP-3752,0.7,B.Tech/B.E,Tier 2 (Top State/Private),Full Stack Web,Tier 1 Tech Hub (Bengaluru/NCR/Hyd),2,4,33.0,2,1,0,1,0,1,1,0,4,17.89,Job-Ready Mid-Level,6.62,1,2,1,2,3.0,1,0,4,48.9,3,1.044356786488655,-0.44769460681641754,-0.16727616413349436,Emerging Full-Stack & Entry Developers
CP-3753,0.9,B.Tech/B.E,Tier 3 (Affiliated Colleges),Full Stack Web,Tier 1 Tech Hub (Bengaluru/NCR/Hyd),0,5,54.0,0,0,1,0,0,0,1,0,2,13.9,Junior Associate,4.85,0,2,0,1,3.0,1,0,2,34.5,1,-2.206283517411726,-0.43488998260425177,-0.241801375106428,Applied AI/ML & Data Science Specialists
CP-3754,5.5,B.Tech/B.E,Tier 2 (Top State/Private),Data Science & AI/ML,Tier 2 City,1,5,19.0,0,1,1,0,0,0,1,0,3,20.62,Job-Ready Mid-Level,5.48,0,3,0,2,3.0,0,0,3,64.3,1,0.49390539499864833,0.4467664185991539,-0.4563844266034712,Applied AI/ML & Data Science Specialists
CP-3755,0.8,B.Tech/B.E,Tier 2 (Top State/Private),Data Science & AI/ML,Tier 2 City,1,3,69.0,0,0,0,1,0,1,0,0,2,10.35,Junior Associate,5.32,1,0,1,2,3.0,0,0,2,38.9,2,-2.053496227902638,-0.41678484985053765,0.6196954285062604,Cloud & DevOps Infrastructure Architects
CP-3756,1.4,BCA/B.Sc CS,Tier 2 (Top State/Private),Data Science & AI/ML,Tier 1 Tech Hub (Bengaluru/NCR/Hyd),0,2,14.0,0,1,1,0,1,0,0,0,3,12.46,Junior Associate,1.75,1,2,0,2,2.0,1,0,3,37.0,1,-1.3507811784782247,-2.062861187102463,1.3264559684729549,Applied AI/ML & Data Science Specialists
CP-3757,4.9,BCA/B.Sc CS,Tier 3 (Affiliated Colleges),Full Stack Web,Remote Global,3,7,23.0,0,1,1,0,0,1,0,0,3,28.66,High-Demand Specialist,9.98,1,2,0,1,2.0,0,1,3,64.0,0,0.9458302150349241,2.280962971967667,1.4697562322469473,Core Systems & Algorithmic Backend Specialists
CP-3758,2.7,MCA,Tier 2 (Top State/Private),Data Science & AI/ML,Tier 1 Tech Hub (Bengaluru/NCR/Hyd),1,1,150.0,2,1,1,0,0,0,1,0,3,20.16,Job-Ready Mid-Level,5.95,0,3,0,2,2.5,1,0,3,52.1,1,-0.15867023157270826,-0.22614267377927272,-0.5325888634668791,Applied AI/ML & Data Science Specialists
CP-3759,0.1,B.Tech/B.E,Tier 2 (Top State/Private),Data Science & AI/ML,Tier 1 Tech Hub (Bengaluru/NCR/Hyd),1,4,210.0,0,0,1,0,1,1,0,0,3,17.67,Job-Ready Mid-Level,9.55,2,1,0,2,3.0,1,0,3,46.6,0,-0.02134163217202674,0.745394609126997,3.082814980912885,Core Systems & Algorithmic Backend Specialists
CP-3760,0.4,B.Tech/B.E,Tier 3 (Affiliated Colleges),Data Analytics & BI,Tier 1 Tech Hub (Bengaluru/NCR/Hyd),2,8,38.0,2,0,0,1,0,0,1,1,3,16.52,Job-Ready Mid-Level,9.55,0,1,2,1,3.0,1,0,3,44.0,2,-0.015848266996010295,0.8864465780012553,-2.918998946670282,Cloud & DevOps Infrastructure Architects
CP-3761,0.0,MCA,Tier 1 (IIT/NIT/BITS),Full Stack Web,Remote Global,2,4,250.0,0,1,1,0,0,0,0,0,2,18.24,Job-Ready Mid-Level,12.05,0,2,0,3,2.5,0,1,2,48.7,0,-0.9220556610642733,2.444276442268579,0.014639337055993807,Core Systems & Algorithmic Backend Specialists
CP-3762,2.2,B.Tech/B.E,Tier 3 (Affiliated Colleges),Cloud & DevOps,Tier 1 Tech Hub (Bengaluru/NCR/Hyd),1,4,13.0,2,1,0,0,1,0,0,1,3,17.94,Job-Ready Mid-Level,4.62,1,1,1,1,3.0,1,0,3,44.7,2,-0.5669903346818762,-0.9077396192811424,0.17399346027113932,Cloud & DevOps Infrastructure Architects
CP-3763,1.3,Non-CS Degree,Tier 3 (Affiliated Colleges),Data Analytics & BI,Tier 1 Tech Hub (Bengaluru/NCR/Hyd),2,3,136.0,0,1,1,1,1,1,0,0,5,20.07,Job-Ready Mid-Level,8.5,2,2,1,1,1.0,1,0,5,48.8,3,2.18558423641475,-0.5766909017891368,1.369976154080714,Emerging Full-Stack & Entry Developers
CP-3764,0.3,MCA,Tier 3 (Affiliated Colleges),Cloud & DevOps,Tier 2 City,0,1,0.0,2,1,1,1,0,0,0,0,3,6.15,Entry-Level Learner,0.7,0,2,1,1,2.5,0,0,3,27.1,1,-1.9508262559548086,-2.9966041202528233,-1.3216270710208091,Applied AI/ML & Data Science Specialists
CP-3765,7.0,B.Tech/B.E,Tier 2 (Top State/Private),Backend Systems,Tier 1 Tech Hub (Bengaluru/NCR/Hyd),0,3,224.0,1,1,0,0,1,0,0,0,2,29.26,High-Demand Specialist,7.7,1,1,0,2,3.0,1,0,2,63.9,0,-0.5082267396704191,1.2800750709054647,1.5320797726488509,Core Systems & Algorithmic Backend Specialists
CP-3766,1.7,Non-CS Degree,Tier 3 (Affiliated Colleges),Data Science & AI/ML,Tier 1 Tech Hub (Bengaluru/NCR/Hyd),1,4,254.0,0,1,1,1,0,0,1,1,5,21.09,Job-Ready Mid-Level,10.65,0,3,2,1,1.0,1,0,5,54.4,3,2.5275050538546573,-0.14019189374479218,-3.3425163361431203,Emerging Full-Stack & Entry Developers
CP-3767,0.6,B.Tech/B.E,Tier 3 (Affiliated Colleges),Data Analytics & BI,Tier 1 Tech Hub (Bengaluru/NCR/Hyd),1,6,113.0,1,0,1,1,0,0,1,1,4,19.47,Job-Ready Mid-Level,8.52,0,2,2,1,3.0,1,0,4,47.4,3,1.0685623480628914,-0.31177931077594195,-3.045694805274816,Emerging Full-Stack & Entry Developers
CP-3768,1.5,B.Tech/B.E,Tier 3 (Affiliated Colleges),Backend Systems,Tier 2 City,1,4,216.0,2,1,1,0,0,0,0,1,3,14.85,Junior Associate,9.7,0,2,1,1,3.0,0,0,3,49.7,1,0.0657023233204902,0.6968902397106005,-1.4557900907893586,Applied AI/ML & Data Science Specialists
CP-3769,2.5,BCA/B.Sc CS,Tier 2 (Top State/Private),Backend Systems,Tier 1 Tech Hub (Bengaluru/NCR/Hyd),0,4,38.0,1,1,1,1,0,0,0,0,3,14.8,Junior Associate,3.75,0,2,1,2,2.0,1,0,3,45.8,1,-0.7516956449797788,-1.1629957166539604,-1.664169687206758,Applied AI/ML & Data Science Specialists
CP-3770,0.2,B.Tech/B.E,Tier 3 (Affiliated Colleges),Data Science & AI/ML,Remote Global,1,4,47.0,0,1,0,0,0,0,0,0,1,8.93,Entry-Level Learner,5.48,0,1,0,1,3.0,0,1,1,27.8,2,-3.6930693559692185,0.23044285409703485,0.4326590577404368,Cloud & DevOps Infrastructure Architects
CP-3771,0.7,Non-CS Degree,Tier 2 (Top State/Private),Full Stack Web,Remote Global,2,6,152.0,1,0,1,1,1,0,1,0,4,22.31,Job-Ready Mid-Level,11.0,1,2,1,2,1.0,0,1,4,50.0,0,1.4592428046464128,0.9824807806043901,0.12060741700985947,Core Systems & Algorithmic Backend Specialists
CP-3772,3.6,B.Tech/B.E,Tier 2 (Top State/Private),Data Science & AI/ML,Tier 2 City,1,5,58.0,2,1,0,0,0,0,0,0,1,13.02,Junior Associate,6.45,0,1,0,2,3.0,0,0,1,50.6,2,-2.4115789752941783,1.3936067900898461,0.05761153075908553,Cloud & DevOps Infrastructure Architects
CP-3773,1.4,B.Tech/B.E,Tier 2 (Top State/Private),Cloud & DevOps,Tier 2 City,3,7,0.0,3,1,0,1,1,0,1,1,5,17.37,Job-Ready Mid-Level,9.4,1,2,2,2,3.0,0,0,5,61.2,3,3.192635325439486,0.3820898643208942,-1.5190291803429166,Emerging Full-Stack & Entry Developers
CP-3774,1.7,BCA/B.Sc CS,Tier 3 (Affiliated Colleges),Data Analytics & BI,Tier 1 Tech Hub (Bengaluru/NCR/Hyd),2,6,42.0,1,1,1,1,0,0,0,0,3,15.63,Job-Ready Mid-Level,8.25,0,2,1,1,2.0,1,0,3,45.2,1,-0.20302198468291144,0.7707641198699738,-1.820094659916885,Applied AI/ML & Data Science Specialists
CP-3775,1.2,BCA/B.Sc CS,Tier 2 (Top State/Private),Full Stack Web,Tier 1 Tech Hub (Bengaluru/NCR/Hyd),0,2,145.0,0,0,1,0,0,1,0,0,2,12.09,Junior Associate,5.03,1,1,0,2,2.0,1,0,2,37.3,2,-2.228238534645531,-0.6423770121131681,1.6077979154321713,Cloud & DevOps Infrastructure Architects
CP-3776,0.1,B.Tech/B.E,Tier 2 (Top State/Private),Full Stack Web,Tier 2 City,0,2,24.0,1,1,1,0,1,0,0,0,3,8.6,Entry-Level Learner,2.0,1,2,0,2,3.0,0,0,3,34.0,1,-1.3991205950269738,-2.1513400909697986,1.558477047416963,Applied AI/ML & Data Science Specialists
CP-3777,0.4,B.Tech/B.E,Tier 3 (Affiliated Colleges),Cloud & DevOps,Remote Global,0,4,137.0,3,1,0,0,0,1,0,0,2,9.96,Junior Associate,6.22,1,1,0,1,3.0,0,1,2,34.2,2,-2.114126633020945,-0.2384755549345861,2.086031609116148,Cloud & DevOps Infrastructure Architects
CP-3778,1.3,MCA,Tier 2 (Top State/Private),Full Stack Web,Tier 1 Tech Hub (Bengaluru/NCR/Hyd),2,2,109.0,1,1,0,0,1,1,0,0,3,18.19,Job-Ready Mid-Level,7.12,2,1,0,2,2.5,1,0,3,47.0,2,-0.23525578287925616,0.18021449858585173,3.037004366574368,Cloud & DevOps Infrastructure Architects
CP-3779,0.5,B.Tech/B.E,Tier 3 (Affiliated Colleges),Data Analytics & BI,Tier 1 Tech Hub (Bengaluru/NCR/Hyd),0,6,23.0,0,1,1,0,0,0,0,0,2,8.06,Entry-Level Learner,4.77,0,2,0,1,3.0,1,0,2,32.3,1,-2.343137641793656,-0.3616359972936421,-0.26008652751187056,Applied AI/ML & Data Science Specialists
CP-3780,0.1,MCA,Tier 2 (Top State/Private),Data Analytics & BI,Tier 1 Tech Hub (Bengaluru/NCR/Hyd),0,5,34.0,1,0,1,1,0,1,0,0,3,12.45,Junior Associate,4.35,1,1,1,2,2.5,1,0,3,36.4,2,-1.0581289531620028,-1.346424136930235,0.19603328761488603,Cloud & DevOps Infrastructure Architects
CP-3781,4.1,BCA/B.Sc CS,Tier 2 (Top State/Private),Data Science & AI/ML,Tier 1 Tech Hub (Bengaluru/NCR/Hyd),2,5,356.0,0,0,1,0,0,1,0,0,2,26.24,High-Demand Specialist,15.4,1,1,0,2,2.0,1,0,2,68.4,0,0.36949067217621095,4.109611796205513,1.3405510640222071,Core Systems & Algorithmic Backend Specialists
CP-3782,8.7,M.Tech/M.S,Tier 3 (Affiliated Colleges),Cloud & DevOps,Tier 1 Tech Hub (Bengaluru/NCR/Hyd),1,3,247.0,3,1,1,0,0,1,0,0,3,34.95,High-Demand Specialist,9.77,1,2,0,1,4.0,1,0,3,70.4,0,1.405454514476532,1.7737797510865732,1.3200559500781188,Core Systems & Algorithmic Backend Specialists
CP-3783,3.5,M.Tech/M.S,Tier 3 (Affiliated Colleges),Data Science & AI/ML,Tier 1 Tech Hub (Bengaluru/NCR/Hyd),0,4,68.0,2,1,1,1,1,0,0,1,5,23.14,Job-Ready Mid-Level,4.5,1,2,2,1,4.0,1,0,5,62.5,3,2.5374917861572053,-1.9741760404664468,-1.344722626453048,Emerging Full-Stack & Entry Developers
CP-3784,4.2,B.Tech/B.E,Tier 2 (Top State/Private),Cloud & DevOps,Tier 1 Tech Hub (Bengaluru/NCR/Hyd),0,3,57.0,0,1,0,0,1,0,0,1,3,22.94,Job-Ready Mid-Level,3.52,1,1,1,2,3.0,1,0,3,57.1,2,-0.23824924444610704,-1.1455354185898197,0.21658851504932738,Cloud & DevOps Infrastructure Architects
CP-3785,0.6,BCA/B.Sc CS,Tier 3 (Affiliated Colleges),Backend Systems,Tier 1 Tech Hub (Bengaluru/NCR/Hyd),2,7,15.0,2,0,1,0,1,0,0,0,2,14.11,Junior Associate,8.27,1,1,0,1,2.0,1,0,2,35.5,2,-1.6409589068277022,1.2305874241038492,1.3397647274211075,Cloud & DevOps Infrastructure Architects
CP-3786,7.1,MCA,Tier 1 (IIT/NIT/BITS),Backend Systems,Tier 1 Tech Hub (Bengaluru/NCR/Hyd),2,4,0.0,2,1,1,1,1,0,1,0,5,37.53,High-Demand Specialist,5.8,1,3,1,3,2.5,1,0,5,75.8,3,3.56776837894942,-0.20902709656070267,-0.544620195226415,Emerging Full-Stack & Entry Developers
CP-3787,0.5,B.Tech/B.E,Tier 2 (Top State/Private),Full Stack Web,Tier 2 City,0,3,60.0,0,1,0,1,0,0,1,0,3,8.88,Entry-Level Learner,3.6,0,2,1,2,3.0,0,0,3,38.7,1,-1.1103496675935796,-1.5937493183972842,-1.408173763790431,Applied AI/ML & Data Science Specialists
CP-3788,6.7,Non-CS Degree,Tier 2 (Top State/Private),Full Stack Web,Remote Global,1,6,337.0,1,1,0,1,0,0,1,1,4,39.71,High-Demand Specialist,14.12,0,2,2,2,1.0,0,1,4,76.7,0,2.8946027475159095,2.388252485755777,-2.7662259012884016,Core Systems & Algorithmic Backend Specialists
CP-3789,9.5,B.Tech/B.E,Tier 1 (IIT/NIT/BITS),Data Science & AI/ML,Remote Global,2,5,338.0,0,1,1,0,0,0,0,1,3,50.07,High-Demand Specialist,14.95,0,2,1,3,3.0,0,1,3,84.3,0,2.4508722348350114,3.8871318812854248,-1.391080024796333,Core Systems & Algorithmic Backend Specialists
CP-3790,2.7,B.Tech/B.E,Tier 2 (Top State/Private),Full Stack Web,Tier 1 Tech Hub (Bengaluru/NCR/Hyd),2,8,131.0,0,0,0,0,0,1,0,0,1,20.86,Job-Ready Mid-Level,11.88,1,0,0,2,3.0,1,0,1,55.2,2,-1.5956501579690565,3.5309168484474927,1.5709162767233318,Cloud & DevOps Infrastructure Architects
CP-3791,8.7,B.Tech/B.E,Tier 2 (Top State/Private),Data Science & AI/ML,Tier 1 Tech Hub (Bengaluru/NCR/Hyd),2,4,62.0,1,0,1,0,1,1,0,0,3,35.47,High-Demand Specialist,7.35,2,1,0,2,3.0,1,0,3,67.5,0,1.111701186869678,1.2609091572175375,2.9710615661236193,Core Systems & Algorithmic Backend Specialists
CP-3792,1.9,Non-CS Degree,Tier 1 (IIT/NIT/BITS),Full Stack Web,Remote Global,1,5,9.0,0,1,0,0,0,0,1,0,2,20.63,Job-Ready Mid-Level,5.22,0,2,0,3,1.0,0,1,2,42.2,1,-1.8873775623098143,0.20710326724890435,-0.013122280150999165,Applied AI/ML & Data Science Specialists
CP-3793,0.7,B.Tech/B.E,Tier 2 (Top State/Private),Data Science & AI/ML,Tier 2 City,2,5,61.0,2,1,0,1,0,0,0,0,2,13.33,Junior Associate,8.02,0,1,1,2,3.0,0,0,2,42.9,2,-1.4673355446150729,1.046550556127492,-1.3512577236461627,Cloud & DevOps Infrastructure Architects
CP-3794,1.3,MCA,Tier 2 (Top State/Private),Full Stack Web,Tier 1 Tech Hub (Bengaluru/NCR/Hyd),0,5,131.0,2,1,0,0,0,0,0,0,1,12.18,Junior Associate,6.78,0,1,0,2,2.5,1,0,1,38.1,2,-3.0599193267946196,0.8810203220178592,-0.05568656679666895,Cloud & DevOps Infrastructure Architects
CP-3795,2.0,MCA,Tier 2 (Top State/Private),Data Science & AI/ML,Tier 1 Tech Hub (Bengaluru/NCR/Hyd),0,2,60.0,0,1,1,0,0,0,0,1,3,15.43,Job-Ready Mid-Level,2.9,0,2,1,2,2.5,1,0,3,43.5,1,-1.0217848938111636,-1.8272343644147397,-1.557074568433406,Applied AI/ML & Data Science Specialists
CP-3796,0.2,B.Tech/B.E,Tier 3 (Affiliated Colleges),Backend Systems,Tier 1 Tech Hub (Bengaluru/NCR/Hyd),1,2,140.0,0,1,1,0,0,0,1,0,3,13.38,Junior Associate,6.4,0,3,0,1,3.0,1,0,3,37.7,1,-0.8191453924517905,-0.47575262568522514,-0.4812764801184997,Applied AI/ML & Data Science Specialists
CP-3797,2.1,B.Tech/B.E,Tier 3 (Affiliated Colleges),Data Analytics & BI,Tier 1 Tech Hub (Bengaluru/NCR/Hyd),1,3,150.0,0,1,1,0,0,0,0,0,2,13.85,Junior Associate,7.35,0,2,0,1,3.0,1,0,2,44.6,1,-1.5749328955476818,0.7021021567999393,-0.2713627021452184,Applied AI/ML & Data Science Specialists
CP-3798,8.7,M.Tech/M.S,Tier 2 (Top State/Private),Full Stack Web,Tier 1 Tech Hub (Bengaluru/NCR/Hyd),2,4,151.0,2,1,1,0,0,0,0,0,2,36.03,High-Demand Specialist,9.57,0,2,0,2,4.0,1,0,2,70.1,0,0.2661021850948228,2.691868835625239,-0.3975396856086725,Core Systems & Algorithmic Backend Specialists
CP-3799,0.5,B.Tech/B.E,Tier 3 (Affiliated Colleges),Data Science & AI/ML,Remote Global,0,5,60.0,1,1,1,1,0,1,0,1,5,16.9,Job-Ready Mid-Level,5.0,1,2,2,1,3.0,0,1,5,45.2,3,1.6617709147621837,-2.372989495050649,-0.887070111858706,Emerging Full-Stack & Entry Developers
CP-3800,3.5,M.Tech/M.S,Tier 3 (Affiliated Colleges),Full Stack Web,Tier 1 Tech Hub (Bengaluru/NCR/Hyd),2,3,150.0,1,1,1,1,0,1,0,1,5,29.65,High-Demand Specialist,8.85,1,2,2,1,4.0,1,0,5,69.8,3,3.2843381957013507,-0.16048664495675866,-1.4282989455751203,Emerging Full-Stack & Entry Developers
CP-3801,5.2,B.Tech/B.E,Tier 2 (Top State/Private),Data Science & AI/ML,Tier 2 City,0,6,26.0,1,0,1,1,0,0,0,1,3,18.23,Job-Ready Mid-Level,4.85,0,1,2,2,3.0,0,0,3,63.3,3,0.25636590959977734,-0.5056046521741945,-2.6076052067321314,Emerging Full-Stack & Entry Developers
CP-3802,6.3,B.Tech/B.E,Tier 1 (IIT/NIT/BITS),Full Stack Web,Tier 2 City,1,4,60.0,0,1,0,0,1,0,0,0,2,22.85,Job-Ready Mid-Level,5.8,1,1,0,3,3.0,0,0,2,64.9,2,-0.6060391191495098,1.0439240025824088,1.5931108312935172,Cloud & DevOps Infrastructure Architects
CP-3803,7.1,M.Tech/M.S,Tier 3 (Affiliated Colleges),Data Analytics & BI,Tier 2 City,0,4,14.0,0,1,0,1,1,1,0,0,4,23.5,Job-Ready Mid-Level,3.15,2,1,1,1,4.0,0,0,4,63.6,3,1.4202362306220955,-1.3802049256804172,2.0001129235246777,Emerging Full-Stack & Entry Developers
CP-3804,1.6,B.Tech/B.E,Tier 2 (Top State/Private),Cloud & DevOps,Remote Global,1,8,74.0,0,1,1,0,0,1,0,1,4,22.91,Job-Ready Mid-Level,8.95,1,2,1,2,3.0,0,1,4,57.3,3,1.5914691771032308,0.4637257846400565,0.27852816833678223,Emerging Full-Stack & Entry Developers
CP-3805,8.3,B.Tech/B.E,Tier 3 (Affiliated Colleges),Cloud & DevOps,Remote Global,1,5,31.0,1,1,0,1,0,0,0,1,3,36.36,High-Demand Specialist,5.78,0,1,2,1,3.0,0,1,3,60.7,2,0.38232684189472765,0.014304924594078837,-2.348139975509772,Cloud & DevOps Infrastructure Architects
CP-3806,3.1,B.Tech/B.E,Tier 3 (Affiliated Colleges),Full Stack Web,Tier 1 Tech Hub (Bengaluru/NCR/Hyd),1,3,13.0,1,0,1,0,0,0,0,0,1,16.27,Job-Ready Mid-Level,3.92,0,1,0,1,3.0,1,0,1,39.7,2,-3.201661861958797,0.08078001991748217,-0.017930953995487827,Cloud & DevOps Infrastructure Architects
CP-3807,0.4,B.Tech/B.E,Tier 3 (Affiliated Colleges),Backend Systems,Remote Global,0,4,374.0,0,0,1,0,0,0,0,0,1,12.77,Junior Associate,12.15,0,1,0,1,3.0,0,1,1,40.0,2,-2.576468217076338,2.2171599277506435,0.4846643190301712,Cloud & DevOps Infrastructure Architects
CP-3808,1.4,B.Tech/B.E,Tier 3 (Affiliated Colleges),Backend Systems,Tier 2 City,1,5,65.0,0,1,1,0,1,1,0,0,4,12.14,Junior Associate,6.62,2,2,0,1,3.0,0,0,4,48.2,3,0.9714544095960016,-0.4689892151283967,3.014724434442419,Emerging Full-Stack & Entry Developers
CP-3809,2.8,M.Tech/M.S,Tier 2 (Top State/Private),Full Stack Web,Tier 1 Tech Hub (Bengaluru/NCR/Hyd),2,10,209.0,1,1,1,1,1,1,0,0,5,26.69,High-Demand Specialist,15.22,2,2,1,2,4.0,1,0,5,80.7,0,4.6826883727486495,3.0154457152404994,1.2388259567393336,Core Systems & Algorithmic Backend Specialists
CP-3810,0.6,B.Tech/B.E,Tier 1 (IIT/NIT/BITS),Full Stack Web,Tier 2 City,0,5,0.0,0,0,1,1,0,0,0,0,2,11.04,Junior Associate,3.5,0,1,1,3,3.0,0,0,2,39.0,2,-2.1969183543807937,-0.8984463076781488,-1.2312386787849878,Cloud & DevOps Infrastructure Architects
CP-3811,2.3,B.Tech/B.E,Tier 3 (Affiliated Colleges),Full Stack Web,Tier 2 City,0,2,28.0,0,1,1,1,0,0,0,0,3,10.12,Junior Associate,2.1,0,2,1,1,3.0,0,0,3,41.0,1,-1.1839506453236166,-2.045834957700731,-1.350544404486944,Applied AI/ML & Data Science Specialists
CP-3812,2.4,BCA/B.Sc CS,Tier 2 (Top State/Private),Data Science & AI/ML,Remote Global,0,1,31.0,0,1,1,1,0,0,0,0,3,14.36,Junior Associate,1.48,0,2,1,2,2.0,0,1,3,41.6,1,-1.2980360009599905,-2.322504751795594,-1.1187333279306457,Applied AI/ML & Data Science Specialists
CP-3813,0.4,B.Tech/B.E,Tier 3 (Affiliated Colleges),Cloud & DevOps,Tier 1 Tech Hub (Bengaluru/NCR/Hyd),3,9,63.0,0,0,0,0,0,1,1,0,2,16.67,Job-Ready Mid-Level,12.38,1,1,0,1,3.0,1,0,2,44.5,0,-0.7655744101587327,3.0828917236281415,1.2766085436317591,Core Systems & Algorithmic Backend Specialists
CP-3814,1.8,B.Tech/B.E,Tier 3 (Affiliated Colleges),Full Stack Web,Tier 1 Tech Hub (Bengaluru/NCR/Hyd),1,4,136.0,1,1,1,1,0,1,0,0,4,16.74,Job-Ready Mid-Level,7.7,1,2,1,1,3.0,1,0,4,52.0,3,1.1604432489636292,-0.2739266146849787,-0.06970739009661399,Emerging Full-Stack & Entry Developers
CP-3815,3.2,Non-CS Degree,Tier 3 (Affiliated Colleges),Data Science & AI/ML,Tier 1 Tech Hub (Bengaluru/NCR/Hyd),0,1,39.0,0,1,1,1,1,1,0,0,5,18.33,Job-Ready Mid-Level,1.67,2,2,1,1,1.0,1,0,5,46.9,3,1.319690439366912,-3.249999503730958,1.5562134858786598,Emerging Full-Stack & Entry Developers
CP-3816,1.5,M.Tech/M.S,Tier 2 (Top State/Private),Data Science & AI/ML,Tier 1 Tech Hub (Bengaluru/NCR/Hyd),2,5,117.0,2,1,1,0,1,0,1,0,4,23.37,Job-Ready Mid-Level,9.43,1,3,0,2,4.0,1,0,4,60.7,0,2.0164917073220407,1.0349615243417605,0.9141272299376223,Core Systems & Algorithmic Backend Specialists
CP-3817,0.0,BCA/B.Sc CS,Tier 2 (Top State/Private),Full Stack Web,Tier 1 Tech Hub (Bengaluru/NCR/Hyd),1,2,42.0,0,1,0,1,0,0,0,1,3,10.78,Junior Associate,3.95,0,1,2,2,2.0,1,0,3,33.7,2,-1.420336151898892,-1.796185114163834,-2.746342944065736,Cloud & DevOps Infrastructure Architects
CP-3818,0.0,BCA/B.Sc CS,Tier 2 (Top State/Private),Backend Systems,Tier 1 Tech Hub (Bengaluru/NCR/Hyd),0,4,34.0,1,1,1,1,0,0,1,0,4,11.39,Junior Associate,3.65,0,3,1,2,2.0,1,0,4,37.3,1,0.03363558586023206,-2.050094167647566,-1.8967253313072188,Applied AI/ML & Data Science Specialists
CP-3819,1.0,B.Tech/B.E,Tier 2 (Top State/Private),Cloud & DevOps,Tier 2 City,3,6,64.0,2,0,1,0,0,0,1,1,3,17.91,Job-Ready Mid-Level,10.3,0,2,1,2,3.0,0,0,3,52.4,0,0.5032044048905422,1.5666668361624407,-1.6751819927099305,Core Systems & Algorithmic Backend Specialists
CP-3820,5.7,BCA/B.Sc CS,Tier 3 (Affiliated Colleges),Cloud & DevOps,Tier 1 Tech Hub (Bengaluru/NCR/Hyd),1,3,115.0,0,1,1,0,0,0,0,1,3,24.77,High-Demand Specialist,6.48,0,2,1,1,2.0,1,0,3,58.7,1,0.1230799090808012,0.08390200813098515,-1.6748616386127144,Applied AI/ML & Data Science Specialists
CP-3821,0.6,B.Tech/B.E,Tier 3 (Affiliated Colleges),Full Stack Web,Tier 1 Tech Hub (Bengaluru/NCR/Hyd),1,5,144.0,0,1,1,0,0,0,0,0,2,11.38,Junior Associate,8.6,0,2,0,1,3.0,1,0,2,39.2,1,-1.659238166869502,1.0829938277044255,-0.31255371688195294,Applied AI/ML & Data Science Specialists
CP-3822,2.2,B.Tech/B.E,Tier 3 (Affiliated Colleges),Cloud & DevOps,Tier 1 Tech Hub (Bengaluru/NCR/Hyd),1,6,64.0,0,1,1,1,1,1,1,0,6,25.3,High-Demand Specialist,7.3,2,3,1,1,3.0,1,0,6,61.7,3,4.0221782291445045,-1.0508723492955,1.1753275454530379,Emerging Full-Stack & Entry Developers
CP-3823,0.6,B.Tech/B.E,Tier 2 (Top State/Private),Full Stack Web,Tier 1 Tech Hub (Bengaluru/NCR/Hyd),2,5,71.0,0,0,1,1,1,0,0,0,3,18.28,Job-Ready Mid-Level,8.28,1,1,1,2,3.0,1,0,3,47.0,2,-0.07164963581272056,0.6085907962238751,0.03159777505454384,Cloud & DevOps Infrastructure Architects
CP-3824,0.9,B.Tech/B.E,Tier 2 (Top State/Private),Cloud & DevOps,Tier 1 Tech Hub (Bengaluru/NCR/Hyd),0,2,106.0,1,1,1,0,0,0,1,1,4,16.32,Job-Ready Mid-Level,4.05,0,3,1,2,3.0,1,0,4,45.6,1,0.43158324499655365,-2.0267647960055655,-1.7871589944292239,Applied AI/ML & Data Science Specialists
CP-3825,4.1,B.Tech/B.E,Tier 3 (Affiliated Colleges),Data Science & AI/ML,Tier 1 Tech Hub (Bengaluru/NCR/Hyd),0,6,361.0,0,1,1,1,0,0,0,0,3,23.52,Job-Ready Mid-Level,13.22,0,2,1,1,3.0,1,0,3,68.6,0,1.211321476818363,2.4546356472533333,-1.6848996865848271,Core Systems & Algorithmic Backend Specialists
CP-3826,2.9,Non-CS Degree,Tier 2 (Top State/Private),Full Stack Web,Tier 1 Tech Hub (Bengaluru/NCR/Hyd),0,1,29.0,0,1,1,1,1,0,1,0,5,17.13,Job-Ready Mid-Level,1.42,1,3,1,2,1.0,1,0,5,49.2,3,1.433624501060962,-3.1806772900850335,-0.32315737190507554,Emerging Full-Stack & Entry Developers
CP-3827,0.2,B.Tech/B.E,Tier 2 (Top State/Private),Full Stack Web,Tier 1 Tech Hub (Bengaluru/NCR/Hyd),2,4,154.0,3,1,0,0,0,0,1,0,2,14.46,Junior Associate,9.65,0,2,0,2,3.0,1,0,2,43.1,1,-1.225883301004911,1.6340984728175318,-0.39753366578168836,Applied AI/ML & Data Science Specialists
CP-3828,1.2,B.Tech/B.E,Tier 3 (Affiliated Colleges),Full Stack Web,Tier 1 Tech Hub (Bengaluru/NCR/Hyd),1,7,68.0,1,0,1,0,0,0,0,0,1,11.87,Junior Associate,8.1,0,1,0,1,3.0,1,0,1,37.2,2,-2.8333310946642953,1.5915499689811003,-0.11575289413694549,Cloud & DevOps Infrastructure Architects
CP-3829,0.1,B.Tech/B.E,Tier 3 (Affiliated Colleges),Backend Systems,Tier 1 Tech Hub (Bengaluru/NCR/Hyd),1,4,32.0,0,1,1,0,1,1,0,0,4,12.48,Junior Associate,5.1,2,2,0,1,3.0,1,0,4,39.2,3,0.3873322934557835,-1.2701833139167449,2.8764471540749694,Emerging Full-Stack & Entry Developers
CP-3830,1.4,B.Tech/B.E,Tier 2 (Top State/Private),Data Science & AI/ML,Tier 1 Tech Hub (Bengaluru/NCR/Hyd),0,4,383.0,1,1,1,0,0,0,1,0,3,17.87,Job-Ready Mid-Level,12.38,0,3,0,2,3.0,1,0,3,57.8,0,0.6807011203438609,1.8442044568693259,-0.5300859229099771,Core Systems & Algorithmic Backend Specialists
CP-3831,2.4,M.Tech/M.S,Tier 3 (Affiliated Colleges),Full Stack Web,Tier 1 Tech Hub (Bengaluru/NCR/Hyd),1,2,142.0,0,1,1,1,1,1,0,0,5,22.59,Job-Ready Mid-Level,6.45,2,2,1,1,4.0,1,0,5,60.2,3,2.5920011491780213,-1.2008764945693808,1.5761487601209578,Emerging Full-Stack & Entry Developers
CP-3832,0.3,B.Tech/B.E,Tier 2 (Top State/Private),Full Stack Web,Tier 1 Tech Hub (Bengaluru/NCR/Hyd),2,7,220.0,0,1,1,0,0,0,1,0,3,17.42,Job-Ready Mid-Level,13.4,0,3,0,2,3.0,1,0,3,54.0,0,0.7832858282678099,2.79208262605179,-0.7328460351532547,Core Systems & Algorithmic Backend Specialists
CP-3833,0.8,B.Tech/B.E,Tier 3 (Affiliated Colleges),Backend Systems,Tier 2 City,1,2,60.0,0,1,0,0,0,0,0,0,1,6.61,Entry-Level Learner,4.4,0,1,0,1,3.0,0,0,1,29.0,2,-3.783468918922779,-0.19924774272340118,0.2031550717397308,Cloud & DevOps Infrastructure Architects
CP-3834,1.1,B.Tech/B.E,Tier 1 (IIT/NIT/BITS),Full Stack Web,Tier 2 City,2,4,7.0,1,1,0,1,0,0,1,0,3,14.63,Junior Associate,5.98,0,2,1,3,3.0,0,0,3,49.8,1,-0.18080660928014577,0.015752099964366096,-1.6140156837091886,Applied AI/ML & Data Science Specialists
CP-3835,5.5,M.Tech/M.S,Tier 1 (IIT/NIT/BITS),Data Analytics & BI,Tier 1 Tech Hub (Bengaluru/NCR/Hyd),0,5,118.0,0,1,1,0,0,0,0,0,2,26.84,High-Demand Specialist,6.45,0,2,0,3,4.0,1,0,2,69.1,1,-0.4068280620401383,1.2220660216820227,-0.31178992782369086,Applied AI/ML & Data Science Specialists
CP-3836,9.5,B.Tech/B.E,Tier 3 (Affiliated Colleges),Data Analytics & BI,Tier 1 Tech Hub (Bengaluru/NCR/Hyd),2,5,231.0,2,0,1,1,1,1,0,0,4,42.57,High-Demand Specialist,12.28,2,1,1,1,3.0,1,0,4,75.7,0,3.1477024561681337,2.301652511158383,1.5980436807793796,Core Systems & Algorithmic Backend Specialists
CP-3837,0.1,B.Tech/B.E,Tier 2 (Top State/Private),Full Stack Web,Tier 2 City,0,4,214.0,0,1,1,1,1,0,0,0,4,12.42,Junior Associate,8.15,1,2,1,2,3.0,0,0,4,48.5,3,0.9552821716643275,-0.4976988884926444,0.12312764201686345,Emerging Full-Stack & Entry Developers
CP-3838,3.1,B.Tech/B.E,Tier 3 (Affiliated Colleges),Full Stack Web,Tier 1 Tech Hub (Bengaluru/NCR/Hyd),1,6,12.0,1,1,1,0,0,0,0,0,2,16.57,Job-Ready Mid-Level,6.0,0,2,0,1,3.0,1,0,2,47.4,1,-1.4212266632906618,0.716947640126857,-0.35538751014160985,Applied AI/ML & Data Science Specialists
CP-3839,1.0,B.Tech/B.E,Tier 3 (Affiliated Colleges),Full Stack Web,Remote Global,3,6,49.0,0,1,1,0,0,1,1,0,4,21.29,Job-Ready Mid-Level,9.92,1,3,0,1,3.0,0,1,4,51.7,0,1.5657196289479962,1.150858664386112,1.316020657062442,Core Systems & Algorithmic Backend Specialists
CP-3840,1.1,B.Tech/B.E,Tier 3 (Affiliated Colleges),Data Analytics & BI,Remote Global,3,8,26.0,1,1,0,1,0,0,1,1,4,23.04,Job-Ready Mid-Level,10.75,0,2,2,1,3.0,0,1,4,53.6,0,1.6947211931289563,1.1981314823964566,-2.788648907785272,Core Systems & Algorithmic Backend Specialists
CP-3841,3.1,BCA/B.Sc CS,Tier 3 (Affiliated Colleges),Data Science & AI/ML,Remote Global,0,1,69.0,0,1,0,1,0,0,0,0,2,15.12,Job-Ready Mid-Level,2.42,0,1,1,1,2.0,0,1,2,38.3,2,-2.551409810696255,-1.5795050165445872,-0.8473282971166826,Cloud & DevOps Infrastructure Architects
CP-3842,5.5,BCA/B.Sc CS,Tier 2 (Top State/Private),Full Stack Web,Tier 2 City,1,2,17.0,0,0,0,1,1,1,0,0,3,20.84,Job-Ready Mid-Level,3.32,2,0,1,2,2.0,0,0,3,57.6,2,-0.17745723739442157,-1.0258831441715912,2.127396469464714,Cloud & DevOps Infrastructure Architects
CP-3843,6.6,MCA,Tier 3 (Affiliated Colleges),Cloud & DevOps,Tier 2 City,0,2,34.0,2,1,0,0,0,0,1,0,2,17.56,Job-Ready Mid-Level,2.25,0,2,0,1,2.5,0,0,2,49.1,1,-1.732772145576653,-0.8587216370028812,-0.04371742251861846,Applied AI/ML & Data Science Specialists
CP-3844,1.9,B.Tech/B.E,Tier 1 (IIT/NIT/BITS),Cloud & DevOps,Tier 2 City,2,6,150.0,0,1,1,0,0,1,0,0,3,17.55,Job-Ready Mid-Level,10.95,1,2,0,3,3.0,0,0,3,62.1,0,0.8958176453893738,2.163169778309847,1.2803108910353447,Core Systems & Algorithmic Backend Specialists
CP-3845,1.0,B.Tech/B.E,Tier 2 (Top State/Private),Full Stack Web,Tier 2 City,1,6,139.0,2,1,1,0,0,0,0,0,2,10.79,Junior Associate,9.17,0,2,0,2,3.0,0,0,2,46.3,1,-1.1761953626244555,1.5434391171592667,-0.19770989285743548,Applied AI/ML & Data Science Specialists
CP-3846,3.4,B.Tech/B.E,Tier 3 (Affiliated Colleges),Full Stack Web,Tier 2 City,1,9,251.0,1,1,1,1,0,0,0,1,4,18.32,Job-Ready Mid-Level,14.08,0,2,2,1,3.0,0,0,4,70.7,0,2.680716866071525,2.372339589336217,-2.9821726864671456,Core Systems & Algorithmic Backend Specialists
CP-3847,0.6,Non-CS Degree,Tier 2 (Top State/Private),Data Science & AI/ML,Tier 2 City,0,4,245.0,0,0,0,1,1,1,0,0,3,12.47,Junior Associate,8.93,2,0,1,2,1.0,0,0,3,41.8,2,-0.5288034120315657,0.0069054742049486076,2.1289820521831055,Cloud & DevOps Infrastructure Architects
CP-3848,1.8,BCA/B.Sc CS,Tier 2 (Top State/Private),Full Stack Web,Tier 1 Tech Hub (Bengaluru/NCR/Hyd),3,7,37.0,3,0,1,1,1,1,1,0,5,24.64,High-Demand Specialist,10.32,2,2,1,2,2.0,1,0,5,61.6,0,3.358731190198414,0.90576680875431,1.1906104197621978,Core Systems & Algorithmic Backend Specialists
CP-3849,1.0,M.Tech/M.S,Tier 2 (Top State/Private),Full Stack Web,Tier 1 Tech Hub (Bengaluru/NCR/Hyd),1,6,209.0,0,0,1,0,0,0,0,1,2,20.19,Job-Ready Mid-Level,10.92,0,1,1,2,4.0,1,0,2,52.4,2,-0.7903334142265764,1.857634690793112,-1.4283271105657083,Cloud & DevOps Infrastructure Architects
CP-3850,2.4,B.Tech/B.E,Tier 3 (Affiliated Colleges),Backend Systems,Remote Global,0,2,109.0,0,1,1,0,0,0,0,0,2,15.24,Job-Ready Mid-Level,4.12,0,2,0,1,3.0,0,1,2,40.7,1,-2.1502020990000026,-0.7505829371046349,0.28737619996530195,Applied AI/ML & Data Science Specialists
CP-3851,0.6,B.Tech/B.E,Tier 3 (Affiliated Colleges),Data Science & AI/ML,Tier 1 Tech Hub (Bengaluru/NCR/Hyd),1,12,356.0,2,1,1,0,0,0,0,0,2,14.92,Junior Associate,18.4,0,2,0,1,3.0,1,0,2,49.9,0,0.07149263199590199,5.04390678819061,-0.510759187440874,Core Systems & Algorithmic Backend Specialists
CP-3852,0.5,B.Tech/B.E,Tier 1 (IIT/NIT/BITS),Backend Systems,Tier 2 City,0,3,58.0,3,1,1,0,0,0,1,1,4,12.7,Junior Associate,3.55,0,3,1,3,3.0,0,0,4,47.0,1,0.5515446754897032,-2.059102385312317,-1.6617285500612413,Applied AI/ML & Data Science Specialists
CP-3853,5.5,BCA/B.Sc CS,Tier 2 (Top State/Private),Cloud & DevOps,Remote Global,1,5,25.0,0,1,0,0,0,0,1,0,2,26.56,High-Demand Specialist,5.62,0,2,0,2,2.0,0,1,2,57.3,1,-1.0596315900255882,0.8236018067543179,0.029087591871121334,Applied AI/ML & Data Science Specialists
CP-3854,0.2,Non-CS Degree,Tier 3 (Affiliated Colleges),Data Science & AI/ML,Tier 2 City,2,3,121.0,1,1,1,0,0,0,0,0,2,8.48,Entry-Level Learner,8.12,0,2,0,1,1.0,0,0,2,30.2,1,-2.1930877205060972,0.7020115797530709,-0.2199715991737098,Applied AI/ML & Data Science Specialists
CP-3855,1.6,Non-CS Degree,Tier 2 (Top State/Private),Data Analytics & BI,Remote Global,2,7,253.0,0,1,1,0,1,1,0,0,4,23.62,Job-Ready Mid-Level,14.22,2,2,0,2,1.0,0,1,4,59.8,0,2.1985314903810136,2.5179768731006122,3.038268333801892,Core Systems & Algorithmic Backend Specialists
CP-3856,0.5,B.Tech/B.E,Tier 1 (IIT/NIT/BITS),Data Science & AI/ML,Tier 2 City,1,3,213.0,1,1,0,0,1,0,1,0,3,15.8,Job-Ready Mid-Level,8.93,1,2,0,3,3.0,0,0,3,51.8,0,0.1551503289951751,0.7365915671347716,1.3975709779833085,Core Systems & Algorithmic Backend Specialists
CP-3857,0.1,B.Tech/B.E,Tier 2 (Top State/Private),Backend Systems,Tier 1 Tech Hub (Bengaluru/NCR/Hyd),2,5,114.0,0,0,1,0,1,0,0,0,2,14.71,Junior Associate,9.35,1,1,0,2,3.0,1,0,2,42.1,2,-1.326257510105331,1.5244861029710213,1.3991906249119759,Cloud & DevOps Infrastructure Architects
CP-3858,0.1,Non-CS Degree,Tier 2 (Top State/Private),Backend Systems,Tier 2 City,1,3,39.0,0,0,0,0,0,0,0,0,0,6.16,Entry-Level Learner,4.57,0,0,0,2,1.0,0,0,0,19.6,2,-5.411495016725749,0.20710743180841187,0.32358707520547636,Cloud & DevOps Infrastructure Architects
CP-3859,0.4,BCA/B.Sc CS,Tier 1 (IIT/NIT/BITS),Full Stack Web,Tier 1 Tech Hub (Bengaluru/NCR/Hyd),0,3,149.0,0,1,1,0,1,0,1,0,4,17.53,Job-Ready Mid-Level,5.82,1,3,0,3,2.0,1,0,4,47.1,1,0.7073539064021518,-1.0541257818861662,1.007360565004382,Applied AI/ML & Data Science Specialists
CP-3860,4.4,B.Tech/B.E,Tier 3 (Affiliated Colleges),Data Science & AI/ML,Tier 1 Tech Hub (Bengaluru/NCR/Hyd),3,7,133.0,1,1,0,0,0,0,0,0,1,22.43,Job-Ready Mid-Level,12.72,0,1,0,1,3.0,1,0,1,60.9,0,-1.2210881061797514,4.222969179261269,-0.29939082966466285,Core Systems & Algorithmic Backend Specialists
CP-3861,0.7,B.Tech/B.E,Tier 2 (Top State/Private),Full Stack Web,Tier 1 Tech Hub (Bengaluru/NCR/Hyd),0,2,129.0,1,1,0,1,0,0,0,0,2,10.55,Junior Associate,4.62,0,1,1,2,3.0,1,0,2,37.2,2,-2.2849977816081704,-0.8511875360522644,-1.3114305325738507,Cloud & DevOps Infrastructure Architects
CP-3862,6.6,B.Tech/B.E,Tier 3 (Affiliated Colleges),Full Stack Web,Tier 1 Tech Hub (Bengaluru/NCR/Hyd),0,6,125.0,0,1,0,0,0,1,0,0,2,25.38,High-Demand Specialist,7.32,1,1,0,1,3.0,1,0,2,59.1,2,-0.7583075474756714,1.2743031241736207,1.5257687532817492,Cloud & DevOps Infrastructure Architects
CP-3863,1.9,B.Tech/B.E,Tier 3 (Affiliated Colleges),Full Stack Web,Tier 1 Tech Hub (Bengaluru/NCR/Hyd),3,6,1.0,1,1,1,0,1,0,0,1,4,21.71,Job-Ready Mid-Level,8.72,1,2,1,1,3.0,1,0,4,54.2,3,1.5714657810732702,0.6661601120218841,-0.265880873681723,Emerging Full-Stack & Entry Developers
CP-3864,1.3,B.Tech/B.E,Tier 3 (Affiliated Colleges),Full Stack Web,Tier 1 Tech Hub (Bengaluru/NCR/Hyd),0,3,131.0,1,1,1,0,0,0,0,1,3,14.29,Junior Associate,5.38,0,2,1,1,3.0,1,0,3,41.5,1,-0.8169145418760527,-1.103154900131001,-1.529828430851421,Applied AI/ML & Data Science Specialists
CP-3865,1.9,BCA/B.Sc CS,Tier 1 (IIT/NIT/BITS),Cloud & DevOps,Tier 2 City,2,7,52.0,0,1,1,1,0,0,0,0,3,14.31,Junior Associate,9.2,0,2,1,3,2.0,0,0,3,56.1,0,0.389627281974424,1.4706603203339963,-1.7377986994438432,Core Systems & Algorithmic Backend Specialists
CP-3866,1.6,B.Tech/B.E,Tier 2 (Top State/Private),Data Science & AI/ML,Tier 2 City,3,9,357.0,1,1,0,0,1,0,1,0,3,19.85,Job-Ready Mid-Level,19.73,1,2,0,2,3.0,0,0,3,63.2,0,2.0397275291222225,5.354517874577396,1.1148409024447168,Core Systems & Algorithmic Backend Specialists
CP-3867,3.1,B.Tech/B.E,Tier 2 (Top State/Private),Data Analytics & BI,Tier 1 Tech Hub (Bengaluru/NCR/Hyd),1,2,143.0,0,1,1,0,0,1,0,0,3,19.37,Job-Ready Mid-Level,6.48,1,2,0,2,3.0,1,0,3,56.5,1,0.05728621289168259,0.09730819212653598,1.305092154550847,Applied AI/ML & Data Science Specialists
CP-3868,0.7,B.Tech/B.E,Tier 3 (Affiliated Colleges),Data Analytics & BI,Tier 1 Tech Hub (Bengaluru/NCR/Hyd),0,3,140.0,1,1,1,0,1,0,0,1,4,15.67,Job-Ready Mid-Level,5.6,1,2,1,1,3.0,1,0,4,43.0,3,0.4772555713633224,-1.6045494562635598,0.03168610405385349,Emerging Full-Stack & Entry Developers
CP-3869,1.0,MCA,Tier 2 (Top State/Private),Full Stack Web,Tier 2 City,1,6,337.0,1,1,0,0,0,1,0,0,2,12.99,Junior Associate,14.12,1,1,0,2,2.5,0,0,2,53.0,0,-0.49907414924462173,3.118972778760688,1.6069011964495992,Core Systems & Algorithmic Backend Specialists
CP-3870,4.9,BCA/B.Sc CS,Tier 2 (Top State/Private),Data Analytics & BI,Tier 2 City,0,3,17.0,0,1,1,0,0,1,0,0,3,16.93,Job-Ready Mid-Level,2.52,1,2,0,2,2.0,0,0,3,55.8,1,-0.39505020872365926,-1.181994211245543,1.4812316319526666,Applied AI/ML & Data Science Specialists
CP-3871,6.4,B.Tech/B.E,Tier 2 (Top State/Private),Data Science & AI/ML,Remote Global,1,4,31.0,1,0,0,1,0,0,0,0,1,30.45,High-Demand Specialist,5.07,0,0,1,2,3.0,0,1,1,55.3,2,-2.324052365312078,0.8395199710256619,-0.7607453303474712,Cloud & DevOps Infrastructure Architects
CP-3872,4.9,Non-CS Degree,Tier 2 (Top State/Private),Data Science & AI/ML,Tier 1 Tech Hub (Bengaluru/NCR/Hyd),2,5,109.0,1,1,1,1,0,0,0,0,3,24.43,High-Demand Specialist,9.22,0,2,1,2,1.0,1,0,3,63.8,0,0.6871777962936032,1.5829976903339729,-1.901154948905291,Core Systems & Algorithmic Backend Specialists
CP-3873,1.2,MCA,Tier 2 (Top State/Private),Cloud & DevOps,Remote Global,1,6,50.0,1,1,1,0,0,0,1,0,3,15.17,Job-Ready Mid-Level,6.95,0,3,0,2,2.5,0,1,3,46.2,1,-0.2386579145091274,0.30852969416753717,-0.1906895710804088,Applied AI/ML & Data Science Specialists
CP-3874,3.3,B.Tech/B.E,Tier 2 (Top State/Private),Full Stack Web,Tier 1 Tech Hub (Bengaluru/NCR/Hyd),1,4,41.0,1,1,1,1,0,0,1,0,4,21.78,Job-Ready Mid-Level,5.32,0,3,1,2,3.0,1,0,4,59.7,1,1.351981322433424,-0.6279914204029218,-1.9600984050833905,Applied AI/ML & Data Science Specialists
CP-3875,1.4,B.Tech/B.E,Tier 1 (IIT/NIT/BITS),Cloud & DevOps,Tier 2 City,1,3,221.0,1,1,0,0,1,0,1,0,3,17.0,Job-Ready Mid-Level,9.12,1,2,0,3,3.0,0,0,3,56.6,0,0.4003610858291051,0.950442931995667,1.3884851542559131,Core Systems & Algorithmic Backend Specialists
CP-3876,1.5,M.Tech/M.S,Tier 1 (IIT/NIT/BITS),Backend Systems,Tier 1 Tech Hub (Bengaluru/NCR/Hyd),1,3,71.0,1,1,1,0,0,0,0,1,3,20.4,Job-Ready Mid-Level,5.38,0,2,1,3,4.0,1,0,3,54.0,1,-0.11050397848751241,-0.48698699588628214,-1.6271572053457188,Applied AI/ML & Data Science Specialists
CP-3877,0.5,MCA,Tier 2 (Top State/Private),Backend Systems,Tier 1 Tech Hub (Bengaluru/NCR/Hyd),2,6,0.0,1,0,1,1,1,0,1,1,5,22.26,Job-Ready Mid-Level,7.2,1,2,2,2,2.5,1,0,5,51.5,3,2.3984182367129954,-0.917981749518932,-1.6050363962622403,Emerging Full-Stack & Entry Developers
CP-3878,2.0,Non-CS Degree,Tier 3 (Affiliated Colleges),Cloud & DevOps,Tier 1 Tech Hub (Bengaluru/NCR/Hyd),0,1,27.0,0,0,0,0,0,0,0,0,0,7.57,Entry-Level Learner,1.38,0,0,0,1,1.0,1,0,0,19.6,2,-5.8079097887549445,-1.1062237233489982,0.2860170670061555,Cloud & DevOps Infrastructure Architects
CP-3879,0.5,MCA,Tier 2 (Top State/Private),Data Analytics & BI,Tier 1 Tech Hub (Bengaluru/NCR/Hyd),2,8,18.0,2,1,1,0,0,0,0,0,2,11.89,Junior Associate,9.05,0,2,0,2,2.5,1,0,2,42.1,1,-1.2702689035196326,1.8549326283587324,-0.5118035172500682,Applied AI/ML & Data Science Specialists
CP-3880,0.9,BCA/B.Sc CS,Tier 2 (Top State/Private),Data Science & AI/ML,Tier 1 Tech Hub (Bengaluru/NCR/Hyd),1,2,32.0,0,0,1,1,0,0,0,0,2,11.98,Junior Associate,3.7,0,1,1,2,2.0,1,0,2,33.6,2,-2.5118265474580532,-1.032967859111275,-1.409511373901248,Cloud & DevOps Infrastructure Architects
CP-3881,4.2,B.Tech/B.E,Tier 2 (Top State/Private),Data Science & AI/ML,Tier 2 City,0,1,29.0,0,0,1,1,0,0,0,0,2,14.96,Junior Associate,1.42,0,1,1,2,3.0,0,0,2,49.4,2,-2.0130734662739074,-1.5521405626140976,-1.1216984695729009,Cloud & DevOps Infrastructure Architects
CP-3882,0.5,B.Tech/B.E,Tier 2 (Top State/Private),Data Analytics & BI,Tier 2 City,0,4,210.0,1,0,0,1,0,1,0,0,2,11.73,Junior Associate,8.05,1,0,1,2,3.0,0,0,2,42.0,2,-1.6730216009411836,0.32051670327514137,0.654698477399973,Cloud & DevOps Infrastructure Architects
CP-3883,0.2,B.Tech/B.E,Tier 3 (Affiliated Colleges),Full Stack Web,Tier 1 Tech Hub (Bengaluru/NCR/Hyd),1,3,61.0,2,1,1,0,1,0,0,1,4,13.59,Junior Associate,5.12,1,2,1,1,3.0,1,0,4,39.7,3,0.3798544302313403,-1.6157041546650177,-0.028765869844459998,Emerging Full-Stack & Entry Developers
CP-3884,0.2,B.Tech/B.E,Tier 1 (IIT/NIT/BITS),Full Stack Web,Tier 1 Tech Hub (Bengaluru/NCR/Hyd),1,4,29.0,0,0,1,1,1,1,0,0,4,19.8,Job-Ready Mid-Level,5.03,2,1,1,3,3.0,1,0,4,47.9,3,0.7708881460028085,-1.2683299708194047,1.6948297713070424,Emerging Full-Stack & Entry Developers
CP-3885,6.2,BCA/B.Sc CS,Tier 3 (Affiliated Colleges),Full Stack Web,Tier 1 Tech Hub (Bengaluru/NCR/Hyd),0,1,46.0,0,1,0,1,1,0,0,0,3,23.32,Job-Ready Mid-Level,1.85,1,1,1,1,2.0,1,0,3,51.0,2,-0.700867797103251,-1.7948011889081752,0.23109541864366198,Cloud & DevOps Infrastructure Architects
CP-3886,1.6,BCA/B.Sc CS,Tier 3 (Affiliated Colleges),Cloud & DevOps,Remote Global,2,5,137.0,0,1,1,0,0,1,0,1,4,20.69,Job-Ready Mid-Level,9.93,1,2,1,1,2.0,0,1,4,51.6,0,1.3222194104672478,0.5104477194829824,0.2820454113457637,Core Systems & Algorithmic Backend Specialists
CP-3887,1.2,M.Tech/M.S,Tier 3 (Affiliated Colleges),Data Science & AI/ML,Tier 1 Tech Hub (Bengaluru/NCR/Hyd),1,4,74.0,0,0,1,1,0,0,0,0,2,13.54,Junior Associate,6.15,0,1,1,1,4.0,1,0,2,41.2,2,-1.7851691755529009,0.06571269309313424,-1.358188420192287,Cloud & DevOps Infrastructure Architects
CP-3888,3.7,B.Tech/B.E,Tier 2 (Top State/Private),Cloud & DevOps,Tier 1 Tech Hub (Bengaluru/NCR/Hyd),2,5,31.0,2,1,0,0,0,0,0,0,1,19.15,Job-Ready Mid-Level,7.28,0,1,0,2,3.0,1,0,1,52.5,2,-2.17890683924788,1.9567846976578729,-0.19321528023795853,Cloud & DevOps Infrastructure Architects
CP-3889,4.0,BCA/B.Sc CS,Tier 2 (Top State/Private),Data Science & AI/ML,Tier 1 Tech Hub (Bengaluru/NCR/Hyd),0,3,253.0,3,1,1,0,0,0,1,0,3,23.21,Job-Ready Mid-Level,8.43,0,3,0,2,2.0,1,0,3,61.1,1,0.49387509807816043,0.7530717716792532,-0.557729435012153,Applied AI/ML & Data Science Specialists
CP-3890,0.9,B.Tech/B.E,Tier 3 (Affiliated Colleges),Data Science & AI/ML,Tier 2 City,0,6,64.0,0,0,1,0,0,0,0,1,2,10.86,Junior Associate,5.8,0,1,1,1,3.0,0,0,2,36.0,2,-2.1218049611933782,-0.3696514663235681,-1.170360376928858,Cloud & DevOps Infrastructure Architects
CP-3891,2.6,B.Tech/B.E,Tier 1 (IIT/NIT/BITS),Full Stack Web,Tier 1 Tech Hub (Bengaluru/NCR/Hyd),0,1,43.0,0,0,1,1,1,0,0,0,3,21.95,Job-Ready Mid-Level,1.78,1,1,1,3,3.0,1,0,3,50.3,2,-0.7285938875986855,-2.0081185297768838,0.2336711664381611,Cloud & DevOps Infrastructure Architects
CP-3892,3.2,M.Tech/M.S,Tier 3 (Affiliated Colleges),Data Science & AI/ML,Tier 1 Tech Hub (Bengaluru/NCR/Hyd),0,3,152.0,2,0,0,0,1,0,1,0,2,21.38,Job-Ready Mid-Level,5.9,1,1,0,1,4.0,1,0,2,50.8,2,-1.2659764447339732,0.1295631442743987,1.6268479026148144,Cloud & DevOps Infrastructure Architects
CP-3893,2.3,BCA/B.Sc CS,Tier 3 (Affiliated Colleges),Backend Systems,Tier 2 City,2,8,70.0,0,0,1,1,0,0,0,0,2,13.04,Junior Associate,10.35,0,1,1,1,2.0,0,0,2,47.5,2,-1.0283264425823158,2.1339684757079374,-1.4491260576259137,Cloud & DevOps Infrastructure Architects
CP-3894,0.4,Non-CS Degree,Tier 3 (Affiliated Colleges),Data Science & AI/ML,Tier 2 City,0,1,0.0,0,1,0,1,0,1,1,0,4,6.66,Entry-Level Learner,0.7,1,2,1,1,1.0,0,0,4,27.1,3,-0.893050162460551,-3.591263656600258,0.20026751303304824,Emerging Full-Stack & Entry Developers
CP-3895,4.6,B.Tech/B.E,Tier 1 (IIT/NIT/BITS),Data Science & AI/ML,Tier 2 City,1,4,7.0,0,1,1,0,1,1,0,1,5,23.91,Job-Ready Mid-Level,4.47,2,2,1,3,3.0,0,0,5,73.2,3,3.0496531272461893,-1.26574320689845,1.6097774511566005,Emerging Full-Stack & Entry Developers
CP-3896,1.7,B.Tech/B.E,Tier 3 (Affiliated Colleges),Full Stack Web,Tier 1 Tech Hub (Bengaluru/NCR/Hyd),0,1,336.0,0,0,1,0,0,0,0,0,1,14.39,Junior Associate,9.1,0,1,0,1,3.0,1,0,1,41.4,2,-2.8506106523853694,1.1632747555080454,0.09906347273318634,Cloud & DevOps Infrastructure Architects
CP-3897,0.7,B.Tech/B.E,Tier 3 (Affiliated Colleges),Full Stack Web,Tier 1 Tech Hub (Bengaluru/NCR/Hyd),1,4,225.0,0,1,1,1,0,0,1,0,4,18.06,Job-Ready Mid-Level,9.93,0,3,1,1,3.0,1,0,4,50.3,1,1.2579025823552432,0.36997760936064006,-1.9141449812161329,Applied AI/ML & Data Science Specialists
CP-3898,1.2,B.Tech/B.E,Tier 3 (Affiliated Colleges),Data Science & AI/ML,Remote Global,2,6,8.0,0,0,1,0,0,1,1,0,3,20.42,Job-Ready Mid-Level,7.4,1,2,0,1,3.0,0,1,3,44.4,1,-0.19975504448381837,0.47253688820950146,1.6409678384372914,Applied AI/ML & Data Science Specialists
CP-3899,0.1,MCA,Tier 1 (IIT/NIT/BITS),Data Science & AI/ML,Remote Global,1,5,72.0,1,1,1,1,0,1,0,0,4,19.48,Job-Ready Mid-Level,6.8,1,2,1,3,2.5,0,1,4,48.8,3,0.9261904213601302,-0.594692725760591,0.29492207698363304,Emerging Full-Stack & Entry Developers
CP-3900,0.3,BCA/B.Sc CS,Tier 1 (IIT/NIT/BITS),Backend Systems,Tier 1 Tech Hub (Bengaluru/NCR/Hyd),1,4,0.0,1,0,1,1,0,0,0,0,2,13.7,Junior Associate,4.3,0,1,1,3,2.0,1,0,2,35.8,2,-2.2543158515147463,-0.5909967584066284,-1.4919918417802283,Cloud & DevOps Infrastructure Architects
CP-3901,3.2,MCA,Tier 2 (Top State/Private),Cloud & DevOps,Tier 1 Tech Hub (Bengaluru/NCR/Hyd),0,3,109.0,1,1,0,0,0,0,0,0,1,15.71,Job-Ready Mid-Level,4.82,0,1,0,2,2.5,1,0,1,44.3,2,-3.0315538737453607,0.33030522868137746,-0.01589737994671337,Cloud & DevOps Infrastructure Architects
CP-3902,0.0,B.Tech/B.E,Tier 1 (IIT/NIT/BITS),Full Stack Web,Tier 1 Tech Hub (Bengaluru/NCR/Hyd),3,6,2.0,2,1,1,0,1,1,0,0,4,19.34,Job-Ready Mid-Level,8.75,2,2,0,3,3.0,1,0,4,53.1,0,1.6265256043406322,0.8888718204559501,2.6131993209107742,Core Systems & Algorithmic Backend Specialists
CP-3903,1.2,MCA,Tier 2 (Top State/Private),Full Stack Web,Tier 1 Tech Hub (Bengaluru/NCR/Hyd),1,2,0.0,2,0,1,1,1,0,0,0,3,15.21,Job-Ready Mid-Level,2.9,1,1,1,2,2.5,1,0,3,39.5,2,-1.0034247386644177,-1.698982509326719,0.16534991697704204,Cloud & DevOps Infrastructure Architects
CP-3904,1.6,B.Tech/B.E,Tier 3 (Affiliated Colleges),Data Science & AI/ML,Tier 2 City,1,3,241.0,0,1,1,1,0,1,0,0,4,13.9,Junior Associate,9.62,1,2,1,1,3.0,0,0,4,54.2,3,1.3526416151353609,0.213203696593199,0.13401194692209184,Emerging Full-Stack & Entry Developers
CP-3905,0.1,MCA,Tier 2 (Top State/Private),Full Stack Web,Remote Global,1,6,56.0,1,1,1,0,1,1,0,0,4,15.58,Job-Ready Mid-Level,7.1,2,2,0,2,2.5,0,1,4,45.1,3,0.8998674947026062,-0.36663918353786656,3.2244442554726076,Emerging Full-Stack & Entry Developers
CP-3906,8.0,B.Tech/B.E,Tier 3 (Affiliated Colleges),Cloud & DevOps,Tier 1 Tech Hub (Bengaluru/NCR/Hyd),2,4,12.0,1,1,1,0,1,0,0,0,3,30.39,High-Demand Specialist,6.1,1,2,0,1,3.0,1,0,3,61.2,0,0.6289111439033401,0.7927872284906723,1.1645529362080107,Core Systems & Algorithmic Backend Specialists
CP-3907,0.6,B.Tech/B.E,Tier 1 (IIT/NIT/BITS),Backend Systems,Tier 1 Tech Hub (Bengaluru/NCR/Hyd),1,5,226.0,2,1,1,0,1,0,0,0,3,19.88,Job-Ready Mid-Level,10.65,1,2,0,3,3.0,1,0,3,55.1,0,0.5453201479676381,1.5629111451935283,1.168872088594596,Core Systems & Algorithmic Backend Specialists
CP-3908,0.8,B.Tech/B.E,Tier 2 (Top State/Private),Data Science & AI/ML,Remote Global,1,1,149.0,0,1,1,1,0,1,1,1,6,24.94,High-Demand Specialist,5.92,1,3,2,2,3.0,0,1,6,56.6,3,3.3775993688439523,-2.4881010022093433,-1.145842945973817,Emerging Full-Stack & Entry Developers
CP-3909,0.8,Non-CS Degree,Tier 1 (IIT/NIT/BITS),Data Analytics & BI,Tier 1 Tech Hub (Bengaluru/NCR/Hyd),1,4,132.0,1,0,1,0,0,0,0,0,1,15.29,Job-Ready Mid-Level,7.6,0,1,0,3,1.0,1,0,1,36.5,2,-3.099240539667929,1.1676618083620727,-0.17993232096549602,Cloud & DevOps Infrastructure Architects
CP-3910,0.6,B.Tech/B.E,Tier 2 (Top State/Private),Data Science & AI/ML,Remote Global,0,2,205.0,1,1,0,1,0,1,0,0,3,18.16,Job-Ready Mid-Level,6.52,1,1,1,2,3.0,0,1,3,44.1,2,-0.6416461484238533,-0.8029985121069184,0.735658294812502,Cloud & DevOps Infrastructure Architects
CP-3911,0.0,B.Tech/B.E,Tier 3 (Affiliated Colleges),Data Science & AI/ML,Tier 2 City,1,6,30.0,1,1,1,1,0,1,0,1,5,12.14,Junior Associate,6.45,1,2,2,1,3.0,0,0,5,45.1,3,1.8896451574908417,-1.585356734939753,-1.2576389649337267,Emerging Full-Stack & Entry Developers
CP-3912,2.9,MCA,Tier 1 (IIT/NIT/BITS),Data Science & AI/ML,Remote Global,1,7,0.0,0,1,1,0,0,0,0,0,2,20.76,Job-Ready Mid-Level,6.4,0,2,0,3,2.5,0,1,2,53.8,1,-1.1223900108197467,1.0851756983177934,-0.0085035322657499,Applied AI/ML & Data Science Specialists
CP-3913,7.5,B.Tech/B.E,Tier 3 (Affiliated Colleges),Data Science & AI/ML,Tier 1 Tech Hub (Bengaluru/NCR/Hyd),1,5,26.0,0,1,0,0,0,1,1,0,3,30.05,High-Demand Specialist,5.65,1,2,0,1,3.0,1,0,3,60.5,1,0.45154204426182243,0.4547542992369995,1.2322312144968721,Applied AI/ML & Data Science Specialists
CP-3914,0.6,B.Tech/B.E,Tier 2 (Top State/Private),Backend Systems,Tier 1 Tech Hub (Bengaluru/NCR/Hyd),1,1,57.0,1,1,1,0,0,0,1,0,3,14.14,Junior Associate,3.62,0,3,0,2,3.0,1,0,3,39.2,1,-0.9805978413134802,-1.3205905026442704,-0.4855244386797879,Applied AI/ML & Data Science Specialists
CP-3915,2.4,B.Tech/B.E,Tier 3 (Affiliated Colleges),Full Stack Web,Tier 1 Tech Hub (Bengaluru/NCR/Hyd),0,5,0.0,0,1,1,0,0,1,0,1,4,18.6,Job-Ready Mid-Level,3.5,1,2,1,1,3.0,1,0,4,48.0,3,0.5392867113140261,-1.8562250748446867,0.005289177752709942,Emerging Full-Stack & Entry Developers
CP-3916,3.0,B.Tech/B.E,Tier 1 (IIT/NIT/BITS),Data Science & AI/ML,Tier 1 Tech Hub (Bengaluru/NCR/Hyd),2,4,37.0,0,1,1,1,0,1,0,0,4,24.95,High-Demand Specialist,6.72,1,2,1,3,3.0,1,0,4,64.7,3,1.7143723434649705,0.10311803157740121,-0.2128690679921078,Emerging Full-Stack & Entry Developers
CP-3917,4.2,MCA,Tier 2 (Top State/Private),Backend Systems,Tier 1 Tech Hub (Bengaluru/NCR/Hyd),3,7,5.0,2,1,1,0,1,1,0,1,5,28.59,High-Demand Specialist,9.52,2,2,1,2,2.5,1,0,5,73.8,3,3.791102231328926,1.00534178495498,1.221374582645594,Emerging Full-Stack & Entry Developers
CP-3918,1.2,M.Tech/M.S,Tier 1 (IIT/NIT/BITS),Backend Systems,Remote Global,2,6,72.0,0,0,0,1,0,0,0,0,1,22.65,Job-Ready Mid-Level,9.0,0,0,1,3,4.0,0,1,1,50.2,2,-2.1766028712830834,2.1156940563563413,-0.8469167795179993,Cloud & DevOps Infrastructure Architects
CP-3919,0.8,B.Tech/B.E,Tier 2 (Top State/Private),Data Analytics & BI,Tier 2 City,0,1,31.0,0,1,1,1,1,0,0,0,4,10.04,Junior Associate,1.48,1,2,1,2,3.0,0,0,4,40.8,3,-0.07552052992022701,-2.9481847967714425,0.21367705927049715,Emerging Full-Stack & Entry Developers
CP-3920,0.9,Non-CS Degree,Tier 2 (Top State/Private),Backend Systems,Tier 2 City,1,6,63.0,2,0,1,1,0,1,0,1,4,13.93,Junior Associate,7.28,1,1,2,2,1.0,0,0,4,44.8,3,0.7511369653299697,-0.7989923445594491,-1.1288535404205928,Emerging Full-Stack & Entry Developers
CP-3921,2.7,B.Tech/B.E,Tier 3 (Affiliated Colleges),Data Science & AI/ML,Tier 1 Tech Hub (Bengaluru/NCR/Hyd),2,4,150.0,0,1,1,1,0,0,1,0,4,24.14,High-Demand Specialist,9.55,0,3,1,1,3.0,1,0,4,59.6,0,1.734820686104396,0.807180957056007,-1.9984842408003056,Core Systems & Algorithmic Backend Specialists
CP-3922,3.7,B.Tech/B.E,Tier 3 (Affiliated Colleges),Data Analytics & BI,Tier 2 City,1,7,48.0,0,1,0,0,0,0,0,0,1,12.77,Junior Associate,7.6,0,1,0,1,3.0,0,0,1,48.9,2,-2.3986016247224486,1.8768638080668962,0.03607552056317099,Cloud & DevOps Infrastructure Architects
CP-3923,0.4,B.Tech/B.E,Tier 3 (Affiliated Colleges),Cloud & DevOps,Tier 2 City,1,5,67.0,1,1,1,1,0,0,0,0,3,7.46,Entry-Level Learner,6.68,0,2,1,1,3.0,0,0,3,39.2,1,-0.6823907949276926,-0.26886084539150223,-1.490267985133937,Applied AI/ML & Data Science Specialists
CP-3924,1.0,B.Tech/B.E,Tier 2 (Top State/Private),Backend Systems,Tier 1 Tech Hub (Bengaluru/NCR/Hyd),2,5,361.0,0,1,0,0,0,0,0,0,1,17.6,Job-Ready Mid-Level,15.52,0,1,0,2,3.0,1,0,1,51.9,0,-1.56877387746497,4.287069041626599,-0.18898248571307294,Core Systems & Algorithmic Backend Specialists
CP-3925,5.1,B.Tech/B.E,Tier 1 (IIT/NIT/BITS),Data Analytics & BI,Remote Global,1,2,149.0,0,1,0,0,0,0,0,0,1,27.24,High-Demand Specialist,6.62,0,1,0,3,3.0,0,1,1,62.1,2,-2.024130354400816,1.4816988901955002,0.3666884003133622,Cloud & DevOps Infrastructure Architects
CP-3926,3.6,Non-CS Degree,Tier 2 (Top State/Private),Full Stack Web,Tier 1 Tech Hub (Bengaluru/NCR/Hyd),1,9,61.0,0,1,1,1,0,0,0,0,3,17.7,Job-Ready Mid-Level,9.32,0,2,1,2,1.0,1,0,3,57.5,0,0.42960785110372546,1.5809575377666658,-1.926267595099331,Core Systems & Algorithmic Backend Specialists
CP-3927,9.2,M.Tech/M.S,Tier 3 (Affiliated Colleges),Data Analytics & BI,Tier 1 Tech Hub (Bengaluru/NCR/Hyd),0,3,74.0,0,0,1,1,1,0,1,1,5,41.07,High-Demand Specialist,3.95,1,2,2,1,4.0,1,0,5,69.1,3,3.0178123273616344,-1.8277542571252734,-1.339324231331641,Emerging Full-Stack & Entry Developers
CP-3928,3.1,B.Tech/B.E,Tier 3 (Affiliated Colleges),Data Science & AI/ML,Tier 1 Tech Hub (Bengaluru/NCR/Hyd),0,3,107.0,2,1,1,1,0,0,1,0,4,19.61,Job-Ready Mid-Level,4.77,0,3,1,1,3.0,1,0,4,53.7,1,0.9538184479411991,-1.322471434118663,-1.8304553133892554,Applied AI/ML & Data Science Specialists
CP-3929,1.1,BCA/B.Sc CS,Tier 3 (Affiliated Colleges),Full Stack Web,Tier 2 City,0,6,0.0,2,0,1,0,0,1,0,0,2,7.64,Entry-Level Learner,4.2,1,1,0,1,2.0,0,0,2,31.2,2,-2.392207509169971,-0.7004363494061157,1.7220015732377367,Cloud & DevOps Infrastructure Architects
CP-3930,2.0,M.Tech/M.S,Tier 3 (Affiliated Colleges),Data Science & AI/ML,Tier 2 City,2,3,0.0,0,0,1,1,0,1,0,0,3,14.39,Junior Associate,5.1,1,1,1,1,4.0,0,0,3,47.7,2,-0.36808651737386106,-0.5598873877160776,0.36947735571399176,Cloud & DevOps Infrastructure Architects
CP-3931,2.4,Non-CS Degree,Tier 1 (IIT/NIT/BITS),Backend Systems,Tier 1 Tech Hub (Bengaluru/NCR/Hyd),1,4,124.0,0,0,1,1,1,0,0,0,3,23.05,Job-Ready Mid-Level,7.4,1,1,1,3,1.0,1,0,3,52.5,2,-0.07339295524423317,0.2543878980793357,-0.003943537576312151,Cloud & DevOps Infrastructure Architects
CP-3932,0.2,MCA,Tier 2 (Top State/Private),Full Stack Web,Tier 1 Tech Hub (Bengaluru/NCR/Hyd),1,6,39.0,0,1,1,1,0,0,1,1,5,19.1,Job-Ready Mid-Level,6.67,0,3,2,2,2.5,1,0,5,49.1,3,2.074580812765062,-1.2789199220484708,-3.3435559840313327,Emerging Full-Stack & Entry Developers
CP-3933,1.7,B.Tech/B.E,Tier 1 (IIT/NIT/BITS),Full Stack Web,Tier 1 Tech Hub (Bengaluru/NCR/Hyd),2,5,0.0,0,1,1,1,0,0,0,1,4,23.02,Job-Ready Mid-Level,6.5,0,2,2,3,3.0,1,0,4,57.9,3,1.3353347059392342,-0.34200486460873936,-3.155574152598831,Emerging Full-Stack & Entry Developers
CP-3934,2.7,M.Tech/M.S,Tier 2 (Top State/Private),Full Stack Web,Tier 1 Tech Hub (Bengaluru/NCR/Hyd),1,4,34.0,2,1,0,0,1,0,0,1,3,20.99,Job-Ready Mid-Level,5.15,1,1,1,2,4.0,1,0,3,55.4,2,0.032452772136588044,-0.43517483864052486,0.17283577513662401,Cloud & DevOps Infrastructure Architects
CP-3935,0.4,BCA/B.Sc CS,Tier 1 (IIT/NIT/BITS),Backend Systems,Tier 1 Tech Hub (Bengaluru/NCR/Hyd),1,2,0.0,2,0,1,1,0,0,0,0,2,11.44,Junior Associate,2.9,0,1,1,3,2.0,1,0,2,33.9,2,-2.494900037663008,-1.2580213845793458,-1.4371329155584727,Cloud & DevOps Infrastructure Architects
CP-3936,3.3,BCA/B.Sc CS,Tier 2 (Top State/Private),Full Stack Web,Tier 1 Tech Hub (Bengaluru/NCR/Hyd),0,4,219.0,0,1,1,1,1,1,0,0,5,24.94,High-Demand Specialist,8.27,2,2,1,2,2.0,1,0,5,65.7,3,2.9194173287427105,-0.48242431796434115,1.4635245431983237,Emerging Full-Stack & Entry Developers
CP-3937,1.9,B.Tech/B.E,Tier 3 (Affiliated Colleges),Data Analytics & BI,Tier 1 Tech Hub (Bengaluru/NCR/Hyd),2,6,18.0,0,1,1,0,0,0,0,1,3,16.94,Job-Ready Mid-Level,7.65,0,2,1,1,3.0,1,0,3,48.3,1,-0.10427395235983872,0.5484215910450652,-1.7525404830958409,Applied AI/ML & Data Science Specialists
CP-3938,6.7,B.Tech/B.E,Tier 3 (Affiliated Colleges),Data Analytics & BI,Remote Global,0,5,33.0,0,1,1,0,0,1,0,1,4,31.65,High-Demand Specialist,4.32,1,2,1,1,3.0,0,1,4,62.4,3,1.3795652215784784,-1.1205093592185094,0.43586532584376075,Emerging Full-Stack & Entry Developers
CP-3939,0.1,B.Tech/B.E,Tier 3 (Affiliated Colleges),Full Stack Web,Tier 1 Tech Hub (Bengaluru/NCR/Hyd),0,2,129.0,2,1,1,1,0,0,0,0,3,9.77,Junior Associate,4.62,0,2,1,1,3.0,1,0,3,34.2,1,-1.2178016620517083,-1.5325690817472406,-1.5182549193191277,Applied AI/ML & Data Science Specialists
CP-3940,0.7,B.Tech/B.E,Tier 3 (Affiliated Colleges),Full Stack Web,Tier 2 City,0,2,55.0,1,1,0,0,1,0,0,0,2,7.19,Entry-Level Learner,2.78,1,1,0,1,3.0,0,0,2,30.0,2,-2.7008891224725198,-1.4795734113784984,1.8310794544844844,Cloud & DevOps Infrastructure Architects
CP-3941,2.0,B.Tech/B.E,Tier 1 (IIT/NIT/BITS),Data Analytics & BI,Tier 1 Tech Hub (Bengaluru/NCR/Hyd),0,2,34.0,0,1,1,1,0,1,0,0,4,18.74,Job-Ready Mid-Level,2.25,1,2,1,3,3.0,1,0,4,52.3,3,0.5471704978044646,-2.250983673135558,-0.0057791374718623246,Emerging Full-Stack & Entry Developers
CP-3942,0.8,M.Tech/M.S,Tier 1 (IIT/NIT/BITS),Backend Systems,Tier 1 Tech Hub (Bengaluru/NCR/Hyd),0,3,61.0,3,0,1,0,0,0,1,0,2,16.85,Job-Ready Mid-Level,3.62,0,2,0,3,4.0,1,0,2,43.4,1,-1.8031088067458791,-0.7358642635786212,-0.21510826631007396,Applied AI/ML & Data Science Specialists
CP-3943,2.8,B.Tech/B.E,Tier 3 (Affiliated Colleges),Data Analytics & BI,Tier 1 Tech Hub (Bengaluru/NCR/Hyd),1,4,30.0,2,1,1,1,0,0,1,0,4,20.59,Job-Ready Mid-Level,5.05,0,3,1,1,3.0,1,0,4,52.6,1,1.0246996755524174,-0.9404520660367146,-1.920670181646812,Applied AI/ML & Data Science Specialists
CP-3944,3.1,BCA/B.Sc CS,Tier 2 (Top State/Private),Data Science & AI/ML,Tier 1 Tech Hub (Bengaluru/NCR/Hyd),0,2,110.0,0,1,0,1,0,1,0,0,3,18.72,Job-Ready Mid-Level,4.15,1,1,1,2,2.0,1,0,3,49.5,2,-0.6471586882285094,-1.194029341063982,0.2194481668353198,Cloud & DevOps Infrastructure Architects
CP-3945,0.2,B.Tech/B.E,Tier 2 (Top State/Private),Backend Systems,Tier 1 Tech Hub (Bengaluru/NCR/Hyd),1,4,12.0,0,1,0,0,1,0,0,0,2,10.54,Junior Associate,4.6,1,1,0,2,3.0,1,0,2,34.7,2,-2.217293326198079,-0.3358777195944657,1.4973860297246007,Cloud & DevOps Infrastructure Architects
CP-3946,1.6,Non-CS Degree,Tier 2 (Top State/Private),Full Stack Web,Remote Global,0,1,62.0,0,1,0,1,1,1,0,0,4,16.85,Job-Ready Mid-Level,2.25,2,1,1,2,1.0,0,1,4,39.9,3,-0.15818038418191346,-2.810337094232319,2.24198477873834,Emerging Full-Stack & Entry Developers
CP-3947,1.6,B.Tech/B.E,Tier 2 (Top State/Private),Cloud & DevOps,Remote Global,0,5,348.0,0,1,0,0,0,0,1,0,2,21.32,Job-Ready Mid-Level,12.2,0,2,0,2,3.0,0,1,2,54.4,0,-0.6918328056975569,2.297040559459664,0.14912664655029337,Core Systems & Algorithmic Backend Specialists
CP-3948,1.0,B.Tech/B.E,Tier 2 (Top State/Private),Data Analytics & BI,Tier 1 Tech Hub (Bengaluru/NCR/Hyd),1,3,0.0,1,1,1,0,0,0,0,0,2,10.49,Junior Associate,3.6,0,2,0,2,3.0,1,0,2,37.0,1,-2.2184477311345856,-0.6159330544473729,-0.28445966146811613,Applied AI/ML & Data Science Specialists
CP-3949,5.9,BCA/B.Sc CS,Tier 2 (Top State/Private),Data Science & AI/ML,Tier 1 Tech Hub (Bengaluru/NCR/Hyd),2,6,37.0,1,0,0,1,0,1,0,0,2,28.33,High-Demand Specialist,8.12,1,0,1,2,2.0,1,0,2,61.4,2,-0.52785528487534,1.7706776989805675,0.2052411367331728,Cloud & DevOps Infrastructure Architects
CP-3950,3.9,MCA,Tier 2 (Top State/Private),Data Analytics & BI,Remote Global,2,7,0.0,1,1,1,1,1,0,1,0,5,29.18,High-Demand Specialist,7.9,1,3,1,2,2.5,0,1,5,69.6,3,3.3704826981534417,0.3011558458340405,-0.12120107550111049,Emerging Full-Stack & Entry Developers
CP-3951,2.6,Non-CS Degree,Tier 3 (Affiliated Colleges),Cloud & DevOps,Tier 1 Tech Hub (Bengaluru/NCR/Hyd),3,4,0.0,0,1,1,1,0,0,0,0,3,17.38,Job-Ready Mid-Level,7.3,0,2,1,1,1.0,1,0,3,45.0,1,-0.3745615008352174,0.5563191494631022,-1.879597861299277,Applied AI/ML & Data Science Specialists
CP-3952,2.8,B.Tech/B.E,Tier 2 (Top State/Private),Backend Systems,Tier 2 City,1,4,63.0,1,0,1,0,0,0,0,0,1,13.81,Junior Associate,5.88,0,1,0,2,3.0,0,0,1,45.7,2,-2.7243280934909415,0.9017542489297479,0.09995419783415477,Cloud & DevOps Infrastructure Architects
CP-3953,1.4,B.Tech/B.E,Tier 2 (Top State/Private),Data Science & AI/ML,Remote Global,1,5,19.0,1,1,1,1,0,0,0,1,4,20.67,Job-Ready Mid-Level,5.48,0,2,2,2,3.0,0,1,4,50.5,3,0.8477040953905082,-1.1837363803340661,-2.5895562058960864,Emerging Full-Stack & Entry Developers
CP-3954,5.6,MCA,Tier 2 (Top State/Private),Full Stack Web,Remote Global,1,4,0.0,0,1,0,1,1,0,1,0,4,33.43,High-Demand Specialist,4.3,1,2,1,2,2.5,0,1,4,65.0,3,1.5058774949040687,-0.7953423552311605,0.26892379563410945,Emerging Full-Stack & Entry Developers
CP-3955,2.6,B.Tech/B.E,Tier 2 (Top State/Private),Data Analytics & BI,Tier 1 Tech Hub (Bengaluru/NCR/Hyd),1,4,47.0,1,1,1,0,0,0,0,1,3,18.02,Job-Ready Mid-Level,5.48,0,2,1,2,3.0,1,0,3,52.3,1,-0.19437714916083187,-0.3813315061575276,-1.6691092295533527,Applied AI/ML & Data Science Specialists
CP-3956,2.9,BCA/B.Sc CS,Tier 3 (Affiliated Colleges),Data Science & AI/ML,Tier 1 Tech Hub (Bengaluru/NCR/Hyd),0,3,21.0,3,0,0,1,1,0,0,0,2,15.27,Job-Ready Mid-Level,2.62,1,0,1,1,2.0,1,0,2,37.6,2,-2.3134321465969525,-1.3787069738200892,0.4510267765383908,Cloud & DevOps Infrastructure Architects
CP-3957,4.4,B.Tech/B.E,Tier 3 (Affiliated Colleges),Data Science & AI/ML,Tier 1 Tech Hub (Bengaluru/NCR/Hyd),1,4,112.0,0,1,0,0,1,0,1,0,3,22.9,Job-Ready Mid-Level,7.1,1,2,0,1,3.0,1,0,3,59.9,0,0.3908165508726748,0.6280050800523113,1.2271611163785296,Core Systems & Algorithmic Backend Specialists
CP-3958,0.7,B.Tech/B.E,Tier 3 (Affiliated Colleges),Backend Systems,Remote Global,1,7,130.0,0,0,0,0,1,1,0,0,2,17.68,Job-Ready Mid-Level,9.65,2,0,0,1,3.0,0,1,2,41.5,2,-1.3502940324967527,1.425530912232653,3.7392973760440884,Cloud & DevOps Infrastructure Architects
CP-3959,3.6,B.Tech/B.E,Tier 2 (Top State/Private),Full Stack Web,Remote Global,1,2,46.0,0,1,1,1,1,0,0,0,4,24.41,High-Demand Specialist,4.05,1,2,1,2,3.0,0,1,4,59.1,3,1.1011540402978097,-1.3181589517598473,0.3658878318900952,Emerging Full-Stack & Entry Developers
CP-3960,0.5,B.Tech/B.E,Tier 2 (Top State/Private),Backend Systems,Tier 2 City,1,6,339.0,0,1,1,1,1,0,0,0,4,17.1,Job-Ready Mid-Level,14.18,1,2,1,2,3.0,0,0,4,60.5,0,2.1695631297097386,2.0472345831270027,-0.01638932519141199,Core Systems & Algorithmic Backend Specialists
CP-3961,0.9,BCA/B.Sc CS,Tier 2 (Top State/Private),Data Science & AI/ML,Tier 2 City,0,5,138.0,1,1,0,0,1,1,0,0,3,12.52,Junior Associate,6.95,2,1,0,2,2.0,0,0,3,43.2,2,-0.4910818753022112,-0.17517940172574603,3.257344162068982,Cloud & DevOps Infrastructure Architects
CP-3962,0.9,Non-CS Degree,Tier 2 (Top State/Private),Full Stack Web,Tier 2 City,1,6,131.0,1,1,1,0,0,0,0,0,2,9.97,Junior Associate,8.98,0,2,0,2,1.0,0,0,2,39.3,1,-1.6517377897247942,1.3142202287534517,-0.27500758216874266,Applied AI/ML & Data Science Specialists
CP-3963,8.4,B.Tech/B.E,Tier 2 (Top State/Private),Data Analytics & BI,Tier 2 City,0,7,3.0,1,1,0,0,0,0,0,0,1,22.4,Job-Ready Mid-Level,4.97,0,1,0,2,3.0,0,0,1,55.2,2,-2.1443327606977776,1.2973705719019575,0.05915257390587619,Cloud & DevOps Infrastructure Architects
CP-3964,4.3,M.Tech/M.S,Tier 2 (Top State/Private),Cloud & DevOps,Tier 2 City,3,6,247.0,1,1,0,0,0,0,0,0,1,19.84,Job-Ready Mid-Level,14.88,0,1,0,2,4.0,0,0,1,71.3,0,-0.5386310481427055,5.013653203630733,-0.09248874532427062,Core Systems & Algorithmic Backend Specialists
CP-3965,2.7,B.Tech/B.E,Tier 2 (Top State/Private),Cloud & DevOps,Tier 2 City,0,6,377.0,3,1,1,1,1,0,1,0,5,20.57,Job-Ready Mid-Level,13.62,1,3,1,2,3.0,0,0,5,74.7,0,4.035658017527705,1.5354913058577482,-0.22709705614729833,Core Systems & Algorithmic Backend Specialists
CP-3966,2.9,B.Tech/B.E,Tier 3 (Affiliated Colleges),Full Stack Web,Tier 1 Tech Hub (Bengaluru/NCR/Hyd),0,2,19.0,0,0,1,1,1,0,0,0,3,15.16,Job-Ready Mid-Level,1.88,1,1,1,1,3.0,1,0,3,43.7,2,-1.0028970349256168,-2.0907640066923534,0.2728189945213938,Cloud & DevOps Infrastructure Architects
CP-3967,1.8,B.Tech/B.E,Tier 1 (IIT/NIT/BITS),Data Analytics & BI,Tier 1 Tech Hub (Bengaluru/NCR/Hyd),2,4,149.0,1,1,1,0,1,1,1,1,6,29.51,High-Demand Specialist,9.52,2,3,1,3,3.0,1,0,6,71.7,3,4.712030193408923,-0.19966248833867337,1.1177000828465729,Emerging Full-Stack & Entry Developers
CP-3968,6.5,Non-CS Degree,Tier 3 (Affiliated Colleges),Data Science & AI/ML,Tier 2 City,1,2,124.0,0,1,0,0,0,0,0,1,2,20.19,Job-Ready Mid-Level,6.0,0,1,1,1,1.0,0,0,2,50.6,2,-1.5158358836893204,0.2040427750245912,-1.260297417907526,Cloud & DevOps Infrastructure Architects
CP-3969,1.5,M.Tech/M.S,Tier 1 (IIT/NIT/BITS),Full Stack Web,Tier 1 Tech Hub (Bengaluru/NCR/Hyd),0,4,71.0,0,0,1,0,0,1,0,1,3,23.03,Job-Ready Mid-Level,4.57,1,1,1,3,4.0,1,0,3,52.6,2,-0.2765948573528339,-1.0223528541064517,0.2612362120685337,Cloud & DevOps Infrastructure Architects
CP-3970,1.1,BCA/B.Sc CS,Tier 1 (IIT/NIT/BITS),Data Science & AI/ML,Tier 1 Tech Hub (Bengaluru/NCR/Hyd),1,2,62.0,2,1,1,1,0,0,0,0,3,17.22,Job-Ready Mid-Level,4.45,0,2,1,3,2.0,1,0,3,44.2,1,-0.7358062146004855,-0.9934786426815269,-1.7017757954797306,Applied AI/ML & Data Science Specialists
CP-3971,0.4,MCA,Tier 3 (Affiliated Colleges),Cloud & DevOps,Tier 2 City,0,5,0.0,1,1,1,1,0,0,0,0,3,6.76,Entry-Level Learner,3.5,0,2,1,1,2.5,0,0,3,32.3,1,-1.3671905179849493,-1.6183480016635505,-1.4343458020989917,Applied AI/ML & Data Science Specialists
CP-3972,3.4,BCA/B.Sc CS,Tier 3 (Affiliated Colleges),Data Science & AI/ML,Tier 2 City,0,1,2.0,0,1,1,0,0,0,0,0,2,10.42,Junior Associate,0.75,0,2,0,1,2.0,0,0,2,37.0,1,-2.680225004008943,-1.8620874563415628,-0.004946639408343544,Applied AI/ML & Data Science Specialists
CP-3973,2.9,Non-CS Degree,Tier 1 (IIT/NIT/BITS),Full Stack Web,Remote Global,0,3,2.0,0,1,1,0,1,1,0,0,4,22.76,Job-Ready Mid-Level,2.15,2,2,0,3,1.0,0,1,4,50.4,3,0.46455505571129,-2.096556610786822,3.2629385876001544,Emerging Full-Stack & Entry Developers
CP-3974,1.1,M.Tech/M.S,Tier 2 (Top State/Private),Full Stack Web,Tier 1 Tech Hub (Bengaluru/NCR/Hyd),1,3,25.0,1,0,1,0,1,0,0,0,2,14.76,Junior Associate,4.22,1,1,0,2,4.0,1,0,2,41.7,2,-1.8321810628072643,-0.4128486401412545,1.5618794807456953,Cloud & DevOps Infrastructure Architects
CP-3975,0.1,Non-CS Degree,Tier 2 (Top State/Private),Data Science & AI/ML,Tier 2 City,2,2,136.0,2,1,1,1,0,0,0,0,3,11.41,Junior Associate,7.8,0,2,1,2,1.0,0,0,3,37.5,1,-0.7588256050216402,-0.03058551637684703,-1.592451570899423,Applied AI/ML & Data Science Specialists
CP-3976,4.0,B.Tech/B.E,Tier 2 (Top State/Private),Data Science & AI/ML,Tier 1 Tech Hub (Bengaluru/NCR/Hyd),1,3,229.0,1,1,1,1,0,0,1,0,4,25.45,High-Demand Specialist,9.32,0,3,1,2,3.0,1,0,4,69.9,0,2.141951414195624,0.7380145955354337,-1.952423848534137,Core Systems & Algorithmic Backend Specialists
CP-3977,0.0,B.Tech/B.E,Tier 3 (Affiliated Colleges),Cloud & DevOps,Remote Global,1,4,45.0,0,1,1,1,1,1,0,0,5,16.14,Job-Ready Mid-Level,5.42,2,2,1,1,3.0,0,1,5,43.4,3,1.7091373165949904,-1.8855709851645743,1.9705910408513232,Emerging Full-Stack & Entry Developers
CP-3978,2.7,B.Tech/B.E,Tier 3 (Affiliated Colleges),Full Stack Web,Tier 1 Tech Hub (Bengaluru/NCR/Hyd),0,1,51.0,0,1,0,1,1,0,0,0,3,16.67,Job-Ready Mid-Level,1.98,1,1,1,1,3.0,1,0,3,42.8,2,-1.1077350678868627,-2.1263359831708017,0.29367310804548824,Cloud & DevOps Infrastructure Architects
CP-3979,7.7,B.Tech/B.E,Tier 3 (Affiliated Colleges),Backend Systems,Tier 2 City,0,2,60.0,0,1,0,1,1,0,1,0,4,21.49,Job-Ready Mid-Level,2.9,1,2,1,1,3.0,0,0,4,60.0,3,1.1782122916835585,-1.6451533204052504,0.1640643952471864,Emerging Full-Stack & Entry Developers
CP-3980,1.3,BCA/B.Sc CS,Tier 2 (Top State/Private),Cloud & DevOps,Tier 2 City,2,5,252.0,1,1,0,0,0,0,1,1,3,15.97,Job-Ready Mid-Level,12.8,0,2,1,2,2.0,0,0,3,54.9,0,0.6177416225167619,2.1168032931510004,-1.6388692004311796,Core Systems & Algorithmic Backend Specialists
CP-3981,0.6,B.Tech/B.E,Tier 3 (Affiliated Colleges),Data Science & AI/ML,Tier 1 Tech Hub (Bengaluru/NCR/Hyd),0,1,25.0,0,1,1,1,1,0,0,0,4,10.59,Junior Associate,1.32,1,2,1,1,3.0,1,0,4,35.4,3,-0.33963617948025443,-3.1381838862735005,0.06925470566751707,Emerging Full-Stack & Entry Developers
CP-3982,2.7,BCA/B.Sc CS,Tier 2 (Top State/Private),Cloud & DevOps,Remote Global,2,8,123.0,0,1,1,1,1,0,0,0,4,25.08,High-Demand Specialist,11.68,1,2,1,2,2.0,0,1,4,64.2,0,2.2107702203664212,1.8896125162664363,0.09076560038888502,Core Systems & Algorithmic Backend Specialists
CP-3983,3.7,B.Tech/B.E,Tier 3 (Affiliated Colleges),Data Science & AI/ML,Remote Global,1,4,16.0,1,0,1,0,0,0,1,0,2,23.09,Job-Ready Mid-Level,4.7,0,2,0,1,3.0,0,1,2,48.2,1,-1.5176828574761039,0.03445437862266869,0.1510220088455426,Applied AI/ML & Data Science Specialists
CP-3984,1.7,B.Tech/B.E,Tier 3 (Affiliated Colleges),Data Analytics & BI,Tier 1 Tech Hub (Bengaluru/NCR/Hyd),2,3,32.0,1,0,0,1,0,0,0,0,1,13.93,Junior Associate,5.9,0,0,1,1,3.0,1,0,1,36.0,2,-3.2086904283616833,0.562330158131162,-1.1959290669648461,Cloud & DevOps Infrastructure Architects
CP-3985,7.5,B.Tech/B.E,Tier 2 (Top State/Private),Backend Systems,Tier 1 Tech Hub (Bengaluru/NCR/Hyd),0,3,43.0,1,1,1,0,0,1,0,0,3,27.91,High-Demand Specialist,3.18,1,2,0,2,3.0,1,0,3,60.5,1,0.12340732059847852,-0.6955342142594992,1.333593087050621,Applied AI/ML & Data Science Specialists
CP-3986,0.1,Non-CS Degree,Tier 2 (Top State/Private),Full Stack Web,Tier 1 Tech Hub (Bengaluru/NCR/Hyd),0,4,0.0,2,1,1,1,0,1,1,0,5,12.12,Junior Associate,2.8,1,3,1,2,1.0,1,0,5,37.5,3,1.1325259933538128,-2.906167249986578,-0.3432686926374538,Emerging Full-Stack & Entry Developers
CP-3987,1.5,B.Tech/B.E,Tier 2 (Top State/Private),Cloud & DevOps,Tier 1 Tech Hub (Bengaluru/NCR/Hyd),2,8,139.0,1,1,0,1,0,0,0,0,2,16.85,Job-Ready Mid-Level,12.08,0,1,1,2,3.0,1,0,2,53.7,0,-0.5375568161378522,2.892422543182271,-1.6294483340664856,Core Systems & Algorithmic Backend Specialists
CP-3988,2.8,B.Tech/B.E,Tier 1 (IIT/NIT/BITS),Data Science & AI/ML,Remote Global,2,7,26.0,0,1,1,0,1,0,0,1,4,29.41,High-Demand Specialist,8.55,1,2,1,3,3.0,0,1,4,66.8,0,2.073021712480567,0.8261865453304494,0.15801072644757405,Core Systems & Algorithmic Backend Specialists
CP-3989,4.4,M.Tech/M.S,Tier 3 (Affiliated Colleges),Full Stack Web,Remote Global,0,1,36.0,2,1,1,0,1,0,0,1,4,27.3,High-Demand Specialist,1.6,1,2,1,1,4.0,0,1,4,58.0,3,0.8470417013478888,-2.549546431713007,0.558628626658989,Emerging Full-Stack & Entry Developers
CP-3990,0.4,BCA/B.Sc CS,Tier 2 (Top State/Private),Data Analytics & BI,Tier 1 Tech Hub (Bengaluru/NCR/Hyd),3,6,133.0,0,0,1,0,1,0,1,0,3,19.81,Job-Ready Mid-Level,12.02,1,2,0,2,2.0,1,0,3,49.1,0,0.48507363470660303,2.3002849168579513,0.9999748281127236,Core Systems & Algorithmic Backend Specialists
CP-3991,3.5,B.Tech/B.E,Tier 2 (Top State/Private),Data Science & AI/ML,Tier 1 Tech Hub (Bengaluru/NCR/Hyd),0,1,34.0,0,0,1,0,1,1,1,0,4,23.77,Job-Ready Mid-Level,1.55,2,2,0,2,3.0,1,0,4,54.5,3,0.709084619335581,-2.3818270352630577,2.960597943325276,Emerging Full-Stack & Entry Developers
CP-3992,1.8,B.Tech/B.E,Tier 2 (Top State/Private),Data Science & AI/ML,Tier 1 Tech Hub (Bengaluru/NCR/Hyd),0,4,6.0,1,1,0,0,0,0,0,0,1,9.51,Junior Associate,2.95,0,1,0,2,3.0,1,0,1,35.8,2,-3.539078391603936,-0.39196192595909507,-0.003448664221070748,Cloud & DevOps Infrastructure Architects
CP-3993,1.1,B.Tech/B.E,Tier 3 (Affiliated Colleges),Full Stack Web,Tier 1 Tech Hub (Bengaluru/NCR/Hyd),1,3,368.0,0,1,0,0,0,0,1,0,2,17.98,Job-Ready Mid-Level,12.8,0,2,0,1,3.0,1,0,2,48.7,0,-0.896536569036432,2.383636617968283,-0.2878443412691361,Core Systems & Algorithmic Backend Specialists
CP-3994,0.3,Non-CS Degree,Tier 1 (IIT/NIT/BITS),Data Analytics & BI,Tier 1 Tech Hub (Bengaluru/NCR/Hyd),1,4,45.0,0,0,0,1,0,1,1,0,3,17.33,Job-Ready Mid-Level,5.42,1,1,1,3,1.0,1,0,3,38.7,2,-0.9059259908991262,-0.7886732180093345,0.047158383157787136,Cloud & DevOps Infrastructure Architects
CP-3995,4.4,B.Tech/B.E,Tier 3 (Affiliated Colleges),Full Stack Web,Tier 1 Tech Hub (Bengaluru/NCR/Hyd),3,7,241.0,1,1,1,1,0,0,0,1,4,29.5,High-Demand Specialist,15.42,0,2,2,1,3.0,1,0,4,77.2,0,3.1836267293471923,3.2732519384023018,-3.256153958350213,Core Systems & Algorithmic Backend Specialists
CP-3996,0.4,B.Tech/B.E,Tier 3 (Affiliated Colleges),Backend Systems,Tier 1 Tech Hub (Bengaluru/NCR/Hyd),1,8,109.0,3,1,1,0,0,1,1,1,5,17.67,Job-Ready Mid-Level,9.82,1,3,1,1,3.0,1,0,5,52.7,3,2.766308616167248,0.04562110156985288,-0.3957273155143314,Emerging Full-Stack & Entry Developers
CP-3997,0.8,B.Tech/B.E,Tier 3 (Affiliated Colleges),Data Science & AI/ML,Tier 2 City,0,3,0.0,1,1,1,1,1,1,0,1,6,12.67,Junior Associate,2.1,2,2,2,1,3.0,0,0,6,46.0,3,2.601999250169535,-3.945675557710759,0.44786600135446186,Emerging Full-Stack & Entry Developers
CP-3998,0.8,B.Tech/B.E,Tier 2 (Top State/Private),Full Stack Web,Tier 2 City,1,4,56.0,0,1,0,0,1,0,0,0,2,11.45,Junior Associate,5.7,1,1,0,2,3.0,0,0,2,39.5,2,-1.9024031256232123,0.1042705049997964,1.669537585062984,Cloud & DevOps Infrastructure Architects
CP-3999,4.5,M.Tech/M.S,Tier 2 (Top State/Private),Cloud & DevOps,Tier 1 Tech Hub (Bengaluru/NCR/Hyd),0,3,0.0,0,0,1,0,0,1,1,0,3,24.06,High-Demand Specialist,2.1,1,2,0,2,4.0,1,0,3,59.3,1,-0.10621319209056078,-1.274257889407554,1.3807372541259355,Applied AI/ML & Data Science Specialists
CP-4000,2.5,B.Tech/B.E,Tier 2 (Top State/Private),Data Science & AI/ML,Tier 2 City,1,4,34.0,0,1,0,0,1,0,1,1,4,17.78,Job-Ready Mid-Level,5.15,1,2,1,2,3.0,0,0,4,55.5,3,1.1133464572660425,-1.0070766487539382,0.05996337835859926,Emerging Full-Stack & Entry Developers
CP-4001,3.5,B.Tech/B.E,Tier 2 (Top State/Private),Cloud & DevOps,Tier 2 City,1,6,109.0,0,0,1,0,0,1,0,0,2,15.74,Job-Ready Mid-Level,8.42,1,1,0,2,3.0,0,0,2,57.6,2,-0.7372569888315902,1.5785358352993202,1.6261530639010064,Cloud & DevOps Infrastructure Architects
CP-4002,0.6,B.Tech/B.E,Tier 2 (Top State/Private),Data Science & AI/ML,Remote Global,0,2,8.0,1,1,1,0,0,1,0,0,3,12.7,Junior Associate,1.6,1,2,0,2,3.0,0,1,3,35.9,1,-1.3848349030614742,-2.274939873491425,1.8691138049257034,Applied AI/ML & Data Science Specialists
CP-4003,2.2,B.Tech/B.E,Tier 3 (Affiliated Colleges),Data Science & AI/ML,Tier 1 Tech Hub (Bengaluru/NCR/Hyd),1,2,4.0,1,0,0,0,1,1,0,0,2,13.84,Junior Associate,3.0,2,0,0,1,3.0,1,0,2,37.9,2,-2.1995398606336267,-1.021314358851388,3.413823802482062,Cloud & DevOps Infrastructure Architects
CP-4004,1.9,B.Tech/B.E,Tier 2 (Top State/Private),Data Science & AI/ML,Remote Global,1,4,61.0,1,1,0,1,0,0,0,0,2,17.34,Job-Ready Mid-Level,5.82,0,1,1,2,3.0,0,1,2,45.2,2,-1.6879846937118814,0.12302723883322207,-0.9848733937712181,Cloud & DevOps Infrastructure Architects
CP-4005,3.9,M.Tech/M.S,Tier 3 (Affiliated Colleges),Backend Systems,Remote Global,1,6,55.0,2,0,0,1,0,1,0,0,2,24.5,High-Demand Specialist,7.07,1,0,1,1,4.0,0,1,2,56.3,2,-0.8739435434403318,0.8887301982342766,0.8588401363718879,Cloud & DevOps Infrastructure Architects
CP-4006,5.2,M.Tech/M.S,Tier 1 (IIT/NIT/BITS),Cloud & DevOps,Tier 1 Tech Hub (Bengaluru/NCR/Hyd),1,5,151.0,1,0,1,0,1,0,1,0,3,34.52,High-Demand Specialist,8.78,1,2,0,3,4.0,1,0,3,77.1,0,1.5167213760750806,1.682654830106914,1.16803502868064,Core Systems & Algorithmic Backend Specialists
CP-4007,0.0,MCA,Tier 3 (Affiliated Colleges),Data Analytics & BI,Tier 1 Tech Hub (Bengaluru/NCR/Hyd),0,3,121.0,1,1,1,0,0,0,0,0,2,7.77,Entry-Level Learner,5.12,0,2,0,1,2.5,1,0,2,28.8,1,-2.5684966337932815,-0.6757372822223788,-0.1983353779961013,Applied AI/ML & Data Science Specialists
CP-4008,2.5,MCA,Tier 3 (Affiliated Colleges),Full Stack Web,Remote Global,0,4,153.0,0,1,0,1,1,1,0,1,5,26.16,High-Demand Specialist,6.62,2,1,2,1,2.5,0,1,5,56.3,3,2.264517995637276,-1.6652952277986606,0.8984975277403059,Emerging Full-Stack & Entry Developers
CP-4009,0.1,BCA/B.Sc CS,Tier 3 (Affiliated Colleges),Cloud & DevOps,Tier 2 City,0,2,228.0,2,0,1,1,1,0,1,0,4,11.36,Junior Associate,7.1,1,2,1,1,2.0,0,0,4,39.4,3,0.4502627161970142,-1.3411725282828515,0.16890982150839096,Emerging Full-Stack & Entry Developers
CP-4010,1.8,B.Tech/B.E,Tier 3 (Affiliated Colleges),Full Stack Web,Remote Global,0,1,2.0,2,1,0,1,0,0,0,0,2,11.94,Junior Associate,0.75,0,1,1,1,3.0,0,1,2,32.1,2,-2.8730991728179713,-2.2909110351947257,-0.7911260419391832,Cloud & DevOps Infrastructure Architects
CP-4011,0.7,M.Tech/M.S,Tier 3 (Affiliated Colleges),Backend Systems,Tier 2 City,1,4,50.0,3,1,1,1,0,1,0,0,4,11.67,Junior Associate,5.55,1,2,1,1,4.0,0,0,4,46.1,3,0.8043925585374315,-1.1419339725248068,0.16685245674768126,Emerging Full-Stack & Entry Developers
CP-4012,0.8,MCA,Tier 3 (Affiliated Colleges),Data Analytics & BI,Tier 2 City,3,4,66.0,3,0,1,0,1,0,0,1,3,14.48,Junior Associate,8.95,1,1,1,1,2.5,0,0,3,43.4,2,-0.08972818973511244,0.6587933961975946,0.2099532621643544,Cloud & DevOps Infrastructure Architects
CP-4013,1.0,M.Tech/M.S,Tier 2 (Top State/Private),Data Analytics & BI,Tier 1 Tech Hub (Bengaluru/NCR/Hyd),1,2,341.0,3,1,0,1,1,0,1,0,4,22.42,Job-Ready Mid-Level,11.42,1,2,1,2,4.0,1,0,4,61.5,0,2.0285290136560405,0.8862495157220788,-0.06198297942152515,Core Systems & Algorithmic Backend Specialists
CP-4014,2.1,B.Tech/B.E,Tier 2 (Top State/Private),Data Science & AI/ML,Tier 1 Tech Hub (Bengaluru/NCR/Hyd),1,4,67.0,1,0,1,0,1,0,0,1,3,20.61,Job-Ready Mid-Level,5.98,1,1,1,2,3.0,1,0,3,50.7,2,-0.16384466418562987,-0.3938943310175634,0.14380266976760217,Cloud & DevOps Infrastructure Architects
CP-4015,0.9,B.Tech/B.E,Tier 1 (IIT/NIT/BITS),Full Stack Web,Remote Global,1,4,348.0,1,1,1,0,1,0,0,0,3,24.34,High-Demand Specialist,13.0,1,2,0,3,3.0,0,1,3,60.5,0,0.9154046968924053,2.235669562253028,1.6453972703756785,Core Systems & Algorithmic Backend Specialists
CP-4016,2.9,MCA,Tier 1 (IIT/NIT/BITS),Full Stack Web,Tier 1 Tech Hub (Bengaluru/NCR/Hyd),0,3,145.0,0,1,1,0,0,1,0,0,3,20.75,Job-Ready Mid-Level,5.72,1,2,0,3,2.5,1,0,3,56.8,1,-0.045556984496054616,-0.22839307241641724,1.2958113457450593,Applied AI/ML & Data Science Specialists
CP-4017,1.1,M.Tech/M.S,Tier 2 (Top State/Private),Backend Systems,Tier 1 Tech Hub (Bengaluru/NCR/Hyd),2,8,153.0,1,1,1,0,0,0,0,0,2,16.27,Job-Ready Mid-Level,12.42,0,2,0,2,4.0,1,0,2,55.4,0,-0.3186366034802785,3.2110437781447323,-0.46776217536177417,Core Systems & Algorithmic Backend Specialists
CP-4018,0.2,Non-CS Degree,Tier 1 (IIT/NIT/BITS),Data Science & AI/ML,Tier 2 City,3,5,26.0,1,0,1,1,0,0,0,0,2,11.85,Junior Associate,8.65,0,1,1,3,1.0,0,0,2,39.4,2,-1.6024333647421662,1.3319857682306038,-1.520702258296048,Cloud & DevOps Infrastructure Architects
CP-4019,3.4,B.Tech/B.E,Tier 2 (Top State/Private),Data Science & AI/ML,Tier 2 City,1,6,54.0,2,1,0,0,0,0,0,0,1,14.38,Junior Associate,7.05,0,1,0,2,3.0,0,0,1,50.6,2,-2.327246047415287,1.6662327734598434,0.03182186153182475,Cloud & DevOps Infrastructure Architects
CP-4020,0.7,B.Tech/B.E,Tier 2 (Top State/Private),Full Stack Web,Tier 1 Tech Hub (Bengaluru/NCR/Hyd),0,6,73.0,1,0,1,1,0,0,0,0,2,12.14,Junior Associate,6.02,0,1,1,2,3.0,1,0,2,39.6,2,-1.8811591774870478,-0.03312996283549037,-1.4126291842237955,Cloud & DevOps Infrastructure Architects
CP-4021,1.2,B.Tech/B.E,Tier 1 (IIT/NIT/BITS),Data Science & AI/ML,Tier 1 Tech Hub (Bengaluru/NCR/Hyd),2,6,41.0,2,1,1,0,0,0,0,0,2,18.25,Job-Ready Mid-Level,8.22,0,2,0,3,3.0,1,0,2,49.9,1,-1.0123010299168156,1.657046133442426,-0.4785338436541673,Applied AI/ML & Data Science Specialists
CP-4022,2.5,M.Tech/M.S,Tier 3 (Affiliated Colleges),Data Science & AI/ML,Tier 1 Tech Hub (Bengaluru/NCR/Hyd),0,3,224.0,1,0,1,1,1,0,0,1,4,24.15,High-Demand Specialist,7.7,1,1,2,1,4.0,1,0,4,58.7,3,1.4205142431843096,-0.7799729969025108,-1.0647611731266204,Emerging Full-Stack & Entry Developers
CP-4023,0.9,B.Tech/B.E,Tier 1 (IIT/NIT/BITS),Data Analytics & BI,Tier 1 Tech Hub (Bengaluru/NCR/Hyd),2,5,114.0,0,1,0,0,0,0,1,0,2,19.73,Job-Ready Mid-Level,9.35,0,2,0,3,3.0,1,0,2,50.3,1,-0.9786101800455382,1.8963941991072015,-0.46276171237119634,Applied AI/ML & Data Science Specialists
CP-4024,0.1,B.Tech/B.E,Tier 3 (Affiliated Colleges),Cloud & DevOps,Tier 2 City,2,4,128.0,0,1,1,1,0,0,0,1,4,11.52,Junior Associate,9.0,0,2,2,1,3.0,0,0,4,45.7,3,0.9246637814413933,-0.16469309636179477,-2.8719469456126263,Emerging Full-Stack & Entry Developers
CP-4025,1.0,Non-CS Degree,Tier 1 (IIT/NIT/BITS),Backend Systems,Tier 1 Tech Hub (Bengaluru/NCR/Hyd),0,4,68.0,2,1,1,1,0,1,0,1,5,19.94,Job-Ready Mid-Level,4.5,1,2,2,3,1.0,1,0,5,49.0,3,1.729568484440474,-2.3744954797199025,-1.4720209945755798,Emerging Full-Stack & Entry Developers
CP-4026,6.4,B.Tech/B.E,Tier 3 (Affiliated Colleges),Data Analytics & BI,Remote Global,3,10,0.0,0,1,0,1,0,0,0,0,2,30.22,High-Demand Specialist,11.5,0,1,1,1,3.0,0,1,2,66.0,0,0.1644618681381613,3.593581003780209,-1.2868122647615086,Core Systems & Algorithmic Backend Specialists
CP-4027,2.3,MCA,Tier 3 (Affiliated Colleges),Full Stack Web,Tier 2 City,3,7,131.0,0,1,0,1,0,0,0,1,3,14.23,Junior Associate,12.68,0,1,2,1,2.5,0,0,3,57.1,0,0.7458715778751891,2.39270537402688,-2.8212567440655016,Core Systems & Algorithmic Backend Specialists
CP-4028,2.4,B.Tech/B.E,Tier 3 (Affiliated Colleges),Full Stack Web,Tier 2 City,3,4,39.0,0,0,1,0,0,0,1,0,2,15.84,Job-Ready Mid-Level,8.28,0,2,0,1,3.0,0,0,2,47.7,1,-1.132219221233286,1.5472112343357884,-0.2582403069503746,Applied AI/ML & Data Science Specialists
CP-4029,2.2,MCA,Tier 3 (Affiliated Colleges),Data Science & AI/ML,Tier 1 Tech Hub (Bengaluru/NCR/Hyd),1,3,213.0,0,0,1,0,1,0,1,0,3,21.59,Job-Ready Mid-Level,8.93,1,2,0,1,2.5,1,0,3,50.4,0,0.07471425505920304,0.6745706704755396,1.2560736741718672,Core Systems & Algorithmic Backend Specialists
CP-4030,0.5,BCA/B.Sc CS,Tier 1 (IIT/NIT/BITS),Backend Systems,Tier 1 Tech Hub (Bengaluru/NCR/Hyd),0,6,122.0,2,1,0,0,0,0,0,0,1,11.85,Junior Associate,7.25,0,1,0,3,2.0,1,0,1,37.5,2,-3.0369509465706965,1.1087381935098577,-0.12925695782237376,Cloud & DevOps Infrastructure Architects
CP-4031,1.2,MCA,Tier 3 (Affiliated Colleges),Full Stack Web,Tier 1 Tech Hub (Bengaluru/NCR/Hyd),1,3,32.0,0,1,1,0,0,0,0,0,2,11.05,Junior Associate,4.4,0,2,0,1,2.5,1,0,2,33.6,1,-2.3704339668620364,-0.482333708260014,-0.2739113341133675,Applied AI/ML & Data Science Specialists
CP-4032,3.1,Non-CS Degree,Tier 3 (Affiliated Colleges),Full Stack Web,Tier 1 Tech Hub (Bengaluru/NCR/Hyd),1,4,111.0,0,1,1,0,1,1,1,0,5,21.3,Job-Ready Mid-Level,7.07,2,3,0,1,1.0,1,0,5,55.4,3,2.4332104780654364,-0.7002895903632337,2.5062509921024967,Emerging Full-Stack & Entry Developers
CP-4033,0.2,B.Tech/B.E,Tier 3 (Affiliated Colleges),Full Stack Web,Tier 2 City,0,3,132.0,1,0,0,1,1,0,0,0,2,8.87,Entry-Level Learner,5.4,1,0,1,1,3.0,0,0,2,31.9,2,-2.3812927282699063,-0.8322196974352666,0.6898875606037403,Cloud & DevOps Infrastructure Architects
CP-4034,0.7,B.Tech/B.E,Tier 3 (Affiliated Colleges),Full Stack Web,Tier 1 Tech Hub (Bengaluru/NCR/Hyd),1,4,70.0,2,1,1,0,0,1,0,0,3,14.3,Junior Associate,6.05,1,2,0,1,3.0,1,0,3,39.6,1,-0.6473114424590053,-0.3799533819480254,1.3111025562321634,Applied AI/ML & Data Science Specialists
CP-4035,0.7,B.Tech/B.E,Tier 2 (Top State/Private),Data Science & AI/ML,Tier 2 City,1,3,60.0,1,1,0,0,0,0,0,0,1,7.25,Entry-Level Learner,5.1,0,1,0,2,3.0,0,0,1,33.9,2,-3.422961360990464,0.257028392940399,0.14151019229032036,Cloud & DevOps Infrastructure Architects
CP-4036,1.2,BCA/B.Sc CS,Tier 3 (Affiliated Colleges),Full Stack Web,Tier 1 Tech Hub (Bengaluru/NCR/Hyd),0,1,0.0,0,1,1,1,0,0,0,0,3,7.41,Entry-Level Learner,0.7,0,2,1,1,2.0,1,0,3,30.1,1,-1.8936050062514713,-2.848074043824745,-1.5305469699148593,Applied AI/ML & Data Science Specialists
CP-4037,8.6,MCA,Tier 2 (Top State/Private),Data Analytics & BI,Tier 1 Tech Hub (Bengaluru/NCR/Hyd),0,5,28.0,2,1,1,1,0,0,1,0,4,33.35,High-Demand Specialist,4.2,0,3,1,2,2.5,1,0,4,64.8,1,1.6987193370050389,-0.690550424829976,-1.9570425398766682,Applied AI/ML & Data Science Specialists
CP-4038,0.2,B.Tech/B.E,Tier 2 (Top State/Private),Data Analytics & BI,Remote Global,0,1,120.0,1,1,1,0,1,1,1,1,6,23.11,Job-Ready Mid-Level,3.7,2,3,1,2,3.0,0,1,6,49.9,3,2.9309521526275617,-3.4182341546291344,1.8544787956006465,Emerging Full-Stack & Entry Developers
CP-4039,1.6,BCA/B.Sc CS,Tier 1 (IIT/NIT/BITS),Full Stack Web,Tier 1 Tech Hub (Bengaluru/NCR/Hyd),1,4,20.0,0,1,1,1,1,0,0,1,5,20.8,Job-Ready Mid-Level,4.8,1,2,2,3,2.0,1,0,5,55.6,3,2.1414610150555107,-1.8250290615137632,-1.5404957855340717,Emerging Full-Stack & Entry Developers
CP-4040,0.4,B.Tech/B.E,Tier 3 (Affiliated Colleges),Full Stack Web,Tier 1 Tech Hub (Bengaluru/NCR/Hyd),1,6,108.0,1,0,0,1,1,0,0,0,2,13.64,Junior Associate,8.4,1,0,1,1,3.0,1,0,2,37.9,2,-1.6687364232723572,0.7898454622431282,0.35397014443059077,Cloud & DevOps Infrastructure Architects
CP-4041,7.8,M.Tech/M.S,Tier 1 (IIT/NIT/BITS),Backend Systems,Tier 1 Tech Hub (Bengaluru/NCR/Hyd),0,3,59.0,2,0,0,1,0,1,0,0,2,34.51,High-Demand Specialist,3.58,1,0,1,3,4.0,1,0,2,64.3,2,-0.7651963757194514,-0.15095248884842574,0.4710987696127302,Cloud & DevOps Infrastructure Architects
CP-4042,0.3,Non-CS Degree,Tier 2 (Top State/Private),Data Science & AI/ML,Tier 1 Tech Hub (Bengaluru/NCR/Hyd),3,8,213.0,1,0,1,1,1,1,0,0,4,21.31,Job-Ready Mid-Level,15.42,2,1,1,2,1.0,1,0,4,54.6,0,2.186578173163076,2.84120939080717,1.3834983090796658,Core Systems & Algorithmic Backend Specialists
CP-4043,1.1,B.Tech/B.E,Tier 2 (Top State/Private),Backend Systems,Tier 2 City,0,3,60.0,3,1,1,0,1,0,0,0,3,13.37,Junior Associate,3.6,1,2,0,2,3.0,0,0,3,41.7,1,-0.794868637952508,-1.3481287654339098,1.5176487920222386,Applied AI/ML & Data Science Specialists
CP-4044,2.9,B.Tech/B.E,Tier 3 (Affiliated Colleges),Data Science & AI/ML,Tier 1 Tech Hub (Bengaluru/NCR/Hyd),1,2,116.0,1,0,1,0,1,0,1,0,3,20.68,Job-Ready Mid-Level,5.8,1,2,0,1,3.0,1,0,3,50.2,1,-0.17521256503410212,-0.33650944964124724,1.3039071686740833,Applied AI/ML & Data Science Specialists
CP-4045,2.7,B.Tech/B.E,Tier 3 (Affiliated Colleges),Cloud & DevOps,Tier 1 Tech Hub (Bengaluru/NCR/Hyd),2,4,34.0,1,0,0,1,1,1,1,1,5,27.33,High-Demand Specialist,6.65,2,1,2,1,3.0,1,0,5,59.0,3,2.660085564382972,-1.1066780160182532,0.3196219133719853,Emerging Full-Stack & Entry Developers
CP-4046,1.2,BCA/B.Sc CS,Tier 2 (Top State/Private),Cloud & DevOps,Tier 1 Tech Hub (Bengaluru/NCR/Hyd),2,6,70.0,0,1,0,0,1,1,1,1,5,24.26,High-Demand Specialist,8.95,2,2,1,2,2.0,1,0,5,56.3,3,2.7410695838247787,-0.05014600905053311,1.314631187603029,Emerging Full-Stack & Entry Developers
CP-4047,0.9,B.Tech/B.E,Tier 1 (IIT/NIT/BITS),Cloud & DevOps,Remote Global,0,2,28.0,2,0,0,1,0,1,0,0,2,16.57,Job-Ready Mid-Level,2.1,1,0,1,3,3.0,0,1,2,38.2,2,-2.3993257711044214,-1.7412651441732137,0.9644132765302429,Cloud & DevOps Infrastructure Architects
CP-4048,1.1,B.Tech/B.E,Tier 3 (Affiliated Colleges),Data Analytics & BI,Tier 1 Tech Hub (Bengaluru/NCR/Hyd),2,7,60.0,1,0,0,0,1,0,0,0,1,14.84,Junior Associate,9.4,1,0,0,1,3.0,1,0,1,38.9,2,-2.5499488156823946,2.2188632845429814,1.617815322351662,Cloud & DevOps Infrastructure Architects
CP-4049,0.7,B.Tech/B.E,Tier 3 (Affiliated Colleges),Data Science & AI/ML,Tier 1 Tech Hub (Bengaluru/NCR/Hyd),2,4,26.0,1,0,1,0,1,0,0,1,3,17.42,Job-Ready Mid-Level,6.45,1,1,1,1,3.0,1,0,3,40.3,2,-0.5538786365818811,-0.36469163272547633,0.12377546259240227,Cloud & DevOps Infrastructure Architects
CP-4050,0.5,B.Tech/B.E,Tier 3 (Affiliated Colleges),Full Stack Web,Tier 1 Tech Hub (Bengaluru/NCR/Hyd),1,5,123.0,1,0,1,1,0,0,1,0,3,15.46,Job-Ready Mid-Level,8.07,0,2,1,1,3.0,1,0,3,42.0,1,-0.36377772383794843,0.18447540006729674,-1.6796329509576489,Applied AI/ML & Data Science Specialists
CP-4051,1.5,B.Tech/B.E,Tier 2 (Top State/Private),Full Stack Web,Tier 1 Tech Hub (Bengaluru/NCR/Hyd),1,3,37.0,1,0,1,1,0,0,0,0,2,13.39,Junior Associate,4.52,0,1,1,2,3.0,1,0,2,41.1,2,-1.9719721365430374,-0.4803396731046746,-1.4044281194834989,Cloud & DevOps Infrastructure Architects
CP-4052,0.7,BCA/B.Sc CS,Tier 3 (Affiliated Colleges),Data Analytics & BI,Tier 1 Tech Hub (Bengaluru/NCR/Hyd),0,1,66.0,1,0,1,1,0,0,1,0,3,10.74,Junior Associate,2.35,0,2,1,1,2.0,1,0,3,30.3,1,-1.6492348559782828,-2.441301235302404,-1.5341824140353348,Applied AI/ML & Data Science Specialists
CP-4053,0.7,B.Tech/B.E,Tier 2 (Top State/Private),Data Science & AI/ML,Tier 1 Tech Hub (Bengaluru/NCR/Hyd),1,4,60.0,1,1,1,1,1,0,0,0,4,17.14,Job-Ready Mid-Level,5.8,1,2,1,2,3.0,1,0,4,47.5,3,0.8169156848947277,-0.931840316757327,-0.12341740965660418,Emerging Full-Stack & Entry Developers
CP-4054,2.4,M.Tech/M.S,Tier 2 (Top State/Private),Data Analytics & BI,Tier 1 Tech Hub (Bengaluru/NCR/Hyd),1,4,205.0,1,0,1,0,1,0,0,0,2,23.0,Job-Ready Mid-Level,9.43,1,1,0,2,4.0,1,0,2,56.9,0,-0.6350191746041958,1.6651820409993923,1.5082993513605165,Core Systems & Algorithmic Backend Specialists
CP-4055,7.6,M.Tech/M.S,Tier 2 (Top State/Private),Full Stack Web,Tier 1 Tech Hub (Bengaluru/NCR/Hyd),2,6,12.0,0,0,1,1,0,0,1,0,3,35.14,High-Demand Specialist,7.5,0,2,1,2,4.0,1,0,3,70.8,0,1.2274927375254112,1.438013863161478,-1.8109815146573172,Core Systems & Algorithmic Backend Specialists
CP-4056,2.0,B.Tech/B.E,Tier 2 (Top State/Private),Data Science & AI/ML,Tier 1 Tech Hub (Bengaluru/NCR/Hyd),1,8,24.0,1,1,1,1,1,0,0,0,4,20.9,Job-Ready Mid-Level,7.7,1,2,1,2,3.0,1,0,4,57.2,3,1.573176798133036,0.33704745812617,-0.24535239757121122,Emerging Full-Stack & Entry Developers
CP-4057,0.2,B.Tech/B.E,Tier 3 (Affiliated Colleges),Data Analytics & BI,Remote Global,1,2,210.0,1,1,1,0,1,1,0,0,4,17.3,Job-Ready Mid-Level,8.15,2,2,0,1,3.0,0,1,4,44.8,3,0.861446385601845,-0.5022066040558079,3.3782195999495177,Emerging Full-Stack & Entry Developers
CP-4058,0.2,M.Tech/M.S,Tier 2 (Top State/Private),Data Science & AI/ML,Tier 2 City,0,5,0.0,1,1,0,0,0,0,0,0,1,5.69,Entry-Level Learner,3.5,0,1,0,2,4.0,0,0,1,31.8,2,-3.610684259854507,-0.32257150763987147,0.20489715163482844,Cloud & DevOps Infrastructure Architects
CP-4059,6.7,Non-CS Degree,Tier 2 (Top State/Private),Full Stack Web,Tier 1 Tech Hub (Bengaluru/NCR/Hyd),0,1,149.0,1,0,0,0,1,1,1,0,3,28.5,High-Demand Specialist,4.42,2,1,0,2,1.0,1,0,3,56.3,2,-0.08963806690071524,-0.7761705760481025,3.1034161936336755,Cloud & DevOps Infrastructure Architects
CP-4060,0.8,B.Tech/B.E,Tier 2 (Top State/Private),Data Science & AI/ML,Tier 1 Tech Hub (Bengaluru/NCR/Hyd),0,3,129.0,0,1,1,0,0,0,1,1,4,16.06,Job-Ready Mid-Level,5.32,0,3,1,2,3.0,1,0,4,47.2,1,0.6145872962059497,-1.507568110233767,-1.8154849567709193,Applied AI/ML & Data Science Specialists
CP-4061,0.2,B.Tech/B.E,Tier 1 (IIT/NIT/BITS),Full Stack Web,Tier 2 City,0,3,68.0,0,1,1,0,1,0,0,1,4,13.77,Junior Associate,3.8,1,2,1,3,3.0,0,0,4,45.9,3,0.42187780726359964,-2.0510638893932582,0.15446834976934537,Emerging Full-Stack & Entry Developers
CP-4062,2.0,B.Tech/B.E,Tier 2 (Top State/Private),Cloud & DevOps,Remote Global,1,2,40.0,1,1,1,0,1,0,1,1,5,24.64,High-Demand Specialist,3.9,1,3,1,2,3.0,0,1,5,55.0,3,2.117585052107981,-2.208116899748929,0.15253318150112682,Emerging Full-Stack & Entry Developers
CP-4063,2.1,BCA/B.Sc CS,Tier 2 (Top State/Private),Cloud & DevOps,Tier 1 Tech Hub (Bengaluru/NCR/Hyd),2,2,247.0,1,0,0,0,0,0,0,0,0,16.16,Job-Ready Mid-Level,10.58,0,0,0,2,2.0,1,0,0,42.7,2,-3.6847872695385386,2.8034368264549396,0.10479533982112414,Cloud & DevOps Infrastructure Architects
CP-4064,2.3,B.Tech/B.E,Tier 1 (IIT/NIT/BITS),Full Stack Web,Tier 2 City,1,4,0.0,0,0,1,1,0,0,0,0,2,14.75,Junior Associate,4.3,0,1,1,3,3.0,0,0,2,48.9,2,-1.6270153977769526,-0.21240101307917308,-1.2903808071860632,Cloud & DevOps Infrastructure Architects
CP-4065,0.7,B.Tech/B.E,Tier 3 (Affiliated Colleges),Full Stack Web,Tier 1 Tech Hub (Bengaluru/NCR/Hyd),1,1,0.0,0,1,1,0,0,0,0,0,2,9.99,Junior Associate,2.2,0,2,0,1,3.0,1,0,2,29.0,1,-2.8200990877864713,-1.4762906886575229,-0.19108919170156644,Applied AI/ML & Data Science Specialists
CP-4066,0.0,BCA/B.Sc CS,Tier 3 (Affiliated Colleges),Data Science & AI/ML,Tier 1 Tech Hub (Bengaluru/NCR/Hyd),1,4,63.0,0,1,1,0,1,1,0,1,5,17.08,Job-Ready Mid-Level,5.88,2,2,1,1,2.0,1,0,5,41.1,3,1.601109361724924,-1.865592515503685,1.4977167404351701,Emerging Full-Stack & Entry Developers
CP-4067,7.4,BCA/B.Sc CS,Tier 3 (Affiliated Colleges),Full Stack Web,Remote Global,0,1,40.0,0,0,0,0,1,0,0,1,2,31.55,High-Demand Specialist,1.7,1,0,1,1,2.0,0,1,2,46.6,2,-2.0151330049115295,-1.601380190723938,0.9713257704836673,Cloud & DevOps Infrastructure Architects
CP-4068,0.6,B.Tech/B.E,Tier 2 (Top State/Private),Backend Systems,Tier 2 City,1,7,68.0,0,1,1,1,1,0,0,0,4,13.17,Junior Associate,8.1,1,2,1,2,3.0,0,0,4,50.9,3,1.231563493193246,0.11212757527669782,-0.025824718958667715,Emerging Full-Stack & Entry Developers
CP-4069,2.5,B.Tech/B.E,Tier 3 (Affiliated Colleges),Data Analytics & BI,Remote Global,0,2,242.0,0,1,1,0,0,1,1,0,4,23.76,Job-Ready Mid-Level,7.45,1,3,0,1,3.0,0,1,4,55.1,1,1.187602219999547,-0.5566896190316457,1.6117449302977365,Applied AI/ML & Data Science Specialists
CP-4070,2.7,BCA/B.Sc CS,Tier 3 (Affiliated Colleges),Data Science & AI/ML,Tier 1 Tech Hub (Bengaluru/NCR/Hyd),1,4,227.0,0,1,1,0,1,0,1,1,5,25.62,High-Demand Specialist,9.98,1,3,1,1,2.0,1,0,5,61.4,3,2.9401315907771775,0.03302332110896418,-0.3886482769514038,Emerging Full-Stack & Entry Developers
CP-4071,2.1,B.Tech/B.E,Tier 3 (Affiliated Colleges),Data Science & AI/ML,Tier 1 Tech Hub (Bengaluru/NCR/Hyd),0,3,0.0,1,1,1,1,0,1,0,0,4,13.72,Junior Associate,2.1,1,2,1,1,3.0,1,0,4,44.2,3,0.21595783835650129,-2.4561526964533456,0.03586049681881767,Emerging Full-Stack & Entry Developers
CP-4072,0.8,B.Tech/B.E,Tier 3 (Affiliated Colleges),Backend Systems,Tier 2 City,0,1,67.0,1,1,1,0,0,1,0,0,3,8.5,Entry-Level Learner,2.38,1,2,0,1,3.0,0,0,3,34.0,1,-1.432593972660675,-2.176162203724624,1.6462953796649873,Applied AI/ML & Data Science Specialists
CP-4073,0.7,MCA,Tier 2 (Top State/Private),Full Stack Web,Tier 1 Tech Hub (Bengaluru/NCR/Hyd),1,4,28.0,1,0,0,0,0,0,0,0,0,9.47,Junior Associate,5.0,0,0,0,2,2.5,1,0,0,28.0,2,-4.832498985682074,0.6943076178901139,0.16844238648044502,Cloud & DevOps Infrastructure Architects
CP-4074,2.0,B.Tech/B.E,Tier 3 (Affiliated Colleges),Full Stack Web,Tier 1 Tech Hub (Bengaluru/NCR/Hyd),3,6,220.0,1,1,0,1,1,0,0,0,3,21.45,Job-Ready Mid-Level,14.2,1,1,1,1,3.0,1,0,3,59.7,0,1.12915390830993,3.110648993392775,-0.06418845262128811,Core Systems & Algorithmic Backend Specialists
CP-4075,4.4,M.Tech/M.S,Tier 2 (Top State/Private),Data Analytics & BI,Tier 1 Tech Hub (Bengaluru/NCR/Hyd),1,3,40.0,0,1,1,1,1,0,0,0,4,25.55,High-Demand Specialist,4.6,1,2,1,2,4.0,1,0,4,67.2,3,1.6290466451272194,-0.748800448009296,-0.0898831767485488,Emerging Full-Stack & Entry Developers
CP-4076,6.5,Non-CS Degree,Tier 2 (Top State/Private),Full Stack Web,Tier 1 Tech Hub (Bengaluru/NCR/Hyd),2,5,47.0,1,1,0,0,1,0,0,0,2,28.74,High-Demand Specialist,7.68,1,1,0,2,1.0,1,0,2,57.6,0,-0.7326997782670468,1.7693514914554853,1.2690696635904364,Core Systems & Algorithmic Backend Specialists
CP-4077,0.2,B.Tech/B.E,Tier 2 (Top State/Private),Full Stack Web,Tier 1 Tech Hub (Bengaluru/NCR/Hyd),1,2,120.0,1,1,1,1,1,1,0,0,5,16.99,Job-Ready Mid-Level,5.9,2,2,1,2,3.0,1,0,5,49.4,3,2.020668032046957,-1.6924415976547176,1.524780069948226,Emerging Full-Stack & Entry Developers
CP-4078,0.4,B.Tech/B.E,Tier 1 (IIT/NIT/BITS),Backend Systems,Tier 2 City,1,4,60.0,2,1,1,0,1,0,0,0,3,12.36,Junior Associate,5.8,1,2,0,3,3.0,0,0,3,46.0,1,-0.33859392355042595,-0.24327866802391812,1.3918059382066035,Applied AI/ML & Data Science Specialists
CP-4079,6.4,BCA/B.Sc CS,Tier 3 (Affiliated Colleges),Cloud & DevOps,Remote Global,1,4,0.0,3,1,0,1,0,0,1,0,3,29.0,High-Demand Specialist,4.3,0,2,1,1,2.0,0,1,3,55.1,1,-0.039477441476057716,-0.45466279824540035,-1.2746779793256613,Applied AI/ML & Data Science Specialists
CP-4080,2.9,MCA,Tier 2 (Top State/Private),Data Science & AI/ML,Tier 1 Tech Hub (Bengaluru/NCR/Hyd),2,9,61.0,2,1,1,1,0,1,0,0,4,22.62,Job-Ready Mid-Level,10.82,1,2,1,2,2.5,1,0,4,65.3,0,2.3036675373964575,1.8072880982996877,-0.3397231492160554,Core Systems & Algorithmic Backend Specialists
CP-4081,4.7,Non-CS Degree,Tier 2 (Top State/Private),Data Science & AI/ML,Tier 2 City,0,1,113.0,1,1,1,0,1,0,1,0,4,17.89,Job-Ready Mid-Level,3.53,1,3,0,2,1.0,0,0,4,57.5,1,0.9224977637456407,-1.5694691634516351,1.200038172360599,Applied AI/ML & Data Science Specialists
CP-4082,0.5,M.Tech/M.S,Tier 3 (Affiliated Colleges),Data Science & AI/ML,Tier 1 Tech Hub (Bengaluru/NCR/Hyd),0,7,122.0,2,0,1,0,1,1,0,1,4,18.37,Job-Ready Mid-Level,7.95,2,1,1,1,4.0,1,0,4,49.1,3,1.2142391575616742,-0.4895123625680378,1.8071848717487633,Emerging Full-Stack & Entry Developers
CP-4083,1.9,B.Tech/B.E,Tier 2 (Top State/Private),Data Analytics & BI,Remote Global,0,2,113.0,0,0,1,1,1,0,1,0,4,22.3,Job-Ready Mid-Level,4.22,1,2,1,2,3.0,0,1,4,50.9,3,0.7199060606814797,-1.8408537409675505,0.4446360756243279,Emerging Full-Stack & Entry Developers
CP-4084,2.7,BCA/B.Sc CS,Tier 1 (IIT/NIT/BITS),Full Stack Web,Tier 1 Tech Hub (Bengaluru/NCR/Hyd),1,5,32.0,1,0,0,0,0,1,0,1,2,22.09,Job-Ready Mid-Level,5.8,1,0,1,3,2.0,1,0,2,50.2,2,-1.4194318912232453,0.21838398126108677,0.321127780065785,Cloud & DevOps Infrastructure Architects
CP-4085,2.5,B.Tech/B.E,Tier 3 (Affiliated Colleges),Data Science & AI/ML,Tier 2 City,2,5,45.0,1,1,0,1,0,1,0,0,3,15.5,Job-Ready Mid-Level,7.62,1,1,1,1,3.0,0,0,3,51.2,2,0.03171198768251941,0.5681542585618383,0.2590020870915811,Cloud & DevOps Infrastructure Architects
CP-4086,1.2,B.Tech/B.E,Tier 3 (Affiliated Colleges),Backend Systems,Tier 2 City,0,8,105.0,0,1,1,0,0,1,1,0,4,12.6,Junior Associate,8.22,1,3,0,1,3.0,0,0,4,49.9,1,1.2174334400370515,0.14798803657940507,1.1872783446616508,Applied AI/ML & Data Science Specialists
CP-4087,0.0,B.Tech/B.E,Tier 2 (Top State/Private),Data Science & AI/ML,Tier 1 Tech Hub (Bengaluru/NCR/Hyd),1,3,227.0,0,0,1,1,0,0,1,0,3,16.06,Job-Ready Mid-Level,9.27,0,2,1,2,3.0,1,0,3,45.7,1,-0.18758102096640641,0.4411155714470042,-1.6603018955998656,Applied AI/ML & Data Science Specialists
CP-4088,1.9,B.Tech/B.E,Tier 3 (Affiliated Colleges),Data Science & AI/ML,Tier 1 Tech Hub (Bengaluru/NCR/Hyd),2,5,0.0,1,1,0,1,0,0,0,0,2,14.75,Junior Associate,6.5,0,1,1,1,3.0,1,0,2,42.2,2,-1.6577963450399718,0.6282939577824174,-1.5049661535348884,Cloud & DevOps Infrastructure Architects
CP-4089,0.6,M.Tech/M.S,Tier 2 (Top State/Private),Data Science & AI/ML,Remote Global,1,6,3.0,0,1,1,1,1,1,0,0,5,20.99,Job-Ready Mid-Level,5.78,2,2,1,2,4.0,0,1,5,54.3,3,2.3707914312031324,-1.2494646103995437,1.9169935687364317,Emerging Full-Stack & Entry Developers
CP-4090,1.3,B.Tech/B.E,Tier 2 (Top State/Private),Data Science & AI/ML,Tier 1 Tech Hub (Bengaluru/NCR/Hyd),1,4,139.0,0,1,1,0,1,0,0,0,3,16.0,Job-Ready Mid-Level,7.78,1,2,0,2,3.0,1,0,3,49.7,1,-0.058899282861494345,0.47697577481143927,1.231066695234992,Applied AI/ML & Data Science Specialists
CP-4091,7.0,B.Tech/B.E,Tier 2 (Top State/Private),Full Stack Web,Tier 2 City,2,4,60.0,0,0,0,1,0,0,0,0,1,22.65,Job-Ready Mid-Level,7.3,0,0,1,2,3.0,0,0,1,59.0,2,-1.8812055410423834,1.9081894253497886,-1.1128214789998065,Cloud & DevOps Infrastructure Architects
CP-4092,1.1,B.Tech/B.E,Tier 2 (Top State/Private),Backend Systems,Remote Global,1,6,30.0,1,0,0,0,0,0,1,0,1,16.92,Job-Ready Mid-Level,6.45,0,1,0,2,3.0,0,1,1,38.1,2,-2.95830871385423,0.9811969433498842,0.33130180949222904,Cloud & DevOps Infrastructure Architects
CP-4093,4.0,MCA,Tier 3 (Affiliated Colleges),Backend Systems,Tier 1 Tech Hub (Bengaluru/NCR/Hyd),1,4,42.0,0,1,1,0,0,0,0,0,2,19.39,Job-Ready Mid-Level,5.35,0,2,0,1,2.5,1,0,2,49.2,1,-1.5142435639402545,0.4043246552690986,-0.32953958888977525,Applied AI/ML & Data Science Specialists
CP-4094,0.5,M.Tech/M.S,Tier 3 (Affiliated Colleges),Full Stack Web,Remote Global,0,5,374.0,1,0,1,0,0,1,1,1,4,24.95,High-Demand Specialist,12.85,1,2,1,1,4.0,0,1,4,57.2,0,1.8904757432530437,0.928260376654721,0.4921651067600504,Core Systems & Algorithmic Backend Specialists
CP-4095,2.5,B.Tech/B.E,Tier 2 (Top State/Private),Full Stack Web,Remote Global,0,1,60.0,1,0,1,0,0,1,0,0,2,17.49,Job-Ready Mid-Level,2.2,1,1,0,2,3.0,0,1,2,42.2,2,-2.2057164762392216,-1.485648316333535,2.1285506024668193,Cloud & DevOps Infrastructure Architects
CP-4096,8.3,B.Tech/B.E,Tier 2 (Top State/Private),Cloud & DevOps,Tier 2 City,1,3,44.0,1,1,0,1,1,0,1,0,4,27.82,High-Demand Specialist,4.7,1,2,1,2,3.0,0,0,4,67.2,3,1.8436212213245884,-0.5299230347246516,0.03127027334038193,Emerging Full-Stack & Entry Developers
CP-4097,0.2,B.Tech/B.E,Tier 3 (Affiliated Colleges),Data Science & AI/ML,Tier 1 Tech Hub (Bengaluru/NCR/Hyd),1,2,217.0,0,1,0,1,1,1,0,0,4,16.08,Job-Ready Mid-Level,8.32,2,1,1,1,3.0,1,0,4,45.1,3,0.8096750529139949,-0.5613769166009692,1.7988359725899268,Emerging Full-Stack & Entry Developers
CP-4098,0.0,Non-CS Degree,Tier 2 (Top State/Private),Data Science & AI/ML,Tier 1 Tech Hub (Bengaluru/NCR/Hyd),3,6,0.0,0,1,0,1,0,0,0,0,2,11.3,Junior Associate,8.7,0,1,1,2,1.0,1,0,2,34.3,2,-1.8731579058257695,1.3843628824465082,-1.6982811015774448,Cloud & DevOps Infrastructure Architects
CP-4099,1.3,BCA/B.Sc CS,Tier 2 (Top State/Private),Backend Systems,Tier 1 Tech Hub (Bengaluru/NCR/Hyd),3,6,65.0,0,0,1,0,1,0,0,0,2,18.94,Job-Ready Mid-Level,10.32,1,1,0,2,2.0,1,0,2,46.6,0,-0.9760961062348064,2.314584516401157,1.253079458180777,Core Systems & Algorithmic Backend Specialists
CP-4100,0.2,B.Tech/B.E,Tier 3 (Affiliated Colleges),Data Science & AI/ML,Tier 2 City,2,5,55.0,2,1,0,0,0,1,0,0,2,9.57,Junior Associate,7.88,1,1,0,1,3.0,0,0,2,36.0,2,-1.7483602012110822,0.9088005570523094,1.6457252148612298,Cloud & DevOps Infrastructure Architects
CP-4101,3.0,BCA/B.Sc CS,Tier 3 (Affiliated Colleges),Data Science & AI/ML,Tier 2 City,0,3,63.0,0,1,1,0,1,0,0,0,3,12.93,Junior Associate,3.68,1,2,0,1,2.0,0,0,3,44.0,1,-0.828132337848468,-1.2103176879253394,1.4948299943300383,Applied AI/ML & Data Science Specialists
CP-4102,5.4,B.Tech/B.E,Tier 3 (Affiliated Colleges),Full Stack Web,Tier 2 City,3,9,239.0,1,0,0,0,0,1,0,0,1,21.46,Job-Ready Mid-Level,16.77,1,0,0,1,3.0,0,0,1,67.7,0,-0.39991664583129544,5.695652882889421,1.6619713738201538,Core Systems & Algorithmic Backend Specialists
CP-4103,1.3,M.Tech/M.S,Tier 2 (Top State/Private),Full Stack Web,Tier 1 Tech Hub (Bengaluru/NCR/Hyd),1,7,44.0,1,1,1,1,0,0,1,0,4,19.16,Job-Ready Mid-Level,7.5,0,3,1,2,4.0,1,0,4,56.5,1,1.5292903667326787,0.16328294517073397,-1.985775254158293,Applied AI/ML & Data Science Specialists
CP-4104,0.7,B.Tech/B.E,Tier 3 (Affiliated Colleges),Data Science & AI/ML,Tier 1 Tech Hub (Bengaluru/NCR/Hyd),1,5,0.0,2,1,0,1,1,0,0,0,3,12.46,Junior Associate,5.0,1,1,1,1,3.0,1,0,3,37.9,2,-0.8170590425227029,-0.7923973591650885,0.13321002136306215,Cloud & DevOps Infrastructure Architects
CP-4105,1.3,B.Tech/B.E,Tier 2 (Top State/Private),Data Science & AI/ML,Tier 2 City,1,2,244.0,0,0,1,0,0,1,0,0,2,12.92,Junior Associate,9.0,1,1,0,2,3.0,0,0,2,47.5,2,-1.3025268269726267,0.9981987710411767,1.7495997115182569,Cloud & DevOps Infrastructure Architects
CP-4106,2.8,B.Tech/B.E,Tier 2 (Top State/Private),Full Stack Web,Tier 2 City,0,2,30.0,1,1,0,1,0,0,0,0,2,11.11,Junior Associate,2.15,0,1,1,2,3.0,0,0,2,43.6,2,-2.1969155577518484,-1.3700850922177172,-1.14351156719032,Cloud & DevOps Infrastructure Architects
CP-4107,0.0,B.Tech/B.E,Tier 2 (Top State/Private),Cloud & DevOps,Remote Global,0,7,37.0,1,1,1,1,1,1,1,1,7,22.11,Job-Ready Mid-Level,5.82,2,3,2,2,3.0,0,1,7,52.4,3,4.59448088942259,-2.8431189326953143,0.3357275760655643,Emerging Full-Stack & Entry Developers
CP-4108,2.0,Non-CS Degree,Tier 2 (Top State/Private),Data Science & AI/ML,Tier 2 City,2,5,31.0,0,1,1,0,0,0,0,0,2,11.02,Junior Associate,7.28,0,2,0,2,1.0,0,0,2,41.9,1,-1.6738134840044379,1.056236269803372,-0.32066873358876624,Applied AI/ML & Data Science Specialists
CP-4109,2.1,B.Tech/B.E,Tier 2 (Top State/Private),Full Stack Web,Tier 2 City,1,5,379.0,0,0,1,1,0,0,0,0,2,15.93,Job-Ready Mid-Level,14.48,0,1,1,2,3.0,0,0,2,60.7,0,-0.17134689965606695,3.1636644686925637,-1.3096152377268684,Core Systems & Algorithmic Backend Specialists
CP-4110,2.2,MCA,Tier 2 (Top State/Private),Cloud & DevOps,Tier 2 City,1,3,46.0,0,1,1,0,1,0,0,0,3,12.43,Junior Associate,4.75,1,2,0,2,2.5,0,0,3,47.6,1,-0.47836448446784263,-0.5688324719066477,1.4184549100872248,Applied AI/ML & Data Science Specialists
CP-4111,0.6,M.Tech/M.S,Tier 1 (IIT/NIT/BITS),Backend Systems,Tier 2 City,1,3,31.0,1,1,1,1,1,0,0,0,4,15.77,Job-Ready Mid-Level,4.38,1,2,1,3,4.0,0,0,4,52.0,3,0.9150576711250645,-1.349530363012425,0.09372770328784631,Emerging Full-Stack & Entry Developers
CP-4112,2.8,B.Tech/B.E,Tier 3 (Affiliated Colleges),Full Stack Web,Tier 1 Tech Hub (Bengaluru/NCR/Hyd),2,4,44.0,1,1,1,1,0,0,1,0,4,20.91,Job-Ready Mid-Level,6.9,0,3,1,1,3.0,1,0,4,55.7,1,1.3593761182880917,-0.07516864144751409,-1.9921240554041513,Applied AI/ML & Data Science Specialists
CP-4113,0.2,B.Tech/B.E,Tier 2 (Top State/Private),Data Science & AI/ML,Remote Global,1,9,371.0,0,1,1,1,0,0,0,1,4,21.54,Job-Ready Mid-Level,17.08,0,2,2,2,3.0,0,1,4,60.4,0,2.4419277127559647,2.8813350041842125,-2.7093014505425193,Core Systems & Algorithmic Backend Specialists
CP-4114,0.5,B.Tech/B.E,Tier 1 (IIT/NIT/BITS),Full Stack Web,Tier 2 City,1,9,140.0,0,1,1,0,0,0,0,1,3,13.95,Junior Associate,11.3,0,2,1,3,3.0,0,0,3,55.7,0,0.5866118653684304,1.8632200109746322,-1.648533159996846,Core Systems & Algorithmic Backend Specialists
CP-4115,4.6,M.Tech/M.S,Tier 2 (Top State/Private),Data Analytics & BI,Tier 1 Tech Hub (Bengaluru/NCR/Hyd),0,5,0.0,0,1,1,0,1,0,0,0,3,24.05,High-Demand Specialist,3.5,1,2,0,2,4.0,1,0,3,62.2,1,0.1873098103097124,-0.48203978919649326,1.2916009685463574,Applied AI/ML & Data Science Specialists
CP-4116,3.0,B.Tech/B.E,Tier 1 (IIT/NIT/BITS),Data Science & AI/ML,Tier 1 Tech Hub (Bengaluru/NCR/Hyd),0,4,110.0,0,1,1,1,0,1,1,0,5,25.35,High-Demand Specialist,5.55,1,3,1,3,3.0,1,0,5,67.0,3,2.7910773659910073,-1.204314748493121,-0.33375358468899735,Emerging Full-Stack & Entry Developers
CP-4117,0.0,B.Tech/B.E,Tier 3 (Affiliated Colleges),Full Stack Web,Tier 1 Tech Hub (Bengaluru/NCR/Hyd),3,9,250.0,0,1,1,1,0,0,0,0,3,16.31,Job-Ready Mid-Level,17.05,0,2,1,1,3.0,1,0,3,51.0,0,1.0368892905330418,4.014582950574504,-1.927819281261998,Core Systems & Algorithmic Backend Specialists
CP-4118,0.6,B.Tech/B.E,Tier 1 (IIT/NIT/BITS),Data Science & AI/ML,Tier 1 Tech Hub (Bengaluru/NCR/Hyd),1,3,107.0,0,0,0,0,0,0,1,1,2,20.2,Job-Ready Mid-Level,6.28,0,1,1,3,3.0,1,0,2,43.7,2,-1.7203237530059317,-0.02440718840785016,-1.4172362409875,Cloud & DevOps Infrastructure Architects
CP-4119,0.5,M.Tech/M.S,Tier 3 (Affiliated Colleges),Data Science & AI/ML,Tier 1 Tech Hub (Bengaluru/NCR/Hyd),1,6,107.0,0,0,1,0,0,0,0,0,1,11.09,Junior Associate,8.38,0,1,0,1,4.0,1,0,1,37.3,2,-2.8282011733957857,1.546416918555302,-0.044166499403821995,Cloud & DevOps Infrastructure Architects
CP-4120,0.7,B.Tech/B.E,Tier 1 (IIT/NIT/BITS),Full Stack Web,Tier 1 Tech Hub (Bengaluru/NCR/Hyd),1,4,27.0,1,1,1,0,0,0,0,0,2,13.83,Junior Associate,4.97,0,2,0,3,3.0,1,0,2,42.0,1,-1.8306577425148114,0.03738042877669781,-0.34576067138456096,Applied AI/ML & Data Science Specialists
CP-4121,0.6,B.Tech/B.E,Tier 2 (Top State/Private),Full Stack Web,Tier 1 Tech Hub (Bengaluru/NCR/Hyd),2,6,140.0,1,1,1,0,1,1,0,0,4,19.05,Job-Ready Mid-Level,10.7,2,2,0,2,3.0,1,0,4,55.2,0,1.790550242699513,1.279521304552394,2.702667817918218,Core Systems & Algorithmic Backend Specialists
CP-4122,0.1,B.Tech/B.E,Tier 3 (Affiliated Colleges),Data Analytics & BI,Tier 1 Tech Hub (Bengaluru/NCR/Hyd),1,6,113.0,0,1,0,1,0,0,0,0,2,10.64,Junior Associate,8.52,0,1,1,1,3.0,1,0,2,36.6,2,-1.8200099357892119,0.8852521247371855,-1.4528342369235339,Cloud & DevOps Infrastructure Architects
CP-4123,1.4,B.Tech/B.E,Tier 3 (Affiliated Colleges),Cloud & DevOps,Tier 2 City,1,5,0.0,0,0,1,0,0,1,0,0,2,10.85,Junior Associate,5.0,1,1,0,1,3.0,0,0,2,37.2,2,-2.0316510579901768,-0.16384026686283562,1.716375907274563,Cloud & DevOps Infrastructure Architects
CP-4124,2.9,M.Tech/M.S,Tier 1 (IIT/NIT/BITS),Full Stack Web,Tier 1 Tech Hub (Bengaluru/NCR/Hyd),1,7,40.0,2,0,0,0,1,0,1,0,2,25.36,High-Demand Specialist,7.4,1,1,0,3,4.0,1,0,2,60.2,2,-0.4914356374972445,1.5061339806696283,1.386577975413208,Cloud & DevOps Infrastructure Architects
CP-4125,2.1,B.Tech/B.E,Tier 3 (Affiliated Colleges),Full Stack Web,Tier 1 Tech Hub (Bengaluru/NCR/Hyd),0,3,0.0,0,0,1,1,0,1,0,1,4,18.5,Job-Ready Mid-Level,2.1,1,1,2,1,3.0,1,0,4,44.2,3,0.1465014005917154,-2.844108222382635,-1.0483318824285242,Emerging Full-Stack & Entry Developers
CP-4126,2.5,M.Tech/M.S,Tier 2 (Top State/Private),Full Stack Web,Tier 1 Tech Hub (Bengaluru/NCR/Hyd),3,7,242.0,0,1,0,0,1,0,0,0,2,23.5,Job-Ready Mid-Level,15.45,1,1,0,2,4.0,1,0,2,66.7,0,0.5091494738889545,4.553985255925253,1.273975307400038,Core Systems & Algorithmic Backend Specialists
CP-4127,0.2,BCA/B.Sc CS,Tier 3 (Affiliated Colleges),Data Science & AI/ML,Tier 1 Tech Hub (Bengaluru/NCR/Hyd),3,7,124.0,0,1,0,0,0,1,0,0,2,13.77,Junior Associate,12.5,1,1,0,1,2.0,1,0,2,40.6,0,-1.1134045275578215,2.874568388979481,1.2941590342241922,Core Systems & Algorithmic Backend Specialists
CP-4128,6.7,BCA/B.Sc CS,Tier 3 (Affiliated Colleges),Backend Systems,Tier 1 Tech Hub (Bengaluru/NCR/Hyd),3,6,55.0,1,1,1,0,1,1,0,0,4,31.4,High-Demand Specialist,10.07,2,2,0,1,2.0,1,0,4,68.9,0,2.5120212434645683,1.9190182761304042,2.588615081454894,Core Systems & Algorithmic Backend Specialists
CP-4129,4.0,BCA/B.Sc CS,Tier 3 (Affiliated Colleges),Backend Systems,Tier 2 City,3,5,234.0,0,1,1,1,0,1,0,0,4,20.74,Job-Ready Mid-Level,13.85,1,2,1,1,2.0,0,0,4,70.2,0,2.623659188974427,2.642759079963918,-0.1255664561033559,Core Systems & Algorithmic Backend Specialists
CP-4130,3.6,B.Tech/B.E,Tier 3 (Affiliated Colleges),Data Science & AI/ML,Tier 2 City,2,6,125.0,3,1,0,0,1,0,0,0,2,17.0,Job-Ready Mid-Level,10.32,1,1,0,1,3.0,0,0,2,57.1,0,-0.4386992965728863,2.4279042248568854,1.544256007941545,Core Systems & Algorithmic Backend Specialists
CP-4131,3.8,B.Tech/B.E,Tier 2 (Top State/Private),Data Science & AI/ML,Tier 1 Tech Hub (Bengaluru/NCR/Hyd),1,2,207.0,0,1,0,0,1,0,1,0,3,23.91,Job-Ready Mid-Level,8.07,1,2,0,2,3.0,1,0,3,62.7,0,0.5397825327077929,0.7875006706101234,1.2478907153024346,Core Systems & Algorithmic Backend Specialists
CP-4132,5.9,BCA/B.Sc CS,Tier 3 (Affiliated Colleges),Data Science & AI/ML,Tier 2 City,2,3,5.0,0,0,1,1,1,0,0,1,4,22.35,Job-Ready Mid-Level,5.22,1,1,2,1,2.0,0,0,4,60.8,3,1.3646011481886773,-0.8591450776134884,-1.1129458049407492,Emerging Full-Stack & Entry Developers
CP-4133,1.7,B.Tech/B.E,Tier 2 (Top State/Private),Cloud & DevOps,Tier 1 Tech Hub (Bengaluru/NCR/Hyd),1,4,52.0,1,0,0,0,0,1,1,0,2,18.69,Job-Ready Mid-Level,5.6,1,1,0,2,3.0,1,0,2,43.9,2,-1.631331958849438,0.1520697399356334,1.5118245318359596,Cloud & DevOps Infrastructure Architects
CP-4134,0.5,BCA/B.Sc CS,Tier 1 (IIT/NIT/BITS),Cloud & DevOps,Remote Global,0,5,132.0,0,1,0,0,1,1,0,0,3,18.36,Job-Ready Mid-Level,6.8,2,1,0,3,2.0,0,1,3,45.1,2,-0.4578232733933929,-0.1952947804687891,3.5065843290173637,Cloud & DevOps Infrastructure Architects
CP-4135,2.1,B.Tech/B.E,Tier 1 (IIT/NIT/BITS),Data Analytics & BI,Remote Global,1,4,0.0,0,0,1,0,1,1,0,0,3,24.55,High-Demand Specialist,4.3,2,1,0,3,3.0,0,1,3,52.0,2,-0.22551169192611684,-0.6362130454310035,3.504449931300774,Cloud & DevOps Infrastructure Architects
CP-4136,3.0,MCA,Tier 1 (IIT/NIT/BITS),Data Analytics & BI,Tier 1 Tech Hub (Bengaluru/NCR/Hyd),3,5,31.0,1,0,1,0,0,1,1,0,3,27.3,High-Demand Specialist,8.78,1,2,0,3,2.5,1,0,3,62.4,0,0.837385293117657,1.6680799526668704,1.0310826807938365,Core Systems & Algorithmic Backend Specialists
CP-4137,2.9,BCA/B.Sc CS,Tier 3 (Affiliated Colleges),Full Stack Web,Tier 2 City,1,6,29.0,0,1,1,0,1,0,0,1,4,15.89,Job-Ready Mid-Level,6.42,1,2,1,1,2.0,0,0,4,52.3,3,1.0680117049658946,-0.5203920338571456,0.005677200476456914,Emerging Full-Stack & Entry Developers
CP-4138,1.6,B.Tech/B.E,Tier 2 (Top State/Private),Cloud & DevOps,Tier 2 City,2,4,113.0,2,0,1,0,1,0,0,0,2,12.07,Junior Associate,8.62,1,1,0,2,3.0,0,0,2,48.4,2,-1.059523992255979,1.3870621410522834,1.5933299488655956,Cloud & DevOps Infrastructure Architects
CP-4139,0.2,B.Tech/B.E,Tier 2 (Top State/Private),Cloud & DevOps,Tier 2 City,0,3,71.0,1,1,1,0,0,0,0,0,2,8.31,Entry-Level Learner,3.87,0,2,0,2,3.0,0,0,2,33.5,1,-2.4349944248991444,-0.9213302894974369,-0.030195620841921577,Applied AI/ML & Data Science Specialists
CP-4140,1.0,M.Tech/M.S,Tier 1 (IIT/NIT/BITS),Full Stack Web,Tier 2 City,0,2,45.0,0,1,0,0,0,1,0,1,3,13.21,Junior Associate,2.52,1,1,1,3,4.0,0,0,3,46.7,2,-0.8429536290368831,-1.9655591186325845,0.4980331021312989,Cloud & DevOps Infrastructure Architects
CP-4141,5.6,M.Tech/M.S,Tier 2 (Top State/Private),Full Stack Web,Remote Global,1,4,44.0,0,0,0,0,1,0,1,0,2,33.8,High-Demand Specialist,5.4,1,1,0,2,4.0,0,1,2,63.2,2,-0.6697883488904479,0.7031725471983232,1.9440952401780065,Cloud & DevOps Infrastructure Architects
CP-4142,1.9,B.Tech/B.E,Tier 3 (Affiliated Colleges),Cloud & DevOps,Tier 1 Tech Hub (Bengaluru/NCR/Hyd),0,1,22.0,0,0,1,0,1,0,0,0,2,11.84,Junior Associate,1.25,1,1,0,1,3.0,1,0,2,33.5,2,-2.6875691720445247,-1.934295806753394,1.676036093481188,Cloud & DevOps Infrastructure Architects
CP-4143,1.7,MCA,Tier 2 (Top State/Private),Cloud & DevOps,Tier 2 City,0,5,244.0,1,0,1,0,1,0,1,0,3,16.53,Job-Ready Mid-Level,9.6,1,2,0,2,2.5,0,0,3,53.1,0,0.2911533450522692,0.8885613746473839,1.420074799117884,Core Systems & Algorithmic Backend Specialists
CP-4144,0.7,B.Tech/B.E,Tier 3 (Affiliated Colleges),Cloud & DevOps,Tier 2 City,0,5,61.0,1,1,0,1,0,0,1,0,3,9.51,Junior Associate,5.03,0,2,1,1,3.0,0,0,3,37.9,1,-0.9264154722470531,-1.0109860537182658,-1.4322703027084116,Applied AI/ML & Data Science Specialists
CP-4145,1.0,B.Tech/B.E,Tier 3 (Affiliated Colleges),Cloud & DevOps,Tier 2 City,2,3,41.0,2,1,0,0,0,0,0,0,1,7.62,Entry-Level Learner,6.12,0,1,0,1,3.0,0,0,1,32.9,2,-3.284260536320464,0.7493404661476895,0.10331529776004907,Cloud & DevOps Infrastructure Architects
CP-4146,5.0,MCA,Tier 3 (Affiliated Colleges),Data Analytics & BI,Tier 2 City,0,4,26.0,1,1,1,0,0,0,0,1,3,19.18,Job-Ready Mid-Level,3.45,0,2,1,1,2.5,0,0,3,55.2,1,-0.3238093247552594,-1.1098794056329753,-1.4243967440472842,Applied AI/ML & Data Science Specialists
CP-4147,2.4,MCA,Tier 2 (Top State/Private),Cloud & DevOps,Tier 1 Tech Hub (Bengaluru/NCR/Hyd),0,5,52.0,2,1,1,0,0,1,0,0,3,16.23,Job-Ready Mid-Level,4.8,1,2,0,2,2.5,1,0,3,48.6,1,-0.37825406801309736,-0.5586315259912948,1.2848907395305023,Applied AI/ML & Data Science Specialists
CP-4148,3.4,BCA/B.Sc CS,Tier 3 (Affiliated Colleges),Full Stack Web,Tier 1 Tech Hub (Bengaluru/NCR/Hyd),0,3,235.0,0,1,0,0,0,0,0,0,1,14.8,Junior Associate,7.98,0,1,0,1,2.0,1,0,1,44.9,2,-2.7947574625360305,1.2619339022323943,-0.01233802612786657,Cloud & DevOps Infrastructure Architects
CP-4149,1.3,MCA,Tier 2 (Top State/Private),Cloud & DevOps,Tier 1 Tech Hub (Bengaluru/NCR/Hyd),1,2,367.0,0,1,1,0,0,0,0,0,2,17.09,Job-Ready Mid-Level,12.08,0,2,0,2,2.5,1,0,2,51.1,0,-0.9211678021056504,2.1633099862239153,-0.3053249713755014,Core Systems & Algorithmic Backend Specialists
CP-4150,2.2,B.Tech/B.E,Tier 3 (Affiliated Colleges),Full Stack Web,Tier 1 Tech Hub (Bengaluru/NCR/Hyd),1,6,56.0,2,1,1,1,1,0,1,0,5,21.85,Job-Ready Mid-Level,7.1,1,3,1,1,3.0,1,0,5,57.2,3,2.6875330321518787,-0.6171471663627188,-0.41651258864495955,Emerging Full-Stack & Entry Developers
CP-4151,0.6,MCA,Tier 2 (Top State/Private),Data Science & AI/ML,Tier 1 Tech Hub (Bengaluru/NCR/Hyd),1,6,16.0,0,0,0,1,1,0,1,0,3,18.01,Job-Ready Mid-Level,6.1,1,1,1,2,2.5,1,0,3,41.8,2,-0.5354912333106768,-0.29576654128661367,0.04825539561794106,Cloud & DevOps Infrastructure Architects
CP-4152,2.7,B.Tech/B.E,Tier 2 (Top State/Private),Data Science & AI/ML,Remote Global,1,5,72.0,2,1,1,0,0,0,1,1,4,24.92,High-Demand Specialist,6.8,0,3,1,2,3.0,0,1,4,59.2,1,1.4942559411328393,-0.32945389036555706,-1.497127955997882,Applied AI/ML & Data Science Specialists
CP-4153,1.2,B.Tech/B.E,Tier 1 (IIT/NIT/BITS),Cloud & DevOps,Tier 2 City,0,3,47.0,0,1,0,0,1,0,0,0,2,11.04,Junior Associate,3.27,1,1,0,3,3.0,0,0,2,41.7,2,-2.1023739257205585,-0.8527512284038254,1.7307565315045754,Cloud & DevOps Infrastructure Architects
CP-4154,1.3,B.Tech/B.E,Tier 3 (Affiliated Colleges),Cloud & DevOps,Tier 2 City,1,4,125.0,0,1,0,0,0,1,1,0,3,13.18,Junior Associate,7.42,1,2,0,1,3.0,0,0,3,44.9,1,-0.33310820899454896,0.1631408402079369,1.4726622673088137,Applied AI/ML & Data Science Specialists
CP-4155,2.3,B.Tech/B.E,Tier 2 (Top State/Private),Backend Systems,Tier 1 Tech Hub (Bengaluru/NCR/Hyd),2,5,49.0,1,0,1,0,1,0,0,0,2,19.25,Job-Ready Mid-Level,7.72,1,1,0,2,3.0,1,0,2,50.4,2,-1.0345157756595555,1.3344371206325365,1.3824868082983295,Cloud & DevOps Infrastructure Architects
CP-4156,6.1,B.Tech/B.E,Tier 2 (Top State/Private),Full Stack Web,Tier 2 City,0,4,137.0,1,1,1,1,0,1,0,1,5,23.64,Job-Ready Mid-Level,6.22,1,2,2,2,3.0,0,0,5,73.9,3,3.1760421557625444,-1.0790089777290264,-1.222098881268965,Emerging Full-Stack & Entry Developers
CP-4157,0.1,B.Tech/B.E,Tier 2 (Top State/Private),Full Stack Web,Tier 2 City,1,5,107.0,2,1,1,0,0,1,1,0,4,13.1,Junior Associate,7.68,1,3,0,2,3.0,0,0,4,47.7,1,1.1008161333769548,-0.16027518070874763,1.176039026068286,Applied AI/ML & Data Science Specialists
CP-4158,3.8,B.Tech/B.E,Tier 3 (Affiliated Colleges),Data Science & AI/ML,Tier 2 City,0,2,30.0,2,1,1,1,0,1,1,1,6,18.01,Job-Ready Mid-Level,2.15,1,3,2,1,3.0,0,0,6,61.1,3,3.3205483451470332,-3.502869033324384,-1.368557312892821,Emerging Full-Stack & Entry Developers
CP-4159,0.8,B.Tech/B.E,Tier 3 (Affiliated Colleges),Data Science & AI/ML,Tier 1 Tech Hub (Bengaluru/NCR/Hyd),0,3,153.0,1,1,1,1,0,0,0,0,3,10.86,Junior Associate,5.92,0,2,1,1,3.0,1,0,3,39.9,1,-0.8379815717176637,-0.8707540867742536,-1.5544693291346598,Applied AI/ML & Data Science Specialists
CP-4160,1.3,BCA/B.Sc CS,Tier 2 (Top State/Private),Data Analytics & BI,Tier 1 Tech Hub (Bengaluru/NCR/Hyd),1,4,232.0,0,1,0,1,0,0,1,1,4,21.61,Job-Ready Mid-Level,10.1,0,2,2,2,2.0,1,0,4,54.6,3,1.3604285311045776,0.2625994145068846,-3.085327600153551,Emerging Full-Stack & Entry Developers
CP-4161,0.0,B.Tech/B.E,Tier 3 (Affiliated Colleges),Data Science & AI/ML,Tier 2 City,1,3,26.0,1,1,0,0,0,1,0,1,3,8.31,Entry-Level Learner,4.25,1,1,1,1,3.0,0,0,3,33.1,2,-1.256764272641376,-1.55718802077726,0.43895435689547174,Cloud & DevOps Infrastructure Architects
CP-4162,0.8,B.Tech/B.E,Tier 2 (Top State/Private),Cloud & DevOps,Tier 1 Tech Hub (Bengaluru/NCR/Hyd),0,2,236.0,1,1,1,0,0,0,0,0,2,12.19,Junior Associate,7.3,0,2,0,2,3.0,1,0,2,42.2,1,-1.7572370801201775,0.26382689368660406,-0.20089678246677642,Applied AI/ML & Data Science Specialists
CP-4163,1.5,M.Tech/M.S,Tier 2 (Top State/Private),Cloud & DevOps,Remote Global,0,2,130.0,3,1,0,0,0,0,1,1,3,21.34,Job-Ready Mid-Level,4.65,0,2,1,2,4.0,0,1,3,48.6,1,-0.4547907225112478,-1.2818549346313228,-1.049464116152747,Applied AI/ML & Data Science Specialists
CP-4164,0.1,MCA,Tier 3 (Affiliated Colleges),Full Stack Web,Remote Global,3,7,29.0,0,1,0,1,0,0,1,0,3,15.86,Job-Ready Mid-Level,10.12,0,2,1,1,2.5,0,1,3,41.8,0,-0.11396310563073943,1.4500676977569764,-1.4327647292688126,Core Systems & Algorithmic Backend Specialists
CP-4165,1.5,M.Tech/M.S,Tier 1 (IIT/NIT/BITS),Backend Systems,Remote Global,2,5,215.0,0,1,0,1,0,1,1,1,5,33.43,High-Demand Specialist,11.88,1,2,2,3,4.0,0,1,5,73.1,3,3.7369458818283396,0.9423677397069711,-1.0882729349619773,Emerging Full-Stack & Entry Developers
CP-4166,5.8,B.Tech/B.E,Tier 2 (Top State/Private),Full Stack Web,Tier 2 City,2,3,114.0,1,1,0,0,0,1,0,0,2,21.9,Job-Ready Mid-Level,7.95,1,1,0,2,3.0,0,0,2,64.3,0,-0.4478509121963999,1.7054580848347856,1.6165731578450957,Core Systems & Algorithmic Backend Specialists
CP-4167,0.2,M.Tech/M.S,Tier 2 (Top State/Private),Full Stack Web,Remote Global,1,6,39.0,0,1,1,1,0,1,0,0,4,17.1,Job-Ready Mid-Level,6.67,1,2,1,2,4.0,0,1,4,49.6,3,1.0195943165960122,-0.5368868149616679,0.3620759220379904,Emerging Full-Stack & Entry Developers
CP-4168,3.2,B.Tech/B.E,Tier 2 (Top State/Private),Backend Systems,Tier 2 City,1,5,60.0,0,0,1,0,0,0,0,0,1,14.42,Junior Associate,6.5,0,1,0,2,3.0,0,0,1,48.7,2,-2.529496572489753,1.2833708678665812,0.06872960990773648,Cloud & DevOps Infrastructure Architects
CP-4169,1.2,B.Tech/B.E,Tier 2 (Top State/Private),Backend Systems,Tier 1 Tech Hub (Bengaluru/NCR/Hyd),1,6,253.0,1,1,1,1,1,0,1,0,5,22.5,Job-Ready Mid-Level,12.02,1,3,1,2,3.0,1,0,5,64.6,0,3.421980493665235,1.0209851182193266,-0.45502711309955785,Core Systems & Algorithmic Backend Specialists
CP-4170,2.3,B.Tech/B.E,Tier 2 (Top State/Private),Data Science & AI/ML,Tier 1 Tech Hub (Bengaluru/NCR/Hyd),0,3,0.0,2,1,0,0,0,1,0,0,2,13.84,Junior Associate,2.1,1,1,0,2,3.0,1,0,2,41.0,2,-2.1890627655862014,-1.2115764304366958,1.6118134843313001,Cloud & DevOps Infrastructure Architects
CP-4171,0.7,M.Tech/M.S,Tier 1 (IIT/NIT/BITS),Data Science & AI/ML,Tier 1 Tech Hub (Bengaluru/NCR/Hyd),1,5,52.0,0,1,1,0,0,0,0,0,2,16.16,Job-Ready Mid-Level,6.3,0,2,0,3,4.0,1,0,2,47.3,1,-1.4214656636320528,0.667335630426195,-0.33579739351171944,Applied AI/ML & Data Science Specialists
CP-4172,0.4,B.Tech/B.E,Tier 2 (Top State/Private),Data Science & AI/ML,Tier 1 Tech Hub (Bengaluru/NCR/Hyd),1,2,54.0,0,1,0,0,1,0,1,0,3,14.35,Junior Associate,4.25,1,2,0,2,3.0,1,0,3,39.3,1,-0.8969778202383508,-1.066899932145109,1.291562145201851,Applied AI/ML & Data Science Specialists
CP-4173,0.4,B.Tech/B.E,Tier 2 (Top State/Private),Full Stack Web,Tier 1 Tech Hub (Bengaluru/NCR/Hyd),0,2,37.0,2,0,0,1,1,0,0,0,2,11.76,Junior Associate,2.33,1,0,1,2,3.0,1,0,2,31.9,2,-2.6319122395300294,-1.7797133412284267,0.5073235105735889,Cloud & DevOps Infrastructure Architects
CP-4174,0.2,B.Tech/B.E,Tier 2 (Top State/Private),Backend Systems,Tier 1 Tech Hub (Bengaluru/NCR/Hyd),2,5,124.0,2,0,1,1,0,0,0,0,2,16.69,Job-Ready Mid-Level,9.6,0,1,1,2,3.0,1,0,2,43.0,2,-1.2839439113901943,1.4591410194242995,-1.525147498613984,Cloud & DevOps Infrastructure Architects
CP-4175,0.5,MCA,Tier 1 (IIT/NIT/BITS),Cloud & DevOps,Tier 2 City,0,1,26.0,0,1,0,0,0,0,1,1,3,12.94,Junior Associate,1.35,0,2,1,3,2.5,0,0,3,37.6,1,-1.451577134828167,-2.5929365549075576,-1.3757780628980816,Applied AI/ML & Data Science Specialists
CP-4176,2.4,BCA/B.Sc CS,Tier 3 (Affiliated Colleges),Full Stack Web,Tier 1 Tech Hub (Bengaluru/NCR/Hyd),1,3,49.0,1,0,0,0,0,0,0,1,1,15.7,Job-Ready Mid-Level,4.82,0,0,1,1,2.0,1,0,1,34.6,2,-3.48628318661172,-0.12912199324204288,-1.1446538548351306,Cloud & DevOps Infrastructure Architects
CP-4177,4.7,B.Tech/B.E,Tier 2 (Top State/Private),Backend Systems,Tier 1 Tech Hub (Bengaluru/NCR/Hyd),0,7,248.0,0,1,1,0,1,0,1,0,4,29.56,High-Demand Specialist,11.1,1,3,0,2,3.0,1,0,4,76.4,0,2.7266072378258737,1.793209570636642,0.9204894312002359,Core Systems & Algorithmic Backend Specialists
CP-4178,3.7,BCA/B.Sc CS,Tier 3 (Affiliated Colleges),Full Stack Web,Tier 2 City,1,3,147.0,2,1,1,0,0,1,1,0,4,17.0,Job-Ready Mid-Level,7.28,1,3,0,1,2.0,0,0,4,57.7,1,1.4303799350328261,-0.11851507728525833,1.1894116884536783,Applied AI/ML & Data Science Specialists
CP-4179,2.5,B.Tech/B.E,Tier 3 (Affiliated Colleges),Full Stack Web,Tier 2 City,0,3,216.0,1,1,1,1,0,1,0,0,4,16.17,Job-Ready Mid-Level,7.5,1,2,1,1,3.0,0,0,4,55.2,3,1.1893943064044923,-0.5943871270080084,0.1974820054089262,Emerging Full-Stack & Entry Developers
CP-4180,0.3,BCA/B.Sc CS,Tier 3 (Affiliated Colleges),Backend Systems,Remote Global,0,3,49.0,1,1,0,1,0,0,0,0,2,6.91,Entry-Level Learner,3.32,0,1,1,1,2.0,0,1,2,25.8,2,-2.968416619384864,-1.535147998621322,-0.875291313477091,Cloud & DevOps Infrastructure Architects
CP-4181,0.8,B.Tech/B.E,Tier 2 (Top State/Private),Data Analytics & BI,Tier 2 City,1,5,108.0,2,1,0,1,0,0,0,1,3,13.41,Junior Associate,7.7,0,1,2,2,3.0,0,0,3,47.0,2,-0.26103454754269617,-0.05008020947615197,-2.622745575337097,Cloud & DevOps Infrastructure Architects
CP-4182,0.8,MCA,Tier 2 (Top State/Private),Data Analytics & BI,Tier 1 Tech Hub (Bengaluru/NCR/Hyd),1,4,146.0,3,1,1,1,0,0,0,0,3,15.75,Job-Ready Mid-Level,7.95,0,2,1,2,2.5,1,0,3,45.9,1,-0.23472636774135328,0.24498699394217976,-1.7072531430595426,Applied AI/ML & Data Science Specialists
CP-4183,0.6,B.Tech/B.E,Tier 2 (Top State/Private),Full Stack Web,Tier 1 Tech Hub (Bengaluru/NCR/Hyd),1,4,36.0,0,0,1,1,1,0,0,0,3,13.82,Junior Associate,5.2,1,1,1,2,3.0,1,0,3,41.9,2,-0.6741426052978479,-0.770417375643168,0.1328195290437155,Cloud & DevOps Infrastructure Architects
CP-4184,1.6,BCA/B.Sc CS,Tier 3 (Affiliated Colleges),Data Analytics & BI,Tier 1 Tech Hub (Bengaluru/NCR/Hyd),0,5,111.0,0,1,1,1,1,1,1,0,6,20.35,Job-Ready Mid-Level,6.28,2,3,1,1,2.0,1,0,6,53.9,3,3.4199252933328106,-1.9098138116724586,1.2368579147289278,Emerging Full-Stack & Entry Developers
CP-4185,1.7,B.Tech/B.E,Tier 2 (Top State/Private),Data Science & AI/ML,Tier 1 Tech Hub (Bengaluru/NCR/Hyd),1,2,22.0,1,1,1,0,0,0,0,0,2,12.34,Junior Associate,3.45,0,2,0,2,3.0,1,0,2,40.3,1,-2.108254130772837,-0.652780604170802,-0.26485176770702795,Applied AI/ML & Data Science Specialists
CP-4186,1.0,B.Tech/B.E,Tier 3 (Affiliated Colleges),Cloud & DevOps,Tier 1 Tech Hub (Bengaluru/NCR/Hyd),1,4,64.0,1,0,1,1,0,0,0,1,3,14.64,Junior Associate,5.9,0,1,2,1,3.0,1,0,3,40.9,2,-0.7285974110996241,-0.8966275582966126,-2.733270776320595,Cloud & DevOps Infrastructure Architects
CP-4187,1.0,B.Tech/B.E,Tier 3 (Affiliated Colleges),Backend Systems,Remote Global,0,1,136.0,1,0,1,0,0,1,0,0,2,13.64,Junior Associate,4.1,1,1,0,1,3.0,0,1,2,33.7,2,-2.4501698594766013,-1.225976428182608,2.1716796970671037,Cloud & DevOps Infrastructure Architects
CP-4188,3.9,B.Tech/B.E,Tier 2 (Top State/Private),Full Stack Web,Tier 1 Tech Hub (Bengaluru/NCR/Hyd),2,6,67.0,1,1,1,1,0,0,0,0,3,22.54,Job-Ready Mid-Level,8.88,0,2,1,2,3.0,1,0,3,64.5,0,0.8149905326674025,1.5564067167725568,-1.837748862515079,Core Systems & Algorithmic Backend Specialists
CP-4189,3.4,B.Tech/B.E,Tier 1 (IIT/NIT/BITS),Data Analytics & BI,Tier 1 Tech Hub (Bengaluru/NCR/Hyd),1,2,110.0,0,1,1,0,0,0,0,1,3,25.23,High-Demand Specialist,5.65,0,2,1,3,3.0,1,0,3,60.8,1,0.1231414695302246,-0.25727544506270594,-1.6592812102010597,Applied AI/ML & Data Science Specialists
CP-4190,0.8,M.Tech/M.S,Tier 3 (Affiliated Colleges),Full Stack Web,Tier 1 Tech Hub (Bengaluru/NCR/Hyd),0,2,11.0,2,1,0,1,0,0,0,0,2,9.42,Junior Associate,1.67,0,1,1,1,4.0,1,0,2,31.8,2,-2.7132269546993704,-1.8933211864565507,-1.230617292677149,Cloud & DevOps Infrastructure Architects
CP-4191,5.4,B.Tech/B.E,Tier 2 (Top State/Private),Data Science & AI/ML,Tier 2 City,3,4,139.0,3,1,1,1,1,0,0,1,5,25.33,High-Demand Specialist,10.78,1,2,2,2,3.0,0,0,5,81.5,0,4.176705273943229,1.1539135124108726,-1.4697802189676812,Core Systems & Algorithmic Backend Specialists
CP-4192,6.7,BCA/B.Sc CS,Tier 1 (IIT/NIT/BITS),Data Analytics & BI,Tier 1 Tech Hub (Bengaluru/NCR/Hyd),2,5,45.0,2,1,0,1,1,0,1,1,5,38.38,High-Demand Specialist,7.62,1,2,2,3,2.0,1,0,5,77.3,3,3.7071033324755565,0.12585557482573964,-1.686477260593346,Emerging Full-Stack & Entry Developers
CP-4193,0.9,M.Tech/M.S,Tier 3 (Affiliated Colleges),Data Science & AI/ML,Tier 1 Tech Hub (Bengaluru/NCR/Hyd),3,5,44.0,1,1,1,0,1,0,1,1,5,22.6,Job-Ready Mid-Level,9.1,1,3,1,1,4.0,1,0,5,57.2,3,2.9552136757092424,0.16302995018334052,-0.4489500719249351,Emerging Full-Stack & Entry Developers
CP-4194,1.0,BCA/B.Sc CS,Tier 2 (Top State/Private),Cloud & DevOps,Tier 1 Tech Hub (Bengaluru/NCR/Hyd),1,2,43.0,0,1,1,0,0,0,0,0,2,11.88,Junior Associate,3.97,0,2,0,2,2.0,1,0,2,34.5,1,-2.4193558446330066,-0.6654087404532827,-0.29868718153528284,Applied AI/ML & Data Science Specialists
CP-4195,1.5,M.Tech/M.S,Tier 3 (Affiliated Colleges),Data Science & AI/ML,Tier 1 Tech Hub (Bengaluru/NCR/Hyd),1,5,57.0,1,0,0,0,1,1,0,0,2,17.55,Job-Ready Mid-Level,6.42,2,0,0,1,4.0,1,0,2,43.2,2,-1.5114648298076498,0.40381713492971777,3.372278985108076,Cloud & DevOps Infrastructure Architects
CP-4196,6.2,BCA/B.Sc CS,Tier 3 (Affiliated Colleges),Backend Systems,Tier 1 Tech Hub (Bengaluru/NCR/Hyd),0,4,108.0,0,1,0,0,1,1,0,0,3,25.69,High-Demand Specialist,5.5,2,1,0,1,2.0,1,0,3,57.1,2,0.059191925788959016,-0.12337237038534885,3.100254353605383,Cloud & DevOps Infrastructure Architects
CP-4197,4.6,B.Tech/B.E,Tier 3 (Affiliated Colleges),Full Stack Web,Tier 1 Tech Hub (Bengaluru/NCR/Hyd),1,2,223.0,1,1,1,0,0,0,1,1,4,29.2,High-Demand Specialist,8.48,0,3,1,1,3.0,1,0,4,67.3,1,1.9038888600277522,0.1821071999180208,-1.8676369680368665,Applied AI/ML & Data Science Specialists
CP-4198,0.2,M.Tech/M.S,Tier 2 (Top State/Private),Data Science & AI/ML,Tier 1 Tech Hub (Bengaluru/NCR/Hyd),3,3,73.0,1,1,1,1,1,0,0,0,4,18.33,Job-Ready Mid-Level,8.43,1,2,1,2,4.0,1,0,4,52.6,3,1.4232975493235454,0.3216437510657398,-0.19372125325479955,Emerging Full-Stack & Entry Developers
CP-4199,1.1,B.Tech/B.E,Tier 2 (Top State/Private),Data Science & AI/ML,Tier 2 City,1,2,52.0,0,1,1,1,0,0,0,1,4,12.33,Junior Associate,4.2,0,2,2,2,3.0,0,0,4,46.9,3,0.44335101339204197,-1.9285231410254189,-2.78362949252267,Emerging Full-Stack & Entry Developers
CP-4200,1.8,BCA/B.Sc CS,Tier 2 (Top State/Private),Backend Systems,Tier 1 Tech Hub (Bengaluru/NCR/Hyd),2,5,46.0,1,1,1,0,0,0,1,0,3,17.48,Job-Ready Mid-Level,7.65,0,3,0,2,2.0,1,0,3,48.8,1,-0.02857668003225569,0.8111233974610418,-0.7184707620420211,Applied AI/ML & Data Science Specialists
CP-4201,1.5,M.Tech/M.S,Tier 2 (Top State/Private),Data Analytics & BI,Tier 2 City,0,1,128.0,0,1,0,0,0,0,1,0,2,12.16,Junior Associate,3.9,0,2,0,2,4.0,0,0,2,43.2,1,-2.005619952344436,-0.8196696006636102,0.03851695507738772,Applied AI/ML & Data Science Specialists
CP-4202,0.5,B.Tech/B.E,Tier 2 (Top State/Private),Data Analytics & BI,Tier 1 Tech Hub (Bengaluru/NCR/Hyd),1,5,70.0,2,1,1,1,0,1,1,0,5,17.4,Job-Ready Mid-Level,6.75,1,3,1,2,3.0,1,0,5,52.3,3,2.3609299465732962,-1.014550530086787,-0.37189291370021194,Emerging Full-Stack & Entry Developers
CP-4203,4.3,B.Tech/B.E,Tier 2 (Top State/Private),Full Stack Web,Tier 1 Tech Hub (Bengaluru/NCR/Hyd),2,5,54.0,0,0,1,0,1,0,0,0,2,27.26,High-Demand Specialist,7.85,1,1,0,2,3.0,1,0,2,60.6,0,-0.5727314931069734,1.7107689382839175,1.3631917799440338,Core Systems & Algorithmic Backend Specialists
CP-4204,2.5,B.Tech/B.E,Tier 1 (IIT/NIT/BITS),Full Stack Web,Tier 1 Tech Hub (Bengaluru/NCR/Hyd),2,5,53.0,1,0,1,0,0,0,0,1,2,23.91,Job-Ready Mid-Level,7.82,0,1,1,3,3.0,1,0,2,55.7,2,-0.8727235450915998,1.2449997412222504,-1.5480172911551537,Cloud & DevOps Infrastructure Architects
CP-4205,4.0,M.Tech/M.S,Tier 2 (Top State/Private),Data Science & AI/ML,Tier 1 Tech Hub (Bengaluru/NCR/Hyd),3,6,34.0,0,1,0,0,0,1,0,0,2,24.6,High-Demand Specialist,9.55,1,1,0,2,4.0,1,0,2,65.1,0,-0.13948575324932735,2.688564117491948,1.3368637700061132,Core Systems & Algorithmic Backend Specialists
CP-4206,4.3,Non-CS Degree,Tier 3 (Affiliated Colleges),Cloud & DevOps,Tier 1 Tech Hub (Bengaluru/NCR/Hyd),2,4,16.0,1,1,1,0,1,0,0,0,3,19.03,Job-Ready Mid-Level,6.2,1,2,0,1,1.0,1,0,3,51.6,1,-0.09239646747291066,0.3838976552626604,1.0955641740387072,Applied AI/ML & Data Science Specialists
CP-4207,3.0,B.Tech/B.E,Tier 2 (Top State/Private),Data Science & AI/ML,Tier 1 Tech Hub (Bengaluru/NCR/Hyd),1,4,0.0,1,1,1,1,1,0,0,0,4,18.3,Job-Ready Mid-Level,4.3,1,2,1,2,3.0,1,0,4,56.5,3,1.1183133151537912,-1.0592687287741234,-0.14117522452434525,Emerging Full-Stack & Entry Developers
CP-4208,1.3,BCA/B.Sc CS,Tier 1 (IIT/NIT/BITS),Backend Systems,Tier 2 City,1,4,49.0,0,1,1,0,0,0,0,1,3,13.41,Junior Associate,5.52,0,2,1,3,2.0,0,0,3,47.0,1,-0.5300264771231727,-0.5468436207699156,-1.549167563178514,Applied AI/ML & Data Science Specialists
CP-4209,2.1,MCA,Tier 3 (Affiliated Colleges),Data Analytics & BI,Tier 2 City,2,4,0.0,1,1,1,0,0,0,0,1,3,12.62,Junior Associate,5.8,0,2,1,1,2.5,0,0,3,44.6,1,-0.4984018912738203,-0.3220508754960636,-1.536066686667633,Applied AI/ML & Data Science Specialists
CP-4210,0.4,B.Tech/B.E,Tier 3 (Affiliated Colleges),Full Stack Web,Tier 2 City,1,8,39.0,1,1,1,1,0,1,0,0,4,9.63,Junior Associate,8.07,1,2,1,1,3.0,0,0,4,45.7,3,1.0183406925107281,0.0034408956426036255,0.0196676631392128,Emerging Full-Stack & Entry Developers
CP-4211,2.5,B.Tech/B.E,Tier 2 (Top State/Private),Data Science & AI/ML,Tier 1 Tech Hub (Bengaluru/NCR/Hyd),0,3,32.0,1,1,0,1,0,1,0,1,4,19.43,Job-Ready Mid-Level,2.9,1,1,2,2,3.0,1,0,4,51.7,3,0.5687445417298933,-2.3078262352337116,-1.0958430278644407,Emerging Full-Stack & Entry Developers
CP-4212,0.4,M.Tech/M.S,Tier 1 (IIT/NIT/BITS),Data Analytics & BI,Tier 2 City,1,2,42.0,0,0,1,0,1,0,0,0,2,10.86,Junior Associate,3.95,1,1,0,3,4.0,0,0,2,41.9,2,-1.92007343514639,-0.6153878934607193,1.7424606885773393,Cloud & DevOps Infrastructure Architects
CP-4213,2.6,MCA,Tier 2 (Top State/Private),Data Science & AI/ML,Tier 1 Tech Hub (Bengaluru/NCR/Hyd),1,5,47.0,1,0,0,1,0,0,1,1,3,23.13,Job-Ready Mid-Level,6.18,0,1,2,2,2.5,1,0,3,51.9,2,-0.14683073361028615,-0.33650859157896024,-2.839613736304886,Cloud & DevOps Infrastructure Architects
CP-4214,0.6,MCA,Tier 3 (Affiliated Colleges),Data Science & AI/ML,Tier 2 City,0,3,146.0,0,0,0,1,0,0,1,0,2,9.83,Junior Associate,5.75,0,1,1,1,2.5,0,0,2,32.9,2,-2.3662344539446236,-0.6468378285716909,-1.1475038157096866,Cloud & DevOps Infrastructure Architects
CP-4215,0.3,B.Tech/B.E,Tier 3 (Affiliated Colleges),Data Science & AI/ML,Tier 1 Tech Hub (Bengaluru/NCR/Hyd),1,6,207.0,1,1,1,0,0,0,0,0,2,12.52,Junior Associate,10.88,0,2,0,1,3.0,1,0,2,41.5,1,-1.288898686925816,1.9032817153721684,-0.3425523116918216,Applied AI/ML & Data Science Specialists
CP-4216,0.4,B.Tech/B.E,Tier 3 (Affiliated Colleges),Cloud & DevOps,Tier 1 Tech Hub (Bengaluru/NCR/Hyd),0,5,111.0,0,1,1,1,0,0,1,0,4,14.09,Junior Associate,6.28,0,3,1,1,3.0,1,0,4,42.7,1,0.5556777359117381,-1.0474942784979446,-1.8603135656129786,Applied AI/ML & Data Science Specialists
CP-4217,0.0,B.Tech/B.E,Tier 2 (Top State/Private),Data Analytics & BI,Remote Global,1,2,63.0,0,0,0,1,0,0,0,0,1,10.52,Junior Associate,4.47,0,0,1,2,3.0,0,1,1,29.3,2,-3.799221884877567,-0.4729587517267358,-0.6571484787389993,Cloud & DevOps Infrastructure Architects
CP-4218,2.8,B.Tech/B.E,Tier 2 (Top State/Private),Full Stack Web,Tier 2 City,2,4,115.0,0,0,1,1,0,1,0,0,3,17.74,Job-Ready Mid-Level,8.68,1,1,1,2,3.0,0,0,3,58.7,0,0.447300328062764,0.9438326265101468,0.2518161709645727,Core Systems & Algorithmic Backend Specialists
CP-4219,2.9,B.Tech/B.E,Tier 1 (IIT/NIT/BITS),Data Science & AI/ML,Tier 1 Tech Hub (Bengaluru/NCR/Hyd),1,5,8.0,2,1,0,1,0,1,1,1,5,29.1,High-Demand Specialist,5.2,1,2,2,3,3.0,1,0,5,65.9,3,2.8049635921716987,-1.3302343099564955,-1.5160523040024287,Emerging Full-Stack & Entry Developers
CP-4220,1.6,M.Tech/M.S,Tier 3 (Affiliated Colleges),Full Stack Web,Tier 1 Tech Hub (Bengaluru/NCR/Hyd),2,4,19.0,2,0,1,1,0,1,0,0,3,17.26,Job-Ready Mid-Level,6.28,1,1,1,1,4.0,1,0,3,47.6,2,-0.16257741056967526,-0.10251862183774042,0.16240621849946812,Cloud & DevOps Infrastructure Architects
CP-4221,0.4,B.Tech/B.E,Tier 3 (Affiliated Colleges),Data Analytics & BI,Tier 1 Tech Hub (Bengaluru/NCR/Hyd),0,3,34.0,3,1,1,1,0,1,0,0,4,12.02,Junior Associate,2.95,1,2,1,1,3.0,1,0,4,37.1,3,0.01942393416792299,-2.45617580017256,0.049180300877596006,Emerging Full-Stack & Entry Developers
CP-4222,0.2,MCA,Tier 3 (Affiliated Colleges),Data Science & AI/ML,Remote Global,3,7,9.0,1,1,1,0,1,0,1,0,4,19.68,Job-Ready Mid-Level,9.62,1,3,0,1,2.5,0,1,4,45.7,0,1.3303171255175301,1.0113691005315082,1.2429207113500458,Core Systems & Algorithmic Backend Specialists
CP-4223,0.0,B.Tech/B.E,Tier 2 (Top State/Private),Data Science & AI/ML,Tier 1 Tech Hub (Bengaluru/NCR/Hyd),0,2,52.0,2,1,0,0,0,0,1,0,2,9.71,Junior Associate,2.7,0,2,0,2,3.0,1,0,2,30.5,1,-2.646034005011092,-1.4240089822174287,-0.1905367257271175,Applied AI/ML & Data Science Specialists
CP-4224,0.4,BCA/B.Sc CS,Tier 1 (IIT/NIT/BITS),Backend Systems,Remote Global,0,8,36.0,1,1,0,0,0,1,0,0,2,14.28,Junior Associate,6.5,1,1,0,3,2.0,0,1,2,39.9,2,-1.7985032418715157,0.46786299673302384,1.8739395800601284,Cloud & DevOps Infrastructure Architects
CP-4225,4.9,B.Tech/B.E,Tier 2 (Top State/Private),Backend Systems,Tier 1 Tech Hub (Bengaluru/NCR/Hyd),2,5,7.0,1,0,0,1,1,1,0,1,4,30.59,High-Demand Specialist,6.68,2,0,2,2,3.0,1,0,4,70.0,3,2.022438346974393,-0.05666189836872462,0.49512185119068614,Emerging Full-Stack & Entry Developers
CP-4226,0.6,B.Tech/B.E,Tier 3 (Affiliated Colleges),Backend Systems,Tier 1 Tech Hub (Bengaluru/NCR/Hyd),2,7,221.0,2,1,0,0,1,0,0,1,3,18.98,Job-Ready Mid-Level,13.42,1,1,1,1,3.0,1,0,3,51.4,0,0.6622433202053174,2.3488073446652784,0.01960951370454071,Core Systems & Algorithmic Backend Specialists
CP-4227,1.0,B.Tech/B.E,Tier 3 (Affiliated Colleges),Data Analytics & BI,Tier 2 City,0,3,245.0,1,1,0,1,1,0,1,0,4,16.03,Job-Ready Mid-Level,8.22,1,2,1,1,3.0,0,0,4,48.9,3,1.0037289912436613,-0.563355572226572,0.1639567539350233,Emerging Full-Stack & Entry Developers
CP-4228,0.2,Non-CS Degree,Tier 2 (Top State/Private),Data Science & AI/ML,Tier 1 Tech Hub (Bengaluru/NCR/Hyd),3,7,371.0,1,0,1,1,0,0,1,0,3,19.43,Job-Ready Mid-Level,18.68,0,2,1,2,1.0,1,0,3,50.0,0,1.0968594867437875,4.25215982941757,-1.9949420893923129,Core Systems & Algorithmic Backend Specialists
CP-4229,0.6,M.Tech/M.S,Tier 2 (Top State/Private),Data Science & AI/ML,Tier 1 Tech Hub (Bengaluru/NCR/Hyd),1,4,60.0,2,0,0,0,1,0,1,0,2,16.38,Job-Ready Mid-Level,5.8,1,1,0,2,4.0,1,0,2,41.8,2,-1.6031003671560784,0.140540109314476,1.5255293594361892,Cloud & DevOps Infrastructure Architects
CP-4230,1.6,B.Tech/B.E,Tier 2 (Top State/Private),Full Stack Web,Tier 1 Tech Hub (Bengaluru/NCR/Hyd),3,5,213.0,2,1,0,0,0,1,0,0,2,20.62,Job-Ready Mid-Level,13.32,1,1,0,2,3.0,1,0,2,56.2,0,-0.25259538823157335,3.381441638905519,1.3351214081999576,Core Systems & Algorithmic Backend Specialists
CP-4231,2.1,B.Tech/B.E,Tier 2 (Top State/Private),Full Stack Web,Tier 2 City,1,3,149.0,0,1,1,0,1,1,0,1,5,19.18,Job-Ready Mid-Level,7.32,2,2,1,2,3.0,0,0,5,61.2,3,2.686473798505044,-0.9545197887719222,1.6858901103390218,Emerging Full-Stack & Entry Developers
CP-4232,0.6,Non-CS Degree,Tier 3 (Affiliated Colleges),Backend Systems,Tier 2 City,1,5,239.0,0,1,1,0,1,0,1,0,4,13.07,Junior Associate,10.98,1,3,0,1,1.0,0,0,4,45.3,0,1.1360277481277912,0.7890612701943298,1.082032401190347,Core Systems & Algorithmic Backend Specialists
CP-4233,0.1,B.Tech/B.E,Tier 2 (Top State/Private),Data Analytics & BI,Tier 2 City,1,5,60.0,1,0,0,0,0,1,1,1,3,13.83,Junior Associate,6.5,1,1,1,2,3.0,0,0,3,41.5,2,-0.5385686812503722,-0.5039281250025934,0.34189712531485533,Cloud & DevOps Infrastructure Architects
CP-4234,1.1,B.Tech/B.E,Tier 3 (Affiliated Colleges),Data Analytics & BI,Tier 2 City,0,1,122.0,0,0,1,0,1,0,1,1,4,13.3,Junior Associate,3.75,1,2,1,1,3.0,0,0,4,42.0,3,0.22330716827942237,-2.4590676329030496,0.2628391358391045,Emerging Full-Stack & Entry Developers
CP-4235,0.6,BCA/B.Sc CS,Tier 2 (Top State/Private),Data Science & AI/ML,Tier 2 City,1,1,4.0,2,0,1,0,0,0,0,0,1,6.14,Entry-Level Learner,2.3,0,1,0,2,2.0,0,0,1,25.6,2,-4.094799676875164,-1.058838489984438,0.16964254525207242,Cloud & DevOps Infrastructure Architects
CP-4236,0.5,Non-CS Degree,Tier 3 (Affiliated Colleges),Backend Systems,Tier 1 Tech Hub (Bengaluru/NCR/Hyd),1,5,5.0,3,1,1,1,0,0,0,0,3,9.42,Junior Associate,5.12,0,2,1,1,1.0,1,0,3,30.8,1,-1.2271992039305117,-0.907481125491658,-1.7470867365818512,Applied AI/ML & Data Science Specialists
CP-4237,7.1,B.Tech/B.E,Tier 2 (Top State/Private),Data Analytics & BI,Tier 1 Tech Hub (Bengaluru/NCR/Hyd),0,5,31.0,1,1,1,0,0,0,0,1,3,27.46,High-Demand Specialist,4.28,0,2,1,2,3.0,1,0,3,62.3,1,0.27602892210514085,-0.4017096250780166,-1.6507104810380566,Applied AI/ML & Data Science Specialists
CP-4238,2.1,B.Tech/B.E,Tier 3 (Affiliated Colleges),Data Science & AI/ML,Tier 2 City,0,4,224.0,1,0,1,1,0,1,0,1,4,16.37,Job-Ready Mid-Level,8.4,1,1,2,1,3.0,0,0,4,54.7,3,1.2404814834562636,-0.6444933632253933,-0.9117342865574279,Emerging Full-Stack & Entry Developers
CP-4239,1.8,Non-CS Degree,Tier 2 (Top State/Private),Backend Systems,Remote Global,0,4,0.0,0,0,1,0,0,0,1,1,3,19.11,Job-Ready Mid-Level,2.8,0,2,1,2,1.0,0,1,3,37.6,1,-1.2689737187805206,-1.9390244159520578,-1.2095250645326856,Applied AI/ML & Data Science Specialists
CP-4240,1.2,B.Tech/B.E,Tier 2 (Top State/Private),Data Science & AI/ML,Tier 1 Tech Hub (Bengaluru/NCR/Hyd),2,8,0.0,2,1,1,0,0,0,0,1,3,17.9,Job-Ready Mid-Level,8.6,0,2,1,2,3.0,1,0,3,50.5,1,0.21848973434516858,1.087253916615318,-1.8352185718214375,Applied AI/ML & Data Science Specialists
CP-4241,1.2,B.Tech/B.E,Tier 2 (Top State/Private),Data Science & AI/ML,Tier 1 Tech Hub (Bengaluru/NCR/Hyd),1,3,247.0,2,1,1,1,0,0,0,0,3,16.51,Job-Ready Mid-Level,9.77,0,2,1,2,3.0,1,0,3,52.5,0,0.18801050797305752,0.8655313258150308,-1.670311955575639,Core Systems & Algorithmic Backend Specialists
CP-4242,1.7,BCA/B.Sc CS,Tier 2 (Top State/Private),Cloud & DevOps,Tier 1 Tech Hub (Bengaluru/NCR/Hyd),2,5,13.0,0,1,1,1,0,0,0,1,4,18.82,Job-Ready Mid-Level,6.82,0,2,2,2,2.0,1,0,4,51.1,3,0.9936347489168547,-0.4449655796157906,-3.1616385251446983,Emerging Full-Stack & Entry Developers
CP-4243,2.6,MCA,Tier 2 (Top State/Private),Cloud & DevOps,Tier 1 Tech Hub (Bengaluru/NCR/Hyd),3,5,233.0,0,1,0,1,0,0,0,0,2,22.28,Job-Ready Mid-Level,13.82,0,1,1,2,2.5,1,0,2,60.5,0,-0.1582286897128889,3.556089501020463,-1.6527659505475536,Core Systems & Algorithmic Backend Specialists
CP-4244,2.7,B.Tech/B.E,Tier 2 (Top State/Private),Data Science & AI/ML,Tier 1 Tech Hub (Bengaluru/NCR/Hyd),1,2,117.0,0,1,0,1,0,0,1,0,3,19.5,Job-Ready Mid-Level,5.82,0,2,1,2,3.0,1,0,3,53.4,1,-0.1837385777769374,-0.31561388757102077,-1.6570853899604019,Applied AI/ML & Data Science Specialists
CP-4245,0.4,Non-CS Degree,Tier 3 (Affiliated Colleges),Full Stack Web,Tier 2 City,3,12,20.0,1,0,1,0,1,0,0,0,2,9.71,Junior Associate,13.0,1,1,0,1,1.0,0,0,2,39.3,0,-0.8948263705801281,3.4989211773982936,1.2764862143749907,Core Systems & Algorithmic Backend Specialists
CP-4246,1.5,BCA/B.Sc CS,Tier 2 (Top State/Private),Backend Systems,Tier 1 Tech Hub (Bengaluru/NCR/Hyd),0,1,11.0,0,0,0,1,1,1,0,0,3,15.21,Job-Ready Mid-Level,0.98,2,0,1,2,2.0,1,0,3,36.2,2,-1.5168114654091451,-2.7343608044277268,2.0795827854617963,Cloud & DevOps Infrastructure Architects
CP-4247,1.2,B.Tech/B.E,Tier 3 (Affiliated Colleges),Cloud & DevOps,Tier 2 City,0,2,71.0,0,1,0,0,0,1,0,0,2,10.26,Junior Associate,3.18,1,1,0,1,3.0,0,0,2,33.2,2,-2.580491075142408,-1.2889129607630996,1.8609019517490522,Cloud & DevOps Infrastructure Architects
CP-4248,4.5,Non-CS Degree,Tier 3 (Affiliated Colleges),Data Analytics & BI,Tier 2 City,1,6,383.0,0,1,0,0,1,0,0,0,2,18.47,Job-Ready Mid-Level,15.27,1,1,0,1,1.0,0,0,2,63.1,0,0.01215938766339137,3.861185219596069,1.510536816213776,Core Systems & Algorithmic Backend Specialists
CP-4249,2.2,B.Tech/B.E,Tier 1 (IIT/NIT/BITS),Data Science & AI/ML,Remote Global,1,6,248.0,1,1,1,1,1,0,0,0,4,29.9,High-Demand Specialist,11.9,1,2,1,3,3.0,0,1,4,69.4,0,2.4245958011035746,1.6490181776869823,0.21820224138114006,Core Systems & Algorithmic Backend Specialists
CP-4250,1.7,B.Tech/B.E,Tier 3 (Affiliated Colleges),Data Science & AI/ML,Tier 1 Tech Hub (Bengaluru/NCR/Hyd),2,8,30.0,3,1,0,1,1,0,0,0,3,15.85,Job-Ready Mid-Level,9.35,1,1,1,1,3.0,1,0,3,50.1,0,0.3329956608998734,1.3838217993214137,-0.03345802717064235,Core Systems & Algorithmic Backend Specialists
CP-4251,0.3,BCA/B.Sc CS,Tier 2 (Top State/Private),Data Science & AI/ML,Tier 1 Tech Hub (Bengaluru/NCR/Hyd),1,2,63.0,1,1,0,0,0,0,1,1,3,14.33,Junior Associate,4.47,0,2,1,2,2.0,1,0,3,36.0,1,-1.1452625374147045,-1.378935480988254,-1.6418956885472142,Applied AI/ML & Data Science Specialists
CP-4252,2.0,B.Tech/B.E,Tier 1 (IIT/NIT/BITS),Data Science & AI/ML,Tier 1 Tech Hub (Bengaluru/NCR/Hyd),0,3,56.0,1,0,1,1,0,0,0,1,3,21.98,Job-Ready Mid-Level,3.5,0,1,2,3,3.0,1,0,3,50.2,2,-0.5862437519210176,-1.6125173219700326,-2.711943215077445,Cloud & DevOps Infrastructure Architects
CP-4253,0.3,B.Tech/B.E,Tier 2 (Top State/Private),Data Science & AI/ML,Tier 1 Tech Hub (Bengaluru/NCR/Hyd),1,8,153.0,0,0,1,1,0,0,0,0,2,15.12,Job-Ready Mid-Level,10.92,0,1,1,2,3.0,1,0,2,45.7,2,-1.0774719900454217,2.00115318769913,-1.5408538380895132,Cloud & DevOps Infrastructure Architects
CP-4254,0.9,B.Tech/B.E,Tier 3 (Affiliated Colleges),Data Science & AI/ML,Tier 1 Tech Hub (Bengaluru/NCR/Hyd),1,8,67.0,1,1,0,0,0,1,0,1,3,15.3,Job-Ready Mid-Level,8.77,1,1,1,1,3.0,1,0,3,45.2,2,-0.12412810280821714,0.6658469037342787,0.10628225914009608,Cloud & DevOps Infrastructure Architects
CP-4255,0.3,B.Tech/B.E,Tier 1 (IIT/NIT/BITS),Cloud & DevOps,Tier 2 City,0,2,28.0,0,1,0,1,0,0,1,0,3,11.98,Junior Associate,2.1,0,2,1,3,3.0,0,0,3,39.4,1,-1.237233365748674,-2.100923947266577,-1.4102107636326768,Applied AI/ML & Data Science Specialists
CP-4256,2.6,MCA,Tier 2 (Top State/Private),Full Stack Web,Tier 1 Tech Hub (Bengaluru/NCR/Hyd),1,3,132.0,0,0,1,0,1,1,0,0,3,21.43,Job-Ready Mid-Level,6.9,2,1,0,2,2.5,1,0,3,53.1,2,0.007853164829798462,0.12099902515449132,3.072740224008999,Cloud & DevOps Infrastructure Architects
CP-4257,0.5,BCA/B.Sc CS,Tier 2 (Top State/Private),Data Analytics & BI,Remote Global,2,5,69.0,0,1,0,0,0,1,0,1,3,17.28,Job-Ready Mid-Level,8.22,1,1,1,2,2.0,0,1,3,43.3,2,-0.3929802440225857,0.3321905066992814,0.5098194327800972,Cloud & DevOps Infrastructure Architects
CP-4258,1.1,Non-CS Degree,Tier 3 (Affiliated Colleges),Data Science & AI/ML,Tier 2 City,2,6,0.0,0,0,1,1,0,0,0,0,2,8.68,Entry-Level Learner,7.2,0,1,1,1,1.0,0,0,2,33.1,2,-2.0922337985840476,0.5888077650773423,-1.41597728764402,Cloud & DevOps Infrastructure Architects
CP-4259,5.0,B.Tech/B.E,Tier 1 (IIT/NIT/BITS),Full Stack Web,Tier 2 City,1,3,154.0,0,0,1,1,0,0,1,0,3,24.1,High-Demand Specialist,7.45,0,2,1,3,3.0,0,0,3,71.8,0,0.8943878046345338,0.7548472057508111,-1.556218143641968,Core Systems & Algorithmic Backend Specialists
CP-4260,0.5,B.Tech/B.E,Tier 3 (Affiliated Colleges),Data Science & AI/ML,Tier 2 City,1,6,67.0,1,1,1,1,0,0,0,1,4,11.43,Junior Associate,7.37,0,2,2,1,3.0,0,0,4,45.0,3,0.789781368489506,-0.6826022506483338,-2.856947447892312,Emerging Full-Stack & Entry Developers
CP-4261,1.6,B.Tech/B.E,Tier 3 (Affiliated Colleges),Full Stack Web,Tier 1 Tech Hub (Bengaluru/NCR/Hyd),0,1,55.0,0,0,1,1,1,0,0,1,4,15.74,Job-Ready Mid-Level,2.08,1,1,2,1,3.0,1,0,4,41.7,3,-0.011218154026693657,-3.107898328593547,-1.0271488773702602,Emerging Full-Stack & Entry Developers
CP-4262,1.2,B.Tech/B.E,Tier 3 (Affiliated Colleges),Data Science & AI/ML,Tier 2 City,1,1,134.0,1,1,1,1,1,0,0,1,5,14.62,Junior Associate,5.55,1,2,2,1,3.0,0,0,5,49.6,3,1.890575987464548,-2.1743593684009297,-1.1722058667334538,Emerging Full-Stack & Entry Developers
CP-4263,0.0,B.Tech/B.E,Tier 3 (Affiliated Colleges),Backend Systems,Tier 1 Tech Hub (Bengaluru/NCR/Hyd),2,6,60.0,1,1,1,1,0,0,0,0,3,11.16,Junior Associate,8.7,0,2,1,1,3.0,1,0,3,40.5,1,-0.3425131231853147,0.7164866230282919,-1.7654899207102468,Applied AI/ML & Data Science Specialists
CP-4264,3.5,M.Tech/M.S,Tier 3 (Affiliated Colleges),Data Analytics & BI,Remote Global,1,2,133.0,1,1,1,1,0,0,1,0,4,23.65,Job-Ready Mid-Level,6.22,0,3,1,1,4.0,0,1,4,61.2,1,1.4586007988700476,-0.6259793247838022,-1.3791829022490696,Applied AI/ML & Data Science Specialists
CP-4265,0.2,MCA,Tier 1 (IIT/NIT/BITS),Full Stack Web,Tier 1 Tech Hub (Bengaluru/NCR/Hyd),0,2,246.0,1,0,1,0,0,1,0,0,2,15.72,Job-Ready Mid-Level,7.55,1,1,0,3,2.5,1,0,2,42.2,2,-1.723266429421717,0.21447242917915674,1.5954542122847937,Cloud & DevOps Infrastructure Architects
CP-4266,1.4,Non-CS Degree,Tier 2 (Top State/Private),Data Science & AI/ML,Tier 1 Tech Hub (Bengaluru/NCR/Hyd),3,5,142.0,3,1,1,1,1,0,0,0,4,18.56,Job-Ready Mid-Level,11.55,1,2,1,2,1.0,1,0,4,54.4,0,1.774294389746492,1.5464618197911966,-0.38505788061379226,Core Systems & Algorithmic Backend Specialists
CP-4267,1.8,B.Tech/B.E,Tier 2 (Top State/Private),Cloud & DevOps,Tier 1 Tech Hub (Bengaluru/NCR/Hyd),2,4,127.0,0,0,1,1,0,0,0,0,2,18.23,Job-Ready Mid-Level,8.98,0,1,1,2,3.0,1,0,2,50.0,2,-1.106710852867589,1.4173206168700063,-1.5122549984909068,Cloud & DevOps Infrastructure Architects
CP-4268,2.2,MCA,Tier 2 (Top State/Private),Data Analytics & BI,Tier 1 Tech Hub (Bengaluru/NCR/Hyd),1,3,126.0,1,0,0,0,1,0,0,0,1,17.01,Job-Ready Mid-Level,6.75,1,0,0,2,2.5,1,0,1,42.6,2,-2.819805269499761,0.9545854741303025,1.7312447418314185,Cloud & DevOps Infrastructure Architects
CP-4269,2.6,B.Tech/B.E,Tier 2 (Top State/Private),Data Science & AI/ML,Tier 1 Tech Hub (Bengaluru/NCR/Hyd),0,3,60.0,0,0,0,0,0,0,0,0,0,15.24,Job-Ready Mid-Level,3.6,0,0,0,2,3.0,1,0,0,36.7,2,-4.647551104560124,0.23616061895406373,0.26666612254205263,Cloud & DevOps Infrastructure Architects
CP-4270,0.6,B.Tech/B.E,Tier 2 (Top State/Private),Cloud & DevOps,Tier 1 Tech Hub (Bengaluru/NCR/Hyd),0,3,0.0,0,1,0,0,0,0,0,0,1,8.42,Entry-Level Learner,2.1,0,1,0,2,3.0,1,0,1,28.4,2,-4.031574287905173,-0.9767271029090587,0.03676384329472925,Cloud & DevOps Infrastructure Architects
CP-4271,0.0,MCA,Tier 2 (Top State/Private),Data Analytics & BI,Remote Global,0,3,66.0,0,1,1,0,0,1,0,0,3,11.75,Junior Associate,3.75,1,2,0,2,2.5,0,1,3,34.9,1,-1.2738948647778217,-1.579450482782457,1.823294601868533,Applied AI/ML & Data Science Specialists
CP-4272,2.8,BCA/B.Sc CS,Tier 3 (Affiliated Colleges),Data Analytics & BI,Tier 1 Tech Hub (Bengaluru/NCR/Hyd),1,3,119.0,0,0,0,1,1,1,0,0,3,21.25,Job-Ready Mid-Level,6.57,2,0,1,1,2.0,1,0,3,47.9,2,-0.3552330965213813,-0.3205148809817358,1.966840427268031,Cloud & DevOps Infrastructure Architects
CP-4273,1.7,B.Tech/B.E,Tier 1 (IIT/NIT/BITS),Data Analytics & BI,Tier 1 Tech Hub (Bengaluru/NCR/Hyd),0,4,56.0,1,0,1,0,0,0,0,1,2,18.35,Job-Ready Mid-Level,4.2,0,1,1,3,3.0,1,0,2,45.7,2,-1.820011815959862,-0.6862566857550684,-1.3712496604884878,Cloud & DevOps Infrastructure Architects
CP-4274,4.0,B.Tech/B.E,Tier 3 (Affiliated Colleges),Backend Systems,Tier 1 Tech Hub (Bengaluru/NCR/Hyd),2,3,70.0,0,0,1,0,0,1,1,0,3,23.86,Job-Ready Mid-Level,6.85,1,2,0,1,3.0,1,0,3,57.5,1,0.2940858966523863,0.5123371126244138,1.233704142238223,Applied AI/ML & Data Science Specialists
CP-4275,3.8,B.Tech/B.E,Tier 2 (Top State/Private),Backend Systems,Tier 1 Tech Hub (Bengaluru/NCR/Hyd),3,6,110.0,1,1,1,0,1,1,0,0,4,26.78,High-Demand Specialist,11.45,2,2,0,2,3.0,1,0,4,72.5,0,2.742168367546223,2.2987459350525237,2.6033167441155585,Core Systems & Algorithmic Backend Specialists
CP-4276,4.1,M.Tech/M.S,Tier 3 (Affiliated Colleges),Full Stack Web,Tier 1 Tech Hub (Bengaluru/NCR/Hyd),1,4,0.0,1,1,0,0,1,0,0,1,3,24.38,High-Demand Specialist,4.3,1,1,1,1,4.0,1,0,3,56.8,2,-0.00796556486947567,-0.6236826804574833,0.1963674134111285,Cloud & DevOps Infrastructure Architects
CP-4277,1.5,B.Tech/B.E,Tier 3 (Affiliated Colleges),Cloud & DevOps,Tier 2 City,1,4,128.0,3,0,1,0,0,0,0,0,1,10.53,Junior Associate,7.5,0,1,0,1,3.0,0,0,1,37.7,2,-2.8987909050344274,1.0933616222594293,0.14148428050495399,Cloud & DevOps Infrastructure Architects
CP-4278,0.9,Non-CS Degree,Tier 2 (Top State/Private),Data Analytics & BI,Tier 1 Tech Hub (Bengaluru/NCR/Hyd),1,3,45.0,1,1,1,0,0,0,0,0,2,9.48,Junior Associate,4.72,0,2,0,2,1.0,1,0,2,32.2,1,-2.443285187647404,-0.40300078333313305,-0.3657397608588651,Applied AI/ML & Data Science Specialists
CP-4279,3.4,B.Tech/B.E,Tier 2 (Top State/Private),Cloud & DevOps,Tier 1 Tech Hub (Bengaluru/NCR/Hyd),3,8,38.0,0,1,0,1,1,0,0,0,3,24.65,High-Demand Specialist,11.05,1,1,1,2,3.0,1,0,3,65.6,0,1.1767893266308633,2.6201970932143963,-0.1543976188102047,Core Systems & Algorithmic Backend Specialists
CP-4280,1.3,B.Tech/B.E,Tier 2 (Top State/Private),Backend Systems,Tier 1 Tech Hub (Bengaluru/NCR/Hyd),2,2,36.0,1,1,1,0,1,1,0,0,4,16.7,Job-Ready Mid-Level,5.3,2,2,0,2,3.0,1,0,4,49.7,3,0.9375909402943486,-0.8418620121451676,2.815433413234381,Emerging Full-Stack & Entry Developers
CP-4281,0.4,B.Tech/B.E,Tier 2 (Top State/Private),Data Science & AI/ML,Tier 1 Tech Hub (Bengaluru/NCR/Hyd),0,2,0.0,1,1,1,0,0,0,0,1,3,10.32,Junior Associate,1.4,0,2,1,2,3.0,1,0,3,34.5,1,-1.5190705488932164,-2.5651933371207263,-1.5178472734265602,Applied AI/ML & Data Science Specialists
CP-4282,4.2,B.Tech/B.E,Tier 3 (Affiliated Colleges),Full Stack Web,Tier 1 Tech Hub (Bengaluru/NCR/Hyd),0,4,68.0,2,0,0,1,1,1,0,0,3,22.38,Job-Ready Mid-Level,4.5,2,0,1,1,3.0,1,0,3,54.5,2,-0.13303329525826335,-0.8555161528944882,2.0387331936202444,Cloud & DevOps Infrastructure Architects
CP-4283,4.7,B.Tech/B.E,Tier 3 (Affiliated Colleges),Full Stack Web,Tier 2 City,2,6,45.0,1,0,0,0,0,0,0,0,0,16.0,Job-Ready Mid-Level,8.32,0,0,0,1,3.0,0,0,0,50.9,2,-3.3137029905545226,2.791829846688698,0.23717118823091002,Cloud & DevOps Infrastructure Architects
CP-4284,1.4,M.Tech/M.S,Tier 1 (IIT/NIT/BITS),Data Science & AI/ML,Tier 1 Tech Hub (Bengaluru/NCR/Hyd),1,3,41.0,1,1,0,1,1,0,1,0,4,22.74,Job-Ready Mid-Level,4.62,1,2,1,3,4.0,1,0,4,56.4,3,1.1745792878754548,-1.1012655687818909,-0.10594197295897567,Emerging Full-Stack & Entry Developers
CP-4285,0.2,MCA,Tier 1 (IIT/NIT/BITS),Data Science & AI/ML,Tier 1 Tech Hub (Bengaluru/NCR/Hyd),0,7,133.0,1,0,1,1,0,1,1,1,5,22.41,Job-Ready Mid-Level,8.22,1,2,2,3,2.5,1,0,5,55.8,3,2.563154827816084,-0.8889679179895917,-1.4968228668345767,Emerging Full-Stack & Entry Developers
CP-4286,1.1,Non-CS Degree,Tier 2 (Top State/Private),Cloud & DevOps,Tier 2 City,1,3,40.0,0,0,1,1,0,0,1,0,3,11.63,Junior Associate,4.6,0,2,1,2,1.0,0,0,3,37.1,1,-1.0889407274336285,-1.140257921866397,-1.5552088331119571,Applied AI/ML & Data Science Specialists
CP-4287,3.6,M.Tech/M.S,Tier 1 (IIT/NIT/BITS),Data Science & AI/ML,Tier 1 Tech Hub (Bengaluru/NCR/Hyd),2,3,122.0,1,1,1,1,0,1,1,0,5,31.58,High-Demand Specialist,8.15,1,3,1,3,4.0,1,0,5,77.4,3,3.6838502510647593,0.21493576886075633,-0.4145307269008283,Emerging Full-Stack & Entry Developers
CP-4288,5.1,MCA,Tier 3 (Affiliated Colleges),Data Analytics & BI,Tier 2 City,0,1,142.0,1,1,1,0,1,0,1,1,5,22.86,Job-Ready Mid-Level,4.25,1,3,1,1,2.5,0,0,5,64.9,3,2.5123872329460695,-2.0583513324535843,-0.0494832853432517,Emerging Full-Stack & Entry Developers
CP-4289,0.5,BCA/B.Sc CS,Tier 1 (IIT/NIT/BITS),Cloud & DevOps,Tier 1 Tech Hub (Bengaluru/NCR/Hyd),2,5,25.0,0,1,1,1,1,1,1,0,6,23.14,Job-Ready Mid-Level,7.12,2,3,1,3,2.0,1,0,6,58.1,3,3.8240113536276223,-1.0641533914112773,1.0439522927784926,Emerging Full-Stack & Entry Developers
CP-4290,0.2,MCA,Tier 2 (Top State/Private),Data Science & AI/ML,Tier 1 Tech Hub (Bengaluru/NCR/Hyd),0,2,68.0,1,1,1,0,0,0,0,1,3,12.84,Junior Associate,3.1,0,2,1,2,2.5,1,0,3,34.8,1,-1.383888726192881,-2.0607129610612027,-1.5406033991603303,Applied AI/ML & Data Science Specialists
CP-4291,4.6,B.Tech/B.E,Tier 1 (IIT/NIT/BITS),Data Science & AI/ML,Tier 2 City,2,4,0.0,0,0,1,1,1,0,1,1,5,26.56,High-Demand Specialist,5.8,1,2,2,3,3.0,0,0,5,75.4,3,3.331872964154784,-0.7737850099008351,-1.4215714604108083,Emerging Full-Stack & Entry Developers
CP-4292,1.1,B.Tech/B.E,Tier 2 (Top State/Private),Cloud & DevOps,Tier 1 Tech Hub (Bengaluru/NCR/Hyd),1,6,366.0,2,1,1,0,1,0,0,0,3,18.98,Job-Ready Mid-Level,14.85,1,2,0,2,3.0,1,0,3,60.5,0,1.1897821024420547,3.0346857723546226,1.1600777985003048,Core Systems & Algorithmic Backend Specialists
CP-4293,1.7,B.Tech/B.E,Tier 3 (Affiliated Colleges),Data Analytics & BI,Remote Global,0,1,232.0,2,1,0,0,1,1,0,0,3,18.22,Job-Ready Mid-Level,6.5,2,1,0,1,3.0,0,1,3,45.4,2,-0.49023311450568013,-0.7102325550632731,3.7071199663923595,Cloud & DevOps Infrastructure Architects
CP-4294,7.6,B.Tech/B.E,Tier 2 (Top State/Private),Backend Systems,Tier 1 Tech Hub (Bengaluru/NCR/Hyd),1,3,0.0,1,1,0,0,1,0,0,0,2,27.41,High-Demand Specialist,3.6,1,1,0,2,3.0,1,0,2,57.0,2,-1.0808097360804503,0.1635680417485394,1.4769347988445278,Cloud & DevOps Infrastructure Architects
CP-4295,0.2,B.Tech/B.E,Tier 3 (Affiliated Colleges),Data Analytics & BI,Tier 2 City,2,4,58.0,1,0,1,0,0,0,0,0,1,7.7,Entry-Level Learner,7.25,0,1,0,1,3.0,0,0,1,30.8,2,-3.252367428456803,1.0371340073368318,0.0888535819911595,Cloud & DevOps Infrastructure Architects
CP-4296,2.3,Non-CS Degree,Tier 3 (Affiliated Colleges),Backend Systems,Remote Global,3,6,384.0,2,0,0,1,0,0,0,1,2,26.93,High-Demand Specialist,18.3,0,0,2,1,1.0,0,1,2,52.1,0,-0.13034057499940505,4.28790083038224,-2.329660028290083,Core Systems & Algorithmic Backend Specialists
CP-4297,0.2,B.Tech/B.E,Tier 2 (Top State/Private),Cloud & DevOps,Tier 2 City,1,2,134.0,0,1,0,0,1,0,0,1,3,11.22,Junior Associate,6.25,1,1,1,2,3.0,0,0,3,41.6,2,-0.7197391975839595,-0.781361724137621,0.3877927794061817,Cloud & DevOps Infrastructure Architects
CP-4298,1.0,B.Tech/B.E,Tier 1 (IIT/NIT/BITS),Backend Systems,Tier 2 City,1,4,62.0,0,1,1,0,0,1,0,1,4,15.09,Job-Ready Mid-Level,5.85,1,2,1,3,3.0,0,0,4,53.3,3,1.0159904825630424,-0.918242680585496,0.08408616542419069,Emerging Full-Stack & Entry Developers
CP-4299,3.6,B.Tech/B.E,Tier 3 (Affiliated Colleges),Data Analytics & BI,Tier 2 City,1,4,6.0,1,0,1,1,1,0,0,0,3,15.45,Job-Ready Mid-Level,4.45,1,1,1,1,3.0,0,0,3,51.5,2,-0.25405130107837437,-0.69674766221673,0.3210925045426374,Cloud & DevOps Infrastructure Architects
CP-4300,1.3,B.Tech/B.E,Tier 3 (Affiliated Colleges),Backend Systems,Tier 1 Tech Hub (Bengaluru/NCR/Hyd),1,6,29.0,0,1,1,1,0,1,0,0,4,15.86,Job-Ready Mid-Level,6.42,1,2,1,1,3.0,1,0,4,47.4,3,0.8655355081151459,-0.5791452577846617,-0.11290818059155842,Emerging Full-Stack & Entry Developers
CP-4301,9.5,B.Tech/B.E,Tier 3 (Affiliated Colleges),Data Science & AI/ML,Tier 1 Tech Hub (Bengaluru/NCR/Hyd),2,6,113.0,3,1,1,0,0,1,0,0,3,35.65,High-Demand Specialist,10.02,1,2,0,1,3.0,1,0,3,67.7,0,1.4676133255995267,2.3738443192246352,1.1346203483057424,Core Systems & Algorithmic Backend Specialists
CP-4302,1.8,B.Tech/B.E,Tier 1 (IIT/NIT/BITS),Backend Systems,Tier 1 Tech Hub (Bengaluru/NCR/Hyd),0,4,117.0,0,1,0,0,0,1,0,1,3,19.13,Job-Ready Mid-Level,5.72,1,1,1,3,3.0,1,0,3,52.9,2,-0.24802172474036513,-0.5918220536972045,0.20870240005933377,Cloud & DevOps Infrastructure Architects
CP-4303,0.9,B.Tech/B.E,Tier 3 (Affiliated Colleges),Full Stack Web,Tier 1 Tech Hub (Bengaluru/NCR/Hyd),0,2,63.0,1,1,1,0,1,0,1,1,5,15.54,Job-Ready Mid-Level,2.97,1,3,1,1,3.0,1,0,5,43.8,3,1.4575811527135671,-3.0030350610270453,-0.1935094981570409,Emerging Full-Stack & Entry Developers
CP-4304,0.5,B.Tech/B.E,Tier 2 (Top State/Private),Data Analytics & BI,Tier 2 City,1,4,7.0,0,1,1,0,0,0,0,0,2,7.28,Entry-Level Learner,4.47,0,2,0,2,3.0,0,0,2,36.0,1,-2.2008901284962206,-0.32674825434803034,-0.12687904373471628,Applied AI/ML & Data Science Specialists
CP-4305,0.9,M.Tech/M.S,Tier 3 (Affiliated Colleges),Data Science & AI/ML,Tier 1 Tech Hub (Bengaluru/NCR/Hyd),0,7,231.0,0,1,1,0,1,0,0,0,3,16.18,Job-Ready Mid-Level,10.68,1,2,0,1,4.0,1,0,3,51.5,0,0.3518379852256759,1.4045428547639296,1.288634894929277,Core Systems & Algorithmic Backend Specialists
CP-4306,1.0,M.Tech/M.S,Tier 3 (Affiliated Colleges),Full Stack Web,Tier 1 Tech Hub (Bengaluru/NCR/Hyd),2,8,236.0,0,1,1,0,1,1,0,0,4,20.83,Job-Ready Mid-Level,14.5,2,2,0,1,4.0,1,0,4,62.5,0,2.5364378623171335,2.780113703663338,2.709848446862769,Core Systems & Algorithmic Backend Specialists
CP-4307,0.2,B.Tech/B.E,Tier 2 (Top State/Private),Data Science & AI/ML,Tier 2 City,1,5,15.0,0,1,0,1,0,0,1,0,3,10.34,Junior Associate,5.38,0,2,1,2,3.0,0,0,3,40.2,1,-0.7564523026703145,-0.5996360458962836,-1.5288614184811933,Applied AI/ML & Data Science Specialists
CP-4308,1.0,B.Tech/B.E,Tier 3 (Affiliated Colleges),Full Stack Web,Tier 1 Tech Hub (Bengaluru/NCR/Hyd),1,4,17.0,0,1,1,0,1,1,0,0,4,16.11,Job-Ready Mid-Level,4.72,2,2,0,1,3.0,1,0,4,43.1,3,0.5406229703645211,-1.248676239086155,2.868882689438402,Emerging Full-Stack & Entry Developers
CP-4309,1.4,B.Tech/B.E,Tier 2 (Top State/Private),Data Science & AI/ML,Tier 1 Tech Hub (Bengaluru/NCR/Hyd),2,5,66.0,2,1,0,0,0,0,0,1,2,18.89,Job-Ready Mid-Level,8.15,0,1,1,2,3.0,1,0,2,46.6,2,-1.2821362443715787,1.1041820604256944,-1.5114289191950632,Cloud & DevOps Infrastructure Architects
CP-4310,2.8,M.Tech/M.S,Tier 3 (Affiliated Colleges),Data Analytics & BI,Tier 1 Tech Hub (Bengaluru/NCR/Hyd),1,5,50.0,0,0,1,0,0,1,1,0,3,20.6,Job-Ready Mid-Level,6.25,1,2,0,1,4.0,1,0,3,53.6,1,0.10491361484694664,0.15599387406189835,1.3008728765239084,Applied AI/ML & Data Science Specialists
CP-4311,2.4,B.Tech/B.E,Tier 2 (Top State/Private),Data Science & AI/ML,Tier 1 Tech Hub (Bengaluru/NCR/Hyd),1,6,42.0,0,1,0,1,1,1,0,0,4,19.77,Job-Ready Mid-Level,6.75,2,1,1,2,3.0,1,0,4,57.6,3,1.4070265112841365,-0.18454172457000803,1.6441611285470346,Emerging Full-Stack & Entry Developers
CP-4312,2.7,B.Tech/B.E,Tier 3 (Affiliated Colleges),Full Stack Web,Tier 2 City,0,2,0.0,1,1,0,0,1,0,1,1,4,16.02,Job-Ready Mid-Level,1.4,1,2,1,1,3.0,0,0,4,46.0,3,0.24628703853526804,-2.823838247235638,0.22125156234245372,Emerging Full-Stack & Entry Developers
CP-4313,0.0,M.Tech/M.S,Tier 1 (IIT/NIT/BITS),Data Science & AI/ML,Tier 1 Tech Hub (Bengaluru/NCR/Hyd),1,4,337.0,0,1,0,1,1,0,0,0,3,20.74,Job-Ready Mid-Level,12.73,1,1,1,3,4.0,1,0,3,58.7,0,0.7710676362891817,1.953796940293259,0.11528825291486218,Core Systems & Algorithmic Backend Specialists
CP-4314,0.5,B.Tech/B.E,Tier 3 (Affiliated Colleges),Cloud & DevOps,Tier 1 Tech Hub (Bengaluru/NCR/Hyd),0,3,209.0,2,1,1,0,0,1,1,0,4,15.29,Job-Ready Mid-Level,7.32,1,3,0,1,3.0,1,0,4,44.9,1,0.8117997565605437,-0.7620138922014501,1.1448893955265067,Applied AI/ML & Data Science Specialists
CP-4315,2.4,B.Tech/B.E,Tier 2 (Top State/Private),Data Science & AI/ML,Tier 2 City,1,2,0.0,2,1,0,1,0,0,0,0,2,10.48,Junior Associate,2.9,0,1,1,2,3.0,0,0,2,42.9,2,-2.067341731922857,-0.9484520034067327,-1.2085903547283978,Cloud & DevOps Infrastructure Architects
CP-4316,1.5,B.Tech/B.E,Tier 2 (Top State/Private),Data Science & AI/ML,Tier 1 Tech Hub (Bengaluru/NCR/Hyd),1,9,251.0,3,1,1,0,0,1,0,0,3,17.81,Job-Ready Mid-Level,14.08,1,2,0,2,3.0,1,0,3,61.2,0,1.2624736056109844,3.1134230903141353,1.1157594859564826,Core Systems & Algorithmic Backend Specialists
CP-4317,0.0,Non-CS Degree,Tier 2 (Top State/Private),Full Stack Web,Tier 2 City,0,1,116.0,2,1,1,1,0,0,0,1,4,6.69,Entry-Level Learner,3.6,0,2,2,2,1.0,0,0,4,34.1,3,-0.3361259616444105,-2.8111683643963823,-2.758379096707268,Emerging Full-Stack & Entry Developers
CP-4318,3.6,MCA,Tier 3 (Affiliated Colleges),Cloud & DevOps,Remote Global,1,6,28.0,0,1,1,0,1,0,0,0,3,22.16,Job-Ready Mid-Level,6.4,1,2,0,1,2.5,0,1,3,53.1,1,0.013255332419990759,0.35039304039403785,1.635516993050608,Applied AI/ML & Data Science Specialists
CP-4319,3.3,M.Tech/M.S,Tier 2 (Top State/Private),Data Science & AI/ML,Tier 1 Tech Hub (Bengaluru/NCR/Hyd),0,5,220.0,1,0,0,1,0,0,0,0,1,22.01,Job-Ready Mid-Level,9.0,0,0,1,2,4.0,1,0,1,56.5,2,-1.9890224538326118,1.8196612901653986,-1.1342404301625217,Cloud & DevOps Infrastructure Architects
CP-4320,1.7,B.Tech/B.E,Tier 2 (Top State/Private),Data Science & AI/ML,Tier 1 Tech Hub (Bengaluru/NCR/Hyd),2,7,35.0,1,1,1,0,0,1,1,1,5,23.79,Job-Ready Mid-Level,8.77,1,3,1,2,3.0,1,0,5,61.7,3,3.068083956483065,0.181927833119868,-0.4793504500630638,Emerging Full-Stack & Entry Developers
CP-4321,0.2,B.Tech/B.E,Tier 2 (Top State/Private),Data Science & AI/ML,Tier 1 Tech Hub (Bengaluru/NCR/Hyd),0,2,240.0,1,1,0,0,1,0,0,0,2,12.88,Junior Associate,7.4,1,1,0,2,3.0,1,0,2,39.4,2,-1.8549787263645823,0.16662813508502938,1.6073135988681133,Cloud & DevOps Infrastructure Architects
CP-4322,3.2,Non-CS Degree,Tier 3 (Affiliated Colleges),Backend Systems,Tier 2 City,2,6,62.0,0,1,1,0,0,0,0,0,2,11.99,Junior Associate,8.75,0,2,0,1,1.0,0,0,2,46.2,1,-1.3118723294471641,1.7201279235275744,-0.3281932116740334,Applied AI/ML & Data Science Specialists
CP-4323,1.9,Non-CS Degree,Tier 1 (IIT/NIT/BITS),Full Stack Web,Tier 1 Tech Hub (Bengaluru/NCR/Hyd),1,6,72.0,0,0,1,0,1,1,0,0,3,19.7,Job-Ready Mid-Level,7.5,2,1,0,3,1.0,1,0,3,50.1,2,-0.05082506346358913,0.538371440574719,2.906368987175525,Cloud & DevOps Infrastructure Architects
CP-4324,3.4,B.Tech/B.E,Tier 2 (Top State/Private),Cloud & DevOps,Tier 1 Tech Hub (Bengaluru/NCR/Hyd),1,3,26.0,1,1,1,1,0,0,0,1,4,22.59,Job-Ready Mid-Level,4.25,0,2,2,2,3.0,1,0,4,58.5,3,1.074675770096534,-1.4017803514073377,-3.013179163464586,Emerging Full-Stack & Entry Developers
CP-4325,3.1,M.Tech/M.S,Tier 2 (Top State/Private),Data Science & AI/ML,Tier 2 City,0,4,37.0,0,0,1,1,1,1,0,1,5,19.01,Job-Ready Mid-Level,3.72,2,1,2,2,4.0,0,0,5,63.4,3,2.473031930083007,-2.322766588877849,0.6539550521186142,Emerging Full-Stack & Entry Developers
CP-4326,3.6,B.Tech/B.E,Tier 2 (Top State/Private),Full Stack Web,Tier 1 Tech Hub (Bengaluru/NCR/Hyd),3,8,32.0,0,1,1,1,0,1,0,0,4,24.13,High-Demand Specialist,10.9,1,2,1,2,3.0,1,0,4,70.5,0,2.5428355483522194,2.1270688073359896,-0.3668145664292176,Core Systems & Algorithmic Backend Specialists
CP-4327,1.6,B.Tech/B.E,Tier 2 (Top State/Private),Data Science & AI/ML,Tier 1 Tech Hub (Bengaluru/NCR/Hyd),0,7,378.0,0,0,1,1,0,1,0,0,3,19.51,Job-Ready Mid-Level,14.35,1,1,1,2,3.0,1,0,3,62.1,0,1.066680752203916,2.5285166753894064,0.12091479406013336,Core Systems & Algorithmic Backend Specialists
CP-4328,0.3,BCA/B.Sc CS,Tier 2 (Top State/Private),Data Science & AI/ML,Tier 2 City,1,4,125.0,1,1,1,1,1,1,1,1,7,17.51,Job-Ready Mid-Level,7.42,2,3,2,2,2.0,0,0,7,53.4,3,4.708268654500858,-2.360168560061251,0.02155566768717839,Emerging Full-Stack & Entry Developers
CP-4329,2.4,B.Tech/B.E,Tier 3 (Affiliated Colleges),Full Stack Web,Tier 1 Tech Hub (Bengaluru/NCR/Hyd),3,5,10.0,2,1,0,1,1,0,0,0,3,19.8,Job-Ready Mid-Level,8.25,1,1,1,1,3.0,1,0,3,51.8,0,0.25052441948802395,1.059253091356411,-0.02521647444148468,Core Systems & Algorithmic Backend Specialists
CP-4330,2.1,Non-CS Degree,Tier 3 (Affiliated Colleges),Full Stack Web,Tier 2 City,2,6,22.0,1,0,1,0,0,0,0,1,2,13.46,Junior Associate,7.75,0,1,1,1,1.0,0,0,2,39.0,2,-1.7389715147311544,0.8053330393497895,-1.3994657209865917,Cloud & DevOps Infrastructure Architects
CP-4331,3.0,B.Tech/B.E,Tier 2 (Top State/Private),Data Science & AI/ML,Tier 2 City,1,2,239.0,2,1,1,0,1,0,1,0,4,18.94,Job-Ready Mid-Level,8.88,1,3,0,2,3.0,0,0,4,64.2,0,1.917683075612344,0.4470181159419027,1.18713758802484,Core Systems & Algorithmic Backend Specialists
CP-4332,0.4,B.Tech/B.E,Tier 1 (IIT/NIT/BITS),Cloud & DevOps,Tier 1 Tech Hub (Bengaluru/NCR/Hyd),3,5,39.0,0,1,1,0,0,0,1,0,3,19.24,Job-Ready Mid-Level,8.98,0,3,0,3,3.0,1,0,3,51.3,1,0.27950283694530936,1.4791638601297363,-0.7697304136082384,Applied AI/ML & Data Science Specialists
CP-4333,0.5,MCA,Tier 3 (Affiliated Colleges),Backend Systems,Remote Global,1,12,64.0,1,1,1,1,0,0,0,0,3,14.21,Junior Associate,11.1,0,2,1,1,2.5,0,1,3,45.5,0,0.21274851177575374,1.937510229943492,-1.423693504373128,Core Systems & Algorithmic Backend Specialists
CP-4334,4.9,MCA,Tier 2 (Top State/Private),Full Stack Web,Tier 1 Tech Hub (Bengaluru/NCR/Hyd),0,5,134.0,0,0,0,0,0,1,1,0,2,24.96,High-Demand Specialist,6.85,1,1,0,2,2.5,1,0,2,60.4,2,-0.8290947819075668,0.9344619690367886,1.4985004759265372,Cloud & DevOps Infrastructure Architects
CP-4335,3.0,B.Tech/B.E,Tier 3 (Affiliated Colleges),Cloud & DevOps,Remote Global,1,4,336.0,1,1,0,0,1,1,0,0,3,26.27,High-Demand Specialist,12.7,2,1,0,1,3.0,0,1,3,62.2,0,0.9658564847789841,2.1477854896586575,3.5327906950488894,Core Systems & Algorithmic Backend Specialists
CP-4336,5.3,B.Tech/B.E,Tier 2 (Top State/Private),Backend Systems,Tier 1 Tech Hub (Bengaluru/NCR/Hyd),0,2,120.0,2,1,1,0,1,1,1,0,5,27.94,High-Demand Specialist,4.4,2,3,0,2,3.0,1,0,5,70.9,3,2.990382059655934,-1.433161956153197,2.6577346324838045,Emerging Full-Stack & Entry Developers
CP-4337,3.1,BCA/B.Sc CS,Tier 2 (Top State/Private),Data Analytics & BI,Tier 1 Tech Hub (Bengaluru/NCR/Hyd),0,2,0.0,0,1,1,0,0,0,0,0,2,13.8,Junior Associate,1.4,0,2,0,2,2.0,1,0,2,40.8,1,-2.403672429657541,-1.422762498334691,-0.24523555326360535,Applied AI/ML & Data Science Specialists
CP-4338,2.0,B.Tech/B.E,Tier 2 (Top State/Private),Full Stack Web,Tier 1 Tech Hub (Bengaluru/NCR/Hyd),2,5,25.0,1,1,1,1,1,0,0,0,4,20.75,Job-Ready Mid-Level,7.12,1,2,1,2,3.0,1,0,4,56.2,3,1.4418846205665414,0.06879192338701949,-0.23202921727048736,Emerging Full-Stack & Entry Developers
CP-4339,2.3,Non-CS Degree,Tier 3 (Affiliated Colleges),Data Analytics & BI,Tier 1 Tech Hub (Bengaluru/NCR/Hyd),1,3,147.0,1,1,1,0,0,0,0,1,3,16.23,Job-Ready Mid-Level,7.28,0,2,1,1,1.0,1,0,3,43.4,1,-0.5904912093040606,-0.21147252946406922,-1.6901685802265674,Applied AI/ML & Data Science Specialists
CP-4340,4.8,MCA,Tier 1 (IIT/NIT/BITS),Data Science & AI/ML,Tier 2 City,0,5,232.0,1,1,1,0,0,1,0,0,3,23.04,Job-Ready Mid-Level,9.3,1,2,0,3,2.5,0,0,3,72.3,0,1.089121158204223,1.46804352027777,1.3959339433761229,Core Systems & Algorithmic Backend Specialists
CP-4341,1.9,B.Tech/B.E,Tier 2 (Top State/Private),Full Stack Web,Tier 2 City,2,4,335.0,0,1,1,0,0,0,0,0,2,15.23,Job-Ready Mid-Level,14.18,0,2,0,2,3.0,0,0,2,59.2,0,-0.2103338602206695,3.422780552321196,-0.2347922668928321,Core Systems & Algorithmic Backend Specialists
CP-4342,2.2,B.Tech/B.E,Tier 1 (IIT/NIT/BITS),Data Science & AI/ML,Tier 2 City,0,5,64.0,0,1,1,1,0,1,0,1,5,19.02,Job-Ready Mid-Level,5.1,1,2,2,3,3.0,0,0,5,62.2,3,2.4568452203800746,-1.743825300424843,-1.2506532660013943,Emerging Full-Stack & Entry Developers
CP-4343,0.4,B.Tech/B.E,Tier 3 (Affiliated Colleges),Data Science & AI/ML,Tier 1 Tech Hub (Bengaluru/NCR/Hyd),3,6,238.0,0,0,0,1,0,0,0,0,1,14.63,Junior Associate,14.65,0,0,1,1,3.0,1,0,1,44.1,2,-1.9514755061418498,3.8543397552597884,-1.3527312380186114,Cloud & DevOps Infrastructure Architects
CP-4344,1.4,MCA,Tier 3 (Affiliated Colleges),Full Stack Web,Tier 1 Tech Hub (Bengaluru/NCR/Hyd),3,5,0.0,0,1,0,0,0,0,0,0,1,14.17,Junior Associate,8.0,0,1,0,1,2.5,1,0,1,36.5,2,-2.9067008979013065,1.8913503840090404,-0.22454774318824133,Cloud & DevOps Infrastructure Architects
CP-4345,2.8,B.Tech/B.E,Tier 2 (Top State/Private),Data Science & AI/ML,Tier 2 City,3,7,26.0,1,1,1,0,0,0,0,0,2,15.92,Job-Ready Mid-Level,10.05,0,2,0,2,3.0,0,0,2,56.8,0,-0.47289546072269023,2.716601287503116,-0.3760777045885394,Core Systems & Algorithmic Backend Specialists
CP-4346,0.7,B.Tech/B.E,Tier 2 (Top State/Private),Cloud & DevOps,Tier 1 Tech Hub (Bengaluru/NCR/Hyd),2,5,28.0,0,1,1,0,1,0,0,0,3,13.61,Junior Associate,7.2,1,2,0,2,3.0,1,0,3,45.7,1,-0.19873237515726183,0.5207517981636473,1.1462285815481288,Applied AI/ML & Data Science Specialists
CP-4347,0.5,B.Tech/B.E,Tier 3 (Affiliated Colleges),Full Stack Web,Tier 2 City,0,4,359.0,1,1,0,1,0,1,0,0,3,10.23,Junior Associate,11.77,1,1,1,1,3.0,0,0,3,48.2,0,0.07472562985641709,1.0677277431045689,0.42484758568090303,Core Systems & Algorithmic Backend Specialists
CP-4348,0.8,BCA/B.Sc CS,Tier 2 (Top State/Private),Full Stack Web,Tier 2 City,1,4,18.0,0,1,1,0,0,0,0,0,2,8.8,Entry-Level Learner,4.75,0,2,0,2,2.0,0,0,2,34.8,1,-2.279241612363755,-0.2599697970025951,-0.16998705678398357,Applied AI/ML & Data Science Specialists
CP-4349,0.6,B.Tech/B.E,Tier 2 (Top State/Private),Data Science & AI/ML,Tier 1 Tech Hub (Bengaluru/NCR/Hyd),0,2,37.0,0,1,0,1,0,1,0,0,3,12.44,Junior Associate,2.33,1,1,1,2,3.0,1,0,3,37.1,2,-1.3464637444862435,-2.146837022642081,0.28809827206195127,Cloud & DevOps Infrastructure Architects
CP-4350,0.5,B.Tech/B.E,Tier 2 (Top State/Private),Data Science & AI/ML,Tier 2 City,0,5,240.0,1,1,1,1,1,1,0,0,5,13.04,Junior Associate,9.5,2,2,1,2,3.0,0,0,5,56.9,3,2.7104765793086028,-0.3836935814073946,1.6809916848978896,Emerging Full-Stack & Entry Developers
CP-4351,1.2,Non-CS Degree,Tier 3 (Affiliated Colleges),Cloud & DevOps,Tier 2 City,1,3,56.0,1,0,1,0,1,0,1,0,3,12.11,Junior Associate,5.0,1,2,0,1,1.0,0,0,3,34.1,1,-1.0728317029273675,-0.9671351013973389,1.398699485165568,Applied AI/ML & Data Science Specialists
CP-4352,5.2,MCA,Tier 1 (IIT/NIT/BITS),Backend Systems,Tier 2 City,0,1,5.0,0,1,1,0,0,1,0,0,3,17.81,Job-Ready Mid-Level,0.82,1,2,0,3,2.5,0,0,3,59.2,1,-0.4087838712564499,-1.7610583458770586,1.5224170630912144,Applied AI/ML & Data Science Specialists
CP-4353,1.6,M.Tech/M.S,Tier 3 (Affiliated Colleges),Data Science & AI/ML,Tier 1 Tech Hub (Bengaluru/NCR/Hyd),3,7,130.0,2,1,0,0,1,0,0,1,3,22.23,Job-Ready Mid-Level,12.65,1,1,1,1,4.0,1,0,3,58.2,0,1.0315868777696493,2.5640592699156306,-0.014667354421070975,Core Systems & Algorithmic Backend Specialists
CP-4354,0.5,B.Tech/B.E,Tier 2 (Top State/Private),Full Stack Web,Tier 1 Tech Hub (Bengaluru/NCR/Hyd),2,4,119.0,0,1,0,1,0,1,0,0,3,15.83,Job-Ready Mid-Level,8.78,1,1,1,2,3.0,1,0,3,47.3,2,-0.1166545322690781,0.6944435136480058,0.08582493720218638,Cloud & DevOps Infrastructure Architects
CP-4355,0.2,B.Tech/B.E,Tier 1 (IIT/NIT/BITS),Backend Systems,Tier 1 Tech Hub (Bengaluru/NCR/Hyd),1,6,53.0,1,1,1,1,0,0,0,1,4,17.6,Job-Ready Mid-Level,7.02,0,2,2,3,3.0,1,0,4,51.2,3,1.064292813557876,-0.5512152474694446,-3.1024093480307076,Emerging Full-Stack & Entry Developers
CP-4356,2.6,BCA/B.Sc CS,Tier 3 (Affiliated Colleges),Data Science & AI/ML,Tier 1 Tech Hub (Bengaluru/NCR/Hyd),1,4,360.0,0,1,1,1,1,0,0,0,4,21.58,Job-Ready Mid-Level,13.3,1,2,1,1,2.0,1,0,4,62.2,0,2.0707781453983647,1.7098526927120485,-0.16822136194904358,Core Systems & Algorithmic Backend Specialists
CP-4357,1.1,B.Tech/B.E,Tier 2 (Top State/Private),Backend Systems,Tier 1 Tech Hub (Bengaluru/NCR/Hyd),1,5,5.0,0,0,1,0,0,0,1,0,2,14.17,Junior Associate,5.12,0,2,0,2,3.0,1,0,2,40.1,1,-1.850360323657133,0.061055201383312295,-0.34502224949058,Applied AI/ML & Data Science Specialists
CP-4358,3.8,MCA,Tier 1 (IIT/NIT/BITS),Full Stack Web,Tier 2 City,2,4,216.0,3,1,1,1,0,0,0,1,4,22.73,Job-Ready Mid-Level,11.2,0,2,2,3,2.5,0,0,4,74.6,0,2.5693758762087477,1.4119740935533074,-3.0027519506647518,Core Systems & Algorithmic Backend Specialists
CP-4359,2.4,BCA/B.Sc CS,Tier 3 (Affiliated Colleges),Full Stack Web,Tier 2 City,1,2,116.0,2,1,0,1,0,0,0,1,3,12.38,Junior Associate,5.8,0,1,2,1,2.0,0,0,3,44.6,2,-0.6833288214820822,-0.9463659660680871,-2.5600369412363952,Cloud & DevOps Infrastructure Architects
CP-4360,3.5,B.Tech/B.E,Tier 3 (Affiliated Colleges),Full Stack Web,Tier 1 Tech Hub (Bengaluru/NCR/Hyd),0,3,29.0,0,0,1,0,0,0,0,0,1,16.14,Job-Ready Mid-Level,2.82,0,1,0,1,3.0,1,0,1,39.9,2,-3.385664896731665,-0.45741669563039666,0.048015843100786715,Cloud & DevOps Infrastructure Architects
CP-4361,0.7,MCA,Tier 3 (Affiliated Colleges),Full Stack Web,Tier 1 Tech Hub (Bengaluru/NCR/Hyd),1,6,146.0,2,1,0,0,1,0,1,0,3,15.53,Job-Ready Mid-Level,9.35,1,2,0,1,2.5,1,0,3,43.6,0,-0.08093258719629516,0.9393745307369396,1.183909647365877,Core Systems & Algorithmic Backend Specialists
CP-4362,2.6,Non-CS Degree,Tier 3 (Affiliated Colleges),Full Stack Web,Remote Global,1,4,10.0,0,0,0,0,0,1,1,0,2,19.57,Job-Ready Mid-Level,4.55,1,1,0,1,1.0,0,1,2,36.2,2,-2.2297652940980806,-0.4101137287928205,1.9217332797977047,Cloud & DevOps Infrastructure Architects
CP-4363,0.7,B.Tech/B.E,Tier 3 (Affiliated Colleges),Backend Systems,Tier 1 Tech Hub (Bengaluru/NCR/Hyd),3,8,16.0,2,0,1,1,0,0,0,1,3,17.91,Job-Ready Mid-Level,10.5,0,1,2,1,3.0,1,0,3,47.0,0,0.2514713587160403,1.4881056275165445,-2.980514086723368,Core Systems & Algorithmic Backend Specialists
CP-4364,6.2,B.Tech/B.E,Tier 1 (IIT/NIT/BITS),Data Analytics & BI,Tier 2 City,0,1,206.0,1,0,0,1,0,0,0,0,1,22.81,Job-Ready Mid-Level,5.85,0,0,1,3,3.0,0,0,1,60.8,2,-2.1637443013451807,0.7234595212740169,-0.931590966562732,Cloud & DevOps Infrastructure Architects
CP-4365,2.2,B.Tech/B.E,Tier 2 (Top State/Private),Cloud & DevOps,Remote Global,0,3,0.0,0,1,1,1,0,0,1,0,4,18.96,Job-Ready Mid-Level,2.1,0,3,1,2,3.0,0,1,4,48.9,1,0.4130498454895297,-2.3048441659797496,-1.3878728332863086,Applied AI/ML & Data Science Specialists
CP-4366,0.9,B.Tech/B.E,Tier 3 (Affiliated Colleges),Data Analytics & BI,Tier 2 City,2,7,11.0,2,0,1,0,1,0,0,0,2,10.85,Junior Associate,8.18,1,1,0,1,3.0,0,0,2,40.0,2,-1.3970442190499872,1.2945755852357563,1.557507808652821,Cloud & DevOps Infrastructure Architects
CP-4367,0.7,B.Tech/B.E,Tier 2 (Top State/Private),Data Science & AI/ML,Remote Global,2,3,61.0,1,1,1,1,0,0,0,0,3,16.27,Job-Ready Mid-Level,6.62,0,2,1,2,3.0,0,1,3,44.7,1,-0.43617671893188864,-0.11520234702678564,-1.2625609921231034,Applied AI/ML & Data Science Specialists
CP-4368,0.5,BCA/B.Sc CS,Tier 3 (Affiliated Colleges),Cloud & DevOps,Tier 2 City,2,5,0.0,0,0,0,1,0,0,1,1,3,11.44,Junior Associate,6.5,0,1,2,1,2.0,0,0,3,36.2,2,-0.8662151825183609,-0.5382145698148806,-2.690920660462145,Cloud & DevOps Infrastructure Architects
CP-4369,2.6,Non-CS Degree,Tier 3 (Affiliated Colleges),Full Stack Web,Tier 1 Tech Hub (Bengaluru/NCR/Hyd),1,4,228.0,0,1,1,0,0,0,0,0,2,16.14,Job-Ready Mid-Level,10.0,0,2,0,1,1.0,1,0,2,45.3,1,-1.3746133167229353,1.6324539949595687,-0.3887460279775121,Applied AI/ML & Data Science Specialists
CP-4370,0.5,B.Tech/B.E,Tier 2 (Top State/Private),Data Analytics & BI,Tier 1 Tech Hub (Bengaluru/NCR/Hyd),1,5,60.0,2,0,0,0,1,0,0,0,1,15.22,Job-Ready Mid-Level,6.5,1,0,0,2,3.0,1,0,1,35.2,2,-3.0682489635694172,0.8286738282559448,1.7158402630803293,Cloud & DevOps Infrastructure Architects
CP-4371,2.0,B.Tech/B.E,Tier 3 (Affiliated Colleges),Full Stack Web,Tier 1 Tech Hub (Bengaluru/NCR/Hyd),1,5,53.0,1,1,0,0,1,0,0,0,2,16.35,Job-Ready Mid-Level,6.32,1,1,0,1,3.0,1,0,2,42.4,2,-1.6375590502665829,0.5080641814656219,1.4831191470771945,Cloud & DevOps Infrastructure Architects
CP-4372,0.7,BCA/B.Sc CS,Tier 2 (Top State/Private),Cloud & DevOps,Tier 1 Tech Hub (Bengaluru/NCR/Hyd),0,6,37.0,0,1,1,1,0,0,0,0,3,12.4,Junior Associate,5.12,0,2,1,2,2.0,1,0,3,39.1,1,-0.9220935758853048,-0.7871894642070232,-1.7024996780124761,Applied AI/ML & Data Science Specialists
CP-4373,2.4,B.Tech/B.E,Tier 2 (Top State/Private),Backend Systems,Tier 2 City,1,2,47.0,0,0,1,0,0,1,0,1,3,17.05,Job-Ready Mid-Level,4.08,1,1,1,2,3.0,0,0,3,49.0,2,-0.544633819839765,-1.25105283787017,0.41527406166062664,Cloud & DevOps Infrastructure Architects
CP-4374,3.7,MCA,Tier 3 (Affiliated Colleges),Full Stack Web,Tier 1 Tech Hub (Bengaluru/NCR/Hyd),0,1,31.0,0,1,0,0,0,0,0,0,1,11.83,Junior Associate,1.48,0,1,0,1,2.5,1,0,1,37.1,2,-3.760191465647496,-1.0545737133331283,0.07525383773740914,Cloud & DevOps Infrastructure Architects
CP-4375,3.3,B.Tech/B.E,Tier 2 (Top State/Private),Data Science & AI/ML,Tier 2 City,0,2,39.0,0,1,0,1,1,0,0,1,4,17.37,Job-Ready Mid-Level,2.38,1,1,2,2,3.0,0,0,4,54.8,3,0.6279374035663969,-2.4516325813211464,-0.9302516088870828,Emerging Full-Stack & Entry Developers
CP-4376,3.1,B.Tech/B.E,Tier 2 (Top State/Private),Full Stack Web,Tier 1 Tech Hub (Bengaluru/NCR/Hyd),3,7,8.0,0,1,1,0,0,1,0,0,3,21.46,Job-Ready Mid-Level,9.6,1,2,0,2,3.0,1,0,3,61.7,0,0.8676496604900601,2.1392242981469876,1.033468165854431,Core Systems & Algorithmic Backend Specialists
CP-4377,0.5,B.Tech/B.E,Tier 2 (Top State/Private),Full Stack Web,Tier 1 Tech Hub (Bengaluru/NCR/Hyd),0,5,67.0,1,1,1,0,1,1,1,0,5,16.97,Job-Ready Mid-Level,5.18,2,3,0,2,3.0,1,0,5,49.7,3,2.094973774858606,-1.619098747404442,2.6213461880936144,Emerging Full-Stack & Entry Developers
CP-4378,0.2,M.Tech/M.S,Tier 3 (Affiliated Colleges),Cloud & DevOps,Remote Global,3,11,127.0,0,1,0,1,0,0,1,0,3,21.45,Job-Ready Mid-Level,15.38,0,2,1,1,4.0,0,1,3,55.2,0,1.1771925378140748,3.7567928531092174,-1.4927639142265856,Core Systems & Algorithmic Backend Specialists
CP-4379,2.6,B.Tech/B.E,Tier 3 (Affiliated Colleges),Backend Systems,Tier 1 Tech Hub (Bengaluru/NCR/Hyd),0,4,214.0,0,1,1,0,0,1,0,0,3,17.15,Job-Ready Mid-Level,8.15,1,2,0,1,3.0,1,0,3,52.6,1,0.01444864407082685,0.4139890412330889,1.3537712002972322,Applied AI/ML & Data Science Specialists
CP-4380,1.0,M.Tech/M.S,Tier 3 (Affiliated Colleges),Full Stack Web,Tier 2 City,0,1,142.0,1,1,1,1,0,0,0,0,3,9.91,Junior Associate,4.25,0,2,1,1,4.0,0,0,3,41.2,1,-0.9461306347917594,-1.5638016784858089,-1.2791016655468428,Applied AI/ML & Data Science Specialists
CP-4381,1.2,B.Tech/B.E,Tier 3 (Affiliated Colleges),Full Stack Web,Tier 2 City,1,3,109.0,0,1,1,0,0,0,0,0,2,8.43,Entry-Level Learner,6.32,0,2,0,1,3.0,0,0,2,38.4,1,-1.9641729626020321,0.1761316637804132,-0.07871846440542256,Applied AI/ML & Data Science Specialists
CP-4382,0.1,B.Tech/B.E,Tier 2 (Top State/Private),Cloud & DevOps,Tier 1 Tech Hub (Bengaluru/NCR/Hyd),2,6,29.0,2,1,0,1,1,0,0,1,4,15.39,Job-Ready Mid-Level,7.92,1,1,2,2,3.0,1,0,4,48.1,3,1.1188949224327365,-0.19672515458920337,-1.3338295696420073,Emerging Full-Stack & Entry Developers
CP-4383,0.7,B.Tech/B.E,Tier 3 (Affiliated Colleges),Data Science & AI/ML,Tier 1 Tech Hub (Bengaluru/NCR/Hyd),1,5,235.0,0,0,1,0,1,0,1,0,3,17.33,Job-Ready Mid-Level,10.88,1,2,0,1,3.0,1,0,3,47.7,0,0.2010997872818847,1.3294543407091328,1.2326414022474468,Core Systems & Algorithmic Backend Specialists
CP-4384,0.1,Non-CS Degree,Tier 3 (Affiliated Colleges),Data Science & AI/ML,Tier 1 Tech Hub (Bengaluru/NCR/Hyd),2,6,60.0,1,0,1,0,1,1,0,0,3,15.16,Job-Ready Mid-Level,8.7,2,1,0,1,1.0,1,0,3,34.8,2,-0.5792202186341198,0.6104591014948496,2.921871344651681,Cloud & DevOps Infrastructure Architects
CP-4385,4.6,Non-CS Degree,Tier 2 (Top State/Private),Backend Systems,Tier 2 City,0,3,205.0,1,0,1,1,0,1,0,0,3,17.92,Job-Ready Mid-Level,7.22,1,1,1,2,1.0,0,0,3,59.0,2,0.11855818179518805,0.01828195019046766,0.31839440004003977,Cloud & DevOps Infrastructure Architects
CP-4386,0.6,B.Tech/B.E,Tier 1 (IIT/NIT/BITS),Cloud & DevOps,Tier 2 City,2,3,60.0,0,0,0,0,1,1,0,1,3,14.97,Junior Associate,6.6,2,0,1,3,3.0,0,0,3,48.4,2,-0.23297102240701073,-0.25336771076167103,2.1014988452220305,Cloud & DevOps Infrastructure Architects
CP-4387,1.8,B.Tech/B.E,Tier 3 (Affiliated Colleges),Data Science & AI/ML,Tier 1 Tech Hub (Bengaluru/NCR/Hyd),0,3,153.0,2,0,1,1,1,1,1,0,5,22.55,Job-Ready Mid-Level,5.92,2,2,1,1,3.0,1,0,5,53.2,3,2.266329002757044,-1.7582785231069331,1.580354217394383,Emerging Full-Stack & Entry Developers
CP-4388,0.1,B.Tech/B.E,Tier 3 (Affiliated Colleges),Data Science & AI/ML,Tier 2 City,2,7,133.0,1,1,0,1,1,0,1,1,5,16.44,Job-Ready Mid-Level,11.22,1,2,2,1,3.0,0,0,5,53.6,3,2.849431886729122,0.4193012162280245,-1.4106463781885377,Emerging Full-Stack & Entry Developers
CP-4389,2.4,B.Tech/B.E,Tier 3 (Affiliated Colleges),Cloud & DevOps,Tier 1 Tech Hub (Bengaluru/NCR/Hyd),1,3,31.0,0,0,1,1,0,0,0,0,2,14.42,Junior Associate,4.38,0,1,1,1,3.0,1,0,2,41.2,2,-2.0148668988563934,-0.5123439271793685,-1.3782449336021958,Cloud & DevOps Infrastructure Architects
CP-4390,0.9,B.Tech/B.E,Tier 3 (Affiliated Colleges),Data Analytics & BI,Tier 2 City,2,5,363.0,2,0,0,0,0,1,1,0,2,14.57,Junior Associate,15.58,1,1,0,1,3.0,0,0,2,51.4,0,-0.29247721745275457,3.5436797585935387,1.6149133302692582,Core Systems & Algorithmic Backend Specialists
CP-4391,5.0,MCA,Tier 2 (Top State/Private),Data Analytics & BI,Remote Global,1,2,33.0,2,1,0,1,0,0,0,0,2,23.56,Job-Ready Mid-Level,3.72,0,1,1,2,2.5,0,1,2,55.7,2,-1.4218314173056312,-0.32052063324638147,-0.9767437863527267,Cloud & DevOps Infrastructure Architects
CP-4392,4.8,Non-CS Degree,Tier 3 (Affiliated Colleges),Full Stack Web,Remote Global,0,5,20.0,1,1,0,1,0,1,0,0,3,22.15,Job-Ready Mid-Level,4.0,1,1,1,1,1.0,0,1,3,50.5,2,-0.5411732981347634,-0.9404131687211734,0.5798892992343502,Cloud & DevOps Infrastructure Architects
CP-4393,0.9,B.Tech/B.E,Tier 2 (Top State/Private),Backend Systems,Tier 2 City,2,9,31.0,0,1,1,1,1,0,1,0,5,16.71,Job-Ready Mid-Level,10.07,1,3,1,2,3.0,0,0,5,59.8,0,3.1535534107273797,0.8286271693095042,-0.40945063001996473,Core Systems & Algorithmic Backend Specialists
CP-4394,5.1,B.Tech/B.E,Tier 1 (IIT/NIT/BITS),Cloud & DevOps,Tier 1 Tech Hub (Bengaluru/NCR/Hyd),0,4,52.0,0,1,0,0,0,0,1,1,3,28.18,High-Demand Specialist,4.1,0,2,1,3,3.0,1,0,3,66.2,1,0.2792503867038797,-0.538847878109488,-1.6661848941652122,Applied AI/ML & Data Science Specialists
CP-4395,9.5,MCA,Tier 3 (Affiliated Colleges),Cloud & DevOps,Remote Global,0,1,214.0,1,0,1,0,0,0,0,0,1,35.65,High-Demand Specialist,6.05,0,1,0,1,2.5,0,1,1,51.2,2,-2.3733985637748547,0.8257454990767124,0.5109391379124057,Cloud & DevOps Infrastructure Architects
CP-4396,3.8,M.Tech/M.S,Tier 2 (Top State/Private),Cloud & DevOps,Tier 1 Tech Hub (Bengaluru/NCR/Hyd),2,5,40.0,0,0,1,0,0,0,1,0,2,24.0,High-Demand Specialist,7.5,0,2,0,2,4.0,1,0,2,60.7,1,-0.558287243272249,1.6231504180897116,-0.404783721444153,Applied AI/ML & Data Science Specialists
CP-4397,4.1,B.Tech/B.E,Tier 3 (Affiliated Colleges),Data Science & AI/ML,Tier 2 City,0,5,34.0,1,1,1,0,0,0,1,0,3,16.02,Job-Ready Mid-Level,4.35,0,3,0,1,3.0,0,0,3,53.8,1,-0.16374469217949292,-0.4858333330606295,-0.3436597131343631,Applied AI/ML & Data Science Specialists
CP-4398,0.6,B.Tech/B.E,Tier 2 (Top State/Private),Backend Systems,Tier 1 Tech Hub (Bengaluru/NCR/Hyd),0,3,143.0,1,1,1,1,0,1,1,0,5,18.0,Job-Ready Mid-Level,5.68,1,3,1,2,3.0,1,0,5,51.0,3,2.0413248362869463,-1.799435576413214,-0.251144208545831,Emerging Full-Stack & Entry Developers
CP-4399,1.9,B.Tech/B.E,Tier 2 (Top State/Private),Data Science & AI/ML,Remote Global,1,3,10.0,1,1,1,0,0,0,1,0,3,19.53,Job-Ready Mid-Level,3.85,0,3,0,2,3.0,0,1,3,46.1,1,-0.5838767905031569,-0.8943789132885736,-0.09081361518021533,Applied AI/ML & Data Science Specialists
CP-4400,0.2,B.Tech/B.E,Tier 2 (Top State/Private),Data Science & AI/ML,Tier 2 City,2,3,138.0,1,1,0,0,0,0,0,0,1,9.86,Junior Associate,8.55,0,1,0,2,3.0,0,0,1,37.1,2,-2.9126968944021496,1.5761378804980932,0.07006789621702315,Cloud & DevOps Infrastructure Architects
CP-4401,0.2,B.Tech/B.E,Tier 2 (Top State/Private),Data Analytics & BI,Tier 2 City,0,1,138.0,2,1,0,0,0,0,1,1,3,8.72,Entry-Level Learner,4.15,0,2,1,2,3.0,0,0,3,38.1,1,-1.098936607773459,-1.8006089992494576,-1.3275103481906283,Applied AI/ML & Data Science Specialists
CP-4402,9.5,B.Tech/B.E,Tier 1 (IIT/NIT/BITS),Cloud & DevOps,Tier 1 Tech Hub (Bengaluru/NCR/Hyd),1,4,64.0,3,0,1,1,0,1,0,1,4,41.2,High-Demand Specialist,5.9,1,1,2,3,3.0,1,0,4,73.4,3,2.3356235082056247,-0.21752935509785745,-1.2540130710251756,Emerging Full-Stack & Entry Developers
CP-4403,0.9,BCA/B.Sc CS,Tier 2 (Top State/Private),Data Analytics & BI,Tier 2 City,1,5,348.0,1,0,1,0,1,0,0,0,2,13.98,Junior Associate,13.7,1,1,0,2,2.0,0,0,2,50.2,0,-0.6553787307973603,2.7814753132402195,1.5866799040425934,Core Systems & Algorithmic Backend Specialists
CP-4404,3.0,B.Tech/B.E,Tier 3 (Affiliated Colleges),Full Stack Web,Tier 2 City,2,3,42.0,0,0,1,1,0,0,0,0,2,14.27,Junior Associate,6.15,0,1,1,1,3.0,0,0,2,47.1,2,-1.5250715663154042,0.39088177473148655,-1.2743424307574207,Cloud & DevOps Infrastructure Architects
CP-4405,3.6,B.Tech/B.E,Tier 1 (IIT/NIT/BITS),Full Stack Web,Tier 2 City,3,8,105.0,2,0,0,0,0,1,1,1,3,24.6,High-Demand Specialist,12.72,1,1,1,3,3.0,0,0,3,73.6,0,1.7817543710861306,3.0918352858988603,0.04509002850896176,Core Systems & Algorithmic Backend Specialists
CP-4406,4.3,B.Tech/B.E,Tier 2 (Top State/Private),Backend Systems,Tier 1 Tech Hub (Bengaluru/NCR/Hyd),2,4,221.0,0,1,1,0,0,0,1,0,3,27.87,High-Demand Specialist,11.32,0,3,0,2,3.0,1,0,3,70.6,0,1.2960583187883972,2.4430137182853504,-0.6873873928150678,Core Systems & Algorithmic Backend Specialists
CP-4407,9.5,M.Tech/M.S,Tier 2 (Top State/Private),Data Science & AI/ML,Tier 1 Tech Hub (Bengaluru/NCR/Hyd),1,3,153.0,0,1,1,1,0,1,0,0,4,40.06,High-Demand Specialist,7.42,1,2,1,2,4.0,1,0,4,74.9,0,2.4776962088011487,0.53598628760541,-0.07338094786317886,Core Systems & Algorithmic Backend Specialists
CP-4408,0.6,MCA,Tier 3 (Affiliated Colleges),Data Analytics & BI,Tier 1 Tech Hub (Bengaluru/NCR/Hyd),1,2,46.0,1,1,1,1,0,1,1,0,5,14.52,Junior Associate,4.05,1,3,1,1,2.5,1,0,5,42.6,3,1.5118473202600486,-2.3885039104350207,-0.27241162595031554,Emerging Full-Stack & Entry Developers
CP-4409,0.1,B.Tech/B.E,Tier 1 (IIT/NIT/BITS),Data Science & AI/ML,Tier 1 Tech Hub (Bengaluru/NCR/Hyd),0,5,21.0,1,1,1,0,0,0,0,1,3,13.3,Junior Associate,4.03,0,2,1,3,3.0,1,0,3,41.6,1,-0.8580787365070982,-1.2816598931273204,-1.634814916638651,Applied AI/ML & Data Science Specialists
CP-4410,1.2,B.Tech/B.E,Tier 3 (Affiliated Colleges),Data Analytics & BI,Tier 1 Tech Hub (Bengaluru/NCR/Hyd),1,2,120.0,1,1,1,1,0,0,0,0,3,13.73,Junior Associate,5.9,0,2,1,1,3.0,1,0,3,41.9,1,-0.713286759550056,-0.678007646102734,-1.59874803035944,Applied AI/ML & Data Science Specialists
CP-4411,0.3,Non-CS Degree,Tier 3 (Affiliated Colleges),Data Science & AI/ML,Tier 1 Tech Hub (Bengaluru/NCR/Hyd),3,4,341.0,0,1,1,1,1,1,1,0,6,22.4,Job-Ready Mid-Level,15.82,2,3,1,1,1.0,1,0,6,58.8,0,4.5951356545692175,1.6032327942001368,1.0116156134773848,Core Systems & Algorithmic Backend Specialists
CP-4412,0.0,B.Tech/B.E,Tier 2 (Top State/Private),Cloud & DevOps,Tier 1 Tech Hub (Bengaluru/NCR/Hyd),1,1,39.0,2,1,0,0,1,1,0,0,3,10.07,Junior Associate,3.18,2,1,0,2,3.0,1,0,3,35.5,2,-1.158269618852216,-1.672154759543931,3.172561061015374,Cloud & DevOps Infrastructure Architects
CP-4413,1.0,B.Tech/B.E,Tier 2 (Top State/Private),Backend Systems,Tier 1 Tech Hub (Bengaluru/NCR/Hyd),0,3,45.0,2,1,0,1,1,0,1,0,4,16.52,Job-Ready Mid-Level,3.22,1,2,1,2,3.0,1,0,4,44.7,3,0.4234976422244505,-2.092636013049784,-0.037095864426818274,Emerging Full-Stack & Entry Developers
CP-4414,3.4,B.Tech/B.E,Tier 3 (Affiliated Colleges),Full Stack Web,Tier 1 Tech Hub (Bengaluru/NCR/Hyd),1,5,26.0,1,1,0,0,1,1,1,1,5,26.46,High-Demand Specialist,5.65,2,2,1,1,3.0,1,0,5,60.8,3,2.6556213661654775,-1.2032287510376003,1.4686838009544254,Emerging Full-Stack & Entry Developers
CP-4415,1.8,B.Tech/B.E,Tier 3 (Affiliated Colleges),Data Analytics & BI,Remote Global,1,5,152.0,0,1,1,0,0,0,0,0,2,16.29,Job-Ready Mid-Level,8.8,0,2,0,1,3.0,0,1,2,45.5,1,-1.3598777742951291,1.2766158019352956,0.13528598422204974,Applied AI/ML & Data Science Specialists
CP-4416,0.8,B.Tech/B.E,Tier 3 (Affiliated Colleges),Data Analytics & BI,Tier 1 Tech Hub (Bengaluru/NCR/Hyd),1,4,9.0,1,1,1,0,1,0,0,0,3,12.16,Junior Associate,4.53,1,2,0,1,3.0,1,0,3,37.6,1,-0.8756710692160427,-0.8431204934664196,1.2791775239543135,Applied AI/ML & Data Science Specialists
CP-4417,2.3,MCA,Tier 1 (IIT/NIT/BITS),Data Analytics & BI,Tier 1 Tech Hub (Bengaluru/NCR/Hyd),1,3,213.0,0,1,1,1,0,0,0,1,4,25.03,High-Demand Specialist,8.93,0,2,2,3,2.5,1,0,4,63.4,3,1.647203863224317,0.09859796845938652,-3.069779736707832,Emerging Full-Stack & Entry Developers
CP-4418,0.6,BCA/B.Sc CS,Tier 2 (Top State/Private),Backend Systems,Tier 1 Tech Hub (Bengaluru/NCR/Hyd),1,4,224.0,1,1,1,0,1,1,1,0,5,21.62,Job-Ready Mid-Level,9.9,2,3,0,2,2.0,1,0,5,54.9,3,2.7292769339360072,0.050720959720742656,2.5270323218967343,Emerging Full-Stack & Entry Developers
CP-4419,0.0,B.Tech/B.E,Tier 2 (Top State/Private),Full Stack Web,Tier 2 City,0,1,74.0,2,0,1,1,0,1,1,0,4,11.42,Junior Associate,2.55,1,2,1,2,3.0,0,0,4,38.6,3,0.008876173010508099,-2.8191896937407557,0.24977061127644673,Emerging Full-Stack & Entry Developers
CP-4420,3.2,Non-CS Degree,Tier 2 (Top State/Private),Data Science & AI/ML,Remote Global,3,3,0.0,2,1,1,0,0,0,1,1,4,25.26,High-Demand Specialist,6.6,0,3,1,2,1.0,0,1,4,55.1,1,1.2557081588331287,-0.19972485365824943,-1.6610373678096642,Applied AI/ML & Data Science Specialists
CP-4421,2.2,B.Tech/B.E,Tier 2 (Top State/Private),Data Science & AI/ML,Tier 1 Tech Hub (Bengaluru/NCR/Hyd),1,1,125.0,1,1,0,1,1,1,1,0,5,24.26,High-Demand Specialist,5.32,2,2,1,2,3.0,1,0,5,58.4,3,2.389283255255772,-1.6576140478459065,1.5229789513009802,Emerging Full-Stack & Entry Developers
CP-4422,3.2,B.Tech/B.E,Tier 3 (Affiliated Colleges),Data Science & AI/ML,Tier 1 Tech Hub (Bengaluru/NCR/Hyd),0,4,0.0,2,0,1,1,0,0,0,0,2,17.31,Job-Ready Mid-Level,2.8,0,1,1,1,3.0,1,0,2,42.5,2,-2.0482574202815664,-1.0550476586350614,-1.3413982365677692,Cloud & DevOps Infrastructure Architects
CP-4423,0.1,BCA/B.Sc CS,Tier 2 (Top State/Private),Data Science & AI/ML,Remote Global,0,1,54.0,1,1,1,1,1,0,0,0,4,12.66,Junior Associate,2.05,1,2,1,2,2.0,0,1,4,35.2,3,-0.315811251386613,-2.9890807705437954,0.4577755040638636,Emerging Full-Stack & Entry Developers
CP-4424,4.0,BCA/B.Sc CS,Tier 3 (Affiliated Colleges),Cloud & DevOps,Tier 1 Tech Hub (Bengaluru/NCR/Hyd),2,6,18.0,2,1,1,0,1,0,0,0,3,22.03,Job-Ready Mid-Level,7.65,1,2,0,1,2.0,1,0,3,55.7,0,0.371663447230413,1.1041033596327947,1.0813701249923595,Core Systems & Algorithmic Backend Specialists
CP-4425,2.1,B.Tech/B.E,Tier 3 (Affiliated Colleges),Data Science & AI/ML,Tier 1 Tech Hub (Bengaluru/NCR/Hyd),2,4,54.0,3,0,1,1,1,0,1,0,4,20.66,Job-Ready Mid-Level,7.15,1,2,1,1,3.0,1,0,4,52.6,3,1.3676191038411,-0.21344629630064582,-0.17701001537996852,Emerging Full-Stack & Entry Developers
CP-4426,1.8,B.Tech/B.E,Tier 2 (Top State/Private),Data Science & AI/ML,Tier 1 Tech Hub (Bengaluru/NCR/Hyd),1,4,38.0,2,1,0,0,1,0,0,0,2,15.54,Job-Ready Mid-Level,5.25,1,1,0,2,3.0,1,0,2,43.8,2,-1.660159922090869,0.14205326394965617,1.4795441857690825,Cloud & DevOps Infrastructure Architects
CP-4427,2.2,BCA/B.Sc CS,Tier 3 (Affiliated Colleges),Data Science & AI/ML,Tier 1 Tech Hub (Bengaluru/NCR/Hyd),0,1,226.0,0,1,1,0,0,0,1,0,3,16.78,Job-Ready Mid-Level,6.35,0,3,0,1,2.0,1,0,3,44.5,1,-0.6440182842078953,-0.5770998857447002,-0.4474381112753976,Applied AI/ML & Data Science Specialists
CP-4428,4.4,BCA/B.Sc CS,Tier 1 (IIT/NIT/BITS),Data Analytics & BI,Remote Global,0,1,105.0,2,1,1,1,0,0,0,0,3,25.73,High-Demand Specialist,3.32,0,2,1,3,2.0,0,1,3,58.8,1,-0.2529065396163319,-1.2407724027148526,-1.177891324777136,Applied AI/ML & Data Science Specialists
CP-4429,1.9,BCA/B.Sc CS,Tier 3 (Affiliated Colleges),Cloud & DevOps,Tier 1 Tech Hub (Bengaluru/NCR/Hyd),0,1,342.0,0,1,1,1,0,1,0,0,4,16.52,Job-Ready Mid-Level,9.25,1,2,1,1,2.0,1,0,4,52.0,3,1.04519422771841,-0.3496348294018396,0.029954506584415886,Emerging Full-Stack & Entry Developers
CP-4430,1.9,B.Tech/B.E,Tier 1 (IIT/NIT/BITS),Full Stack Web,Remote Global,1,4,35.0,1,1,1,1,0,1,0,0,4,22.56,Job-Ready Mid-Level,5.18,1,2,1,3,3.0,0,1,4,56.7,3,1.1534227798049306,-0.9099784080683445,0.32791745368174924,Emerging Full-Stack & Entry Developers
CP-4431,9.5,B.Tech/B.E,Tier 1 (IIT/NIT/BITS),Backend Systems,Remote Global,1,3,0.0,1,1,1,1,1,0,1,0,5,47.2,High-Demand Specialist,3.6,1,3,1,3,3.0,0,1,5,73.7,3,3.2989593826955277,-1.1820538350337464,0.031207218536113957,Emerging Full-Stack & Entry Developers
CP-4432,3.1,B.Tech/B.E,Tier 3 (Affiliated Colleges),Data Science & AI/ML,Tier 1 Tech Hub (Bengaluru/NCR/Hyd),1,5,29.0,0,0,1,0,0,0,0,1,2,19.9,Job-Ready Mid-Level,5.72,0,1,1,1,3.0,1,0,2,46.9,2,-1.5710841341604678,0.1315133630532527,-1.4126990570577997,Cloud & DevOps Infrastructure Architects
CP-4433,1.3,B.Tech/B.E,Tier 2 (Top State/Private),Backend Systems,Tier 1 Tech Hub (Bengaluru/NCR/Hyd),1,5,29.0,0,1,1,1,0,1,0,1,5,18.68,Job-Ready Mid-Level,5.72,1,2,2,2,3.0,1,0,5,54.6,3,2.219199543715129,-1.550139214416477,-1.4570236432213195,Emerging Full-Stack & Entry Developers
CP-4434,2.7,Non-CS Degree,Tier 3 (Affiliated Colleges),Cloud & DevOps,Tier 1 Tech Hub (Bengaluru/NCR/Hyd),0,3,33.0,1,1,0,1,0,0,0,0,2,11.67,Junior Associate,2.92,0,1,1,1,1.0,1,0,2,34.0,2,-2.6393031029967986,-1.2787416124441298,-1.396500248134103,Cloud & DevOps Infrastructure Architects
CP-4435,1.1,B.Tech/B.E,Tier 2 (Top State/Private),Data Science & AI/ML,Tier 1 Tech Hub (Bengaluru/NCR/Hyd),0,1,34.0,2,1,1,1,0,1,0,1,5,18.55,Job-Ready Mid-Level,1.55,1,2,2,2,3.0,1,0,5,46.6,3,1.3555413583721174,-3.6485728756812517,-1.2733115527876577,Emerging Full-Stack & Entry Developers
CP-4436,0.6,B.Tech/B.E,Tier 2 (Top State/Private),Cloud & DevOps,Tier 1 Tech Hub (Bengaluru/NCR/Hyd),1,6,63.0,2,1,1,0,0,1,0,0,3,14.49,Junior Associate,7.28,1,2,0,2,3.0,1,0,3,45.3,1,-0.2041684803997675,0.35903240468755515,1.2223430457096516,Applied AI/ML & Data Science Specialists
CP-4437,2.0,M.Tech/M.S,Tier 2 (Top State/Private),Data Analytics & BI,Tier 2 City,0,5,0.0,1,1,1,0,0,0,0,0,2,10.7,Junior Associate,3.5,0,2,0,2,4.0,0,0,2,45.0,1,-1.8068150506020784,-0.4686886239079603,-0.0589398159755326,Applied AI/ML & Data Science Specialists
CP-4438,5.8,B.Tech/B.E,Tier 2 (Top State/Private),Full Stack Web,Tier 1 Tech Hub (Bengaluru/NCR/Hyd),0,3,45.0,2,1,0,1,1,0,1,1,5,31.84,High-Demand Specialist,3.22,1,2,2,2,3.0,1,0,5,68.9,3,2.7270438269848194,-2.152138569166378,-1.4143293265178187,Emerging Full-Stack & Entry Developers
CP-4439,5.8,B.Tech/B.E,Tier 2 (Top State/Private),Backend Systems,Remote Global,1,3,60.0,2,0,0,0,1,1,0,0,2,31.48,High-Demand Specialist,5.1,2,0,0,2,3.0,0,1,2,59.5,2,-0.893228520508648,0.3595656087473192,3.7794854532600213,Cloud & DevOps Infrastructure Architects
CP-4440,0.9,M.Tech/M.S,Tier 3 (Affiliated Colleges),Data Science & AI/ML,Tier 1 Tech Hub (Bengaluru/NCR/Hyd),2,8,60.0,0,1,1,1,0,0,0,0,3,15.6,Job-Ready Mid-Level,10.1,0,2,1,1,4.0,1,0,3,50.5,0,0.32907412408094905,1.6239463086960015,-1.7904530166817418,Core Systems & Algorithmic Backend Specialists
CP-4441,1.7,MCA,Tier 3 (Affiliated Colleges),Data Science & AI/ML,Tier 2 City,2,4,237.0,0,1,0,0,0,0,1,0,2,14.38,Junior Associate,11.72,0,2,0,1,2.5,0,0,2,48.3,0,-0.9369422870183173,2.3883250967875873,-0.22145590846733418,Core Systems & Algorithmic Backend Specialists
CP-4442,0.5,BCA/B.Sc CS,Tier 3 (Affiliated Colleges),Data Science & AI/ML,Remote Global,2,5,27.0,0,1,0,0,0,0,0,0,1,9.94,Junior Associate,7.18,0,1,0,1,2.0,0,1,1,29.0,2,-3.438228080395006,1.1177330244403914,0.2930753965706599,Cloud & DevOps Infrastructure Architects
CP-4443,9.5,B.Tech/B.E,Tier 3 (Affiliated Colleges),Data Science & AI/ML,Tier 1 Tech Hub (Bengaluru/NCR/Hyd),1,3,52.0,0,0,0,0,1,0,0,0,1,33.49,High-Demand Specialist,4.9,1,0,0,1,3.0,1,0,1,50.9,2,-2.319880597187069,0.9597075351744925,1.7587491387022567,Cloud & DevOps Infrastructure Architects
CP-4444,8.7,BCA/B.Sc CS,Tier 2 (Top State/Private),Data Science & AI/ML,Tier 1 Tech Hub (Bengaluru/NCR/Hyd),1,6,0.0,1,1,0,0,0,1,1,0,3,32.71,High-Demand Specialist,5.7,1,2,0,2,2.0,1,0,3,61.6,0,0.6051844469446857,0.6999679321981691,1.1308168238619485,Core Systems & Algorithmic Backend Specialists
CP-4445,2.3,M.Tech/M.S,Tier 3 (Affiliated Colleges),Backend Systems,Tier 1 Tech Hub (Bengaluru/NCR/Hyd),0,2,29.0,1,0,1,0,1,0,0,0,2,16.04,Job-Ready Mid-Level,2.12,1,1,0,1,4.0,1,0,2,40.0,2,-2.1900611499485216,-1.3995630570646256,1.683036133191472,Cloud & DevOps Infrastructure Architects
CP-4446,3.6,B.Tech/B.E,Tier 2 (Top State/Private),Data Science & AI/ML,Tier 1 Tech Hub (Bengaluru/NCR/Hyd),3,6,215.0,2,1,0,0,0,0,0,0,1,24.04,High-Demand Specialist,14.08,0,1,0,2,3.0,1,0,1,63.3,0,-0.9900964228752873,4.577780321962084,-0.30416202126151837,Core Systems & Algorithmic Backend Specialists
CP-4447,2.8,B.Tech/B.E,Tier 3 (Affiliated Colleges),Full Stack Web,Tier 1 Tech Hub (Bengaluru/NCR/Hyd),0,4,64.0,1,1,0,1,1,0,1,0,4,19.46,Job-Ready Mid-Level,4.4,1,2,1,1,3.0,1,0,4,51.5,3,0.8449766652410519,-1.4262616768882523,-0.049301121205444234,Emerging Full-Stack & Entry Developers
CP-4448,2.0,MCA,Tier 2 (Top State/Private),Full Stack Web,Tier 1 Tech Hub (Bengaluru/NCR/Hyd),0,5,133.0,1,1,1,0,0,1,1,0,4,17.96,Job-Ready Mid-Level,6.82,1,3,0,2,2.5,1,0,4,54.2,1,1.2223425108390025,-0.3768795767475523,1.0262776090430104,Applied AI/ML & Data Science Specialists
CP-4449,0.1,B.Tech/B.E,Tier 3 (Affiliated Colleges),Backend Systems,Tier 1 Tech Hub (Bengaluru/NCR/Hyd),0,1,31.0,0,1,0,0,1,1,0,0,3,10.11,Junior Associate,1.48,2,1,0,1,3.0,1,0,3,29.0,2,-1.7468311922191213,-2.595373506433839,3.2776680042916353,Cloud & DevOps Infrastructure Architects
CP-4450,1.3,M.Tech/M.S,Tier 3 (Affiliated Colleges),Backend Systems,Remote Global,3,7,131.0,1,1,1,1,0,1,0,0,4,24.13,High-Demand Specialist,12.68,1,2,1,1,4.0,0,1,4,61.0,0,2.2679365705690313,2.1134640664833024,0.209202421126469,Core Systems & Algorithmic Backend Specialists
CP-4451,2.5,B.Tech/B.E,Tier 3 (Affiliated Colleges),Data Analytics & BI,Tier 1 Tech Hub (Bengaluru/NCR/Hyd),3,8,226.0,1,1,0,1,1,0,0,0,3,23.73,Job-Ready Mid-Level,15.75,1,1,1,1,3.0,1,0,3,63.5,0,1.5239189749181343,3.8954421913112665,-0.1232488943728224,Core Systems & Algorithmic Backend Specialists
CP-4452,2.5,B.Tech/B.E,Tier 3 (Affiliated Colleges),Backend Systems,Tier 1 Tech Hub (Bengaluru/NCR/Hyd),2,8,235.0,0,1,1,1,1,0,0,0,4,21.83,Job-Ready Mid-Level,14.48,1,2,1,1,3.0,1,0,4,66.8,0,2.634060687668201,2.814987559363755,-0.3015641894660746,Core Systems & Algorithmic Backend Specialists
CP-4453,1.0,B.Tech/B.E,Tier 3 (Affiliated Colleges),Data Analytics & BI,Tier 1 Tech Hub (Bengaluru/NCR/Hyd),1,5,14.0,3,1,1,0,1,0,1,0,4,16.27,Job-Ready Mid-Level,5.35,1,3,0,1,3.0,1,0,4,44.1,1,0.8048481669858875,-0.8769836293500881,0.9915823620322418,Applied AI/ML & Data Science Specialists
CP-4454,6.3,M.Tech/M.S,Tier 3 (Affiliated Colleges),Backend Systems,Tier 1 Tech Hub (Bengaluru/NCR/Hyd),1,3,232.0,1,1,0,0,1,0,1,0,3,33.11,High-Demand Specialist,9.4,1,2,0,1,4.0,1,0,3,69.8,0,1.1827497693074622,1.5492566295374348,1.2785159705636029,Core Systems & Algorithmic Backend Specialists
CP-4455,0.4,B.Tech/B.E,Tier 2 (Top State/Private),Cloud & DevOps,Tier 1 Tech Hub (Bengaluru/NCR/Hyd),3,6,44.0,0,1,1,1,0,0,0,0,3,16.82,Job-Ready Mid-Level,9.8,0,2,1,2,3.0,1,0,3,48.5,0,0.1628032944884348,1.528961159105674,-1.8727987657145841,Core Systems & Algorithmic Backend Specialists
CP-4456,1.5,B.Tech/B.E,Tier 2 (Top State/Private),Data Science & AI/ML,Remote Global,1,7,39.0,1,1,1,0,0,1,1,0,4,22.12,Job-Ready Mid-Level,7.37,1,3,0,2,3.0,0,1,4,54.2,1,1.4059570351329411,0.1352400699801477,1.3907210264541772,Applied AI/ML & Data Science Specialists
CP-4457,2.6,BCA/B.Sc CS,Tier 2 (Top State/Private),Full Stack Web,Tier 1 Tech Hub (Bengaluru/NCR/Hyd),3,7,119.0,0,0,1,0,0,0,1,0,2,22.68,Job-Ready Mid-Level,12.38,0,2,0,2,2.0,1,0,2,56.6,0,-0.2987726153306457,3.364772943116695,-0.604646092995635,Core Systems & Algorithmic Backend Specialists
CP-4458,2.6,M.Tech/M.S,Tier 1 (IIT/NIT/BITS),Cloud & DevOps,Tier 1 Tech Hub (Bengaluru/NCR/Hyd),0,1,346.0,2,1,0,0,1,0,1,0,3,26.16,High-Demand Specialist,9.35,1,2,0,3,4.0,1,0,3,66.1,0,0.8261475656575435,0.8865345933016331,1.3527609324500747,Core Systems & Algorithmic Backend Specialists
CP-4459,2.3,Non-CS Degree,Tier 2 (Top State/Private),Full Stack Web,Tier 1 Tech Hub (Bengaluru/NCR/Hyd),0,4,1.0,1,1,1,0,1,1,1,0,5,18.55,Job-Ready Mid-Level,2.82,2,3,0,2,1.0,1,0,5,48.5,3,1.7148826615252044,-2.3733502660423005,2.55804184574919,Emerging Full-Stack & Entry Developers
CP-4460,0.7,B.Tech/B.E,Tier 2 (Top State/Private),Data Science & AI/ML,Tier 1 Tech Hub (Bengaluru/NCR/Hyd),2,3,127.0,2,1,0,1,0,1,1,0,4,20.49,Job-Ready Mid-Level,8.27,1,2,1,2,3.0,1,0,4,51.7,3,1.2830755866884465,0.008500974458819775,-0.1461360093765979,Emerging Full-Stack & Entry Developers
CP-4461,0.4,B.Tech/B.E,Tier 2 (Top State/Private),Cloud & DevOps,Tier 1 Tech Hub (Bengaluru/NCR/Hyd),0,3,0.0,0,0,0,0,0,1,0,0,1,9.56,Junior Associate,2.1,1,0,0,2,3.0,1,0,1,27.4,2,-4.044706952334177,-1.141288681793529,1.8838916915819768,Cloud & DevOps Infrastructure Architects
CP-4462,2.2,Non-CS Degree,Tier 3 (Affiliated Colleges),Backend Systems,Tier 2 City,3,5,69.0,2,1,1,0,0,1,0,1,4,17.07,Job-Ready Mid-Level,9.72,1,2,1,1,1.0,0,0,4,51.2,0,1.3851921382943222,0.7367253109953168,-0.1084332308304993,Core Systems & Algorithmic Backend Specialists
CP-4463,2.0,BCA/B.Sc CS,Tier 3 (Affiliated Colleges),Data Science & AI/ML,Tier 1 Tech Hub (Bengaluru/NCR/Hyd),1,5,220.0,1,1,1,0,0,1,0,0,3,17.26,Job-Ready Mid-Level,10.5,1,2,0,1,2.0,1,0,3,50.4,0,0.19689753902802462,1.3696235216985913,1.2206367160711582,Core Systems & Algorithmic Backend Specialists
CP-4464,0.4,B.Tech/B.E,Tier 2 (Top State/Private),Data Analytics & BI,Tier 1 Tech Hub (Bengaluru/NCR/Hyd),2,7,51.0,0,1,1,0,0,1,1,0,4,17.87,Job-Ready Mid-Level,9.17,1,3,0,2,3.0,1,0,4,51.7,0,1.4878902143414123,0.8730634493623833,0.8701195289259441,Core Systems & Algorithmic Backend Specialists
CP-4465,2.7,B.Tech/B.E,Tier 2 (Top State/Private),Data Analytics & BI,Tier 2 City,0,2,7.0,0,1,1,0,1,0,0,0,3,12.34,Junior Associate,1.58,1,2,0,2,3.0,0,0,3,46.3,1,-0.8841377865784478,-1.8615532113726652,1.5349787939501176,Applied AI/ML & Data Science Specialists
CP-4466,1.3,MCA,Tier 2 (Top State/Private),Backend Systems,Tier 1 Tech Hub (Bengaluru/NCR/Hyd),1,3,25.0,0,0,1,1,0,1,1,1,5,19.93,Job-Ready Mid-Level,4.22,1,2,2,2,2.5,1,0,5,50.5,3,1.867869296253208,-2.3659172813168783,-1.4238778620786263,Emerging Full-Stack & Entry Developers
CP-4467,2.4,B.Tech/B.E,Tier 2 (Top State/Private),Backend Systems,Tier 1 Tech Hub (Bengaluru/NCR/Hyd),1,3,149.0,1,1,1,0,1,0,0,0,3,18.59,Job-Ready Mid-Level,7.32,1,2,0,2,3.0,1,0,3,54.4,1,0.12781114618081504,0.39774786746145513,1.2476531478866513,Applied AI/ML & Data Science Specialists
CP-4468,4.0,BCA/B.Sc CS,Tier 3 (Affiliated Colleges),Data Analytics & BI,Remote Global,1,2,31.0,0,1,0,0,0,0,0,0,1,17.06,Job-Ready Mid-Level,3.68,0,1,0,1,2.0,0,1,1,40.7,2,-3.344070386082038,-0.031628620782915264,0.4138295532877598,Cloud & DevOps Infrastructure Architects
CP-4469,0.4,B.Tech/B.E,Tier 2 (Top State/Private),Full Stack Web,Tier 1 Tech Hub (Bengaluru/NCR/Hyd),1,2,29.0,1,1,0,1,0,0,0,1,3,14.78,Junior Associate,3.62,0,1,2,2,3.0,1,0,3,38.2,2,-1.1531197914455276,-1.7699742373934955,-2.709903753858327,Cloud & DevOps Infrastructure Architects
CP-4470,0.0,B.Tech/B.E,Tier 2 (Top State/Private),Data Science & AI/ML,Tier 2 City,3,9,63.0,1,1,1,1,1,0,0,0,4,12.21,Junior Associate,12.38,1,2,1,2,3.0,0,0,4,55.0,0,2.021600978551552,2.133608803574411,-0.21739811174513762,Core Systems & Algorithmic Backend Specialists
CP-4471,3.3,BCA/B.Sc CS,Tier 3 (Affiliated Colleges),Full Stack Web,Tier 1 Tech Hub (Bengaluru/NCR/Hyd),1,5,244.0,1,1,0,0,0,0,0,0,1,17.18,Job-Ready Mid-Level,11.1,0,1,0,1,2.0,1,0,1,49.6,2,-2.139657812855239,2.739614728764662,-0.13896726356015807,Cloud & DevOps Infrastructure Architects
CP-4472,2.1,B.Tech/B.E,Tier 3 (Affiliated Colleges),Data Analytics & BI,Tier 1 Tech Hub (Bengaluru/NCR/Hyd),0,5,154.0,1,1,1,1,1,0,0,1,5,20.71,Job-Ready Mid-Level,7.35,1,2,2,1,3.0,1,0,5,57.1,3,2.4757120286293888,-1.2121074733623445,-1.4045990253797653,Emerging Full-Stack & Entry Developers
CP-4473,2.6,B.Tech/B.E,Tier 1 (IIT/NIT/BITS),Backend Systems,Tier 1 Tech Hub (Bengaluru/NCR/Hyd),2,5,153.0,1,1,0,0,0,1,0,0,2,24.43,High-Demand Specialist,10.32,1,1,0,3,3.0,1,0,2,60.4,0,-0.40631111769620243,2.4349729706821206,1.366579598638148,Core Systems & Algorithmic Backend Specialists
CP-4474,4.0,B.Tech/B.E,Tier 3 (Affiliated Colleges),Data Analytics & BI,Tier 1 Tech Hub (Bengaluru/NCR/Hyd),0,3,152.0,0,1,1,1,1,0,0,0,4,21.96,Job-Ready Mid-Level,5.9,1,2,1,1,3.0,1,0,4,60.0,3,1.2859932107851026,-0.8240481702430543,-0.02852958048435944,Emerging Full-Stack & Entry Developers
CP-4475,3.6,B.Tech/B.E,Tier 2 (Top State/Private),Data Science & AI/ML,Tier 1 Tech Hub (Bengaluru/NCR/Hyd),1,2,33.0,1,1,1,0,0,0,0,0,2,17.48,Job-Ready Mid-Level,3.72,0,2,0,2,3.0,1,0,2,50.2,1,-1.6133888001092085,-0.24816189330450947,-0.28374947047892457,Applied AI/ML & Data Science Specialists
CP-4476,7.1,M.Tech/M.S,Tier 2 (Top State/Private),Cloud & DevOps,Tier 1 Tech Hub (Bengaluru/NCR/Hyd),0,2,64.0,0,0,1,1,0,0,1,0,3,31.33,High-Demand Specialist,3.0,0,2,1,2,4.0,1,0,3,63.3,1,0.19424111062878643,-0.9962306218203549,-1.5607467697511594,Applied AI/ML & Data Science Specialists
CP-4477,1.7,MCA,Tier 1 (IIT/NIT/BITS),Full Stack Web,Remote Global,2,8,63.0,1,1,1,1,1,0,0,0,4,26.96,High-Demand Specialist,10.18,1,2,1,3,2.5,0,1,4,62.4,0,2.056445511820895,1.386526560347376,0.08997162491082782,Core Systems & Algorithmic Backend Specialists
CP-4478,1.5,M.Tech/M.S,Tier 2 (Top State/Private),Data Science & AI/ML,Tier 2 City,0,4,2.0,1,0,1,0,0,0,0,0,1,11.48,Junior Associate,2.85,0,1,0,2,4.0,0,0,1,37.2,2,-3.404326121539199,-0.49867321670724507,0.22716930107732644,Cloud & DevOps Infrastructure Architects
CP-4479,1.1,B.Tech/B.E,Tier 2 (Top State/Private),Data Science & AI/ML,Tier 1 Tech Hub (Bengaluru/NCR/Hyd),0,2,20.0,0,1,1,1,1,0,1,0,5,18.12,Job-Ready Mid-Level,1.9,1,3,1,2,3.0,1,0,5,47.2,3,1.5033831937011204,-3.0628380986166235,-0.2542846246424095,Emerging Full-Stack & Entry Developers
CP-4480,0.4,B.Tech/B.E,Tier 2 (Top State/Private),Data Science & AI/ML,Tier 1 Tech Hub (Bengaluru/NCR/Hyd),2,5,126.0,1,1,1,1,0,0,0,0,3,15.12,Job-Ready Mid-Level,9.65,0,2,1,2,3.0,1,0,3,48.3,0,0.07563306456411976,1.1371353210418151,-1.780377009856362,Core Systems & Algorithmic Backend Specialists
CP-4481,1.9,B.Tech/B.E,Tier 3 (Affiliated Colleges),Data Analytics & BI,Remote Global,2,6,0.0,0,1,1,1,0,1,0,0,4,19.7,Job-Ready Mid-Level,7.2,1,2,1,1,3.0,0,1,4,51.7,3,1.183553793687894,-0.05223980575635575,0.27254358378680416,Emerging Full-Stack & Entry Developers
CP-4482,0.7,Non-CS Degree,Tier 3 (Affiliated Colleges),Data Science & AI/ML,Tier 2 City,0,4,72.0,1,1,1,0,1,0,1,1,5,12.23,Junior Associate,4.6,1,3,1,1,1.0,0,0,5,39.3,3,1.350375875758132,-2.4611953967251217,-0.1462239048236463,Emerging Full-Stack & Entry Developers
CP-4483,5.6,MCA,Tier 2 (Top State/Private),Full Stack Web,Tier 1 Tech Hub (Bengaluru/NCR/Hyd),2,3,50.0,1,1,1,1,1,0,0,1,5,29.54,High-Demand Specialist,6.35,1,2,2,2,2.5,1,0,5,72.6,3,3.206351759470696,-0.6710277827859567,-1.5650929255479042,Emerging Full-Stack & Entry Developers
CP-4484,1.9,MCA,Tier 1 (IIT/NIT/BITS),Backend Systems,Remote Global,2,5,34.0,0,0,0,0,0,0,1,1,2,25.24,High-Demand Specialist,7.35,0,1,1,3,2.5,0,1,2,50.4,2,-1.2182851578479372,0.8846709954593449,-1.110919258303809,Cloud & DevOps Infrastructure Architects
CP-4485,2.0,B.Tech/B.E,Tier 3 (Affiliated Colleges),Full Stack Web,Tier 1 Tech Hub (Bengaluru/NCR/Hyd),0,3,56.0,2,0,1,1,0,0,1,1,4,19.74,Job-Ready Mid-Level,3.5,0,2,2,1,3.0,1,0,4,46.0,3,0.44582096636548674,-2.327117703249184,-2.900612535008949,Emerging Full-Stack & Entry Developers
CP-4486,1.0,B.Tech/B.E,Tier 1 (IIT/NIT/BITS),Data Science & AI/ML,Tier 1 Tech Hub (Bengaluru/NCR/Hyd),2,8,127.0,2,1,1,0,1,0,0,1,4,22.19,Job-Ready Mid-Level,11.77,1,2,1,3,3.0,1,0,4,63.2,0,2.2946136194246067,1.7869516054025385,-0.32044874002172136,Core Systems & Algorithmic Backend Specialists
CP-4487,0.1,B.Tech/B.E,Tier 3 (Affiliated Colleges),Full Stack Web,Tier 1 Tech Hub (Bengaluru/NCR/Hyd),1,2,24.0,0,0,1,0,0,0,0,1,2,9.79,Junior Associate,3.5,0,1,1,1,3.0,1,0,2,28.2,2,-2.749846411272736,-1.4234583244420145,-1.2995946069674795,Cloud & DevOps Infrastructure Architects
CP-4488,0.1,B.Tech/B.E,Tier 3 (Affiliated Colleges),Data Science & AI/ML,Remote Global,1,3,30.0,0,1,1,1,1,0,0,0,4,13.91,Junior Associate,4.35,1,2,1,1,3.0,0,1,4,38.0,3,0.15438599152044666,-1.8255078002373415,0.4067366338765219,Emerging Full-Stack & Entry Developers
CP-4489,1.2,B.Tech/B.E,Tier 2 (Top State/Private),Data Science & AI/ML,Remote Global,1,5,122.0,0,1,1,0,1,1,0,0,4,20.29,Job-Ready Mid-Level,8.05,2,2,0,2,3.0,0,1,4,53.8,3,1.3480747706580747,0.07570185977454441,3.2570511089558707,Emerging Full-Stack & Entry Developers
CP-4490,0.2,Non-CS Degree,Tier 2 (Top State/Private),Data Science & AI/ML,Remote Global,1,4,43.0,0,0,1,1,0,0,0,0,2,11.17,Junior Associate,5.38,0,1,1,2,1.0,0,1,2,29.8,2,-2.5469425991831627,-0.5223803848372433,-1.0392469979335819,Cloud & DevOps Infrastructure Architects
CP-4491,2.1,B.Tech/B.E,Tier 1 (IIT/NIT/BITS),Cloud & DevOps,Tier 1 Tech Hub (Bengaluru/NCR/Hyd),0,3,128.0,0,1,1,0,0,1,1,1,5,24.66,High-Demand Specialist,5.3,1,3,1,3,3.0,1,0,5,62.0,3,2.490516210318573,-1.6730056788910204,-0.27031245414423344,Emerging Full-Stack & Entry Developers
CP-4492,4.7,B.Tech/B.E,Tier 2 (Top State/Private),Data Science & AI/ML,Remote Global,2,5,0.0,1,1,1,0,0,1,0,0,3,25.31,High-Demand Specialist,6.5,1,2,0,2,3.0,0,1,3,64.5,0,0.6232720311816862,0.8381360598050608,1.6050334929334134,Core Systems & Algorithmic Backend Specialists
CP-4493,4.7,B.Tech/B.E,Tier 1 (IIT/NIT/BITS),Full Stack Web,Tier 1 Tech Hub (Bengaluru/NCR/Hyd),0,2,150.0,0,0,0,1,1,0,0,1,3,29.58,High-Demand Specialist,5.15,1,0,2,3,3.0,1,0,3,66.5,2,0.28781418318590557,-0.7399863229489624,-0.913640257290814,Cloud & DevOps Infrastructure Architects
CP-4494,2.4,Non-CS Degree,Tier 3 (Affiliated Colleges),Backend Systems,Tier 1 Tech Hub (Bengaluru/NCR/Hyd),1,6,26.0,0,0,1,0,0,1,1,0,3,17.26,Job-Ready Mid-Level,6.35,1,2,0,1,1.0,1,0,3,42.4,1,-0.521800962406865,-0.0008588566929151656,1.1600679755466503,Applied AI/ML & Data Science Specialists
CP-4495,0.5,BCA/B.Sc CS,Tier 2 (Top State/Private),Full Stack Web,Tier 1 Tech Hub (Bengaluru/NCR/Hyd),0,3,60.0,1,1,1,0,0,0,1,0,3,12.36,Junior Associate,3.6,0,3,0,2,2.0,1,0,3,35.6,1,-1.1980680365767697,-1.4498181828065375,-0.5096741595141117,Applied AI/ML & Data Science Specialists
CP-4496,4.4,BCA/B.Sc CS,Tier 2 (Top State/Private),Backend Systems,Tier 1 Tech Hub (Bengaluru/NCR/Hyd),2,4,33.0,0,1,1,0,1,0,1,1,5,27.73,High-Demand Specialist,6.62,1,3,1,2,2.0,1,0,5,68.4,3,3.0563544236601765,-0.4511360015774015,-0.49568571379553644,Emerging Full-Stack & Entry Developers
CP-4497,4.8,MCA,Tier 2 (Top State/Private),Full Stack Web,Tier 2 City,0,4,22.0,0,0,1,1,0,0,1,1,4,19.94,Job-Ready Mid-Level,3.35,0,2,2,2,2.5,0,0,4,62.4,3,1.1484612368800051,-1.7383650823210872,-2.8254458340504893,Emerging Full-Stack & Entry Developers
CP-4498,0.5,B.Tech/B.E,Tier 2 (Top State/Private),Full Stack Web,Tier 1 Tech Hub (Bengaluru/NCR/Hyd),1,3,135.0,0,0,1,0,0,1,1,0,3,16.37,Job-Ready Mid-Level,6.98,1,2,0,2,3.0,1,0,3,44.3,1,-0.3870705117879538,-0.12517193343217534,1.2992135826663098,Applied AI/ML & Data Science Specialists
CP-4499,2.9,BCA/B.Sc CS,Tier 1 (IIT/NIT/BITS),Data Analytics & BI,Remote Global,1,3,24.0,1,0,1,0,1,1,0,1,4,28.1,High-Demand Specialist,4.2,2,1,1,3,2.0,0,1,4,56.9,3,1.0582841618642644,-1.4865658702158577,2.14539956938397,Emerging Full-Stack & Entry Developers
