candidate_id,experience_years,education_level,college_tier,role_track,location_type,internships_count,github_projects,dsa_problems_solved,certifications_count,has_python,has_sql,has_react_node,has_cloud_aws,has_docker_k8s,has_ml_pytorch,has_system_design,total_skills,salary_lpa,readiness_tier
CP-1000,1.0,B.Tech/B.E,Tier 1 (IIT/NIT/BITS),Data Science & AI/ML,Tier 1 Tech Hub (Bengaluru/NCR/Hyd),0,3,56.0,0,1,0,1,0,0,0,0,2,13.15,Junior Associate
CP-1001,6.6,M.Tech/M.S,Tier 2 (Top State/Private),Data Science & AI/ML,Tier 1 Tech Hub (Bengaluru/NCR/Hyd),0,3,74.0,1,1,0,0,1,1,1,1,5,34.64,High-Demand Specialist
CP-1002,2.9,Non-CS Degree,Tier 3 (Affiliated Colleges),Data Analytics & BI,Tier 2 City,2,3,136.0,1,0,1,0,1,0,1,0,3,16.92,Job-Ready Mid-Level
CP-1003,2.0,B.Tech/B.E,Tier 3 (Affiliated Colleges),Full Stack Web,Tier 1 Tech Hub (Bengaluru/NCR/Hyd),0,3,114.0,1,1,0,0,0,0,1,0,2,15.26,Job-Ready Mid-Level
CP-1004,0.4,MCA,Tier 2 (Top State/Private),Data Analytics & BI,Tier 2 City,1,3,113.0,0,1,1,0,1,0,0,0,3,8.65,Entry-Level Learner
CP-1005,0.4,BCA/B.Sc CS,Tier 2 (Top State/Private),Full Stack Web,Remote Global,1,4,129.0,2,0,0,1,0,0,0,1,2,16.91,Job-Ready Mid-Level
CP-1006,0.1,Non-CS Degree,Tier 2 (Top State/Private),Full Stack Web,Tier 1 Tech Hub (Bengaluru/NCR/Hyd),1,6,129.0,0,1,1,0,0,0,0,0,2,8.38,Entry-Level Learner
CP-1007,4.4,B.Tech/B.E,Tier 1 (IIT/NIT/BITS),Full Stack Web,Tier 1 Tech Hub (Bengaluru/NCR/Hyd),1,4,65.0,0,1,0,0,0,1,0,0,2,25.95,High-Demand Specialist
CP-1008,2.0,MCA,Tier 2 (Top State/Private),Data Analytics & BI,Tier 1 Tech Hub (Bengaluru/NCR/Hyd),0,2,40.0,0,1,0,1,0,0,0,0,2,13.8,Junior Associate
CP-1009,2.7,B.Tech/B.E,Tier 2 (Top State/Private),Data Science & AI/ML,Remote Global,2,4,153.0,1,1,1,0,0,1,0,1,4,27.62,High-Demand Specialist
CP-1010,0.0,B.Tech/B.E,Tier 2 (Top State/Private),Data Science & AI/ML,Tier 2 City,0,2,0.0,1,1,0,0,0,0,0,0,1,3.9,Entry-Level Learner
CP-1011,7.7,B.Tech/B.E,Tier 3 (Affiliated Colleges),Cloud & DevOps,Remote Global,1,10,54.0,0,1,0,0,1,0,0,0,2,32.97,High-Demand Specialist
CP-1012,3.9,Non-CS Degree,Tier 2 (Top State/Private),Full Stack Web,Tier 1 Tech Hub (Bengaluru/NCR/Hyd),0,3,62.0,1,1,1,1,1,1,0,0,5,21.08,Job-Ready Mid-Level
CP-1013,0.5,M.Tech/M.S,Tier 2 (Top State/Private),Full Stack Web,Tier 2 City,1,7,29.0,0,1,0,1,0,0,0,0,2,11.43,Junior Associate
CP-1014,0.4,MCA,Tier 2 (Top State/Private),Cloud & DevOps,Tier 1 Tech Hub (Bengaluru/NCR/Hyd),1,4,31.0,0,0,1,1,1,0,0,0,3,13.26,Junior Associate
CP-1015,0.4,Non-CS Degree,Tier 3 (Affiliated Colleges),Full Stack Web,Tier 1 Tech Hub (Bengaluru/NCR/Hyd),3,7,117.0,1,0,1,0,1,0,0,0,2,15.12,Job-Ready Mid-Level
CP-1016,0.8,B.Tech/B.E,Tier 2 (Top State/Private),Cloud & DevOps,Remote Global,1,2,32.0,0,0,0,0,1,0,1,0,2,16.43,Job-Ready Mid-Level
CP-1017,1.6,B.Tech/B.E,Tier 1 (IIT/NIT/BITS),Full Stack Web,Tier 1 Tech Hub (Bengaluru/NCR/Hyd),1,2,237.0,0,1,0,0,0,1,1,0,3,22.94,Job-Ready Mid-Level
CP-1018,1.2,B.Tech/B.E,Tier 2 (Top State/Private),Data Analytics & BI,Remote Global,3,4,34.0,0,1,1,1,0,0,0,1,4,22.27,Job-Ready Mid-Level
CP-1019,0.8,B.Tech/B.E,Tier 3 (Affiliated Colleges),Cloud & DevOps,Tier 1 Tech Hub (Bengaluru/NCR/Hyd),1,3,44.0,0,0,0,1,0,1,0,0,2,13.23,Junior Associate
CP-1020,2.1,B.Tech/B.E,Tier 2 (Top State/Private),Full Stack Web,Tier 2 City,1,6,16.0,2,1,1,1,0,1,1,0,5,17.31,Job-Ready Mid-Level
CP-1021,0.3,B.Tech/B.E,Tier 3 (Affiliated Colleges),Cloud & DevOps,Tier 1 Tech Hub (Bengaluru/NCR/Hyd),1,4,53.0,2,1,1,0,0,1,0,0,3,11.01,Junior Associate
CP-1022,0.8,B.Tech/B.E,Tier 3 (Affiliated Colleges),Backend Systems,Tier 1 Tech Hub (Bengaluru/NCR/Hyd),1,4,205.0,2,1,1,0,0,1,0,0,3,15.12,Job-Ready Mid-Level
CP-1023,1.0,B.Tech/B.E,Tier 3 (Affiliated Colleges),Full Stack Web,Tier 1 Tech Hub (Bengaluru/NCR/Hyd),2,4,51.0,0,1,1,1,0,0,0,0,3,15.61,Job-Ready Mid-Level
CP-1024,1.3,B.Tech/B.E,Tier 3 (Affiliated Colleges),Full Stack Web,Tier 1 Tech Hub (Bengaluru/NCR/Hyd),0,2,44.0,3,1,0,0,0,0,0,0,1,8.57,Entry-Level Learner
CP-1025,3.4,B.Tech/B.E,Tier 2 (Top State/Private),Data Analytics & BI,Tier 1 Tech Hub (Bengaluru/NCR/Hyd),1,3,38.0,1,1,0,0,0,0,1,0,2,19.83,Job-Ready Mid-Level
CP-1026,0.5,Non-CS Degree,Tier 1 (IIT/NIT/BITS),Cloud & DevOps,Tier 2 City,1,3,0.0,2,1,0,0,1,0,0,0,2,10.53,Junior Associate
CP-1027,1.6,M.Tech/M.S,Tier 3 (Affiliated Colleges),Data Science & AI/ML,Tier 1 Tech Hub (Bengaluru/NCR/Hyd),2,5,30.0,2,1,1,1,0,0,0,1,4,18.56,Job-Ready Mid-Level
CP-1028,2.0,Non-CS Degree,Tier 2 (Top State/Private),Backend Systems,Tier 1 Tech Hub (Bengaluru/NCR/Hyd),2,4,26.0,1,0,1,0,0,0,0,0,1,12.85,Junior Associate
CP-1029,0.1,B.Tech/B.E,Tier 1 (IIT/NIT/BITS),Data Science & AI/ML,Tier 1 Tech Hub (Bengaluru/NCR/Hyd),1,3,53.0,0,1,1,0,0,0,1,0,3,15.47,Job-Ready Mid-Level
CP-1030,2.1,B.Tech/B.E,Tier 3 (Affiliated Colleges),Data Analytics & BI,Tier 1 Tech Hub (Bengaluru/NCR/Hyd),1,4,143.0,1,1,0,1,0,1,1,0,4,20.01,Job-Ready Mid-Level
CP-1031,0.4,M.Tech/M.S,Tier 2 (Top State/Private),Data Analytics & BI,Tier 2 City,1,4,136.0,0,1,1,1,1,1,0,1,6,16.36,Job-Ready Mid-Level
CP-1032,0.1,B.Tech/B.E,Tier 2 (Top State/Private),Backend Systems,Remote Global,1,6,29.0,0,0,1,0,0,1,0,1,3,15.53,Job-Ready Mid-Level
CP-1033,6.5,B.Tech/B.E,Tier 2 (Top State/Private),Data Science & AI/ML,Tier 1 Tech Hub (Bengaluru/NCR/Hyd),2,4,46.0,0,1,0,1,1,0,0,0,3,29.56,High-Demand Specialist
CP-1034,7.4,B.Tech/B.E,Tier 2 (Top State/Private),Cloud & DevOps,Tier 1 Tech Hub (Bengaluru/NCR/Hyd),3,6,132.0,1,1,1,1,1,0,0,0,4,35.92,High-Demand Specialist
CP-1035,3.6,B.Tech/B.E,Tier 3 (Affiliated Colleges),Full Stack Web,Tier 2 City,2,5,136.0,0,1,1,1,0,0,1,0,4,19.52,Job-Ready Mid-Level
CP-1036,0.8,B.Tech/B.E,Tier 2 (Top State/Private),Full Stack Web,Tier 1 Tech Hub (Bengaluru/NCR/Hyd),0,2,13.0,2,1,1,1,1,0,0,0,4,13.03,Junior Associate
CP-1037,0.2,B.Tech/B.E,Tier 2 (Top State/Private),Data Science & AI/ML,Tier 1 Tech Hub (Bengaluru/NCR/Hyd),2,8,64.0,0,1,1,1,0,0,0,0,3,12.46,Junior Associate
CP-1038,2.5,BCA/B.Sc CS,Tier 2 (Top State/Private),Cloud & DevOps,Tier 1 Tech Hub (Bengaluru/NCR/Hyd),3,8,27.0,1,0,1,1,1,0,0,1,4,24.45,High-Demand Specialist
CP-1039,1.3,B.Tech/B.E,Tier 3 (Affiliated Colleges),Full Stack Web,Tier 1 Tech Hub (Bengaluru/NCR/Hyd),1,4,15.0,0,1,0,0,1,1,0,1,4,16.73,Job-Ready Mid-Level
CP-1040,0.3,B.Tech/B.E,Tier 3 (Affiliated Colleges),Data Science & AI/ML,Tier 1 Tech Hub (Bengaluru/NCR/Hyd),1,2,0.0,2,1,0,0,1,0,0,0,2,9.78,Junior Associate
CP-1041,1.5,M.Tech/M.S,Tier 2 (Top State/Private),Cloud & DevOps,Tier 1 Tech Hub (Bengaluru/NCR/Hyd),2,5,0.0,1,1,1,0,1,0,1,0,4,22.1,Job-Ready Mid-Level
CP-1042,0.1,B.Tech/B.E,Tier 3 (Affiliated Colleges),Data Analytics & BI,Tier 2 City,1,6,125.0,0,1,1,0,1,1,0,0,4,11.41,Junior Associate
CP-1043,5.3,B.Tech/B.E,Tier 1 (IIT/NIT/BITS),Data Analytics & BI,Tier 1 Tech Hub (Bengaluru/NCR/Hyd),3,4,38.0,1,0,1,0,0,0,0,0,1,27.77,High-Demand Specialist
CP-1044,0.7,MCA,Tier 3 (Affiliated Colleges),Backend Systems,Tier 1 Tech Hub (Bengaluru/NCR/Hyd),1,3,49.0,0,0,1,0,1,0,1,1,4,18.03,Job-Ready Mid-Level
CP-1045,2.4,B.Tech/B.E,Tier 2 (Top State/Private),Full Stack Web,Tier 1 Tech Hub (Bengaluru/NCR/Hyd),1,4,111.0,1,1,1,0,0,0,0,0,2,17.83,Job-Ready Mid-Level
CP-1046,0.8,B.Tech/B.E,Tier 3 (Affiliated Colleges),Backend Systems,Tier 1 Tech Hub (Bengaluru/NCR/Hyd),2,4,147.0,1,0,1,0,0,1,1,0,3,15.83,Job-Ready Mid-Level
CP-1047,1.6,B.Tech/B.E,Tier 1 (IIT/NIT/BITS),Backend Systems,Tier 1 Tech Hub (Bengaluru/NCR/Hyd),1,3,46.0,0,1,0,0,0,0,0,1,2,17.5,Job-Ready Mid-Level
CP-1048,1.7,B.Tech/B.E,Tier 2 (Top State/Private),Full Stack Web,Remote Global,2,2,56.0,1,1,1,0,0,0,0,0,2,15.95,Job-Ready Mid-Level
CP-1049,0.4,BCA/B.Sc CS,Tier 2 (Top State/Private),Data Science & AI/ML,Tier 1 Tech Hub (Bengaluru/NCR/Hyd),1,4,25.0,0,1,0,1,0,0,1,0,3,12.96,Junior Associate
CP-1050,7.7,M.Tech/M.S,Tier 3 (Affiliated Colleges),Full Stack Web,Tier 2 City,1,5,56.0,1,1,0,1,1,1,1,0,5,28.56,High-Demand Specialist
CP-1051,3.3,B.Tech/B.E,Tier 2 (Top State/Private),Full Stack Web,Tier 1 Tech Hub (Bengaluru/NCR/Hyd),0,3,66.0,1,1,1,1,0,0,0,0,3,18.28,Job-Ready Mid-Level
CP-1052,6.2,BCA/B.Sc CS,Tier 3 (Affiliated Colleges),Cloud & DevOps,Tier 2 City,1,5,54.0,1,0,1,1,0,0,0,0,2,19.36,Job-Ready Mid-Level
CP-1053,5.0,B.Tech/B.E,Tier 2 (Top State/Private),Cloud & DevOps,Tier 1 Tech Hub (Bengaluru/NCR/Hyd),1,4,41.0,2,1,0,0,0,0,0,1,2,24.0,High-Demand Specialist
CP-1054,2.0,B.Tech/B.E,Tier 2 (Top State/Private),Data Analytics & BI,Tier 1 Tech Hub (Bengaluru/NCR/Hyd),2,7,144.0,1,1,1,0,0,0,0,1,3,20.58,Job-Ready Mid-Level
CP-1055,5.6,BCA/B.Sc CS,Tier 1 (IIT/NIT/BITS),Full Stack Web,Tier 2 City,0,8,62.0,1,0,0,1,0,1,1,0,3,23.2,Job-Ready Mid-Level
CP-1056,0.2,B.Tech/B.E,Tier 3 (Affiliated Colleges),Data Science & AI/ML,Tier 1 Tech Hub (Bengaluru/NCR/Hyd),1,4,45.0,2,1,1,1,0,0,1,0,4,11.17,Junior Associate
CP-1057,0.5,B.Tech/B.E,Tier 2 (Top State/Private),Data Analytics & BI,Tier 2 City,0,2,10.0,2,0,1,1,0,0,1,0,3,9.05,Junior Associate
CP-1058,0.1,B.Tech/B.E,Tier 3 (Affiliated Colleges),Full Stack Web,Tier 1 Tech Hub (Bengaluru/NCR/Hyd),1,6,147.0,1,1,1,0,1,1,0,0,4,15.24,Job-Ready Mid-Level
CP-1059,0.9,B.Tech/B.E,Tier 3 (Affiliated Colleges),Backend Systems,Remote Global,3,6,207.0,2,1,1,0,1,1,1,0,5,25.29,High-Demand Specialist
CP-1060,1.1,B.Tech/B.E,Tier 3 (Affiliated Colleges),Data Science & AI/ML,Tier 2 City,1,1,142.0,3,0,1,1,1,1,0,1,5,14.72,Junior Associate
CP-1061,0.7,MCA,Tier 2 (Top State/Private),Backend Systems,Remote Global,1,5,351.0,0,0,0,0,1,1,1,0,3,24.46,High-Demand Specialist
CP-1062,3.9,B.Tech/B.E,Tier 3 (Affiliated Colleges),Data Science & AI/ML,Tier 1 Tech Hub (Bengaluru/NCR/Hyd),1,2,23.0,0,1,1,0,1,0,0,1,4,23.47,Job-Ready Mid-Level
CP-1063,1.0,B.Tech/B.E,Tier 3 (Affiliated Colleges),Data Science & AI/ML,Tier 1 Tech Hub (Bengaluru/NCR/Hyd),0,1,0.0,0,1,1,1,1,0,0,1,5,14.82,Junior Associate
CP-1064,0.7,B.Tech/B.E,Tier 1 (IIT/NIT/BITS),Data Science & AI/ML,Tier 2 City,1,3,45.0,3,1,1,1,1,1,0,0,5,14.04,Junior Associate
CP-1065,1.7,M.Tech/M.S,Tier 3 (Affiliated Colleges),Cloud & DevOps,Remote Global,1,2,29.0,0,1,0,1,0,0,0,0,2,15.1,Job-Ready Mid-Level
CP-1066,0.3,BCA/B.Sc CS,Tier 1 (IIT/NIT/BITS),Data Analytics & BI,Remote Global,1,4,30.0,1,1,0,1,0,0,0,0,2,15.3,Job-Ready Mid-Level
CP-1067,3.6,BCA/B.Sc CS,Tier 2 (Top State/Private),Full Stack Web,Tier 1 Tech Hub (Bengaluru/NCR/Hyd),2,7,64.0,2,1,0,0,1,0,0,0,2,21.43,Job-Ready Mid-Level
CP-1068,0.2,M.Tech/M.S,Tier 1 (IIT/NIT/BITS),Backend Systems,Tier 2 City,2,6,37.0,3,1,1,1,1,1,0,0,5,16.32,Job-Ready Mid-Level
CP-1069,9.5,MCA,Tier 2 (Top State/Private),Cloud & DevOps,Tier 1 Tech Hub (Bengaluru/NCR/Hyd),2,5,33.0,1,0,1,0,1,0,0,0,2,36.24,High-Demand Specialist
CP-1070,3.3,B.Tech/B.E,Tier 2 (Top State/Private),Cloud & DevOps,Tier 1 Tech Hub (Bengaluru/NCR/Hyd),2,5,339.0,0,0,0,1,0,1,0,0,2,26.2,High-Demand Specialist
CP-1071,0.5,B.Tech/B.E,Tier 2 (Top State/Private),Data Analytics & BI,Tier 1 Tech Hub (Bengaluru/NCR/Hyd),3,7,27.0,0,1,0,1,1,1,0,0,4,19.25,Job-Ready Mid-Level
CP-1072,0.0,MCA,Tier 3 (Affiliated Colleges),Full Stack Web,Tier 1 Tech Hub (Bengaluru/NCR/Hyd),1,4,0.0,3,1,1,1,0,0,0,0,3,8.86,Entry-Level Learner
CP-1073,3.7,Non-CS Degree,Tier 1 (IIT/NIT/BITS),Full Stack Web,Remote Global,0,3,22.0,2,1,0,0,0,1,1,1,4,27.33,High-Demand Specialist
CP-1074,2.7,MCA,Tier 2 (Top State/Private),Backend Systems,Tier 1 Tech Hub (Bengaluru/NCR/Hyd),1,4,148.0,2,0,1,0,1,1,0,0,3,21.91,Job-Ready Mid-Level
CP-1075,2.9,B.Tech/B.E,Tier 2 (Top State/Private),Backend Systems,Tier 2 City,2,5,148.0,2,1,1,0,1,0,0,0,3,17.12,Job-Ready Mid-Level
CP-1076,3.2,B.Tech/B.E,Tier 2 (Top State/Private),Backend Systems,Tier 1 Tech Hub (Bengaluru/NCR/Hyd),0,5,22.0,0,1,0,1,0,0,0,0,2,17.08,Job-Ready Mid-Level
CP-1077,0.2,B.Tech/B.E,Tier 3 (Affiliated Colleges),Backend Systems,Tier 1 Tech Hub (Bengaluru/NCR/Hyd),0,6,15.0,1,1,0,0,0,0,1,0,2,10.65,Junior Associate
CP-1078,1.0,M.Tech/M.S,Tier 2 (Top State/Private),Data Science & AI/ML,Tier 1 Tech Hub (Bengaluru/NCR/Hyd),0,3,108.0,0,1,0,1,1,0,1,0,4,19.39,Job-Ready Mid-Level
CP-1079,0.3,B.Tech/B.E,Tier 3 (Affiliated Colleges),Data Analytics & BI,Tier 1 Tech Hub (Bengaluru/NCR/Hyd),1,3,37.0,1,1,0,1,1,0,0,0,3,11.56,Junior Associate
CP-1080,4.4,B.Tech/B.E,Tier 2 (Top State/Private),Full Stack Web,Tier 1 Tech Hub (Bengaluru/NCR/Hyd),1,5,378.0,0,1,1,1,0,1,0,0,4,28.44,High-Demand Specialist
CP-1081,2.1,MCA,Tier 3 (Affiliated Colleges),Backend Systems,Tier 2 City,1,6,39.0,0,1,1,1,1,1,0,1,6,16.27,Job-Ready Mid-Level
CP-1082,0.9,B.Tech/B.E,Tier 2 (Top State/Private),Full Stack Web,Remote Global,0,4,24.0,2,1,1,1,1,0,0,0,4,16.82,Job-Ready Mid-Level
CP-1083,0.1,MCA,Tier 2 (Top State/Private),Cloud & DevOps,Tier 1 Tech Hub (Bengaluru/NCR/Hyd),1,1,217.0,1,0,1,1,0,0,0,0,2,12.96,Junior Associate
CP-1084,0.8,B.Tech/B.E,Tier 3 (Affiliated Colleges),Full Stack Web,Tier 1 Tech Hub (Bengaluru/NCR/Hyd),0,1,67.0,3,1,1,1,0,0,0,0,3,10.3,Junior Associate
CP-1085,0.9,B.Tech/B.E,Tier 1 (IIT/NIT/BITS),Full Stack Web,Tier 1 Tech Hub (Bengaluru/NCR/Hyd),0,3,67.0,1,1,1,0,1,1,0,0,4,17.15,Job-Ready Mid-Level
CP-1086,2.9,B.Tech/B.E,Tier 3 (Affiliated Colleges),Data Science & AI/ML,Tier 2 City,1,7,67.0,0,1,0,0,0,0,0,0,1,11.86,Junior Associate
CP-1087,2.2,M.Tech/M.S,Tier 3 (Affiliated Colleges),Backend Systems,Tier 1 Tech Hub (Bengaluru/NCR/Hyd),1,4,130.0,1,1,1,1,1,0,0,1,5,22.76,Job-Ready Mid-Level
CP-1088,4.8,B.Tech/B.E,Tier 2 (Top State/Private),Data Analytics & BI,Tier 1 Tech Hub (Bengaluru/NCR/Hyd),1,4,3.0,2,1,1,0,1,0,0,0,3,24.12,High-Demand Specialist
CP-1089,1.4,B.Tech/B.E,Tier 1 (IIT/NIT/BITS),Data Science & AI/ML,Tier 1 Tech Hub (Bengaluru/NCR/Hyd),1,5,73.0,1,1,0,1,1,0,0,0,3,20.25,Job-Ready Mid-Level
CP-1090,0.3,Non-CS Degree,Tier 1 (IIT/NIT/BITS),Data Analytics & BI,Remote Global,0,5,0.0,2,1,0,1,0,0,0,1,3,16.83,Job-Ready Mid-Level
CP-1091,2.7,B.Tech/B.E,Tier 3 (Affiliated Colleges),Cloud & DevOps,Tier 1 Tech Hub (Bengaluru/NCR/Hyd),2,4,217.0,0,1,1,0,0,0,0,0,2,18.05,Job-Ready Mid-Level
CP-1092,3.1,BCA/B.Sc CS,Tier 3 (Affiliated Colleges),Full Stack Web,Tier 1 Tech Hub (Bengaluru/NCR/Hyd),0,2,49.0,0,1,0,1,0,1,0,1,4,18.58,Job-Ready Mid-Level
CP-1093,1.8,BCA/B.Sc CS,Tier 1 (IIT/NIT/BITS),Data Science & AI/ML,Remote Global,0,4,4.0,2,0,1,1,1,1,0,1,5,26.22,High-Demand Specialist
CP-1094,3.2,B.Tech/B.E,Tier 2 (Top State/Private),Data Analytics & BI,Tier 2 City,2,4,65.0,0,1,1,0,0,1,0,0,3,16.67,Job-Ready Mid-Level
CP-1095,1.5,BCA/B.Sc CS,Tier 2 (Top State/Private),Cloud & DevOps,Tier 2 City,1,4,127.0,1,1,1,1,0,1,0,0,4,13.63,Junior Associate
CP-1096,1.6,B.Tech/B.E,Tier 3 (Affiliated Colleges),Full Stack Web,Tier 1 Tech Hub (Bengaluru/NCR/Hyd),0,3,128.0,0,0,1,0,1,0,0,0,2,14.46,Junior Associate
CP-1097,1.2,BCA/B.Sc CS,Tier 1 (IIT/NIT/BITS),Cloud & DevOps,Remote Global,0,5,67.0,1,0,0,1,1,0,1,0,3,21.21,Job-Ready Mid-Level
CP-1098,0.1,B.Tech/B.E,Tier 2 (Top State/Private),Data Science & AI/ML,Tier 2 City,2,6,145.0,0,1,1,0,1,0,1,0,4,13.36,Junior Associate
CP-1099,0.3,BCA/B.Sc CS,Tier 3 (Affiliated Colleges),Full Stack Web,Remote Global,2,8,73.0,1,1,0,1,1,0,1,0,4,18.12,Job-Ready Mid-Level
CP-1100,0.1,B.Tech/B.E,Tier 1 (IIT/NIT/BITS),Data Science & AI/ML,Tier 2 City,0,4,23.0,3,1,1,0,0,0,0,0,2,9.01,Junior Associate
CP-1101,2.2,BCA/B.Sc CS,Tier 2 (Top State/Private),Data Science & AI/ML,Tier 2 City,1,2,244.0,0,1,1,1,1,0,0,0,4,17.19,Job-Ready Mid-Level
CP-1102,0.8,B.Tech/B.E,Tier 3 (Affiliated Colleges),Cloud & DevOps,Tier 1 Tech Hub (Bengaluru/NCR/Hyd),0,4,54.0,1,1,1,1,1,1,0,0,5,15.38,Job-Ready Mid-Level
CP-1103,1.6,B.Tech/B.E,Tier 3 (Affiliated Colleges),Backend Systems,Tier 1 Tech Hub (Bengaluru/NCR/Hyd),1,4,138.0,0,1,0,0,0,1,0,1,3,18.89,Job-Ready Mid-Level
CP-1104,5.2,B.Tech/B.E,Tier 2 (Top State/Private),Full Stack Web,Tier 2 City,0,2,250.0,0,1,1,1,0,0,1,0,4,21.12,Job-Ready Mid-Level
CP-1105,0.6,B.Tech/B.E,Tier 1 (IIT/NIT/BITS),Data Science & AI/ML,Tier 1 Tech Hub (Bengaluru/NCR/Hyd),1,6,34.0,0,1,1,1,0,0,1,0,4,17.34,Job-Ready Mid-Level
CP-1106,1.2,MCA,Tier 1 (IIT/NIT/BITS),Cloud & DevOps,Tier 1 Tech Hub (Bengaluru/NCR/Hyd),0,3,25.0,1,0,1,1,1,1,0,0,4,19.58,Job-Ready Mid-Level
CP-1107,3.1,B.Tech/B.E,Tier 2 (Top State/Private),Backend Systems,Tier 1 Tech Hub (Bengaluru/NCR/Hyd),1,3,205.0,0,1,1,1,1,0,0,0,4,23.35,Job-Ready Mid-Level
CP-1108,0.6,Non-CS Degree,Tier 3 (Affiliated Colleges),Data Analytics & BI,Tier 2 City,1,6,36.0,0,1,1,0,0,0,1,0,3,8.44,Entry-Level Learner
CP-1109,0.2,Non-CS Degree,Tier 2 (Top State/Private),Backend Systems,Tier 1 Tech Hub (Bengaluru/NCR/Hyd),1,5,70.0,1,0,1,0,0,0,1,1,3,13.94,Junior Associate
CP-1110,0.8,BCA/B.Sc CS,Tier 3 (Affiliated Colleges),Full Stack Web,Tier 2 City,0,2,13.0,2,1,1,1,1,1,0,1,6,10.52,Junior Associate
CP-1111,0.4,B.Tech/B.E,Tier 3 (Affiliated Colleges),Data Analytics & BI,Tier 2 City,1,5,35.0,0,0,0,0,1,0,0,1,2,12.03,Junior Associate
CP-1112,5.8,B.Tech/B.E,Tier 2 (Top State/Private),Data Science & AI/ML,Tier 1 Tech Hub (Bengaluru/NCR/Hyd),2,7,145.0,1,0,1,1,1,0,1,1,5,36.32,High-Demand Specialist
CP-1113,3.6,M.Tech/M.S,Tier 2 (Top State/Private),Full Stack Web,Tier 1 Tech Hub (Bengaluru/NCR/Hyd),1,4,41.0,1,1,1,0,0,0,1,1,4,26.11,High-Demand Specialist
CP-1114,2.2,B.Tech/B.E,Tier 2 (Top State/Private),Full Stack Web,Tier 1 Tech Hub (Bengaluru/NCR/Hyd),1,4,124.0,0,1,1,1,0,0,0,0,3,19.4,Job-Ready Mid-Level
CP-1115,4.5,B.Tech/B.E,Tier 3 (Affiliated Colleges),Full Stack Web,Tier 1 Tech Hub (Bengaluru/NCR/Hyd),1,4,242.0,1,1,1,1,0,0,0,0,3,23.63,Job-Ready Mid-Level
CP-1116,3.6,BCA/B.Sc CS,Tier 3 (Affiliated Colleges),Backend Systems,Tier 1 Tech Hub (Bengaluru/NCR/Hyd),1,3,30.0,1,0,1,0,0,0,0,1,2,19.8,Job-Ready Mid-Level
CP-1117,0.5,MCA,Tier 1 (IIT/NIT/BITS),Backend Systems,Tier 1 Tech Hub (Bengaluru/NCR/Hyd),1,5,44.0,1,0,1,0,0,0,0,0,1,14.37,Junior Associate
CP-1118,4.9,M.Tech/M.S,Tier 3 (Affiliated Colleges),Data Science & AI/ML,Remote Global,3,4,114.0,0,1,1,0,0,0,1,0,3,32.7,High-Demand Specialist
CP-1119,1.7,B.Tech/B.E,Tier 2 (Top State/Private),Data Science & AI/ML,Tier 1 Tech Hub (Bengaluru/NCR/Hyd),0,4,114.0,2,1,1,1,0,0,0,0,3,15.27,Job-Ready Mid-Level
CP-1120,3.6,BCA/B.Sc CS,Tier 3 (Affiliated Colleges),Full Stack Web,Tier 2 City,0,4,55.0,0,1,0,1,0,0,1,0,3,14.61,Junior Associate
CP-1121,5.0,B.Tech/B.E,Tier 1 (IIT/NIT/BITS),Full Stack Web,Tier 1 Tech Hub (Bengaluru/NCR/Hyd),1,3,50.0,0,1,1,1,0,0,0,0,3,26.66,High-Demand Specialist
CP-1122,0.8,B.Tech/B.E,Tier 2 (Top State/Private),Cloud & DevOps,Tier 2 City,3,4,41.0,1,0,1,0,0,0,0,0,1,9.71,Junior Associate
CP-1123,0.3,MCA,Tier 3 (Affiliated Colleges),Backend Systems,Tier 1 Tech Hub (Bengaluru/NCR/Hyd),3,8,38.0,0,0,1,1,1,1,1,0,5,20.24,Job-Ready Mid-Level
CP-1124,0.6,B.Tech/B.E,Tier 2 (Top State/Private),Backend Systems,Tier 2 City,1,3,29.0,0,1,0,0,0,1,0,1,3,10.02,Junior Associate
CP-1125,1.2,B.Tech/B.E,Tier 2 (Top State/Private),Cloud & DevOps,Tier 2 City,1,4,107.0,1,1,1,0,0,0,1,0,3,12.58,Junior Associate
CP-1126,3.7,B.Tech/B.E,Tier 1 (IIT/NIT/BITS),Data Analytics & BI,Tier 2 City,1,2,27.0,1,1,1,1,1,1,1,0,6,22.25,Job-Ready Mid-Level
CP-1127,4.3,MCA,Tier 2 (Top State/Private),Full Stack Web,Tier 1 Tech Hub (Bengaluru/NCR/Hyd),1,2,354.0,0,1,0,0,1,0,1,0,3,28.54,High-Demand Specialist
CP-1128,0.0,M.Tech/M.S,Tier 2 (Top State/Private),Data Science & AI/ML,Tier 2 City,1,3,150.0,1,0,1,1,0,1,0,0,3,13.87,Junior Associate
CP-1129,1.6,BCA/B.Sc CS,Tier 3 (Affiliated Colleges),Full Stack Web,Tier 1 Tech Hub (Bengaluru/NCR/Hyd),2,4,39.0,2,0,0,1,0,0,0,0,1,13.65,Junior Associate
CP-1130,1.2,M.Tech/M.S,Tier 2 (Top State/Private),Cloud & DevOps,Tier 1 Tech Hub (Bengaluru/NCR/Hyd),1,2,0.0,3,1,0,0,1,0,0,0,2,15.26,Job-Ready Mid-Level
CP-1131,0.6,B.Tech/B.E,Tier 2 (Top State/Private),Data Analytics & BI,Tier 1 Tech Hub (Bengaluru/NCR/Hyd),1,4,107.0,0,1,0,1,0,0,0,1,3,16.01,Job-Ready Mid-Level
CP-1132,0.3,B.Tech/B.E,Tier 3 (Affiliated Colleges),Data Science & AI/ML,Tier 1 Tech Hub (Bengaluru/NCR/Hyd),1,5,127.0,1,0,1,1,0,1,0,0,3,13.78,Junior Associate
CP-1133,0.9,B.Tech/B.E,Tier 2 (Top State/Private),Full Stack Web,Tier 1 Tech Hub (Bengaluru/NCR/Hyd),1,6,343.0,0,1,1,0,1,0,0,0,3,19.42,Job-Ready Mid-Level
CP-1134,6.3,B.Tech/B.E,Tier 2 (Top State/Private),Full Stack Web,Tier 2 City,1,8,35.0,2,1,1,0,1,0,0,0,3,21.13,Job-Ready Mid-Level
CP-1135,0.9,B.Tech/B.E,Tier 3 (Affiliated Colleges),Backend Systems,Tier 1 Tech Hub (Bengaluru/NCR/Hyd),1,4,31.0,2,1,1,1,1,1,1,1,7,22.1,Job-Ready Mid-Level
CP-1136,1.6,Non-CS Degree,Tier 3 (Affiliated Colleges),Full Stack Web,Tier 1 Tech Hub (Bengaluru/NCR/Hyd),0,1,253.0,0,1,1,1,0,0,0,1,4,16.67,Job-Ready Mid-Level
CP-1137,2.7,B.Tech/B.E,Tier 3 (Affiliated Colleges),Data Analytics & BI,Tier 1 Tech Hub (Bengaluru/NCR/Hyd),0,4,68.0,1,1,1,1,0,1,0,0,4,17.17,Job-Ready Mid-Level
CP-1138,1.0,B.Tech/B.E,Tier 3 (Affiliated Colleges),Data Analytics & BI,Tier 2 City,1,2,153.0,2,1,1,0,1,1,1,0,5,16.49,Job-Ready Mid-Level
CP-1139,7.8,B.Tech/B.E,Tier 1 (IIT/NIT/BITS),Data Science & AI/ML,Tier 1 Tech Hub (Bengaluru/NCR/Hyd),2,5,25.0,1,1,1,0,1,0,1,0,4,36.17,High-Demand Specialist
CP-1140,7.2,B.Tech/B.E,Tier 3 (Affiliated Colleges),Cloud & DevOps,Tier 1 Tech Hub (Bengaluru/NCR/Hyd),0,2,117.0,1,1,1,0,0,0,0,1,3,26.97,High-Demand Specialist
CP-1141,0.6,MCA,Tier 1 (IIT/NIT/BITS),Backend Systems,Tier 2 City,1,2,0.0,2,0,0,1,1,0,0,1,3,14.38,Junior Associate
CP-1142,1.5,B.Tech/B.E,Tier 3 (Affiliated Colleges),Full Stack Web,Tier 1 Tech Hub (Bengaluru/NCR/Hyd),0,5,126.0,2,1,0,0,0,1,0,1,3,16.78,Job-Ready Mid-Level
CP-1143,0.8,B.Tech/B.E,Tier 2 (Top State/Private),Backend Systems,Tier 1 Tech Hub (Bengaluru/NCR/Hyd),0,4,62.0,1,1,1,1,0,1,0,0,4,14.13,Junior Associate
CP-1144,0.7,M.Tech/M.S,Tier 3 (Affiliated Colleges),Data Science & AI/ML,Tier 1 Tech Hub (Bengaluru/NCR/Hyd),3,3,361.0,2,1,1,1,0,0,0,0,3,18.98,Job-Ready Mid-Level
CP-1145,0.1,B.Tech/B.E,Tier 3 (Affiliated Colleges),Data Science & AI/ML,Tier 2 City,2,6,10.0,1,1,0,1,0,1,0,0,3,8.46,Entry-Level Learner
CP-1146,2.1,B.Tech/B.E,Tier 3 (Affiliated Colleges),Backend Systems,Tier 2 City,0,1,47.0,0,0,1,1,1,1,0,1,5,16.25,Job-Ready Mid-Level
CP-1147,1.5,B.Tech/B.E,Tier 2 (Top State/Private),Data Analytics & BI,Tier 1 Tech Hub (Bengaluru/NCR/Hyd),1,11,,1,1,1,0,1,0,0,0,3,16.06,Job-Ready Mid-Level
CP-1148,0.1,BCA/B.Sc CS,Tier 2 (Top State/Private),Backend Systems,Tier 1 Tech Hub (Bengaluru/NCR/Hyd),0,2,235.0,0,1,1,0,0,0,1,0,3,12.76,Junior Associate
CP-1149,0.7,Non-CS Degree,Tier 3 (Affiliated Colleges),Cloud & DevOps,Tier 1 Tech Hub (Bengaluru/NCR/Hyd),3,8,53.0,0,1,1,1,0,1,0,0,4,15.93,Job-Ready Mid-Level
CP-1150,5.3,M.Tech/M.S,Tier 3 (Affiliated Colleges),Backend Systems,Tier 2 City,0,4,25.0,2,0,1,0,1,0,1,0,3,20.62,Job-Ready Mid-Level
CP-1151,0.6,B.Tech/B.E,Tier 1 (IIT/NIT/BITS),Data Analytics & BI,Remote Global,0,1,0.0,3,1,0,0,0,0,0,0,1,10.61,Junior Associate
CP-1152,0.3,MCA,Tier 3 (Affiliated Colleges),Data Analytics & BI,Tier 1 Tech Hub (Bengaluru/NCR/Hyd),1,3,71.0,2,0,1,0,0,0,0,0,1,9.15,Junior Associate
CP-1153,1.5,B.Tech/B.E,Tier 3 (Affiliated Colleges),Cloud & DevOps,Tier 1 Tech Hub (Bengaluru/NCR/Hyd),2,8,70.0,0,1,0,1,1,1,0,0,4,19.19,Job-Ready Mid-Level
CP-1154,9.3,B.Tech/B.E,Tier 2 (Top State/Private),Full Stack Web,Tier 2 City,0,5,28.0,1,0,1,0,0,1,0,0,2,26.17,High-Demand Specialist
CP-1155,0.6,B.Tech/B.E,Tier 3 (Affiliated Colleges),Backend Systems,Tier 2 City,1,2,135.0,3,0,0,0,1,0,0,0,1,10.28,Junior Associate
CP-1156,2.5,B.Tech/B.E,Tier 2 (Top State/Private),Full Stack Web,Remote Global,0,2,0.0,2,1,1,0,0,0,1,0,3,17.77,Job-Ready Mid-Level
CP-1157,3.2,B.Tech/B.E,Tier 2 (Top State/Private),Full Stack Web,Tier 2 City,2,6,133.0,3,1,1,1,1,0,0,0,4,19.58,Job-Ready Mid-Level
CP-1158,0.6,BCA/B.Sc CS,Tier 2 (Top State/Private),Full Stack Web,Remote Global,0,2,213.0,0,1,1,0,1,0,0,0,3,15.29,Job-Ready Mid-Level
CP-1159,2.9,MCA,Tier 2 (Top State/Private),Cloud & DevOps,Tier 1 Tech Hub (Bengaluru/NCR/Hyd),2,5,219.0,2,1,0,1,1,1,0,0,4,24.72,High-Demand Specialist
CP-1160,1.0,B.Tech/B.E,Tier 3 (Affiliated Colleges),Full Stack Web,Tier 1 Tech Hub (Bengaluru/NCR/Hyd),1,4,148.0,2,1,0,1,0,0,0,0,2,12.37,Junior Associate
CP-1161,2.2,B.Tech/B.E,Tier 2 (Top State/Private),Data Science & AI/ML,Tier 1 Tech Hub (Bengaluru/NCR/Hyd),1,2,65.0,0,0,1,1,1,0,0,0,3,17.97,Job-Ready Mid-Level
CP-1162,2.2,B.Tech/B.E,Tier 3 (Affiliated Colleges),Backend Systems,Tier 2 City,3,6,107.0,0,0,1,0,0,0,1,0,2,16.86,Job-Ready Mid-Level
CP-1163,1.7,B.Tech/B.E,Tier 3 (Affiliated Colleges),Full Stack Web,Tier 1 Tech Hub (Bengaluru/NCR/Hyd),3,5,,2,1,0,1,0,0,0,0,2,14.42,Junior Associate
CP-1164,0.2,BCA/B.Sc CS,Tier 3 (Affiliated Colleges),Cloud & DevOps,Tier 1 Tech Hub (Bengaluru/NCR/Hyd),1,6,0.0,0,1,0,0,0,0,0,0,1,5.41,Entry-Level Learner
CP-1165,4.0,B.Tech/B.E,Tier 1 (IIT/NIT/BITS),Data Science & AI/ML,Tier 1 Tech Hub (Bengaluru/NCR/Hyd),0,5,110.0,0,0,1,0,0,1,0,1,3,28.29,High-Demand Specialist
CP-1166,0.9,MCA,Tier 3 (Affiliated Colleges),Data Science & AI/ML,Tier 1 Tech Hub (Bengaluru/NCR/Hyd),1,3,251.0,0,0,1,1,1,0,0,0,3,17.3,Job-Ready Mid-Level
CP-1167,0.5,B.Tech/B.E,Tier 2 (Top State/Private),Data Science & AI/ML,Remote Global,1,4,0.0,0,1,1,0,1,1,0,0,4,16.49,Job-Ready Mid-Level
CP-1168,0.1,B.Tech/B.E,Tier 2 (Top State/Private),Cloud & DevOps,Tier 1 Tech Hub (Bengaluru/NCR/Hyd),1,3,30.0,0,1,1,1,0,1,0,1,5,14.37,Junior Associate
CP-1169,2.0,B.Tech/B.E,Tier 2 (Top State/Private),Data Science & AI/ML,Tier 1 Tech Hub (Bengaluru/NCR/Hyd),1,6,28.0,0,1,1,1,0,0,1,0,4,17.43,Job-Ready Mid-Level
CP-1170,2.5,B.Tech/B.E,Tier 2 (Top State/Private),Backend Systems,Tier 2 City,0,3,5.0,0,1,1,1,1,1,1,1,7,17.35,Job-Ready Mid-Level
CP-1171,0.0,B.Tech/B.E,Tier 3 (Affiliated Colleges),Data Science & AI/ML,Tier 1 Tech Hub (Bengaluru/NCR/Hyd),1,4,105.0,2,1,1,0,0,0,0,1,3,11.74,Junior Associate
CP-1172,1.6,M.Tech/M.S,Tier 2 (Top State/Private),Data Science & AI/ML,Tier 2 City,1,8,7.0,0,0,1,1,1,0,0,0,3,16.41,Job-Ready Mid-Level
CP-1173,0.6,B.Tech/B.E,Tier 3 (Affiliated Colleges),Data Science & AI/ML,Tier 2 City,0,4,0.0,0,1,0,0,0,1,0,0,2,7.11,Entry-Level Learner
CP-1174,2.3,BCA/B.Sc CS,Tier 1 (IIT/NIT/BITS),Data Science & AI/ML,Remote Global,1,4,67.0,1,0,0,1,1,0,1,0,3,27.0,High-Demand Specialist
CP-1175,0.4,B.Tech/B.E,Tier 2 (Top State/Private),Data Analytics & BI,Remote Global,1,5,232.0,1,0,1,0,0,0,0,0,1,15.92,Job-Ready Mid-Level
CP-1176,2.6,B.Tech/B.E,Tier 3 (Affiliated Colleges),Backend Systems,Tier 1 Tech Hub (Bengaluru/NCR/Hyd),1,7,133.0,0,1,1,1,0,0,0,0,3,16.88,Job-Ready Mid-Level
CP-1177,1.1,B.Tech/B.E,Tier 3 (Affiliated Colleges),Cloud & DevOps,Tier 1 Tech Hub (Bengaluru/NCR/Hyd),0,6,122.0,0,1,1,0,0,1,0,0,3,12.97,Junior Associate
CP-1178,6.1,M.Tech/M.S,Tier 2 (Top State/Private),Data Science & AI/ML,Tier 1 Tech Hub (Bengaluru/NCR/Hyd),1,3,47.0,0,1,0,1,0,1,0,1,4,31.95,High-Demand Specialist
CP-1179,0.3,B.Tech/B.E,Tier 2 (Top State/Private),Full Stack Web,Tier 1 Tech Hub (Bengaluru/NCR/Hyd),0,1,232.0,2,1,1,0,1,1,0,0,4,15.72,Job-Ready Mid-Level
CP-1180,0.9,M.Tech/M.S,Tier 2 (Top State/Private),Full Stack Web,Tier 1 Tech Hub (Bengaluru/NCR/Hyd),1,4,33.0,1,1,1,1,0,1,1,0,5,17.01,Job-Ready Mid-Level
CP-1181,0.3,B.Tech/B.E,Tier 2 (Top State/Private),Backend Systems,Tier 1 Tech Hub (Bengaluru/NCR/Hyd),2,5,247.0,0,1,1,0,0,0,0,1,3,20.01,Job-Ready Mid-Level
CP-1182,5.7,M.Tech/M.S,Tier 3 (Affiliated Colleges),Data Science & AI/ML,Remote Global,1,2,30.0,2,0,1,0,0,0,0,0,1,25.36,High-Demand Specialist
CP-1183,4.6,B.Tech/B.E,Tier 3 (Affiliated Colleges),Data Analytics & BI,Tier 1 Tech Hub (Bengaluru/NCR/Hyd),0,3,40.0,0,1,1,1,0,0,0,1,4,21.78,Job-Ready Mid-Level
CP-1184,0.7,BCA/B.Sc CS,Tier 2 (Top State/Private),Full Stack Web,Tier 1 Tech Hub (Bengaluru/NCR/Hyd),1,1,61.0,0,1,1,0,1,1,0,0,4,13.88,Junior Associate
CP-1185,2.4,BCA/B.Sc CS,Tier 3 (Affiliated Colleges),Full Stack Web,Tier 1 Tech Hub (Bengaluru/NCR/Hyd),3,6,25.0,1,1,1,0,0,0,0,0,2,15.75,Job-Ready Mid-Level
CP-1186,3.7,Non-CS Degree,Tier 2 (Top State/Private),Full Stack Web,Tier 1 Tech Hub (Bengaluru/NCR/Hyd),0,6,6.0,1,0,1,1,0,0,0,0,2,16.59,Job-Ready Mid-Level
CP-1187,1.8,B.Tech/B.E,Tier 2 (Top State/Private),Data Science & AI/ML,Remote Global,2,7,250.0,1,1,1,0,1,0,0,0,3,24.89,High-Demand Specialist
CP-1188,1.7,B.Tech/B.E,Tier 2 (Top State/Private),Data Analytics & BI,Tier 1 Tech Hub (Bengaluru/NCR/Hyd),1,2,,0,0,1,0,0,0,0,1,2,15.53,Job-Ready Mid-Level
CP-1189,0.6,B.Tech/B.E,Tier 3 (Affiliated Colleges),Data Science & AI/ML,Tier 2 City,2,6,45.0,1,1,1,1,0,0,1,0,4,11.54,Junior Associate
CP-1190,0.2,MCA,Tier 2 (Top State/Private),Data Analytics & BI,Tier 1 Tech Hub (Bengaluru/NCR/Hyd),0,7,15.0,0,0,1,0,1,0,0,0,2,11.12,Junior Associate
CP-1191,5.0,B.Tech/B.E,Tier 2 (Top State/Private),Data Science & AI/ML,Tier 1 Tech Hub (Bengaluru/NCR/Hyd),0,3,22.0,0,1,1,1,0,0,0,1,4,24.81,High-Demand Specialist
CP-1192,5.1,M.Tech/M.S,Tier 2 (Top State/Private),Backend Systems,Tier 1 Tech Hub (Bengaluru/NCR/Hyd),2,6,132.0,1,1,1,0,1,0,1,0,4,32.11,High-Demand Specialist
CP-1193,2.2,B.Tech/B.E,Tier 2 (Top State/Private),Data Science & AI/ML,Tier 2 City,1,6,68.0,2,0,0,1,0,0,0,0,1,13.29,Junior Associate
CP-1194,0.9,B.Tech/B.E,Tier 3 (Affiliated Colleges),Backend Systems,Tier 1 Tech Hub (Bengaluru/NCR/Hyd),0,2,131.0,0,0,1,0,0,1,1,1,4,17.86,Job-Ready Mid-Level
CP-1195,0.9,B.Tech/B.E,Tier 2 (Top State/Private),Data Analytics & BI,Tier 1 Tech Hub (Bengaluru/NCR/Hyd),1,1,23.0,1,0,1,1,1,0,0,0,3,12.87,Junior Associate
CP-1196,2.8,Non-CS Degree,Tier 1 (IIT/NIT/BITS),Backend Systems,Tier 1 Tech Hub (Bengaluru/NCR/Hyd),0,2,246.0,1,1,0,0,0,1,0,0,2,21.04,Job-Ready Mid-Level
CP-1197,5.0,BCA/B.Sc CS,Tier 3 (Affiliated Colleges),Full Stack Web,Tier 2 City,2,2,66.0,2,1,1,1,0,0,0,0,3,18.0,Job-Ready Mid-Level
CP-1198,4.8,Non-CS Degree,Tier 3 (Affiliated Colleges),Data Analytics & BI,Tier 2 City,1,3,217.0,0,1,0,1,0,0,0,0,2,16.77,Job-Ready Mid-Level
CP-1199,3.3,B.Tech/B.E,Tier 3 (Affiliated Colleges),Full Stack Web,Tier 1 Tech Hub (Bengaluru/NCR/Hyd),2,4,16.0,1,0,1,1,0,1,0,1,4,23.77,Job-Ready Mid-Level
CP-1200,2.3,BCA/B.Sc CS,Tier 2 (Top State/Private),Data Science & AI/ML,Tier 1 Tech Hub (Bengaluru/NCR/Hyd),2,5,111.0,1,1,1,0,1,0,1,0,4,21.87,Job-Ready Mid-Level
CP-1201,0.2,BCA/B.Sc CS,Tier 1 (IIT/NIT/BITS),Full Stack Web,Remote Global,0,2,57.0,0,0,1,1,0,0,0,0,2,14.25,Junior Associate
CP-1202,0.4,B.Tech/B.E,Tier 2 (Top State/Private),Data Science & AI/ML,Tier 2 City,1,4,71.0,1,1,0,0,0,0,0,0,1,6.24,Entry-Level Learner
CP-1203,5.0,MCA,Tier 1 (IIT/NIT/BITS),Backend Systems,Tier 2 City,2,5,30.0,1,1,1,1,1,0,0,0,4,23.45,Job-Ready Mid-Level
CP-1204,2.1,Non-CS Degree,Tier 3 (Affiliated Colleges),Data Science & AI/ML,Tier 2 City,1,7,117.0,2,1,1,1,0,0,1,0,4,14.27,Junior Associate
CP-1205,0.0,MCA,Tier 2 (Top State/Private),Cloud & DevOps,Tier 2 City,3,7,16.0,1,1,0,0,0,1,0,0,2,8.11,Entry-Level Learner
CP-1206,0.2,M.Tech/M.S,Tier 2 (Top State/Private),Cloud & DevOps,Tier 1 Tech Hub (Bengaluru/NCR/Hyd),1,5,31.0,0,1,0,0,1,1,0,0,3,16.7,Job-Ready Mid-Level
CP-1207,2.4,B.Tech/B.E,Tier 2 (Top State/Private),Full Stack Web,Remote Global,0,1,116.0,0,0,0,0,1,0,0,0,1,19.93,Job-Ready Mid-Level
CP-1208,0.0,B.Tech/B.E,Tier 2 (Top State/Private),Cloud & DevOps,Remote Global,2,2,144.0,1,1,0,0,0,0,0,0,1,14.31,Junior Associate
CP-1209,0.4,Non-CS Degree,Tier 3 (Affiliated Colleges),Data Science & AI/ML,Tier 1 Tech Hub (Bengaluru/NCR/Hyd),0,4,349.0,1,1,1,1,1,0,0,0,4,15.12,Job-Ready Mid-Level
CP-1210,1.8,B.Tech/B.E,Tier 2 (Top State/Private),Cloud & DevOps,Tier 1 Tech Hub (Bengaluru/NCR/Hyd),0,3,73.0,0,0,1,1,0,0,0,0,2,16.1,Job-Ready Mid-Level
CP-1211,2.6,M.Tech/M.S,Tier 2 (Top State/Private),Full Stack Web,Remote Global,1,7,45.0,0,1,1,1,1,1,0,0,5,26.51,High-Demand Specialist
CP-1212,2.3,M.Tech/M.S,Tier 2 (Top State/Private),Backend Systems,Tier 1 Tech Hub (Bengaluru/NCR/Hyd),2,5,36.0,2,1,1,0,0,0,0,1,3,23.22,Job-Ready Mid-Level
CP-1213,0.6,BCA/B.Sc CS,Tier 2 (Top State/Private),Data Analytics & BI,Remote Global,1,3,117.0,0,0,1,0,1,0,1,0,3,18.66,Job-Ready Mid-Level
CP-1214,2.7,Non-CS Degree,Tier 1 (IIT/NIT/BITS),Backend Systems,Tier 1 Tech Hub (Bengaluru/NCR/Hyd),0,4,244.0,0,0,1,1,0,0,1,1,4,24.96,High-Demand Specialist
CP-1215,0.6,B.Tech/B.E,Tier 3 (Affiliated Colleges),Data Science & AI/ML,Tier 1 Tech Hub (Bengaluru/NCR/Hyd),1,5,376.0,1,0,1,0,0,0,0,0,1,13.6,Junior Associate
CP-1216,0.9,B.Tech/B.E,Tier 2 (Top State/Private),Full Stack Web,Tier 1 Tech Hub (Bengaluru/NCR/Hyd),0,4,373.0,1,0,1,0,0,0,1,0,2,17.72,Job-Ready Mid-Level
CP-1217,3.0,B.Tech/B.E,Tier 3 (Affiliated Colleges),Data Science & AI/ML,Tier 1 Tech Hub (Bengaluru/NCR/Hyd),0,4,206.0,1,1,0,1,0,0,0,1,3,20.72,Job-Ready Mid-Level
CP-1218,2.3,B.Tech/B.E,Tier 3 (Affiliated Colleges),Data Science & AI/ML,Tier 1 Tech Hub (Bengaluru/NCR/Hyd),0,2,363.0,0,1,0,1,1,0,1,0,4,20.58,Job-Ready Mid-Level
CP-1219,4.2,B.Tech/B.E,Tier 3 (Affiliated Colleges),Data Science & AI/ML,Tier 1 Tech Hub (Bengaluru/NCR/Hyd),1,2,72.0,3,0,1,1,0,0,0,0,2,21.03,Job-Ready Mid-Level
CP-1220,2.4,B.Tech/B.E,Tier 3 (Affiliated Colleges),Cloud & DevOps,Tier 2 City,2,6,363.0,0,0,1,0,1,0,0,0,2,18.28,Job-Ready Mid-Level
CP-1221,1.8,MCA,Tier 2 (Top State/Private),Data Science & AI/ML,Remote Global,0,3,140.0,1,1,0,1,0,0,1,0,3,18.62,Job-Ready Mid-Level
CP-1222,0.2,Non-CS Degree,Tier 1 (IIT/NIT/BITS),Full Stack Web,Tier 1 Tech Hub (Bengaluru/NCR/Hyd),0,4,22.0,1,0,1,0,0,0,0,1,2,11.33,Junior Associate
CP-1223,1.0,B.Tech/B.E,Tier 2 (Top State/Private),Backend Systems,Tier 1 Tech Hub (Bengaluru/NCR/Hyd),2,8,0.0,0,0,1,0,1,0,0,0,2,16.29,Job-Ready Mid-Level
CP-1224,0.7,B.Tech/B.E,Tier 3 (Affiliated Colleges),Cloud & DevOps,Tier 1 Tech Hub (Bengaluru/NCR/Hyd),1,3,14.0,1,1,0,0,1,0,0,1,3,13.41,Junior Associate
CP-1225,0.6,Non-CS Degree,Tier 3 (Affiliated Colleges),Full Stack Web,Tier 1 Tech Hub (Bengaluru/NCR/Hyd),3,5,,0,0,1,1,0,0,0,0,2,13.73,Junior Associate
CP-1226,7.9,B.Tech/B.E,Tier 3 (Affiliated Colleges),Full Stack Web,Tier 1 Tech Hub (Bengaluru/NCR/Hyd),0,5,132.0,0,1,0,1,0,0,0,0,2,27.57,High-Demand Specialist
CP-1227,1.1,B.Tech/B.E,Tier 1 (IIT/NIT/BITS),Full Stack Web,Tier 1 Tech Hub (Bengaluru/NCR/Hyd),0,4,7.0,0,1,1,0,0,0,0,0,2,14.65,Junior Associate
CP-1228,4.9,B.Tech/B.E,Tier 3 (Affiliated Colleges),Data Science & AI/ML,Tier 1 Tech Hub (Bengaluru/NCR/Hyd),1,6,140.0,1,1,0,1,0,0,0,1,3,24.46,High-Demand Specialist
CP-1229,2.2,BCA/B.Sc CS,Tier 2 (Top State/Private),Cloud & DevOps,Tier 1 Tech Hub (Bengaluru/NCR/Hyd),1,2,26.0,2,0,1,0,0,1,0,1,3,17.58,Job-Ready Mid-Level
CP-1230,3.5,B.Tech/B.E,Tier 1 (IIT/NIT/BITS),Full Stack Web,Tier 1 Tech Hub (Bengaluru/NCR/Hyd),1,9,233.0,0,1,1,0,0,1,0,1,4,29.08,High-Demand Specialist
CP-1231,1.5,Non-CS Degree,Tier 2 (Top State/Private),Data Analytics & BI,Tier 2 City,1,6,108.0,3,0,1,0,0,1,1,0,3,13.51,Junior Associate
CP-1232,1.9,B.Tech/B.E,Tier 1 (IIT/NIT/BITS),Data Analytics & BI,Tier 1 Tech Hub (Bengaluru/NCR/Hyd),0,5,354.0,2,0,1,1,0,1,0,0,3,21.87,Job-Ready Mid-Level
CP-1233,1.5,B.Tech/B.E,Tier 2 (Top State/Private),Cloud & DevOps,Remote Global,1,9,0.0,0,1,1,0,1,0,0,0,3,17.22,Job-Ready Mid-Level
CP-1234,0.5,B.Tech/B.E,Tier 2 (Top State/Private),Full Stack Web,Remote Global,1,4,250.0,2,0,1,1,0,0,0,0,2,18.27,Job-Ready Mid-Level
CP-1235,2.8,B.Tech/B.E,Tier 2 (Top State/Private),Data Science & AI/ML,Remote Global,1,4,35.0,1,1,1,0,0,1,0,0,3,21.2,Job-Ready Mid-Level
CP-1236,0.7,BCA/B.Sc CS,Tier 3 (Affiliated Colleges),Data Analytics & BI,Remote Global,1,6,26.0,2,1,0,0,0,1,0,1,3,13.06,Junior Associate
CP-1237,0.1,M.Tech/M.S,Tier 3 (Affiliated Colleges),Full Stack Web,Tier 1 Tech Hub (Bengaluru/NCR/Hyd),1,4,65.0,2,1,1,1,1,0,1,0,5,17.74,Job-Ready Mid-Level
CP-1238,2.3,M.Tech/M.S,Tier 3 (Affiliated Colleges),Data Science & AI/ML,Tier 1 Tech Hub (Bengaluru/NCR/Hyd),0,5,148.0,2,1,1,1,0,0,1,0,4,20.63,Job-Ready Mid-Level
CP-1239,0.4,BCA/B.Sc CS,Tier 2 (Top State/Private),Data Science & AI/ML,Tier 1 Tech Hub (Bengaluru/NCR/Hyd),0,1,358.0,0,1,0,0,0,1,0,0,2,10.78,Junior Associate
CP-1240,6.2,MCA,Tier 3 (Affiliated Colleges),Data Science & AI/ML,Tier 2 City,1,7,57.0,1,0,1,1,1,0,0,1,4,23.53,Job-Ready Mid-Level
CP-1241,6.8,M.Tech/M.S,Tier 3 (Affiliated Colleges),Data Analytics & BI,Remote Global,0,4,226.0,1,0,1,0,1,1,0,0,3,35.09,High-Demand Specialist
CP-1242,5.4,M.Tech/M.S,Tier 1 (IIT/NIT/BITS),Data Science & AI/ML,Remote Global,1,6,71.0,0,1,1,0,0,0,0,0,2,32.4,High-Demand Specialist
CP-1243,1.0,B.Tech/B.E,Tier 2 (Top State/Private),Full Stack Web,Tier 1 Tech Hub (Bengaluru/NCR/Hyd),2,6,30.0,0,0,1,1,0,1,0,1,4,21.51,Job-Ready Mid-Level
CP-1244,0.0,B.Tech/B.E,Tier 2 (Top State/Private),Full Stack Web,Tier 2 City,1,3,48.0,0,1,1,0,0,1,0,0,3,9.51,Junior Associate
CP-1245,5.8,B.Tech/B.E,Tier 1 (IIT/NIT/BITS),Cloud & DevOps,Tier 1 Tech Hub (Bengaluru/NCR/Hyd),0,3,53.0,2,1,1,1,1,1,0,0,5,32.58,High-Demand Specialist
CP-1246,1.2,BCA/B.Sc CS,Tier 3 (Affiliated Colleges),Backend Systems,Tier 1 Tech Hub (Bengaluru/NCR/Hyd),3,8,383.0,2,0,0,1,1,0,0,0,2,20.87,Job-Ready Mid-Level
CP-1247,7.5,B.Tech/B.E,Tier 3 (Affiliated Colleges),Backend Systems,Tier 2 City,0,5,136.0,3,1,0,1,0,0,0,0,2,21.45,Job-Ready Mid-Level
CP-1248,7.3,B.Tech/B.E,Tier 2 (Top State/Private),Full Stack Web,Tier 1 Tech Hub (Bengaluru/NCR/Hyd),0,2,71.0,0,1,0,0,0,1,0,1,3,30.43,High-Demand Specialist
CP-1249,4.2,MCA,Tier 3 (Affiliated Colleges),Data Science & AI/ML,Remote Global,1,3,134.0,1,0,0,1,0,0,0,0,1,21.8,Job-Ready Mid-Level
CP-1250,0.8,MCA,Tier 3 (Affiliated Colleges),Full Stack Web,Tier 1 Tech Hub (Bengaluru/NCR/Hyd),1,6,70.0,1,1,1,0,1,0,0,0,3,12.31,Junior Associate
CP-1251,1.1,MCA,Tier 3 (Affiliated Colleges),Cloud & DevOps,Remote Global,0,4,25.0,0,0,1,0,0,1,1,1,4,19.16,Job-Ready Mid-Level
CP-1252,4.2,B.Tech/B.E,Tier 2 (Top State/Private),Cloud & DevOps,Tier 1 Tech Hub (Bengaluru/NCR/Hyd),1,5,27.0,0,1,0,1,1,0,0,0,3,22.67,Job-Ready Mid-Level
CP-1253,0.8,BCA/B.Sc CS,Tier 3 (Affiliated Colleges),Cloud & DevOps,Tier 2 City,1,5,129.0,0,1,1,1,0,0,1,1,5,13.68,Junior Associate
CP-1254,0.4,B.Tech/B.E,Tier 2 (Top State/Private),Data Science & AI/ML,Tier 2 City,0,2,362.0,3,1,0,0,0,1,0,0,2,11.96,Junior Associate
CP-1255,1.8,B.Tech/B.E,Tier 2 (Top State/Private),Cloud & DevOps,Remote Global,0,5,0.0,3,1,0,0,0,0,1,1,3,19.07,Job-Ready Mid-Level
CP-1256,6.1,B.Tech/B.E,Tier 1 (IIT/NIT/BITS),Data Science & AI/ML,Tier 1 Tech Hub (Bengaluru/NCR/Hyd),1,5,41.0,2,0,1,1,1,0,0,0,3,30.36,High-Demand Specialist
CP-1257,2.6,B.Tech/B.E,Tier 1 (IIT/NIT/BITS),Data Analytics & BI,Remote Global,1,6,0.0,1,1,1,0,0,0,0,0,2,19.86,Job-Ready Mid-Level
CP-1258,1.9,B.Tech/B.E,Tier 3 (Affiliated Colleges),Full Stack Web,Tier 1 Tech Hub (Bengaluru/NCR/Hyd),0,5,11.0,0,1,1,0,0,0,0,0,2,11.77,Junior Associate
CP-1259,0.2,MCA,Tier 2 (Top State/Private),Cloud & DevOps,Tier 1 Tech Hub (Bengaluru/NCR/Hyd),0,3,140.0,2,0,1,0,0,0,0,0,1,11.21,Junior Associate
CP-1260,2.1,B.Tech/B.E,Tier 2 (Top State/Private),Data Science & AI/ML,Tier 1 Tech Hub (Bengaluru/NCR/Hyd),1,4,0.0,0,1,1,0,0,0,0,0,2,12.36,Junior Associate
CP-1261,9.5,M.Tech/M.S,Tier 2 (Top State/Private),Full Stack Web,Tier 2 City,2,3,147.0,1,0,0,0,1,0,1,0,2,31.87,High-Demand Specialist
CP-1262,0.3,B.Tech/B.E,Tier 3 (Affiliated Colleges),Cloud & DevOps,Tier 1 Tech Hub (Bengaluru/NCR/Hyd),0,3,56.0,0,0,1,0,0,0,0,1,2,11.91,Junior Associate
CP-1263,1.6,B.Tech/B.E,Tier 1 (IIT/NIT/BITS),Data Science & AI/ML,Tier 2 City,1,11,0.0,3,1,1,1,0,0,0,0,3,12.92,Junior Associate
CP-1264,4.6,B.Tech/B.E,Tier 3 (Affiliated Colleges),Data Analytics & BI,Tier 2 City,0,4,47.0,0,0,0,0,0,0,0,1,1,14.92,Junior Associate
CP-1265,3.0,B.Tech/B.E,Tier 1 (IIT/NIT/BITS),Cloud & DevOps,Tier 1 Tech Hub (Bengaluru/NCR/Hyd),0,4,0.0,0,0,1,0,0,0,0,0,1,19.69,Job-Ready Mid-Level
CP-1266,2.6,BCA/B.Sc CS,Tier 2 (Top State/Private),Cloud & DevOps,Remote Global,0,3,248.0,1,0,0,0,0,0,0,1,1,22.46,Job-Ready Mid-Level
CP-1267,2.7,B.Tech/B.E,Tier 2 (Top State/Private),Full Stack Web,Tier 1 Tech Hub (Bengaluru/NCR/Hyd),2,3,0.0,0,1,0,1,0,0,0,0,2,16.69,Job-Ready Mid-Level
CP-1268,1.0,B.Tech/B.E,Tier 2 (Top State/Private),Full Stack Web,Remote Global,1,5,0.0,3,0,1,0,0,0,0,0,1,13.93,Junior Associate
CP-1269,0.8,B.Tech/B.E,Tier 2 (Top State/Private),Cloud & DevOps,Tier 1 Tech Hub (Bengaluru/NCR/Hyd),2,7,125.0,0,1,1,1,0,0,0,0,3,16.23,Job-Ready Mid-Level
CP-1270,3.6,B.Tech/B.E,Tier 2 (Top State/Private),Full Stack Web,Tier 1 Tech Hub (Bengaluru/NCR/Hyd),1,5,365.0,2,1,1,0,1,0,0,0,3,26.1,High-Demand Specialist
CP-1271,3.7,MCA,Tier 3 (Affiliated Colleges),Cloud & DevOps,Tier 1 Tech Hub (Bengaluru/NCR/Hyd),2,8,227.0,1,1,0,1,0,0,0,1,3,25.21,High-Demand Specialist
CP-1272,4.4,B.Tech/B.E,Tier 3 (Affiliated Colleges),Full Stack Web,Tier 1 Tech Hub (Bengaluru/NCR/Hyd),0,2,49.0,1,1,0,0,0,0,1,0,2,18.26,Job-Ready Mid-Level
CP-1273,5.4,M.Tech/M.S,Tier 1 (IIT/NIT/BITS),Data Science & AI/ML,Tier 1 Tech Hub (Bengaluru/NCR/Hyd),0,3,19.0,2,0,1,0,1,0,0,1,3,29.65,High-Demand Specialist
CP-1274,1.6,BCA/B.Sc CS,Tier 2 (Top State/Private),Data Science & AI/ML,Tier 1 Tech Hub (Bengaluru/NCR/Hyd),3,5,139.0,1,1,1,1,0,1,0,0,4,21.97,Job-Ready Mid-Level
CP-1275,1.5,Non-CS Degree,Tier 3 (Affiliated Colleges),Data Science & AI/ML,Tier 1 Tech Hub (Bengaluru/NCR/Hyd),1,3,249.0,0,0,0,1,0,1,0,0,2,16.09,Job-Ready Mid-Level
CP-1276,3.5,MCA,Tier 2 (Top State/Private),Full Stack Web,Tier 1 Tech Hub (Bengaluru/NCR/Hyd),2,5,31.0,0,1,1,1,1,0,1,0,5,26.22,High-Demand Specialist
CP-1277,2.3,BCA/B.Sc CS,Tier 1 (IIT/NIT/BITS),Data Analytics & BI,Tier 1 Tech Hub (Bengaluru/NCR/Hyd),0,4,29.0,0,1,1,0,0,0,0,0,2,16.37,Job-Ready Mid-Level
CP-1278,2.7,BCA/B.Sc CS,Tier 3 (Affiliated Colleges),Data Analytics & BI,Tier 2 City,1,6,16.0,1,0,1,1,0,1,0,0,3,14.12,Junior Associate
CP-1279,3.5,MCA,Tier 3 (Affiliated Colleges),Data Science & AI/ML,Tier 1 Tech Hub (Bengaluru/NCR/Hyd),1,3,0.0,0,1,1,1,0,0,1,0,4,18.74,Job-Ready Mid-Level
CP-1280,4.9,B.Tech/B.E,Tier 2 (Top State/Private),Backend Systems,Remote Global,0,2,49.0,0,1,1,0,0,0,0,1,3,25.43,High-Demand Specialist
CP-1281,0.9,B.Tech/B.E,Tier 1 (IIT/NIT/BITS),Full Stack Web,Tier 2 City,1,3,15.0,0,1,1,1,1,0,1,0,5,14.89,Junior Associate
CP-1282,1.0,B.Tech/B.E,Tier 1 (IIT/NIT/BITS),Backend Systems,Tier 2 City,1,3,4.0,1,1,0,0,1,0,1,0,3,13.31,Junior Associate
CP-1283,0.2,MCA,Tier 3 (Affiliated Colleges),Cloud & DevOps,Tier 2 City,0,1,6.0,0,1,1,1,0,1,0,0,4,8.39,Entry-Level Learner
CP-1284,1.9,M.Tech/M.S,Tier 2 (Top State/Private),Data Analytics & BI,Tier 1 Tech Hub (Bengaluru/NCR/Hyd),0,2,62.0,2,0,1,1,0,0,0,0,2,17.84,Job-Ready Mid-Level
CP-1285,0.1,B.Tech/B.E,Tier 2 (Top State/Private),Data Science & AI/ML,Tier 2 City,0,3,0.0,0,1,1,0,0,0,0,0,2,5.02,Entry-Level Learner
CP-1286,1.4,BCA/B.Sc CS,Tier 2 (Top State/Private),Data Science & AI/ML,Tier 1 Tech Hub (Bengaluru/NCR/Hyd),0,2,63.0,1,0,1,0,0,1,1,0,3,14.72,Junior Associate
CP-1287,1.7,B.Tech/B.E,Tier 2 (Top State/Private),Data Science & AI/ML,Remote Global,1,4,206.0,2,1,1,1,0,0,1,0,4,23.33,Job-Ready Mid-Level
CP-1288,0.7,B.Tech/B.E,Tier 3 (Affiliated Colleges),Data Analytics & BI,Tier 2 City,0,5,6.0,0,1,1,1,0,1,1,1,6,11.44,Junior Associate
CP-1289,2.0,Non-CS Degree,Tier 3 (Affiliated Colleges),Full Stack Web,Tier 1 Tech Hub (Bengaluru/NCR/Hyd),0,5,113.0,2,0,0,1,0,0,0,0,1,14.68,Junior Associate
CP-1290,0.1,B.Tech/B.E,Tier 3 (Affiliated Colleges),Data Analytics & BI,Tier 2 City,2,4,206.0,1,1,0,1,1,0,0,1,4,13.21,Junior Associate
CP-1291,0.1,B.Tech/B.E,Tier 1 (IIT/NIT/BITS),Full Stack Web,Tier 1 Tech Hub (Bengaluru/NCR/Hyd),1,3,69.0,2,0,0,1,0,1,0,1,3,18.25,Job-Ready Mid-Level
CP-1292,3.8,BCA/B.Sc CS,Tier 1 (IIT/NIT/BITS),Data Analytics & BI,Tier 1 Tech Hub (Bengaluru/NCR/Hyd),1,7,16.0,1,0,1,1,0,0,0,0,2,22.83,Job-Ready Mid-Level
CP-1293,1.0,M.Tech/M.S,Tier 2 (Top State/Private),Data Science & AI/ML,Tier 1 Tech Hub (Bengaluru/NCR/Hyd),1,5,0.0,0,1,0,0,0,0,0,1,2,15.15,Job-Ready Mid-Level
CP-1294,0.3,B.Tech/B.E,Tier 2 (Top State/Private),Data Science & AI/ML,Tier 2 City,2,4,120.0,2,1,1,1,0,1,0,0,4,12.84,Junior Associate
CP-1295,1.6,BCA/B.Sc CS,Tier 3 (Affiliated Colleges),Full Stack Web,Tier 2 City,0,1,57.0,1,1,1,0,0,0,0,0,2,7.43,Entry-Level Learner
CP-1296,3.2,B.Tech/B.E,Tier 1 (IIT/NIT/BITS),Full Stack Web,Tier 2 City,1,4,0.0,0,1,0,0,1,0,0,0,2,15.13,Job-Ready Mid-Level
CP-1297,0.5,B.Tech/B.E,Tier 2 (Top State/Private),Full Stack Web,Tier 1 Tech Hub (Bengaluru/NCR/Hyd),1,3,236.0,2,1,1,1,0,0,0,0,3,15.09,Job-Ready Mid-Level
CP-1298,2.1,B.Tech/B.E,Tier 2 (Top State/Private),Data Analytics & BI,Tier 1 Tech Hub (Bengaluru/NCR/Hyd),0,4,112.0,2,0,1,0,0,0,0,0,1,15.76,Job-Ready Mid-Level
CP-1299,0.2,BCA/B.Sc CS,Tier 3 (Affiliated Colleges),Data Science & AI/ML,Tier 2 City,2,7,56.0,0,1,0,1,0,0,0,1,3,10.03,Junior Associate
CP-1300,0.1,B.Tech/B.E,Tier 1 (IIT/NIT/BITS),Full Stack Web,Tier 1 Tech Hub (Bengaluru/NCR/Hyd),3,11,125.0,0,1,1,1,0,0,1,0,4,21.56,Job-Ready Mid-Level
CP-1301,1.7,Non-CS Degree,Tier 2 (Top State/Private),Data Analytics & BI,Tier 2 City,3,7,9.0,1,0,1,1,0,0,0,0,2,13.09,Junior Associate
CP-1302,1.7,M.Tech/M.S,Tier 2 (Top State/Private),Data Science & AI/ML,Tier 1 Tech Hub (Bengaluru/NCR/Hyd),0,6,124.0,2,1,0,0,0,0,1,0,2,17.6,Job-Ready Mid-Level
CP-1303,2.2,Non-CS Degree,Tier 3 (Affiliated Colleges),Backend Systems,Tier 1 Tech Hub (Bengaluru/NCR/Hyd),0,3,0.0,0,1,1,0,0,1,0,0,3,12.01,Junior Associate
CP-1304,2.8,B.Tech/B.E,Tier 1 (IIT/NIT/BITS),Backend Systems,Tier 1 Tech Hub (Bengaluru/NCR/Hyd),3,6,125.0,1,1,1,0,1,1,0,1,5,31.45,High-Demand Specialist
CP-1305,8.2,Non-CS Degree,Tier 3 (Affiliated Colleges),Data Science & AI/ML,Tier 2 City,1,6,0.0,1,1,1,0,0,0,1,0,3,21.74,Job-Ready Mid-Level
CP-1306,1.6,B.Tech/B.E,Tier 3 (Affiliated Colleges),Full Stack Web,Tier 1 Tech Hub (Bengaluru/NCR/Hyd),0,2,49.0,0,1,1,0,0,0,1,0,3,11.89,Junior Associate
CP-1307,0.9,B.Tech/B.E,Tier 2 (Top State/Private),Full Stack Web,Tier 1 Tech Hub (Bengaluru/NCR/Hyd),1,5,0.0,1,1,0,1,0,0,0,0,2,12.59,Junior Associate
CP-1308,3.5,B.Tech/B.E,Tier 3 (Affiliated Colleges),Data Analytics & BI,Tier 1 Tech Hub (Bengaluru/NCR/Hyd),0,4,126.0,0,0,1,1,0,0,1,1,4,23.9,Job-Ready Mid-Level
CP-1309,0.7,B.Tech/B.E,Tier 1 (IIT/NIT/BITS),Cloud & DevOps,Tier 1 Tech Hub (Bengaluru/NCR/Hyd),0,4,0.0,1,1,1,1,0,0,0,0,3,14.17,Junior Associate
CP-1310,1.3,BCA/B.Sc CS,Tier 3 (Affiliated Colleges),Cloud & DevOps,Tier 1 Tech Hub (Bengaluru/NCR/Hyd),2,7,3.0,0,0,1,1,1,1,0,0,4,17.75,Job-Ready Mid-Level
CP-1311,0.2,B.Tech/B.E,Tier 2 (Top State/Private),Data Analytics & BI,Tier 1 Tech Hub (Bengaluru/NCR/Hyd),0,5,0.0,0,1,1,1,1,0,0,0,4,11.98,Junior Associate
CP-1312,0.1,B.Tech/B.E,Tier 2 (Top State/Private),Data Science & AI/ML,Tier 2 City,0,6,0.0,2,1,1,0,0,0,0,0,2,6.01,Entry-Level Learner
CP-1313,7.2,BCA/B.Sc CS,Tier 2 (Top State/Private),Data Analytics & BI,Tier 1 Tech Hub (Bengaluru/NCR/Hyd),0,3,149.0,0,1,1,0,1,1,0,0,4,29.07,High-Demand Specialist
CP-1314,4.0,B.Tech/B.E,Tier 1 (IIT/NIT/BITS),Cloud & DevOps,Tier 2 City,1,3,344.0,1,1,1,0,1,0,0,1,4,24.16,High-Demand Specialist
CP-1315,2.6,BCA/B.Sc CS,Tier 3 (Affiliated Colleges),Cloud & DevOps,Tier 2 City,0,6,105.0,1,1,1,0,0,0,1,0,3,11.98,Junior Associate
CP-1316,1.2,B.Tech/B.E,Tier 1 (IIT/NIT/BITS),Backend Systems,Tier 1 Tech Hub (Bengaluru/NCR/Hyd),1,4,230.0,0,1,0,0,0,1,0,0,2,19.87,Job-Ready Mid-Level
CP-1317,0.4,MCA,Tier 3 (Affiliated Colleges),Cloud & DevOps,Tier 1 Tech Hub (Bengaluru/NCR/Hyd),1,8,10.0,0,1,0,1,1,0,1,1,5,17.73,Job-Ready Mid-Level
CP-1318,0.4,MCA,Tier 2 (Top State/Private),Data Science & AI/ML,Remote Global,2,4,2.0,0,0,1,0,1,0,1,0,3,18.86,Job-Ready Mid-Level
CP-1319,0.6,B.Tech/B.E,Tier 3 (Affiliated Colleges),Full Stack Web,Tier 1 Tech Hub (Bengaluru/NCR/Hyd),0,5,45.0,0,0,1,1,0,0,0,0,2,10.75,Junior Associate
CP-1320,1.8,B.Tech/B.E,Tier 2 (Top State/Private),Full Stack Web,Tier 1 Tech Hub (Bengaluru/NCR/Hyd),2,6,380.0,2,1,0,1,0,0,0,0,2,20.96,Job-Ready Mid-Level
CP-1321,2.8,B.Tech/B.E,Tier 2 (Top State/Private),Data Science & AI/ML,Tier 1 Tech Hub (Bengaluru/NCR/Hyd),0,2,116.0,1,0,1,1,0,0,1,1,4,23.56,Job-Ready Mid-Level
CP-1322,2.4,M.Tech/M.S,Tier 2 (Top State/Private),Backend Systems,Tier 2 City,1,3,62.0,2,1,1,0,1,1,1,0,5,18.0,Job-Ready Mid-Level
CP-1323,0.7,B.Tech/B.E,Tier 3 (Affiliated Colleges),Data Science & AI/ML,Tier 1 Tech Hub (Bengaluru/NCR/Hyd),1,2,0.0,1,1,1,0,1,1,1,0,5,16.42,Job-Ready Mid-Level
CP-1324,6.8,B.Tech/B.E,Tier 1 (IIT/NIT/BITS),Cloud & DevOps,Remote Global,0,1,33.0,0,1,0,0,0,1,0,0,2,32.13,High-Demand Specialist
CP-1325,2.9,B.Tech/B.E,Tier 2 (Top State/Private),Full Stack Web,Remote Global,1,3,56.0,0,1,1,0,0,0,0,0,2,18.71,Job-Ready Mid-Level
CP-1326,1.8,B.Tech/B.E,Tier 2 (Top State/Private),Data Science & AI/ML,Tier 1 Tech Hub (Bengaluru/NCR/Hyd),0,3,143.0,0,1,1,0,0,0,0,1,3,17.69,Job-Ready Mid-Level
CP-1327,2.1,B.Tech/B.E,Tier 3 (Affiliated Colleges),Backend Systems,Tier 1 Tech Hub (Bengaluru/NCR/Hyd),0,3,19.0,0,0,0,0,0,0,0,0,0,10.72,Junior Associate
CP-1328,1.2,MCA,Tier 2 (Top State/Private),Data Analytics & BI,Tier 1 Tech Hub (Bengaluru/NCR/Hyd),1,3,221.0,1,1,0,1,1,0,0,0,3,18.23,Job-Ready Mid-Level
CP-1329,0.6,B.Tech/B.E,Tier 2 (Top State/Private),Full Stack Web,Tier 1 Tech Hub (Bengaluru/NCR/Hyd),1,4,344.0,0,1,1,1,1,1,0,0,5,21.67,Job-Ready Mid-Level
CP-1330,1.0,B.Tech/B.E,Tier 2 (Top State/Private),Data Science & AI/ML,Tier 1 Tech Hub (Bengaluru/NCR/Hyd),0,2,239.0,1,1,1,1,1,0,1,0,5,20.88,Job-Ready Mid-Level
CP-1331,3.1,M.Tech/M.S,Tier 3 (Affiliated Colleges),Data Science & AI/ML,Tier 1 Tech Hub (Bengaluru/NCR/Hyd),0,6,220.0,0,1,0,1,1,1,0,0,4,22.24,Job-Ready Mid-Level
CP-1332,0.0,MCA,Tier 3 (Affiliated Colleges),Full Stack Web,Tier 1 Tech Hub (Bengaluru/NCR/Hyd),0,1,0.0,1,0,1,0,0,0,0,0,1,5.63,Entry-Level Learner
CP-1333,0.3,B.Tech/B.E,Tier 2 (Top State/Private),Data Science & AI/ML,Tier 1 Tech Hub (Bengaluru/NCR/Hyd),1,4,338.0,0,1,0,1,0,0,0,0,2,15.6,Job-Ready Mid-Level
CP-1334,0.1,B.Tech/B.E,Tier 2 (Top State/Private),Full Stack Web,Tier 1 Tech Hub (Bengaluru/NCR/Hyd),1,2,33.0,0,1,1,0,1,0,1,0,4,15.48,Job-Ready Mid-Level
CP-1335,0.1,B.Tech/B.E,Tier 2 (Top State/Private),Backend Systems,Remote Global,0,4,233.0,0,0,0,0,0,1,1,1,3,21.3,Job-Ready Mid-Level
CP-1336,4.3,Non-CS Degree,Tier 1 (IIT/NIT/BITS),Cloud & DevOps,Tier 1 Tech Hub (Bengaluru/NCR/Hyd),0,1,0.0,0,1,1,0,0,0,1,0,3,21.83,Job-Ready Mid-Level
CP-1337,2.7,B.Tech/B.E,Tier 2 (Top State/Private),Backend Systems,Remote Global,1,2,40.0,0,1,1,1,1,0,0,0,4,21.99,Job-Ready Mid-Level
CP-1338,1.4,Non-CS Degree,Tier 3 (Affiliated Colleges),Cloud & DevOps,Tier 1 Tech Hub (Bengaluru/NCR/Hyd),2,9,0.0,0,0,1,1,0,0,0,0,2,12.1,Junior Associate
CP-1339,0.2,BCA/B.Sc CS,Tier 2 (Top State/Private),Full Stack Web,Tier 1 Tech Hub (Bengaluru/NCR/Hyd),1,4,28.0,0,1,1,1,0,0,0,0,3,10.73,Junior Associate
CP-1340,1.5,B.Tech/B.E,Tier 3 (Affiliated Colleges),Data Analytics & BI,Tier 1 Tech Hub (Bengaluru/NCR/Hyd),2,7,337.0,0,0,1,1,0,0,1,0,3,21.97,Job-Ready Mid-Level
CP-1341,1.4,B.Tech/B.E,Tier 2 (Top State/Private),Full Stack Web,Tier 1 Tech Hub (Bengaluru/NCR/Hyd),0,7,148.0,2,1,0,0,1,1,0,0,3,17.55,Job-Ready Mid-Level
CP-1342,0.4,B.Tech/B.E,Tier 3 (Affiliated Colleges),Backend Systems,Tier 1 Tech Hub (Bengaluru/NCR/Hyd),3,7,38.0,0,1,0,1,0,1,1,0,4,19.72,Job-Ready Mid-Level
CP-1343,1.3,B.Tech/B.E,Tier 2 (Top State/Private),Full Stack Web,Remote Global,0,7,38.0,3,1,1,1,0,1,0,0,4,17.81,Job-Ready Mid-Level
CP-1344,1.1,B.Tech/B.E,Tier 2 (Top State/Private),Data Science & AI/ML,Remote Global,3,6,113.0,1,0,1,1,1,1,0,0,4,25.6,High-Demand Specialist
CP-1345,2.1,BCA/B.Sc CS,Tier 2 (Top State/Private),Data Analytics & BI,Tier 1 Tech Hub (Bengaluru/NCR/Hyd),0,3,60.0,1,1,0,0,1,0,0,1,3,17.09,Job-Ready Mid-Level
CP-1346,2.2,Non-CS Degree,Tier 2 (Top State/Private),Cloud & DevOps,Tier 1 Tech Hub (Bengaluru/NCR/Hyd),1,2,127.0,1,0,0,0,0,0,1,0,1,16.25,Job-Ready Mid-Level
CP-1347,0.1,BCA/B.Sc CS,Tier 2 (Top State/Private),Backend Systems,Tier 1 Tech Hub (Bengaluru/NCR/Hyd),1,9,39.0,1,1,1,0,0,0,0,1,3,12.69,Junior Associate
CP-1348,1.0,M.Tech/M.S,Tier 3 (Affiliated Colleges),Backend Systems,Tier 1 Tech Hub (Bengaluru/NCR/Hyd),1,8,111.0,0,0,1,1,1,0,0,0,3,17.56,Job-Ready Mid-Level
CP-1349,2.2,B.Tech/B.E,Tier 3 (Affiliated Colleges),Data Science & AI/ML,Tier 1 Tech Hub (Bengaluru/NCR/Hyd),2,3,354.0,0,0,1,1,1,0,0,0,3,22.53,Job-Ready Mid-Level
CP-1350,1.5,B.Tech/B.E,Tier 2 (Top State/Private),Full Stack Web,Tier 1 Tech Hub (Bengaluru/NCR/Hyd),1,6,43.0,1,1,1,0,1,1,1,0,5,21.59,Job-Ready Mid-Level
CP-1351,4.3,B.Tech/B.E,Tier 1 (IIT/NIT/BITS),Full Stack Web,Tier 1 Tech Hub (Bengaluru/NCR/Hyd),3,8,30.0,0,1,1,0,0,0,0,0,2,25.06,High-Demand Specialist
CP-1352,2.4,BCA/B.Sc CS,Tier 2 (Top State/Private),Cloud & DevOps,Tier 1 Tech Hub (Bengaluru/NCR/Hyd),1,6,243.0,1,1,1,1,1,0,1,1,6,27.6,High-Demand Specialist
CP-1353,0.4,Non-CS Degree,Tier 2 (Top State/Private),Data Analytics & BI,Tier 1 Tech Hub (Bengaluru/NCR/Hyd),1,2,205.0,2,1,1,0,1,0,0,1,4,17.52,Job-Ready Mid-Level
CP-1354,0.2,BCA/B.Sc CS,Tier 2 (Top State/Private),Full Stack Web,Tier 1 Tech Hub (Bengaluru/NCR/Hyd),0,2,341.0,1,1,1,0,0,0,0,0,2,11.0,Junior Associate
CP-1355,2.3,B.Tech/B.E,Tier 3 (Affiliated Colleges),Cloud & DevOps,Tier 1 Tech Hub (Bengaluru/NCR/Hyd),3,8,59.0,0,1,0,1,0,1,1,1,5,24.92,High-Demand Specialist
CP-1356,0.1,B.Tech/B.E,Tier 3 (Affiliated Colleges),Cloud & DevOps,Remote Global,1,8,49.0,0,1,0,1,0,0,0,0,2,11.23,Junior Associate
CP-1357,1.9,BCA/B.Sc CS,Tier 3 (Affiliated Colleges),Data Science & AI/ML,Tier 1 Tech Hub (Bengaluru/NCR/Hyd),1,8,22.0,0,1,0,0,0,0,0,0,1,10.82,Junior Associate
CP-1358,6.2,B.Tech/B.E,Tier 2 (Top State/Private),Data Analytics & BI,Remote Global,1,4,7.0,1,1,1,0,0,1,0,0,3,28.83,High-Demand Specialist
CP-1359,1.9,MCA,Tier 3 (Affiliated Colleges),Cloud & DevOps,Tier 2 City,1,5,129.0,1,1,1,1,1,0,0,1,5,17.43,Job-Ready Mid-Level
CP-1360,1.1,M.Tech/M.S,Tier 3 (Affiliated Colleges),Backend Systems,Remote Global,3,9,22.0,1,1,0,1,0,0,0,0,2,17.15,Job-Ready Mid-Level
CP-1361,2.3,BCA/B.Sc CS,Tier 2 (Top State/Private),Full Stack Web,Tier 2 City,0,2,115.0,0,0,1,0,0,0,0,0,1,10.58,Junior Associate
CP-1362,1.3,B.Tech/B.E,Tier 2 (Top State/Private),Data Science & AI/ML,Tier 2 City,0,1,238.0,0,1,0,0,1,1,0,0,3,12.97,Junior Associate
CP-1363,1.7,B.Tech/B.E,Tier 3 (Affiliated Colleges),Full Stack Web,Remote Global,0,1,365.0,3,1,1,0,1,0,0,0,3,18.36,Job-Ready Mid-Level
CP-1364,6.2,B.Tech/B.E,Tier 2 (Top State/Private),Data Science & AI/ML,Tier 1 Tech Hub (Bengaluru/NCR/Hyd),2,6,22.0,0,1,0,0,0,0,0,0,1,24.84,High-Demand Specialist
CP-1365,1.1,B.Tech/B.E,Tier 2 (Top State/Private),Backend Systems,Tier 1 Tech Hub (Bengaluru/NCR/Hyd),0,3,74.0,0,1,1,1,0,1,0,0,4,14.74,Junior Associate
CP-1366,7.1,B.Tech/B.E,Tier 2 (Top State/Private),Data Science & AI/ML,Remote Global,0,3,,0,0,1,0,1,0,1,1,4,42.77,High-Demand Specialist
CP-1367,5.2,BCA/B.Sc CS,Tier 2 (Top State/Private),Data Analytics & BI,Tier 2 City,0,4,,0,1,1,0,0,1,0,0,3,17.32,Job-Ready Mid-Level
CP-1368,0.5,BCA/B.Sc CS,Tier 2 (Top State/Private),Full Stack Web,Remote Global,1,6,113.0,2,0,0,0,1,0,0,0,1,16.15,Job-Ready Mid-Level
CP-1369,0.2,B.Tech/B.E,Tier 3 (Affiliated Colleges),Full Stack Web,Tier 2 City,1,2,217.0,0,1,1,0,1,0,1,0,4,11.9,Junior Associate
CP-1370,0.2,B.Tech/B.E,Tier 3 (Affiliated Colleges),Data Science & AI/ML,Remote Global,0,8,44.0,1,1,1,0,0,0,0,0,2,9.22,Junior Associate
CP-1371,0.0,B.Tech/B.E,Tier 3 (Affiliated Colleges),Cloud & DevOps,Tier 2 City,3,9,45.0,0,0,0,0,1,1,0,0,2,10.47,Junior Associate
CP-1372,0.2,B.Tech/B.E,Tier 1 (IIT/NIT/BITS),Cloud & DevOps,Tier 2 City,3,4,46.0,1,1,1,0,0,0,0,1,3,15.2,Job-Ready Mid-Level
CP-1373,2.5,MCA,Tier 3 (Affiliated Colleges),Full Stack Web,Tier 1 Tech Hub (Bengaluru/NCR/Hyd),0,3,105.0,2,1,0,0,0,0,0,1,2,16.47,Job-Ready Mid-Level
CP-1374,0.2,B.Tech/B.E,Tier 1 (IIT/NIT/BITS),Backend Systems,Remote Global,1,5,64.0,0,1,0,1,1,0,0,0,3,19.76,Job-Ready Mid-Level
CP-1375,0.8,B.Tech/B.E,Tier 1 (IIT/NIT/BITS),Full Stack Web,Tier 2 City,1,2,145.0,0,1,1,0,1,0,0,0,3,14.58,Junior Associate
CP-1376,4.1,B.Tech/B.E,Tier 2 (Top State/Private),Full Stack Web,Tier 2 City,0,4,221.0,0,1,1,0,0,0,0,0,2,16.32,Job-Ready Mid-Level
CP-1377,0.1,MCA,Tier 2 (Top State/Private),Full Stack Web,Tier 2 City,0,7,69.0,0,1,1,0,0,0,0,0,2,7.49,Entry-Level Learner
CP-1378,3.7,BCA/B.Sc CS,Tier 2 (Top State/Private),Data Science & AI/ML,Tier 1 Tech Hub (Bengaluru/NCR/Hyd),1,2,338.0,1,1,1,0,0,0,1,0,3,24.61,High-Demand Specialist
CP-1379,0.7,B.Tech/B.E,Tier 1 (IIT/NIT/BITS),Backend Systems,Tier 1 Tech Hub (Bengaluru/NCR/Hyd),1,4,110.0,2,0,0,1,1,0,0,0,2,19.38,Job-Ready Mid-Level
CP-1380,0.3,B.Tech/B.E,Tier 2 (Top State/Private),Full Stack Web,Remote Global,0,1,249.0,0,0,1,0,1,1,1,0,4,20.87,Job-Ready Mid-Level
CP-1381,2.6,M.Tech/M.S,Tier 2 (Top State/Private),Data Science & AI/ML,Tier 1 Tech Hub (Bengaluru/NCR/Hyd),2,6,33.0,1,0,1,1,1,1,1,0,5,26.88,High-Demand Specialist
CP-1382,2.2,Non-CS Degree,Tier 3 (Affiliated Colleges),Full Stack Web,Tier 1 Tech Hub (Bengaluru/NCR/Hyd),1,5,43.0,0,1,1,1,0,1,0,0,4,17.41,Job-Ready Mid-Level
CP-1383,4.6,B.Tech/B.E,Tier 2 (Top State/Private),Cloud & DevOps,Tier 1 Tech Hub (Bengaluru/NCR/Hyd),1,3,54.0,0,1,1,1,1,1,0,0,5,26.73,High-Demand Specialist
CP-1384,2.9,MCA,Tier 3 (Affiliated Colleges),Full Stack Web,Tier 2 City,0,6,47.0,1,1,1,1,0,1,0,0,4,13.72,Junior Associate
CP-1385,3.6,Non-CS Degree,Tier 2 (Top State/Private),Cloud & DevOps,Tier 2 City,1,4,16.0,2,0,0,0,1,1,0,1,3,17.17,Job-Ready Mid-Level
CP-1386,0.7,MCA,Tier 1 (IIT/NIT/BITS),Data Science & AI/ML,Tier 2 City,0,5,233.0,0,1,0,0,1,0,0,0,2,13.4,Junior Associate
CP-1387,0.4,BCA/B.Sc CS,Tier 3 (Affiliated Colleges),Full Stack Web,Tier 2 City,1,6,32.0,0,1,0,1,0,0,0,0,2,6.89,Entry-Level Learner
CP-1388,3.1,BCA/B.Sc CS,Tier 2 (Top State/Private),Data Analytics & BI,Tier 1 Tech Hub (Bengaluru/NCR/Hyd),2,6,355.0,1,1,1,0,0,0,1,0,3,24.0,High-Demand Specialist
CP-1389,3.6,B.Tech/B.E,Tier 2 (Top State/Private),Data Science & AI/ML,Tier 1 Tech Hub (Bengaluru/NCR/Hyd),2,3,41.0,1,1,1,1,0,0,0,1,4,23.3,Job-Ready Mid-Level
CP-1390,9.5,M.Tech/M.S,Tier 3 (Affiliated Colleges),Data Analytics & BI,Tier 1 Tech Hub (Bengaluru/NCR/Hyd),1,8,1.0,2,0,1,0,0,1,0,1,3,37.9,High-Demand Specialist
CP-1391,1.2,B.Tech/B.E,Tier 1 (IIT/NIT/BITS),Data Science & AI/ML,Tier 2 City,1,4,45.0,0,1,0,0,0,0,0,0,1,11.04,Junior Associate
CP-1392,1.0,BCA/B.Sc CS,Tier 3 (Affiliated Colleges),Data Analytics & BI,Tier 1 Tech Hub (Bengaluru/NCR/Hyd),3,9,349.0,1,0,1,0,1,0,0,0,2,19.55,Job-Ready Mid-Level
CP-1393,3.3,B.Tech/B.E,Tier 2 (Top State/Private),Full Stack Web,Tier 2 City,1,3,51.0,0,1,1,1,1,1,0,1,6,20.3,Job-Ready Mid-Level
CP-1394,0.9,M.Tech/M.S,Tier 2 (Top State/Private),Cloud & DevOps,Tier 1 Tech Hub (Bengaluru/NCR/Hyd),0,3,9.0,1,1,0,0,0,0,0,0,1,9.02,Junior Associate
CP-1395,5.9,MCA,Tier 1 (IIT/NIT/BITS),Data Science & AI/ML,Tier 1 Tech Hub (Bengaluru/NCR/Hyd),1,2,237.0,0,1,0,0,0,0,0,1,2,31.98,High-Demand Specialist
CP-1396,4.3,B.Tech/B.E,Tier 2 (Top State/Private),Data Science & AI/ML,Remote Global,0,1,0.0,0,1,1,1,1,1,0,0,5,26.38,High-Demand Specialist
CP-1397,1.2,MCA,Tier 3 (Affiliated Colleges),Data Science & AI/ML,Tier 1 Tech Hub (Bengaluru/NCR/Hyd),2,6,146.0,2,0,1,1,0,0,1,0,3,19.25,Job-Ready Mid-Level
CP-1398,3.1,B.Tech/B.E,Tier 3 (Affiliated Colleges),Data Science & AI/ML,Tier 2 City,1,4,40.0,1,1,1,0,0,0,1,0,3,14.81,Junior Associate
CP-1399,3.1,MCA,Tier 2 (Top State/Private),Full Stack Web,Tier 1 Tech Hub (Bengaluru/NCR/Hyd),1,2,60.0,0,0,0,0,1,0,0,0,1,17.81,Job-Ready Mid-Level
CP-1400,0.2,B.Tech/B.E,Tier 1 (IIT/NIT/BITS),Full Stack Web,Tier 1 Tech Hub (Bengaluru/NCR/Hyd),0,2,32.0,1,0,1,1,0,1,1,0,4,16.71,Job-Ready Mid-Level
CP-1401,5.1,B.Tech/B.E,Tier 3 (Affiliated Colleges),Cloud & DevOps,Tier 1 Tech Hub (Bengaluru/NCR/Hyd),1,3,220.0,1,1,1,1,1,0,0,0,4,25.67,High-Demand Specialist
CP-1402,1.5,MCA,Tier 2 (Top State/Private),Data Analytics & BI,Tier 1 Tech Hub (Bengaluru/NCR/Hyd),2,4,211.0,0,1,1,0,0,1,0,0,3,17.19,Job-Ready Mid-Level
CP-1403,3.9,B.Tech/B.E,Tier 2 (Top State/Private),Cloud & DevOps,Tier 2 City,0,3,29.0,1,1,1,1,0,0,0,0,3,15.32,Job-Ready Mid-Level
CP-1404,0.8,MCA,Tier 2 (Top State/Private),Cloud & DevOps,Tier 1 Tech Hub (Bengaluru/NCR/Hyd),1,5,47.0,0,1,0,1,1,1,0,0,4,17.71,Job-Ready Mid-Level
CP-1405,5.0,B.Tech/B.E,Tier 2 (Top State/Private),Full Stack Web,Tier 1 Tech Hub (Bengaluru/NCR/Hyd),3,11,0.0,0,1,1,1,0,1,0,0,4,28.92,High-Demand Specialist
CP-1406,1.1,B.Tech/B.E,Tier 3 (Affiliated Colleges),Full Stack Web,Tier 1 Tech Hub (Bengaluru/NCR/Hyd),1,2,0.0,3,1,1,0,0,1,1,0,4,14.33,Junior Associate
CP-1407,0.0,B.Tech/B.E,Tier 3 (Affiliated Colleges),Full Stack Web,Tier 2 City,1,8,59.0,1,1,0,1,1,0,0,0,3,8.72,Entry-Level Learner
CP-1408,5.2,BCA/B.Sc CS,Tier 2 (Top State/Private),Data Analytics & BI,Tier 2 City,1,1,74.0,2,1,1,1,1,0,0,0,4,19.69,Job-Ready Mid-Level
CP-1409,0.2,B.Tech/B.E,Tier 2 (Top State/Private),Data Science & AI/ML,Tier 1 Tech Hub (Bengaluru/NCR/Hyd),1,5,20.0,1,0,1,1,0,0,1,1,4,18.78,Job-Ready Mid-Level
CP-1410,0.8,B.Tech/B.E,Tier 2 (Top State/Private),Data Science & AI/ML,Tier 1 Tech Hub (Bengaluru/NCR/Hyd),0,6,60.0,1,1,1,1,0,0,1,0,4,16.89,Job-Ready Mid-Level
CP-1411,6.6,B.Tech/B.E,Tier 2 (Top State/Private),Cloud & DevOps,Tier 2 City,0,1,119.0,0,1,0,0,0,0,1,1,3,22.37,Job-Ready Mid-Level
CP-1412,6.6,B.Tech/B.E,Tier 2 (Top State/Private),Data Science & AI/ML,Tier 2 City,1,2,234.0,1,1,0,1,1,0,0,0,3,24.73,High-Demand Specialist
CP-1413,1.9,Non-CS Degree,Tier 3 (Affiliated Colleges),Backend Systems,Tier 1 Tech Hub (Bengaluru/NCR/Hyd),2,6,39.0,1,1,1,1,0,1,1,0,5,19.87,Job-Ready Mid-Level
CP-1414,2.2,Non-CS Degree,Tier 2 (Top State/Private),Data Analytics & BI,Tier 2 City,0,7,133.0,0,0,1,0,1,1,0,1,4,16.66,Job-Ready Mid-Level
CP-1415,1.3,B.Tech/B.E,Tier 2 (Top State/Private),Data Science & AI/ML,Tier 2 City,0,1,28.0,1,0,1,0,1,0,0,0,2,9.2,Junior Associate
CP-1416,0.8,M.Tech/M.S,Tier 2 (Top State/Private),Data Science & AI/ML,Tier 2 City,1,3,58.0,0,1,1,0,0,1,1,0,4,14.59,Junior Associate
CP-1417,0.9,B.Tech/B.E,Tier 2 (Top State/Private),Full Stack Web,Tier 2 City,2,8,127.0,2,1,1,0,1,1,0,1,5,18.39,Job-Ready Mid-Level
CP-1418,2.5,BCA/B.Sc CS,Tier 1 (IIT/NIT/BITS),Cloud & DevOps,Remote Global,0,3,139.0,3,1,1,0,0,0,0,0,2,19.85,Job-Ready Mid-Level
CP-1419,3.1,M.Tech/M.S,Tier 3 (Affiliated Colleges),Data Science & AI/ML,Tier 1 Tech Hub (Bengaluru/NCR/Hyd),2,4,52.0,1,1,1,0,0,1,0,1,4,24.27,High-Demand Specialist
CP-1420,3.5,Non-CS Degree,Tier 2 (Top State/Private),Data Analytics & BI,Remote Global,0,3,55.0,0,0,0,0,0,0,1,0,1,19.83,Job-Ready Mid-Level
CP-1421,3.4,B.Tech/B.E,Tier 3 (Affiliated Colleges),Cloud & DevOps,Tier 1 Tech Hub (Bengaluru/NCR/Hyd),3,8,246.0,1,0,1,0,0,1,0,0,2,25.4,High-Demand Specialist
CP-1422,0.2,M.Tech/M.S,Tier 2 (Top State/Private),Full Stack Web,Tier 2 City,1,7,137.0,1,0,1,0,0,0,1,1,3,13.88,Junior Associate
CP-1423,1.5,B.Tech/B.E,Tier 2 (Top State/Private),Data Science & AI/ML,Tier 1 Tech Hub (Bengaluru/NCR/Hyd),1,3,122.0,2,0,1,1,1,1,0,1,5,22.45,Job-Ready Mid-Level
CP-1424,0.1,Non-CS Degree,Tier 2 (Top State/Private),Data Analytics & BI,Tier 1 Tech Hub (Bengaluru/NCR/Hyd),1,2,109.0,0,1,1,0,1,0,0,0,3,11.01,Junior Associate
CP-1425,1.8,B.Tech/B.E,Tier 2 (Top State/Private),Data Science & AI/ML,Tier 2 City,2,4,0.0,1,1,1,1,1,0,1,0,5,16.99,Job-Ready Mid-Level
CP-1426,1.3,BCA/B.Sc CS,Tier 1 (IIT/NIT/BITS),Data Analytics & BI,Tier 2 City,0,7,44.0,0,1,0,0,1,1,0,0,3,15.04,Job-Ready Mid-Level
CP-1427,4.8,BCA/B.Sc CS,Tier 2 (Top State/Private),Full Stack Web,Tier 1 Tech Hub (Bengaluru/NCR/Hyd),0,3,372.0,1,1,1,1,0,1,0,0,4,24.99,High-Demand Specialist
CP-1428,1.0,BCA/B.Sc CS,Tier 3 (Affiliated Colleges),Cloud & DevOps,Tier 1 Tech Hub (Bengaluru/NCR/Hyd),1,5,33.0,2,1,1,0,1,0,0,0,3,13.67,Junior Associate
CP-1429,0.3,B.Tech/B.E,Tier 3 (Affiliated Colleges),Backend Systems,Tier 1 Tech Hub (Bengaluru/NCR/Hyd),2,3,42.0,2,1,1,1,1,0,1,0,5,15.69,Job-Ready Mid-Level
CP-1430,0.3,Non-CS Degree,Tier 2 (Top State/Private),Backend Systems,Remote Global,2,5,119.0,1,1,1,1,0,0,0,0,3,15.43,Job-Ready Mid-Level
CP-1431,3.2,B.Tech/B.E,Tier 2 (Top State/Private),Full Stack Web,Remote Global,1,2,0.0,1,1,1,1,0,0,0,0,3,18.4,Job-Ready Mid-Level
CP-1432,2.1,BCA/B.Sc CS,Tier 2 (Top State/Private),Data Science & AI/ML,Tier 1 Tech Hub (Bengaluru/NCR/Hyd),1,5,38.0,2,1,0,1,0,0,1,0,3,18.84,Job-Ready Mid-Level
CP-1433,0.2,B.Tech/B.E,Tier 2 (Top State/Private),Data Analytics & BI,Remote Global,0,6,19.0,1,0,1,0,1,0,1,0,3,16.31,Job-Ready Mid-Level
CP-1434,0.2,B.Tech/B.E,Tier 1 (IIT/NIT/BITS),Full Stack Web,Remote Global,2,12,64.0,0,1,1,0,1,1,0,0,4,22.61,Job-Ready Mid-Level
CP-1435,2.7,B.Tech/B.E,Tier 3 (Affiliated Colleges),Data Science & AI/ML,Tier 1 Tech Hub (Bengaluru/NCR/Hyd),2,6,147.0,2,1,1,1,0,0,0,1,4,23.68,Job-Ready Mid-Level
CP-1436,0.2,B.Tech/B.E,Tier 2 (Top State/Private),Backend Systems,Tier 2 City,1,4,60.0,0,1,0,0,1,1,0,0,3,10.53,Junior Associate
CP-1437,3.8,B.Tech/B.E,Tier 2 (Top State/Private),Data Science & AI/ML,Tier 1 Tech Hub (Bengaluru/NCR/Hyd),1,2,71.0,1,0,1,1,0,0,0,1,3,21.71,Job-Ready Mid-Level
CP-1438,2.7,B.Tech/B.E,Tier 2 (Top State/Private),Data Science & AI/ML,Tier 2 City,3,8,26.0,0,1,1,0,0,1,0,0,3,14.69,Junior Associate
CP-1439,0.2,B.Tech/B.E,Tier 1 (IIT/NIT/BITS),Data Science & AI/ML,Tier 1 Tech Hub (Bengaluru/NCR/Hyd),2,6,44.0,0,1,1,1,0,0,0,0,3,16.89,Job-Ready Mid-Level
CP-1440,0.2,M.Tech/M.S,Tier 3 (Affiliated Colleges),Cloud & DevOps,Tier 1 Tech Hub (Bengaluru/NCR/Hyd),1,5,35.0,1,1,1,1,0,0,0,0,3,11.62,Junior Associate
CP-1441,9.5,MCA,Tier 1 (IIT/NIT/BITS),Cloud & DevOps,Tier 1 Tech Hub (Bengaluru/NCR/Hyd),1,8,25.0,1,0,1,1,1,0,0,0,3,40.47,High-Demand Specialist
CP-1442,1.0,B.Tech/B.E,Tier 1 (IIT/NIT/BITS),Full Stack Web,Tier 1 Tech Hub (Bengaluru/NCR/Hyd),1,4,121.0,0,0,1,0,0,0,0,0,1,16.32,Job-Ready Mid-Level
CP-1443,1.0,B.Tech/B.E,Tier 3 (Affiliated Colleges),Full Stack Web,Tier 2 City,1,5,145.0,0,0,1,0,0,0,0,0,1,10.53,Junior Associate
CP-1444,3.7,B.Tech/B.E,Tier 2 (Top State/Private),Full Stack Web,Tier 1 Tech Hub (Bengaluru/NCR/Hyd),1,7,49.0,0,1,1,0,1,0,0,0,3,22.48,Job-Ready Mid-Level
CP-1445,6.5,B.Tech/B.E,Tier 3 (Affiliated Colleges),Cloud & DevOps,Tier 1 Tech Hub (Bengaluru/NCR/Hyd),0,3,13.0,1,1,1,1,0,0,1,1,5,30.22,High-Demand Specialist
CP-1446,9.4,BCA/B.Sc CS,Tier 2 (Top State/Private),Data Science & AI/ML,Remote Global,1,5,7.0,0,1,0,1,0,0,0,0,2,36.2,High-Demand Specialist
CP-1447,3.1,BCA/B.Sc CS,Tier 2 (Top State/Private),Backend Systems,Tier 1 Tech Hub (Bengaluru/NCR/Hyd),1,5,33.0,2,1,0,0,0,1,0,0,2,17.73,Job-Ready Mid-Level
CP-1448,1.0,B.Tech/B.E,Tier 3 (Affiliated Colleges),Data Science & AI/ML,Tier 1 Tech Hub (Bengaluru/NCR/Hyd),1,4,9.0,0,1,0,0,0,0,0,1,2,13.21,Junior Associate
CP-1449,0.2,B.Tech/B.E,Tier 1 (IIT/NIT/BITS),Backend Systems,Remote Global,0,1,25.0,2,1,1,0,0,1,0,0,3,14.28,Junior Associate
CP-1450,3.3,B.Tech/B.E,Tier 2 (Top State/Private),Data Science & AI/ML,Remote Global,2,7,47.0,1,1,0,1,0,0,0,0,2,21.25,Job-Ready Mid-Level
CP-1451,1.8,MCA,Tier 2 (Top State/Private),Data Analytics & BI,Tier 1 Tech Hub (Bengaluru/NCR/Hyd),1,4,336.0,0,0,0,1,0,0,0,0,1,16.38,Job-Ready Mid-Level
CP-1452,1.2,Non-CS Degree,Tier 2 (Top State/Private),Data Science & AI/ML,Tier 1 Tech Hub (Bengaluru/NCR/Hyd),0,3,149.0,0,1,1,0,0,1,0,0,3,12.52,Junior Associate
CP-1453,5.2,B.Tech/B.E,Tier 3 (Affiliated Colleges),Data Science & AI/ML,Remote Global,1,8,205.0,2,0,1,1,0,1,0,0,3,32.05,High-Demand Specialist
CP-1454,0.3,B.Tech/B.E,Tier 3 (Affiliated Colleges),Backend Systems,Tier 1 Tech Hub (Bengaluru/NCR/Hyd),2,5,22.0,3,1,1,0,0,0,0,1,3,13.68,Junior Associate
CP-1455,1.5,MCA,Tier 3 (Affiliated Colleges),Data Analytics & BI,Tier 1 Tech Hub (Bengaluru/NCR/Hyd),2,4,0.0,3,1,0,1,1,0,1,0,4,19.58,Job-Ready Mid-Level
CP-1456,0.0,Non-CS Degree,Tier 3 (Affiliated Colleges),Full Stack Web,Tier 1 Tech Hub (Bengaluru/NCR/Hyd),0,3,32.0,0,1,1,1,0,0,0,0,3,7.32,Entry-Level Learner
CP-1457,1.4,B.Tech/B.E,Tier 2 (Top State/Private),Cloud & DevOps,Tier 1 Tech Hub (Bengaluru/NCR/Hyd),3,3,378.0,0,0,1,0,0,0,0,0,1,18.21,Job-Ready Mid-Level
CP-1458,0.1,B.Tech/B.E,Tier 2 (Top State/Private),Cloud & DevOps,Tier 2 City,0,1,39.0,0,1,0,0,1,0,0,1,3,10.2,Junior Associate
CP-1459,0.3,B.Tech/B.E,Tier 2 (Top State/Private),Data Analytics & BI,Tier 2 City,3,7,31.0,0,1,0,1,1,0,0,0,3,11.53,Junior Associate
CP-1460,0.3,BCA/B.Sc CS,Tier 2 (Top State/Private),Full Stack Web,Remote Global,0,2,26.0,0,1,1,1,1,1,0,1,6,20.03,Job-Ready Mid-Level
CP-1461,2.3,B.Tech/B.E,Tier 2 (Top State/Private),Full Stack Web,Tier 2 City,0,2,134.0,1,1,1,0,1,0,0,0,3,13.67,Junior Associate
CP-1462,3.0,B.Tech/B.E,Tier 3 (Affiliated Colleges),Full Stack Web,Tier 1 Tech Hub (Bengaluru/NCR/Hyd),1,7,53.0,1,1,1,1,0,1,0,0,4,21.08,Job-Ready Mid-Level
CP-1463,1.9,BCA/B.Sc CS,Tier 2 (Top State/Private),Full Stack Web,Tier 1 Tech Hub (Bengaluru/NCR/Hyd),1,3,36.0,1,1,0,0,0,0,0,0,1,12.52,Junior Associate
CP-1464,7.2,B.Tech/B.E,Tier 2 (Top State/Private),Backend Systems,Remote Global,1,5,368.0,0,1,1,0,1,0,0,0,3,38.6,High-Demand Specialist
CP-1465,1.0,M.Tech/M.S,Tier 2 (Top State/Private),Data Science & AI/ML,Tier 1 Tech Hub (Bengaluru/NCR/Hyd),2,3,54.0,0,1,1,1,0,0,1,0,4,18.84,Job-Ready Mid-Level
CP-1466,0.7,B.Tech/B.E,Tier 3 (Affiliated Colleges),Data Science & AI/ML,Tier 1 Tech Hub (Bengaluru/NCR/Hyd),2,6,60.0,0,1,1,0,1,0,0,0,3,13.77,Junior Associate
CP-1467,4.5,B.Tech/B.E,Tier 3 (Affiliated Colleges),Cloud & DevOps,Remote Global,1,1,59.0,2,1,1,0,0,0,0,0,2,21.16,Job-Ready Mid-Level
CP-1468,0.6,BCA/B.Sc CS,Tier 3 (Affiliated Colleges),Cloud & DevOps,Tier 1 Tech Hub (Bengaluru/NCR/Hyd),1,2,106.0,2,1,0,1,0,1,1,1,5,17.71,Job-Ready Mid-Level
CP-1469,7.3,B.Tech/B.E,Tier 2 (Top State/Private),Data Science & AI/ML,Tier 1 Tech Hub (Bengaluru/NCR/Hyd),0,1,74.0,0,0,1,1,0,0,1,0,3,30.25,High-Demand Specialist
CP-1470,0.0,Non-CS Degree,Tier 3 (Affiliated Colleges),Full Stack Web,Remote Global,0,1,0.0,1,0,1,1,1,1,1,1,6,17.49,Job-Ready Mid-Level
CP-1471,7.7,B.Tech/B.E,Tier 1 (IIT/NIT/BITS),Backend Systems,Remote Global,1,4,146.0,0,1,1,0,0,0,0,0,2,36.58,High-Demand Specialist
CP-1472,0.1,B.Tech/B.E,Tier 3 (Affiliated Colleges),Data Science & AI/ML,Tier 1 Tech Hub (Bengaluru/NCR/Hyd),0,6,36.0,1,1,1,1,0,0,1,0,4,11.96,Junior Associate
CP-1473,4.9,M.Tech/M.S,Tier 2 (Top State/Private),Cloud & DevOps,Remote Global,1,6,208.0,0,1,0,0,1,0,1,0,3,33.17,High-Demand Specialist
CP-1474,1.7,B.Tech/B.E,Tier 2 (Top State/Private),Data Analytics & BI,Tier 1 Tech Hub (Bengaluru/NCR/Hyd),1,4,111.0,1,0,1,1,1,0,0,0,3,18.1,Job-Ready Mid-Level
CP-1475,9.5,MCA,Tier 2 (Top State/Private),Full Stack Web,Tier 1 Tech Hub (Bengaluru/NCR/Hyd),0,3,44.0,0,0,1,1,1,1,1,0,5,38.32,High-Demand Specialist
CP-1476,0.2,B.Tech/B.E,Tier 3 (Affiliated Colleges),Backend Systems,Remote Global,1,5,3.0,1,0,0,0,1,0,0,0,1,11.42,Junior Associate
CP-1477,1.8,B.Tech/B.E,Tier 1 (IIT/NIT/BITS),Data Analytics & BI,Remote Global,0,2,112.0,0,1,1,0,0,0,0,0,2,18.27,Job-Ready Mid-Level
CP-1478,7.7,B.Tech/B.E,Tier 3 (Affiliated Colleges),Full Stack Web,Tier 1 Tech Hub (Bengaluru/NCR/Hyd),1,4,107.0,1,1,1,0,0,0,1,0,3,30.35,High-Demand Specialist
CP-1479,1.6,B.Tech/B.E,Tier 2 (Top State/Private),Cloud & DevOps,Tier 1 Tech Hub (Bengaluru/NCR/Hyd),2,7,131.0,1,1,1,1,1,1,1,0,6,25.75,High-Demand Specialist
CP-1480,2.2,MCA,Tier 2 (Top State/Private),Cloud & DevOps,Tier 1 Tech Hub (Bengaluru/NCR/Hyd),1,8,39.0,2,1,0,1,1,1,1,0,5,22.73,Job-Ready Mid-Level
CP-1481,2.6,M.Tech/M.S,Tier 1 (IIT/NIT/BITS),Cloud & DevOps,Tier 1 Tech Hub (Bengaluru/NCR/Hyd),0,5,342.0,0,1,1,0,1,1,0,0,4,27.16,High-Demand Specialist
CP-1482,1.3,B.Tech/B.E,Tier 2 (Top State/Private),Backend Systems,Tier 1 Tech Hub (Bengaluru/NCR/Hyd),1,4,42.0,1,1,1,0,0,0,1,0,3,16.65,Job-Ready Mid-Level
CP-1483,2.2,B.Tech/B.E,Tier 2 (Top State/Private),Full Stack Web,Tier 1 Tech Hub (Bengaluru/NCR/Hyd),0,5,,2,1,1,0,0,1,1,0,4,17.89,Job-Ready Mid-Level
CP-1484,1.9,M.Tech/M.S,Tier 2 (Top State/Private),Full Stack Web,Tier 1 Tech Hub (Bengaluru/NCR/Hyd),1,4,380.0,0,0,0,0,1,0,0,0,1,20.59,Job-Ready Mid-Level
CP-1485,5.1,Non-CS Degree,Tier 3 (Affiliated Colleges),Data Science & AI/ML,Tier 1 Tech Hub (Bengaluru/NCR/Hyd),1,5,140.0,0,0,0,0,0,0,0,0,0,20.44,Job-Ready Mid-Level
CP-1486,0.1,B.Tech/B.E,Tier 2 (Top State/Private),Data Science & AI/ML,Tier 1 Tech Hub (Bengaluru/NCR/Hyd),1,5,27.0,0,1,1,0,1,1,0,0,4,15.24,Job-Ready Mid-Level
CP-1487,0.7,B.Tech/B.E,Tier 3 (Affiliated Colleges),Data Science & AI/ML,Tier 2 City,2,8,213.0,1,0,0,1,1,0,0,0,2,12.55,Junior Associate
CP-1488,6.6,B.Tech/B.E,Tier 2 (Top State/Private),Backend Systems,Tier 1 Tech Hub (Bengaluru/NCR/Hyd),1,2,0.0,0,1,1,0,1,1,1,1,6,34.67,High-Demand Specialist
CP-1489,4.9,MCA,Tier 3 (Affiliated Colleges),Cloud & DevOps,Tier 1 Tech Hub (Bengaluru/NCR/Hyd),0,1,24.0,1,1,1,0,1,0,1,0,4,22.34,Job-Ready Mid-Level
CP-1490,1.3,B.Tech/B.E,Tier 1 (IIT/NIT/BITS),Cloud & DevOps,Remote Global,0,4,124.0,0,1,1,1,1,0,0,0,4,22.99,Job-Ready Mid-Level
CP-1491,2.1,B.Tech/B.E,Tier 2 (Top State/Private),Cloud & DevOps,Tier 2 City,2,3,0.0,0,0,1,0,0,0,1,0,2,13.27,Junior Associate
CP-1492,0.7,M.Tech/M.S,Tier 2 (Top State/Private),Data Analytics & BI,Tier 1 Tech Hub (Bengaluru/NCR/Hyd),0,4,205.0,1,1,1,0,0,0,0,0,2,13.78,Junior Associate
CP-1493,0.5,B.Tech/B.E,Tier 2 (Top State/Private),Full Stack Web,Tier 1 Tech Hub (Bengaluru/NCR/Hyd),1,6,231.0,1,1,0,0,1,0,1,1,4,23.01,Job-Ready Mid-Level
CP-1494,1.4,B.Tech/B.E,Tier 3 (Affiliated Colleges),Backend Systems,Tier 2 City,1,5,28.0,0,1,1,0,1,0,0,1,4,13.16,Junior Associate
CP-1495,1.0,B.Tech/B.E,Tier 1 (IIT/NIT/BITS),Full Stack Web,Tier 1 Tech Hub (Bengaluru/NCR/Hyd),1,7,252.0,0,1,0,1,1,0,0,0,3,22.65,Job-Ready Mid-Level
CP-1496,1.9,B.Tech/B.E,Tier 1 (IIT/NIT/BITS),Backend Systems,Tier 2 City,2,4,21.0,1,0,1,1,0,0,0,0,2,14.96,Junior Associate
CP-1497,0.2,B.Tech/B.E,Tier 3 (Affiliated Colleges),Cloud & DevOps,Tier 1 Tech Hub (Bengaluru/NCR/Hyd),1,9,56.0,0,0,0,0,1,1,0,1,3,15.92,Job-Ready Mid-Level
CP-1498,8.1,B.Tech/B.E,Tier 2 (Top State/Private),Data Science & AI/ML,Tier 1 Tech Hub (Bengaluru/NCR/Hyd),1,7,222.0,0,0,1,1,1,0,0,0,3,36.15,High-Demand Specialist
CP-1499,9.4,B.Tech/B.E,Tier 3 (Affiliated Colleges),Cloud & DevOps,Tier 1 Tech Hub (Bengaluru/NCR/Hyd),2,7,218.0,1,0,1,1,1,1,0,1,5,43.73,High-Demand Specialist
CP-1500,2.6,BCA/B.Sc CS,Tier 2 (Top State/Private),Full Stack Web,Tier 2 City,1,2,69.0,1,1,1,1,1,0,0,0,4,13.62,Junior Associate
CP-1501,1.7,M.Tech/M.S,Tier 3 (Affiliated Colleges),Data Science & AI/ML,Remote Global,1,3,32.0,0,1,1,0,0,1,0,0,3,17.76,Job-Ready Mid-Level
CP-1502,0.8,M.Tech/M.S,Tier 1 (IIT/NIT/BITS),Cloud & DevOps,Tier 1 Tech Hub (Bengaluru/NCR/Hyd),1,1,0.0,0,0,0,1,1,0,1,0,3,19.13,Job-Ready Mid-Level
CP-1503,3.7,B.Tech/B.E,Tier 1 (IIT/NIT/BITS),Full Stack Web,Tier 1 Tech Hub (Bengaluru/NCR/Hyd),1,2,28.0,0,1,1,0,1,0,0,1,4,25.46,High-Demand Specialist
CP-1504,2.5,B.Tech/B.E,Tier 2 (Top State/Private),Data Science & AI/ML,Tier 1 Tech Hub (Bengaluru/NCR/Hyd),2,4,43.0,1,1,1,0,0,0,1,0,3,19.31,Job-Ready Mid-Level
CP-1505,0.4,B.Tech/B.E,Tier 3 (Affiliated Colleges),Backend Systems,Tier 1 Tech Hub (Bengaluru/NCR/Hyd),0,2,8.0,1,0,1,1,0,1,0,0,3,8.89,Entry-Level Learner
CP-1506,5.3,B.Tech/B.E,Tier 2 (Top State/Private),Cloud & DevOps,Remote Global,0,3,54.0,0,1,0,1,0,0,0,1,3,27.52,High-Demand Specialist
CP-1507,3.8,B.Tech/B.E,Tier 2 (Top State/Private),Backend Systems,Tier 1 Tech Hub (Bengaluru/NCR/Hyd),3,9,217.0,2,1,1,0,0,1,0,1,4,29.57,High-Demand Specialist
CP-1508,6.6,BCA/B.Sc CS,Tier 3 (Affiliated Colleges),Cloud & DevOps,Remote Global,1,5,35.0,3,1,1,1,0,1,0,1,5,33.71,High-Demand Specialist
CP-1509,2.8,B.Tech/B.E,Tier 3 (Affiliated Colleges),Full Stack Web,Tier 2 City,0,3,12.0,3,0,0,1,0,1,0,1,3,14.71,Junior Associate
CP-1510,2.1,B.Tech/B.E,Tier 3 (Affiliated Colleges),Full Stack Web,Remote Global,1,3,384.0,3,0,0,1,0,0,1,0,2,23.08,Job-Ready Mid-Level
CP-1511,1.2,B.Tech/B.E,Tier 3 (Affiliated Colleges),Cloud & DevOps,Tier 2 City,3,6,35.0,2,1,0,1,0,0,0,0,2,10.81,Junior Associate
CP-1512,5.9,BCA/B.Sc CS,Tier 1 (IIT/NIT/BITS),Backend Systems,Tier 1 Tech Hub (Bengaluru/NCR/Hyd),2,5,105.0,0,0,1,1,0,0,0,0,2,30.4,High-Demand Specialist
CP-1513,4.4,B.Tech/B.E,Tier 1 (IIT/NIT/BITS),Data Science & AI/ML,Tier 1 Tech Hub (Bengaluru/NCR/Hyd),1,2,31.0,0,1,1,1,0,0,0,1,4,26.96,High-Demand Specialist
CP-1514,0.1,BCA/B.Sc CS,Tier 3 (Affiliated Colleges),Backend Systems,Tier 1 Tech Hub (Bengaluru/NCR/Hyd),0,2,66.0,2,1,0,0,0,0,0,1,2,8.84,Entry-Level Learner
CP-1515,0.1,B.Tech/B.E,Tier 3 (Affiliated Colleges),Backend Systems,Tier 1 Tech Hub (Bengaluru/NCR/Hyd),2,6,28.0,0,1,0,1,1,0,1,0,4,14.72,Junior Associate
CP-1516,1.0,MCA,Tier 2 (Top State/Private),Cloud & DevOps,Tier 1 Tech Hub (Bengaluru/NCR/Hyd),1,6,62.0,0,1,0,1,1,0,0,0,3,16.92,Job-Ready Mid-Level
CP-1517,3.7,MCA,Tier 2 (Top State/Private),Backend Systems,Tier 1 Tech Hub (Bengaluru/NCR/Hyd),2,8,58.0,0,1,1,1,0,1,0,1,5,26.73,High-Demand Specialist
CP-1518,9.5,B.Tech/B.E,Tier 3 (Affiliated Colleges),Full Stack Web,Remote Global,0,3,33.0,1,1,1,1,0,0,1,1,5,42.74,High-Demand Specialist
CP-1519,0.4,B.Tech/B.E,Tier 1 (IIT/NIT/BITS),Backend Systems,Tier 1 Tech Hub (Bengaluru/NCR/Hyd),0,2,36.0,0,1,0,0,0,0,1,0,2,12.17,Junior Associate
CP-1520,2.0,B.Tech/B.E,Tier 2 (Top State/Private),Cloud & DevOps,Tier 2 City,1,1,48.0,0,1,0,1,0,0,1,0,3,13.02,Junior Associate
CP-1521,1.1,B.Tech/B.E,Tier 2 (Top State/Private),Data Science & AI/ML,Remote Global,0,3,21.0,1,1,1,0,0,0,0,1,3,14.98,Junior Associate
CP-1522,7.7,BCA/B.Sc CS,Tier 2 (Top State/Private),Backend Systems,Remote Global,1,4,366.0,3,1,1,0,1,1,0,1,5,44.68,High-Demand Specialist
CP-1523,4.1,MCA,Tier 3 (Affiliated Colleges),Full Stack Web,Tier 1 Tech Hub (Bengaluru/NCR/Hyd),3,5,223.0,1,1,1,0,1,0,1,0,4,30.34,High-Demand Specialist
CP-1524,4.0,BCA/B.Sc CS,Tier 2 (Top State/Private),Full Stack Web,Tier 1 Tech Hub (Bengaluru/NCR/Hyd),1,3,233.0,1,1,0,1,0,1,1,0,4,26.47,High-Demand Specialist
CP-1525,1.4,MCA,Tier 3 (Affiliated Colleges),Cloud & DevOps,Tier 1 Tech Hub (Bengaluru/NCR/Hyd),2,5,142.0,0,1,1,1,0,1,0,0,4,17.81,Job-Ready Mid-Level
CP-1526,1.2,B.Tech/B.E,Tier 2 (Top State/Private),Data Science & AI/ML,Tier 1 Tech Hub (Bengaluru/NCR/Hyd),1,5,33.0,0,1,0,0,1,1,0,1,4,19.46,Job-Ready Mid-Level
CP-1527,0.7,B.Tech/B.E,Tier 2 (Top State/Private),Full Stack Web,Tier 1 Tech Hub (Bengaluru/NCR/Hyd),2,6,53.0,1,1,1,0,1,1,1,1,6,21.59,Job-Ready Mid-Level
CP-1528,0.1,M.Tech/M.S,Tier 3 (Affiliated Colleges),Data Analytics & BI,Tier 2 City,2,5,223.0,2,1,1,1,0,1,0,0,4,13.38,Junior Associate
CP-1529,4.4,B.Tech/B.E,Tier 2 (Top State/Private),Data Science & AI/ML,Tier 1 Tech Hub (Bengaluru/NCR/Hyd),1,7,4.0,2,1,1,0,0,0,1,0,3,21.12,Job-Ready Mid-Level
CP-1530,3.7,BCA/B.Sc CS,Tier 1 (IIT/NIT/BITS),Data Science & AI/ML,Tier 1 Tech Hub (Bengaluru/NCR/Hyd),1,1,27.0,1,0,0,0,1,1,0,0,2,23.6,Job-Ready Mid-Level
CP-1531,9.5,B.Tech/B.E,Tier 1 (IIT/NIT/BITS),Data Science & AI/ML,Remote Global,1,3,64.0,0,1,1,0,0,1,0,0,3,43.42,High-Demand Specialist
CP-1532,9.5,B.Tech/B.E,Tier 2 (Top State/Private),Full Stack Web,Tier 1 Tech Hub (Bengaluru/NCR/Hyd),1,5,0.0,1,1,1,0,0,1,0,0,3,35.03,High-Demand Specialist
CP-1533,1.8,Non-CS Degree,Tier 2 (Top State/Private),Data Analytics & BI,Tier 1 Tech Hub (Bengaluru/NCR/Hyd),0,4,47.0,0,1,1,0,0,0,0,0,2,10.61,Junior Associate
CP-1534,3.2,B.Tech/B.E,Tier 3 (Affiliated Colleges),Data Analytics & BI,Tier 2 City,2,4,339.0,0,0,1,1,0,0,0,0,2,16.6,Job-Ready Mid-Level
CP-1535,6.4,Non-CS Degree,Tier 3 (Affiliated Colleges),Backend Systems,Tier 1 Tech Hub (Bengaluru/NCR/Hyd),3,7,134.0,1,0,1,1,1,0,0,0,3,31.66,High-Demand Specialist
CP-1536,4.2,Non-CS Degree,Tier 3 (Affiliated Colleges),Cloud & DevOps,Tier 2 City,1,4,56.0,1,1,1,0,0,0,1,0,3,17.76,Job-Ready Mid-Level
CP-1537,0.6,M.Tech/M.S,Tier 2 (Top State/Private),Data Science & AI/ML,Tier 1 Tech Hub (Bengaluru/NCR/Hyd),1,3,128.0,2,1,1,0,1,0,0,1,4,19.34,Job-Ready Mid-Level
CP-1538,1.3,BCA/B.Sc CS,Tier 2 (Top State/Private),Backend Systems,Remote Global,1,6,33.0,1,1,1,0,0,0,0,0,2,15.33,Job-Ready Mid-Level
CP-1539,0.3,BCA/B.Sc CS,Tier 2 (Top State/Private),Data Analytics & BI,Tier 1 Tech Hub (Bengaluru/NCR/Hyd),1,8,146.0,2,1,1,0,1,0,0,0,3,14.2,Junior Associate
CP-1540,6.8,MCA,Tier 2 (Top State/Private),Cloud & DevOps,Tier 1 Tech Hub (Bengaluru/NCR/Hyd),1,2,239.0,0,1,0,0,0,1,1,0,3,31.64,High-Demand Specialist
CP-1541,2.1,B.Tech/B.E,Tier 1 (IIT/NIT/BITS),Cloud & DevOps,Tier 1 Tech Hub (Bengaluru/NCR/Hyd),2,6,56.0,0,0,1,1,1,1,1,0,5,29.86,High-Demand Specialist
CP-1542,0.6,B.Tech/B.E,Tier 2 (Top State/Private),Backend Systems,Tier 1 Tech Hub (Bengaluru/NCR/Hyd),1,4,149.0,2,0,1,0,0,0,0,1,2,15.9,Job-Ready Mid-Level
CP-1543,2.5,BCA/B.Sc CS,Tier 3 (Affiliated Colleges),Data Analytics & BI,Tier 1 Tech Hub (Bengaluru/NCR/Hyd),0,3,72.0,0,1,0,1,0,1,0,0,3,15.8,Job-Ready Mid-Level
CP-1544,2.1,B.Tech/B.E,Tier 2 (Top State/Private),Full Stack Web,Tier 1 Tech Hub (Bengaluru/NCR/Hyd),2,3,68.0,0,1,1,0,0,0,0,0,2,16.07,Job-Ready Mid-Level
CP-1545,1.0,B.Tech/B.E,Tier 1 (IIT/NIT/BITS),Data Analytics & BI,Tier 1 Tech Hub (Bengaluru/NCR/Hyd),1,1,126.0,1,1,1,0,0,0,1,0,3,17.68,Job-Ready Mid-Level
CP-1546,0.3,B.Tech/B.E,Tier 3 (Affiliated Colleges),Data Science & AI/ML,Tier 1 Tech Hub (Bengaluru/NCR/Hyd),2,5,125.0,2,1,1,1,0,1,0,0,4,15.5,Job-Ready Mid-Level
CP-1547,2.4,BCA/B.Sc CS,Tier 2 (Top State/Private),Full Stack Web,Tier 1 Tech Hub (Bengaluru/NCR/Hyd),0,4,132.0,1,0,0,0,1,1,0,0,2,18.56,Job-Ready Mid-Level
CP-1548,1.6,MCA,Tier 3 (Affiliated Colleges),Full Stack Web,Tier 1 Tech Hub (Bengaluru/NCR/Hyd),0,1,383.0,1,1,1,0,0,0,0,0,2,13.12,Junior Associate
CP-1549,3.3,B.Tech/B.E,Tier 3 (Affiliated Colleges),Data Science & AI/ML,Tier 2 City,3,3,138.0,1,1,1,1,0,1,0,0,4,20.18,Job-Ready Mid-Level
CP-1550,1.6,Non-CS Degree,Tier 3 (Affiliated Colleges),Data Science & AI/ML,Tier 1 Tech Hub (Bengaluru/NCR/Hyd),0,1,120.0,1,1,0,0,0,0,1,0,2,11.55,Junior Associate
CP-1551,4.2,BCA/B.Sc CS,Tier 2 (Top State/Private),Data Science & AI/ML,Tier 1 Tech Hub (Bengaluru/NCR/Hyd),2,5,215.0,2,1,1,0,1,0,1,0,4,28.44,High-Demand Specialist
CP-1552,1.8,MCA,Tier 3 (Affiliated Colleges),Cloud & DevOps,Tier 2 City,2,4,57.0,1,1,1,0,0,0,0,0,2,10.24,Junior Associate
CP-1553,1.8,BCA/B.Sc CS,Tier 2 (Top State/Private),Data Analytics & BI,Remote Global,1,4,68.0,0,0,1,0,1,0,0,0,2,18.79,Job-Ready Mid-Level
CP-1554,4.6,M.Tech/M.S,Tier 3 (Affiliated Colleges),Backend Systems,Tier 1 Tech Hub (Bengaluru/NCR/Hyd),0,4,62.0,1,1,0,0,0,0,1,0,2,19.41,Job-Ready Mid-Level
CP-1555,1.1,B.Tech/B.E,Tier 2 (Top State/Private),Full Stack Web,Tier 1 Tech Hub (Bengaluru/NCR/Hyd),1,5,43.0,0,1,1,0,1,0,0,1,4,18.17,Job-Ready Mid-Level
CP-1556,0.3,M.Tech/M.S,Tier 2 (Top State/Private),Cloud & DevOps,Tier 1 Tech Hub (Bengaluru/NCR/Hyd),2,7,232.0,0,0,1,1,1,0,0,1,4,23.98,Job-Ready Mid-Level
CP-1557,0.1,B.Tech/B.E,Tier 2 (Top State/Private),Backend Systems,Tier 1 Tech Hub (Bengaluru/NCR/Hyd),1,3,13.0,0,0,0,0,0,0,0,1,1,10.25,Junior Associate
CP-1558,3.1,MCA,Tier 2 (Top State/Private),Data Science & AI/ML,Tier 2 City,1,5,21.0,0,1,1,0,0,0,0,0,2,13.49,Junior Associate
CP-1559,2.1,Non-CS Degree,Tier 3 (Affiliated Colleges),Data Analytics & BI,Tier 1 Tech Hub (Bengaluru/NCR/Hyd),1,5,207.0,0,1,1,1,1,0,0,1,5,22.41,Job-Ready Mid-Level
CP-1560,2.7,B.Tech/B.E,Tier 3 (Affiliated Colleges),Data Analytics & BI,Tier 2 City,0,8,2.0,1,1,1,0,0,0,0,0,2,10.13,Junior Associate
CP-1561,0.5,B.Tech/B.E,Tier 3 (Affiliated Colleges),Data Science & AI/ML,Tier 1 Tech Hub (Bengaluru/NCR/Hyd),2,3,2.0,1,1,0,1,0,0,0,0,2,10.67,Junior Associate
CP-1562,0.3,M.Tech/M.S,Tier 1 (IIT/NIT/BITS),Backend Systems,Tier 1 Tech Hub (Bengaluru/NCR/Hyd),2,6,36.0,0,1,1,0,0,0,1,1,4,21.83,Job-Ready Mid-Level
CP-1563,0.0,B.Tech/B.E,Tier 3 (Affiliated Colleges),Data Analytics & BI,Tier 2 City,3,5,122.0,0,0,0,0,0,1,0,0,1,9.76,Junior Associate
CP-1564,0.9,MCA,Tier 2 (Top State/Private),Data Science & AI/ML,Tier 1 Tech Hub (Bengaluru/NCR/Hyd),1,4,56.0,1,1,1,1,0,0,1,0,4,17.67,Job-Ready Mid-Level
CP-1565,2.0,B.Tech/B.E,Tier 3 (Affiliated Colleges),Data Science & AI/ML,Tier 1 Tech Hub (Bengaluru/NCR/Hyd),2,4,376.0,0,1,1,1,0,1,0,1,5,25.57,High-Demand Specialist
CP-1566,1.1,B.Tech/B.E,Tier 3 (Affiliated Colleges),Data Science & AI/ML,Remote Global,0,1,,1,1,1,0,1,1,0,1,5,17.84,Job-Ready Mid-Level
CP-1567,1.3,Non-CS Degree,Tier 1 (IIT/NIT/BITS),Full Stack Web,Remote Global,1,10,223.0,1,1,1,1,0,0,1,0,4,24.64,High-Demand Specialist
CP-1568,5.2,BCA/B.Sc CS,Tier 3 (Affiliated Colleges),Full Stack Web,Tier 2 City,1,2,28.0,2,0,1,0,0,0,1,0,2,17.74,Job-Ready Mid-Level
CP-1569,0.9,MCA,Tier 1 (IIT/NIT/BITS),Full Stack Web,Tier 1 Tech Hub (Bengaluru/NCR/Hyd),2,3,0.0,0,1,1,1,1,0,0,0,4,17.14,Job-Ready Mid-Level
CP-1570,1.6,B.Tech/B.E,Tier 2 (Top State/Private),Data Science & AI/ML,Tier 1 Tech Hub (Bengaluru/NCR/Hyd),2,7,27.0,1,1,1,1,0,0,0,0,3,16.51,Job-Ready Mid-Level
CP-1571,3.4,BCA/B.Sc CS,Tier 2 (Top State/Private),Backend Systems,Remote Global,3,6,11.0,1,1,1,1,1,0,0,0,4,25.72,High-Demand Specialist
CP-1572,1.1,BCA/B.Sc CS,Tier 1 (IIT/NIT/BITS),Full Stack Web,Tier 1 Tech Hub (Bengaluru/NCR/Hyd),2,4,,1,1,1,1,0,0,1,0,4,21.15,Job-Ready Mid-Level
CP-1573,2.1,BCA/B.Sc CS,Tier 3 (Affiliated Colleges),Data Science & AI/ML,Remote Global,2,6,40.0,2,1,0,0,0,0,0,0,1,15.85,Job-Ready Mid-Level
CP-1574,4.4,BCA/B.Sc CS,Tier 1 (IIT/NIT/BITS),Full Stack Web,Tier 1 Tech Hub (Bengaluru/NCR/Hyd),0,5,28.0,1,1,1,1,0,0,0,0,3,22.52,Job-Ready Mid-Level
CP-1575,6.6,BCA/B.Sc CS,Tier 2 (Top State/Private),Full Stack Web,Tier 1 Tech Hub (Bengaluru/NCR/Hyd),2,3,222.0,0,1,0,0,0,0,0,0,1,28.01,High-Demand Specialist
CP-1576,0.3,B.Tech/B.E,Tier 2 (Top State/Private),Full Stack Web,Remote Global,1,2,54.0,1,1,1,0,0,0,0,0,2,11.64,Junior Associate
CP-1577,5.7,B.Tech/B.E,Tier 3 (Affiliated Colleges),Data Science & AI/ML,Tier 1 Tech Hub (Bengaluru/NCR/Hyd),1,5,358.0,3,1,0,1,0,0,1,0,3,31.39,High-Demand Specialist
CP-1578,1.5,M.Tech/M.S,Tier 3 (Affiliated Colleges),Data Science & AI/ML,Tier 1 Tech Hub (Bengaluru/NCR/Hyd),0,7,210.0,2,1,1,0,0,1,0,0,3,17.33,Job-Ready Mid-Level
CP-1579,0.7,B.Tech/B.E,Tier 3 (Affiliated Colleges),Data Analytics & BI,Tier 1 Tech Hub (Bengaluru/NCR/Hyd),1,6,31.0,3,0,1,1,1,1,0,0,4,15.29,Job-Ready Mid-Level
CP-1580,1.4,BCA/B.Sc CS,Tier 3 (Affiliated Colleges),Backend Systems,Tier 1 Tech Hub (Bengaluru/NCR/Hyd),0,4,58.0,0,1,1,0,0,0,0,1,3,12.32,Junior Associate
CP-1581,8.6,B.Tech/B.E,Tier 2 (Top State/Private),Full Stack Web,Tier 1 Tech Hub (Bengaluru/NCR/Hyd),1,5,116.0,0,1,1,0,0,0,1,1,4,38.05,High-Demand Specialist
CP-1582,1.5,BCA/B.Sc CS,Tier 1 (IIT/NIT/BITS),Full Stack Web,Tier 1 Tech Hub (Bengaluru/NCR/Hyd),1,2,146.0,0,1,1,0,0,0,0,0,2,14.38,Junior Associate
CP-1583,0.9,M.Tech/M.S,Tier 1 (IIT/NIT/BITS),Cloud & DevOps,Tier 1 Tech Hub (Bengaluru/NCR/Hyd),2,4,227.0,0,1,1,0,0,0,0,0,2,21.13,Job-Ready Mid-Level
CP-1584,2.2,B.Tech/B.E,Tier 2 (Top State/Private),Data Analytics & BI,Tier 2 City,2,6,140.0,0,1,1,0,0,0,0,0,2,14.48,Junior Associate
CP-1585,0.6,B.Tech/B.E,Tier 3 (Affiliated Colleges),Full Stack Web,Tier 1 Tech Hub (Bengaluru/NCR/Hyd),1,4,24.0,2,0,1,0,0,1,1,1,4,15.97,Job-Ready Mid-Level
CP-1586,0.2,B.Tech/B.E,Tier 2 (Top State/Private),Backend Systems,Remote Global,1,3,39.0,1,1,1,0,1,1,0,0,4,16.14,Job-Ready Mid-Level
CP-1587,0.3,BCA/B.Sc CS,Tier 3 (Affiliated Colleges),Cloud & DevOps,Tier 1 Tech Hub (Bengaluru/NCR/Hyd),0,3,220.0,1,0,1,1,0,1,0,0,3,15.22,Job-Ready Mid-Level
CP-1588,0.3,MCA,Tier 2 (Top State/Private),Full Stack Web,Tier 1 Tech Hub (Bengaluru/NCR/Hyd),1,4,149.0,0,0,0,1,0,1,0,0,2,13.89,Junior Associate
CP-1589,0.4,B.Tech/B.E,Tier 1 (IIT/NIT/BITS),Cloud & DevOps,Tier 1 Tech Hub (Bengaluru/NCR/Hyd),0,3,251.0,0,0,1,0,0,1,0,0,2,15.79,Job-Ready Mid-Level
CP-1590,0.3,M.Tech/M.S,Tier 2 (Top State/Private),Backend Systems,Tier 2 City,3,10,118.0,1,1,0,0,1,0,0,0,2,12.82,Junior Associate
CP-1591,2.3,B.Tech/B.E,Tier 3 (Affiliated Colleges),Data Analytics & BI,Remote Global,1,6,0.0,1,1,0,1,0,0,0,0,2,14.71,Junior Associate
CP-1592,0.4,B.Tech/B.E,Tier 3 (Affiliated Colleges),Data Science & AI/ML,Tier 2 City,0,1,346.0,1,1,1,1,0,0,0,0,3,9.88,Junior Associate
CP-1593,0.9,Non-CS Degree,Tier 3 (Affiliated Colleges),Full Stack Web,Tier 1 Tech Hub (Bengaluru/NCR/Hyd),1,4,247.0,0,1,1,0,0,0,1,0,3,14.07,Junior Associate
CP-1594,5.0,B.Tech/B.E,Tier 1 (IIT/NIT/BITS),Full Stack Web,Tier 1 Tech Hub (Bengaluru/NCR/Hyd),1,6,19.0,1,0,0,0,1,0,0,0,1,26.79,High-Demand Specialist
CP-1595,1.4,B.Tech/B.E,Tier 3 (Affiliated Colleges),Full Stack Web,Tier 2 City,1,6,9.0,0,1,1,1,1,0,0,0,4,12.34,Junior Associate
CP-1596,2.4,B.Tech/B.E,Tier 2 (Top State/Private),Cloud & DevOps,Remote Global,0,6,38.0,0,1,0,0,1,1,0,0,3,19.86,Job-Ready Mid-Level
CP-1597,0.4,B.Tech/B.E,Tier 1 (IIT/NIT/BITS),Data Analytics & BI,Remote Global,3,5,106.0,1,0,1,1,0,0,1,1,4,27.07,High-Demand Specialist
CP-1598,0.5,B.Tech/B.E,Tier 3 (Affiliated Colleges),Data Analytics & BI,Tier 1 Tech Hub (Bengaluru/NCR/Hyd),0,4,42.0,0,1,1,1,0,1,0,0,4,12.15,Junior Associate
CP-1599,0.1,B.Tech/B.E,Tier 2 (Top State/Private),Backend Systems,Remote Global,0,6,19.0,3,0,1,0,1,0,1,0,3,15.87,Job-Ready Mid-Level
CP-1600,0.4,BCA/B.Sc CS,Tier 3 (Affiliated Colleges),Data Science & AI/ML,Tier 1 Tech Hub (Bengaluru/NCR/Hyd),0,1,33.0,1,1,1,0,0,0,0,0,2,4.55,Entry-Level Learner
CP-1601,0.7,B.Tech/B.E,Tier 2 (Top State/Private),Backend Systems,Tier 1 Tech Hub (Bengaluru/NCR/Hyd),1,2,35.0,1,1,1,1,0,1,0,0,4,13.4,Junior Associate
CP-1602,0.4,B.Tech/B.E,Tier 2 (Top State/Private),Data Analytics & BI,Tier 1 Tech Hub (Bengaluru/NCR/Hyd),0,1,50.0,0,0,1,0,1,1,0,0,3,11.39,Junior Associate
CP-1603,0.2,B.Tech/B.E,Tier 3 (Affiliated Colleges),Full Stack Web,Tier 1 Tech Hub (Bengaluru/NCR/Hyd),0,3,107.0,0,1,1,1,1,0,1,1,6,17.2,Job-Ready Mid-Level
CP-1604,0.3,B.Tech/B.E,Tier 2 (Top State/Private),Data Analytics & BI,Tier 2 City,1,5,209.0,1,1,1,0,0,1,1,0,4,13.84,Junior Associate
CP-1605,1.4,BCA/B.Sc CS,Tier 3 (Affiliated Colleges),Data Science & AI/ML,Remote Global,1,3,56.0,2,1,1,1,1,0,1,0,5,19.3,Job-Ready Mid-Level
CP-1606,0.5,Non-CS Degree,Tier 2 (Top State/Private),Data Analytics & BI,Tier 2 City,0,3,145.0,0,1,1,1,0,1,0,0,4,8.8,Entry-Level Learner
CP-1607,1.0,B.Tech/B.E,Tier 3 (Affiliated Colleges),Full Stack Web,Tier 2 City,0,3,114.0,1,1,0,0,1,0,0,0,2,9.35,Junior Associate
CP-1608,1.5,MCA,Tier 2 (Top State/Private),Full Stack Web,Tier 1 Tech Hub (Bengaluru/NCR/Hyd),1,5,62.0,0,1,0,0,0,0,0,0,1,13.25,Junior Associate
CP-1609,2.6,BCA/B.Sc CS,Tier 2 (Top State/Private),Cloud & DevOps,Tier 2 City,0,6,30.0,1,1,0,1,0,0,0,0,2,11.96,Junior Associate
CP-1610,0.1,BCA/B.Sc CS,Tier 2 (Top State/Private),Cloud & DevOps,Tier 1 Tech Hub (Bengaluru/NCR/Hyd),1,3,35.0,1,1,1,1,0,1,1,1,6,19.47,Job-Ready Mid-Level
CP-1611,3.5,B.Tech/B.E,Tier 2 (Top State/Private),Data Science & AI/ML,Tier 2 City,0,5,,0,0,1,1,0,0,1,0,3,17.04,Job-Ready Mid-Level
CP-1612,2.2,B.Tech/B.E,Tier 3 (Affiliated Colleges),Data Science & AI/ML,Tier 2 City,0,2,206.0,1,1,0,0,0,0,0,0,1,9.31,Junior Associate
CP-1613,0.2,B.Tech/B.E,Tier 2 (Top State/Private),Full Stack Web,Tier 2 City,1,5,245.0,3,1,1,0,0,0,0,1,3,12.46,Junior Associate
CP-1614,4.5,BCA/B.Sc CS,Tier 2 (Top State/Private),Cloud & DevOps,Tier 1 Tech Hub (Bengaluru/NCR/Hyd),0,3,48.0,1,1,1,0,0,0,0,0,2,18.49,Job-Ready Mid-Level
CP-1615,5.6,B.Tech/B.E,Tier 2 (Top State/Private),Backend Systems,Remote Global,0,4,254.0,0,0,1,0,0,0,1,1,3,35.69,High-Demand Specialist
CP-1616,0.1,MCA,Tier 2 (Top State/Private),Backend Systems,Tier 1 Tech Hub (Bengaluru/NCR/Hyd),1,5,209.0,0,1,0,0,1,0,0,1,3,16.35,Job-Ready Mid-Level
CP-1617,0.7,B.Tech/B.E,Tier 3 (Affiliated Colleges),Full Stack Web,Tier 1 Tech Hub (Bengaluru/NCR/Hyd),2,8,225.0,3,0,1,1,1,1,1,1,6,27.22,High-Demand Specialist
CP-1618,3.6,B.Tech/B.E,Tier 3 (Affiliated Colleges),Data Analytics & BI,Tier 2 City,1,7,0.0,1,1,1,1,1,0,0,1,5,17.45,Job-Ready Mid-Level
CP-1619,3.0,M.Tech/M.S,Tier 2 (Top State/Private),Full Stack Web,Tier 1 Tech Hub (Bengaluru/NCR/Hyd),2,5,108.0,0,0,0,1,1,0,0,0,2,22.45,Job-Ready Mid-Level
CP-1620,0.4,B.Tech/B.E,Tier 3 (Affiliated Colleges),Data Analytics & BI,Remote Global,2,7,113.0,0,1,1,1,0,1,0,0,4,18.4,Job-Ready Mid-Level
CP-1621,0.5,B.Tech/B.E,Tier 2 (Top State/Private),Data Science & AI/ML,Tier 1 Tech Hub (Bengaluru/NCR/Hyd),3,4,109.0,3,1,0,1,1,0,0,1,4,20.09,Job-Ready Mid-Level
CP-1622,1.0,BCA/B.Sc CS,Tier 1 (IIT/NIT/BITS),Full Stack Web,Tier 1 Tech Hub (Bengaluru/NCR/Hyd),2,4,28.0,1,1,1,0,0,0,1,0,3,17.54,Job-Ready Mid-Level
CP-1623,1.5,MCA,Tier 3 (Affiliated Colleges),Cloud & DevOps,Remote Global,1,5,113.0,0,1,0,0,0,0,1,1,3,19.98,Job-Ready Mid-Level
CP-1624,2.1,M.Tech/M.S,Tier 2 (Top State/Private),Data Science & AI/ML,Tier 1 Tech Hub (Bengaluru/NCR/Hyd),1,6,42.0,0,1,1,1,1,0,0,1,5,23.51,Job-Ready Mid-Level
CP-1625,1.0,BCA/B.Sc CS,Tier 3 (Affiliated Colleges),Data Analytics & BI,Tier 1 Tech Hub (Bengaluru/NCR/Hyd),0,4,247.0,2,1,1,0,1,0,0,0,3,13.92,Junior Associate
CP-1626,1.4,BCA/B.Sc CS,Tier 3 (Affiliated Colleges),Data Analytics & BI,Tier 1 Tech Hub (Bengaluru/NCR/Hyd),1,3,120.0,1,1,1,0,0,1,0,0,3,13.73,Junior Associate
CP-1627,3.0,Non-CS Degree,Tier 2 (Top State/Private),Full Stack Web,Tier 1 Tech Hub (Bengaluru/NCR/Hyd),3,10,0.0,0,1,1,0,0,0,0,0,2,18.58,Job-Ready Mid-Level
CP-1628,0.1,B.Tech/B.E,Tier 3 (Affiliated Colleges),Full Stack Web,Tier 2 City,1,2,13.0,1,1,1,1,0,0,0,0,3,6.51,Entry-Level Learner
CP-1629,0.6,B.Tech/B.E,Tier 3 (Affiliated Colleges),Data Analytics & BI,Tier 1 Tech Hub (Bengaluru/NCR/Hyd),1,3,152.0,0,1,1,0,0,1,0,0,3,13.61,Junior Associate
CP-1630,2.7,B.Tech/B.E,Tier 2 (Top State/Private),Data Analytics & BI,Remote Global,1,5,66.0,1,1,1,1,0,1,0,0,4,24.75,High-Demand Specialist
CP-1631,5.0,B.Tech/B.E,Tier 3 (Affiliated Colleges),Full Stack Web,Tier 2 City,1,5,60.0,0,1,0,0,0,1,0,1,3,18.52,Job-Ready Mid-Level
CP-1632,1.6,BCA/B.Sc CS,Tier 2 (Top State/Private),Full Stack Web,Tier 1 Tech Hub (Bengaluru/NCR/Hyd),1,9,116.0,0,1,1,1,0,0,0,1,4,20.08,Job-Ready Mid-Level
CP-1633,1.7,BCA/B.Sc CS,Tier 3 (Affiliated Colleges),Cloud & DevOps,Tier 2 City,1,3,245.0,0,1,0,1,0,0,0,1,3,13.1,Junior Associate
CP-1634,0.2,BCA/B.Sc CS,Tier 3 (Affiliated Colleges),Cloud & DevOps,Tier 2 City,1,2,29.0,0,1,1,0,0,1,0,1,4,8.69,Entry-Level Learner
CP-1635,1.3,B.Tech/B.E,Tier 1 (IIT/NIT/BITS),Data Science & AI/ML,Tier 1 Tech Hub (Bengaluru/NCR/Hyd),1,7,61.0,0,0,0,1,0,0,0,0,1,15.63,Job-Ready Mid-Level
CP-1636,1.7,M.Tech/M.S,Tier 2 (Top State/Private),Full Stack Web,Tier 1 Tech Hub (Bengaluru/NCR/Hyd),2,3,238.0,0,1,1,1,0,0,1,1,5,25.8,High-Demand Specialist
CP-1637,0.6,B.Tech/B.E,Tier 3 (Affiliated Colleges),Backend Systems,Tier 1 Tech Hub (Bengaluru/NCR/Hyd),2,3,239.0,0,1,1,0,1,0,0,0,3,16.61,Job-Ready Mid-Level
CP-1638,0.7,BCA/B.Sc CS,Tier 1 (IIT/NIT/BITS),Cloud & DevOps,Tier 2 City,0,1,64.0,2,1,0,0,0,0,0,0,1,8.6,Entry-Level Learner
CP-1639,1.0,BCA/B.Sc CS,Tier 1 (IIT/NIT/BITS),Backend Systems,Tier 2 City,2,5,0.0,2,1,0,1,0,0,0,0,2,13.04,Junior Associate
CP-1640,0.0,B.Tech/B.E,Tier 2 (Top State/Private),Data Analytics & BI,Tier 1 Tech Hub (Bengaluru/NCR/Hyd),0,5,21.0,0,0,1,0,1,1,0,1,4,14.1,Junior Associate
CP-1641,0.9,B.Tech/B.E,Tier 2 (Top State/Private),Backend Systems,Tier 2 City,0,2,370.0,1,1,1,0,0,1,0,0,3,10.69,Junior Associate
CP-1642,0.5,B.Tech/B.E,Tier 2 (Top State/Private),Data Science & AI/ML,Tier 2 City,1,5,44.0,1,1,0,1,0,0,0,0,2,9.48,Junior Associate
CP-1643,0.9,MCA,Tier 2 (Top State/Private),Data Analytics & BI,Tier 2 City,0,4,40.0,0,1,1,1,1,0,0,0,4,11.45,Junior Associate
CP-1644,0.3,MCA,Tier 2 (Top State/Private),Data Science & AI/ML,Tier 2 City,0,5,0.0,0,1,1,0,1,0,0,0,3,9.39,Junior Associate
CP-1645,4.9,BCA/B.Sc CS,Tier 3 (Affiliated Colleges),Cloud & DevOps,Tier 1 Tech Hub (Bengaluru/NCR/Hyd),1,3,,1,0,0,0,0,0,0,0,0,18.13,Job-Ready Mid-Level
CP-1646,2.0,B.Tech/B.E,Tier 2 (Top State/Private),Full Stack Web,Remote Global,1,5,126.0,0,1,0,0,0,0,1,0,2,19.41,Job-Ready Mid-Level
CP-1647,2.5,B.Tech/B.E,Tier 2 (Top State/Private),Full Stack Web,Tier 2 City,0,4,29.0,1,1,1,1,0,0,0,0,3,11.37,Junior Associate
CP-1648,3.4,M.Tech/M.S,Tier 2 (Top State/Private),Backend Systems,Tier 2 City,1,5,29.0,1,1,1,0,1,1,0,0,4,18.4,Job-Ready Mid-Level
CP-1649,1.5,M.Tech/M.S,Tier 2 (Top State/Private),Data Analytics & BI,Tier 1 Tech Hub (Bengaluru/NCR/Hyd),1,3,29.0,0,1,1,1,0,1,0,0,4,16.12,Job-Ready Mid-Level
CP-1650,0.2,B.Tech/B.E,Tier 1 (IIT/NIT/BITS),Data Science & AI/ML,Tier 1 Tech Hub (Bengaluru/NCR/Hyd),1,5,35.0,1,1,1,1,0,1,1,1,6,21.86,Job-Ready Mid-Level
CP-1651,1.7,B.Tech/B.E,Tier 1 (IIT/NIT/BITS),Cloud & DevOps,Tier 1 Tech Hub (Bengaluru/NCR/Hyd),2,7,147.0,0,1,1,1,1,0,1,0,5,26.68,High-Demand Specialist
CP-1652,1.9,M.Tech/M.S,Tier 1 (IIT/NIT/BITS),Full Stack Web,Tier 1 Tech Hub (Bengaluru/NCR/Hyd),1,4,3.0,0,1,1,1,0,0,0,0,3,19.04,Job-Ready Mid-Level
CP-1653,3.0,B.Tech/B.E,Tier 3 (Affiliated Colleges),Full Stack Web,Tier 2 City,0,6,243.0,1,1,0,1,0,0,1,0,3,16.34,Job-Ready Mid-Level
CP-1654,1.2,B.Tech/B.E,Tier 3 (Affiliated Colleges),Data Analytics & BI,Tier 1 Tech Hub (Bengaluru/NCR/Hyd),0,1,1.0,1,1,0,1,0,1,0,0,3,11.04,Junior Associate
CP-1655,0.3,B.Tech/B.E,Tier 3 (Affiliated Colleges),Full Stack Web,Tier 2 City,1,4,21.0,0,1,1,1,1,0,1,1,6,13.11,Junior Associate
CP-1656,0.7,B.Tech/B.E,Tier 3 (Affiliated Colleges),Backend Systems,Tier 2 City,1,4,62.0,0,1,0,0,0,0,0,1,2,9.75,Junior Associate
CP-1657,1.0,MCA,Tier 3 (Affiliated Colleges),Data Science & AI/ML,Tier 2 City,0,4,352.0,1,0,1,0,0,1,1,1,4,15.06,Job-Ready Mid-Level
CP-1658,2.3,Non-CS Degree,Tier 2 (Top State/Private),Cloud & DevOps,Tier 1 Tech Hub (Bengaluru/NCR/Hyd),0,4,74.0,2,1,0,0,0,0,0,0,1,11.88,Junior Associate
CP-1659,1.9,BCA/B.Sc CS,Tier 3 (Affiliated Colleges),Cloud & DevOps,Remote Global,2,8,113.0,3,1,1,0,0,1,0,0,3,19.8,Job-Ready Mid-Level
CP-1660,1.0,B.Tech/B.E,Tier 1 (IIT/NIT/BITS),Data Science & AI/ML,Tier 2 City,1,2,74.0,0,1,1,1,1,1,1,1,7,20.86,Job-Ready Mid-Level
CP-1661,9.5,B.Tech/B.E,Tier 3 (Affiliated Colleges),Full Stack Web,Tier 2 City,1,5,1.0,0,1,1,0,1,1,0,0,4,26.6,High-Demand Specialist
CP-1662,2.0,B.Tech/B.E,Tier 3 (Affiliated Colleges),Data Analytics & BI,Tier 1 Tech Hub (Bengaluru/NCR/Hyd),2,4,25.0,2,0,1,1,0,0,1,0,3,17.64,Job-Ready Mid-Level
CP-1663,0.6,B.Tech/B.E,Tier 2 (Top State/Private),Data Analytics & BI,Tier 1 Tech Hub (Bengaluru/NCR/Hyd),2,6,237.0,0,1,0,0,0,1,0,1,3,21.32,Job-Ready Mid-Level
CP-1664,0.2,BCA/B.Sc CS,Tier 2 (Top State/Private),Full Stack Web,Tier 1 Tech Hub (Bengaluru/NCR/Hyd),1,7,4.0,0,1,1,0,0,0,0,0,2,9.83,Junior Associate
CP-1665,0.4,B.Tech/B.E,Tier 2 (Top State/Private),Full Stack Web,Tier 1 Tech Hub (Bengaluru/NCR/Hyd),1,4,122.0,1,1,1,0,1,1,0,0,4,16.19,Job-Ready Mid-Level
CP-1666,0.6,B.Tech/B.E,Tier 3 (Affiliated Colleges),Data Science & AI/ML,Tier 1 Tech Hub (Bengaluru/NCR/Hyd),3,5,358.0,0,1,1,0,0,0,1,0,3,20.71,Job-Ready Mid-Level
CP-1667,0.4,B.Tech/B.E,Tier 3 (Affiliated Colleges),Data Science & AI/ML,Tier 1 Tech Hub (Bengaluru/NCR/Hyd),1,6,0.0,0,1,0,1,0,1,1,0,4,14.3,Junior Associate
CP-1668,0.5,B.Tech/B.E,Tier 3 (Affiliated Colleges),Full Stack Web,Tier 2 City,0,3,64.0,0,0,1,1,1,0,0,0,3,11.53,Junior Associate
CP-1669,0.7,B.Tech/B.E,Tier 2 (Top State/Private),Data Science & AI/ML,Tier 1 Tech Hub (Bengaluru/NCR/Hyd),0,5,12.0,3,1,1,1,1,0,0,0,4,13.8,Junior Associate
CP-1670,0.4,B.Tech/B.E,Tier 3 (Affiliated Colleges),Data Analytics & BI,Tier 1 Tech Hub (Bengaluru/NCR/Hyd),1,3,30.0,1,1,1,0,1,0,1,0,4,16.24,Job-Ready Mid-Level
CP-1671,5.0,Non-CS Degree,Tier 2 (Top State/Private),Data Analytics & BI,Remote Global,2,7,0.0,1,1,1,1,1,0,0,0,4,28.96,High-Demand Specialist
CP-1672,0.2,B.Tech/B.E,Tier 3 (Affiliated Colleges),Backend Systems,Tier 1 Tech Hub (Bengaluru/NCR/Hyd),0,2,140.0,1,1,0,1,1,1,0,0,4,12.22,Junior Associate
CP-1673,1.6,B.Tech/B.E,Tier 2 (Top State/Private),Cloud & DevOps,Tier 2 City,0,4,115.0,1,1,1,0,1,0,1,1,5,16.8,Job-Ready Mid-Level
CP-1674,1.2,MCA,Tier 2 (Top State/Private),Backend Systems,Tier 1 Tech Hub (Bengaluru/NCR/Hyd),2,2,143.0,2,0,0,0,0,1,0,0,1,16.08,Job-Ready Mid-Level
CP-1675,8.9,Non-CS Degree,Tier 2 (Top State/Private),Cloud & DevOps,Tier 1 Tech Hub (Bengaluru/NCR/Hyd),2,6,225.0,0,1,1,1,1,0,0,0,4,38.27,High-Demand Specialist
CP-1676,0.3,BCA/B.Sc CS,Tier 3 (Affiliated Colleges),Cloud & DevOps,Tier 1 Tech Hub (Bengaluru/NCR/Hyd),0,1,21.0,1,1,1,1,0,1,0,0,4,8.5,Entry-Level Learner
CP-1677,1.1,M.Tech/M.S,Tier 3 (Affiliated Colleges),Backend Systems,Tier 2 City,1,3,26.0,0,1,0,0,1,1,0,1,4,14.21,Junior Associate
CP-1678,7.7,B.Tech/B.E,Tier 1 (IIT/NIT/BITS),Cloud & DevOps,Tier 1 Tech Hub (Bengaluru/NCR/Hyd),1,2,30.0,1,0,0,1,1,0,1,1,4,39.68,High-Demand Specialist
CP-1679,4.4,B.Tech/B.E,Tier 1 (IIT/NIT/BITS),Data Science & AI/ML,Remote Global,0,1,0.0,1,1,1,1,0,1,1,1,6,32.91,High-Demand Specialist
CP-1680,3.7,B.Tech/B.E,Tier 3 (Affiliated Colleges),Data Analytics & BI,Tier 1 Tech Hub (Bengaluru/NCR/Hyd),2,5,31.0,0,1,0,0,0,1,1,0,3,22.63,Job-Ready Mid-Level
CP-1681,0.7,BCA/B.Sc CS,Tier 2 (Top State/Private),Backend Systems,Tier 1 Tech Hub (Bengaluru/NCR/Hyd),0,4,67.0,1,0,0,0,0,0,0,0,0,7.77,Entry-Level Learner
CP-1682,0.4,BCA/B.Sc CS,Tier 3 (Affiliated Colleges),Data Analytics & BI,Tier 2 City,0,1,236.0,1,0,1,1,0,1,0,0,3,10.05,Junior Associate
CP-1683,2.4,B.Tech/B.E,Tier 2 (Top State/Private),Cloud & DevOps,Tier 1 Tech Hub (Bengaluru/NCR/Hyd),0,8,371.0,0,1,1,0,1,1,1,0,5,24.93,High-Demand Specialist
CP-1684,5.8,B.Tech/B.E,Tier 1 (IIT/NIT/BITS),Cloud & DevOps,Tier 2 City,0,3,34.0,0,0,1,0,0,0,0,0,1,19.41,Job-Ready Mid-Level
CP-1685,1.8,BCA/B.Sc CS,Tier 3 (Affiliated Colleges),Backend Systems,Tier 1 Tech Hub (Bengaluru/NCR/Hyd),0,4,244.0,0,1,0,0,1,1,0,0,3,18.16,Job-Ready Mid-Level
CP-1686,1.9,B.Tech/B.E,Tier 3 (Affiliated Colleges),Data Science & AI/ML,Tier 1 Tech Hub (Bengaluru/NCR/Hyd),0,3,215.0,1,1,1,1,1,0,0,0,4,18.58,Job-Ready Mid-Level
CP-1687,0.7,BCA/B.Sc CS,Tier 2 (Top State/Private),Cloud & DevOps,Tier 2 City,2,3,41.0,1,0,1,1,0,0,0,0,2,9.86,Junior Associate
CP-1688,3.2,BCA/B.Sc CS,Tier 2 (Top State/Private),Full Stack Web,Remote Global,0,3,0.0,2,1,1,1,1,0,1,0,5,22.68,Job-Ready Mid-Level
CP-1689,0.5,M.Tech/M.S,Tier 3 (Affiliated Colleges),Cloud & DevOps,Tier 1 Tech Hub (Bengaluru/NCR/Hyd),2,7,336.0,0,0,1,1,0,0,0,0,2,18.0,Job-Ready Mid-Level
CP-1690,0.9,M.Tech/M.S,Tier 1 (IIT/NIT/BITS),Cloud & DevOps,Tier 2 City,1,3,143.0,0,0,1,1,1,1,1,0,5,19.58,Job-Ready Mid-Level
CP-1691,1.2,MCA,Tier 3 (Affiliated Colleges),Data Science & AI/ML,Tier 1 Tech Hub (Bengaluru/NCR/Hyd),1,4,352.0,1,0,0,0,1,0,0,0,1,16.46,Job-Ready Mid-Level
CP-1692,1.6,B.Tech/B.E,Tier 2 (Top State/Private),Data Science & AI/ML,Tier 2 City,0,3,57.0,1,0,1,1,0,0,0,0,2,10.7,Junior Associate
CP-1693,0.6,M.Tech/M.S,Tier 2 (Top State/Private),Cloud & DevOps,Tier 2 City,0,2,54.0,1,1,0,0,0,0,0,0,1,6.93,Entry-Level Learner
CP-1694,0.3,BCA/B.Sc CS,Tier 3 (Affiliated Colleges),Data Science & AI/ML,Tier 1 Tech Hub (Bengaluru/NCR/Hyd),1,5,0.0,0,1,0,0,1,0,0,0,2,8.85,Entry-Level Learner
CP-1695,2.1,B.Tech/B.E,Tier 3 (Affiliated Colleges),Data Science & AI/ML,Tier 1 Tech Hub (Bengaluru/NCR/Hyd),1,5,363.0,0,1,1,0,1,0,0,0,3,20.7,Job-Ready Mid-Level
CP-1696,0.7,B.Tech/B.E,Tier 2 (Top State/Private),Data Analytics & BI,Tier 1 Tech Hub (Bengaluru/NCR/Hyd),2,7,50.0,2,0,0,1,1,0,0,0,2,17.65,Job-Ready Mid-Level
CP-1697,1.9,B.Tech/B.E,Tier 3 (Affiliated Colleges),Full Stack Web,Tier 1 Tech Hub (Bengaluru/NCR/Hyd),2,3,0.0,0,1,1,0,0,0,0,0,2,13.51,Junior Associate
CP-1698,0.4,B.Tech/B.E,Tier 2 (Top State/Private),Full Stack Web,Tier 1 Tech Hub (Bengaluru/NCR/Hyd),1,2,41.0,0,0,0,0,0,0,0,0,0,8.91,Entry-Level Learner
CP-1699,1.4,BCA/B.Sc CS,Tier 2 (Top State/Private),Backend Systems,Tier 2 City,1,4,63.0,0,0,0,0,0,1,0,0,1,11.43,Junior Associate
CP-1700,1.7,MCA,Tier 3 (Affiliated Colleges),Data Science & AI/ML,Remote Global,2,4,72.0,1,1,0,0,1,0,0,0,2,17.33,Job-Ready Mid-Level
CP-1701,0.1,B.Tech/B.E,Tier 3 (Affiliated Colleges),Full Stack Web,Tier 1 Tech Hub (Bengaluru/NCR/Hyd),1,5,106.0,0,1,1,0,0,1,0,0,3,13.21,Junior Associate
CP-1702,0.9,B.Tech/B.E,Tier 3 (Affiliated Colleges),Cloud & DevOps,Tier 1 Tech Hub (Bengaluru/NCR/Hyd),3,6,39.0,0,1,0,1,1,1,1,0,5,22.03,Job-Ready Mid-Level
CP-1703,0.3,Non-CS Degree,Tier 2 (Top State/Private),Data Analytics & BI,Tier 1 Tech Hub (Bengaluru/NCR/Hyd),2,5,46.0,0,1,1,1,0,0,0,0,3,9.81,Junior Associate
CP-1704,0.1,B.Tech/B.E,Tier 1 (IIT/NIT/BITS),Backend Systems,Remote Global,0,1,4.0,0,0,1,0,0,0,0,1,2,15.02,Job-Ready Mid-Level
CP-1705,9.5,B.Tech/B.E,Tier 1 (IIT/NIT/BITS),Backend Systems,Tier 1 Tech Hub (Bengaluru/NCR/Hyd),0,2,53.0,1,1,0,0,0,0,1,0,2,34.92,High-Demand Specialist
CP-1706,0.9,BCA/B.Sc CS,Tier 2 (Top State/Private),Data Analytics & BI,Tier 1 Tech Hub (Bengaluru/NCR/Hyd),1,6,9.0,1,0,0,1,0,1,0,1,3,17.27,Job-Ready Mid-Level
CP-1707,3.7,B.Tech/B.E,Tier 3 (Affiliated Colleges),Data Science & AI/ML,Tier 1 Tech Hub (Bengaluru/NCR/Hyd),1,3,27.0,3,1,1,1,1,1,0,0,5,21.28,Job-Ready Mid-Level
CP-1708,0.6,B.Tech/B.E,Tier 2 (Top State/Private),Data Science & AI/ML,Tier 1 Tech Hub (Bengaluru/NCR/Hyd),1,4,128.0,0,1,1,1,0,0,0,1,4,17.11,Job-Ready Mid-Level
CP-1709,2.5,B.Tech/B.E,Tier 3 (Affiliated Colleges),Full Stack Web,Tier 1 Tech Hub (Bengaluru/NCR/Hyd),2,4,58.0,0,1,1,0,1,0,0,0,3,18.34,Job-Ready Mid-Level
CP-1710,3.1,B.Tech/B.E,Tier 1 (IIT/NIT/BITS),Data Science & AI/ML,Tier 1 Tech Hub (Bengaluru/NCR/Hyd),0,3,27.0,0,0,1,1,1,0,0,0,3,21.81,Job-Ready Mid-Level
CP-1711,2.0,BCA/B.Sc CS,Tier 2 (Top State/Private),Data Analytics & BI,Tier 1 Tech Hub (Bengaluru/NCR/Hyd),0,2,45.0,0,1,0,1,1,0,0,0,3,15.57,Job-Ready Mid-Level
CP-1712,1.4,B.Tech/B.E,Tier 2 (Top State/Private),Cloud & DevOps,Tier 1 Tech Hub (Bengaluru/NCR/Hyd),0,3,32.0,1,0,1,0,0,0,0,0,1,13.84,Junior Associate
CP-1713,1.2,B.Tech/B.E,Tier 2 (Top State/Private),Data Science & AI/ML,Tier 1 Tech Hub (Bengaluru/NCR/Hyd),1,3,,3,1,1,1,0,0,1,0,4,16.57,Job-Ready Mid-Level
CP-1714,0.9,BCA/B.Sc CS,Tier 1 (IIT/NIT/BITS),Data Analytics & BI,Tier 1 Tech Hub (Bengaluru/NCR/Hyd),1,5,120.0,0,1,1,0,1,0,0,0,3,19.13,Job-Ready Mid-Level
CP-1715,5.8,MCA,Tier 3 (Affiliated Colleges),Data Science & AI/ML,Tier 1 Tech Hub (Bengaluru/NCR/Hyd),0,1,144.0,0,1,1,1,1,1,1,0,6,31.15,High-Demand Specialist
CP-1716,3.9,B.Tech/B.E,Tier 2 (Top State/Private),Full Stack Web,Remote Global,1,2,125.0,0,1,1,1,1,0,0,1,5,32.59,High-Demand Specialist
CP-1717,7.4,B.Tech/B.E,Tier 3 (Affiliated Colleges),Cloud & DevOps,Remote Global,0,2,61.0,2,1,1,0,0,0,1,1,4,35.24,High-Demand Specialist
CP-1718,0.3,BCA/B.Sc CS,Tier 2 (Top State/Private),Full Stack Web,Tier 1 Tech Hub (Bengaluru/NCR/Hyd),0,2,32.0,1,1,1,0,0,0,0,0,2,8.12,Entry-Level Learner
CP-1719,2.9,B.Tech/B.E,Tier 3 (Affiliated Colleges),Full Stack Web,Tier 1 Tech Hub (Bengaluru/NCR/Hyd),1,4,118.0,3,1,1,1,1,1,0,0,5,22.48,Job-Ready Mid-Level
CP-1720,6.1,B.Tech/B.E,Tier 2 (Top State/Private),Data Science & AI/ML,Tier 2 City,1,4,30.0,1,1,1,1,0,1,0,0,4,20.68,Job-Ready Mid-Level
CP-1721,0.4,BCA/B.Sc CS,Tier 3 (Affiliated Colleges),Full Stack Web,Tier 1 Tech Hub (Bengaluru/NCR/Hyd),1,5,6.0,1,1,1,0,1,0,0,0,3,11.82,Junior Associate
CP-1722,0.2,MCA,Tier 1 (IIT/NIT/BITS),Data Analytics & BI,Tier 1 Tech Hub (Bengaluru/NCR/Hyd),2,5,122.0,0,1,1,0,0,0,0,1,3,18.32,Job-Ready Mid-Level
CP-1723,3.0,M.Tech/M.S,Tier 3 (Affiliated Colleges),Backend Systems,Tier 1 Tech Hub (Bengaluru/NCR/Hyd),2,4,29.0,3,1,0,0,0,1,0,1,3,20.21,Job-Ready Mid-Level
CP-1724,1.9,BCA/B.Sc CS,Tier 3 (Affiliated Colleges),Full Stack Web,Remote Global,0,5,146.0,1,1,1,1,1,0,0,0,4,20.47,Job-Ready Mid-Level
CP-1725,4.1,M.Tech/M.S,Tier 1 (IIT/NIT/BITS),Full Stack Web,Remote Global,1,6,71.0,1,1,1,0,1,0,0,1,4,33.92,High-Demand Specialist
CP-1726,0.3,B.Tech/B.E,Tier 1 (IIT/NIT/BITS),Cloud & DevOps,Tier 1 Tech Hub (Bengaluru/NCR/Hyd),1,3,69.0,0,0,1,1,0,0,0,1,3,18.33,Job-Ready Mid-Level
CP-1727,3.5,BCA/B.Sc CS,Tier 2 (Top State/Private),Backend Systems,Tier 1 Tech Hub (Bengaluru/NCR/Hyd),2,8,234.0,0,1,0,0,0,0,1,0,2,22.8,Job-Ready Mid-Level
CP-1728,0.5,B.Tech/B.E,Tier 3 (Affiliated Colleges),Data Science & AI/ML,Remote Global,2,4,55.0,0,1,1,1,0,1,0,0,4,17.49,Job-Ready Mid-Level
CP-1729,0.4,B.Tech/B.E,Tier 2 (Top State/Private),Full Stack Web,Remote Global,0,4,33.0,0,1,0,1,0,0,1,0,3,14.07,Junior Associate
CP-1730,0.4,M.Tech/M.S,Tier 2 (Top State/Private),Data Analytics & BI,Remote Global,0,2,15.0,3,0,1,1,0,1,0,0,3,14.77,Junior Associate
CP-1731,3.7,BCA/B.Sc CS,Tier 1 (IIT/NIT/BITS),Cloud & DevOps,Tier 1 Tech Hub (Bengaluru/NCR/Hyd),1,7,15.0,1,1,0,1,0,0,0,0,2,21.79,Job-Ready Mid-Level
CP-1732,2.4,B.Tech/B.E,Tier 1 (IIT/NIT/BITS),Data Science & AI/ML,Tier 1 Tech Hub (Bengaluru/NCR/Hyd),1,2,25.0,1,1,0,1,1,0,0,0,3,20.33,Job-Ready Mid-Level
CP-1733,1.6,MCA,Tier 3 (Affiliated Colleges),Cloud & DevOps,Tier 2 City,0,2,33.0,1,1,1,1,0,1,1,0,5,11.75,Junior Associate
CP-1734,1.0,B.Tech/B.E,Tier 1 (IIT/NIT/BITS),Data Science & AI/ML,Tier 1 Tech Hub (Bengaluru/NCR/Hyd),0,1,371.0,1,1,0,0,0,0,0,0,1,15.58,Job-Ready Mid-Level
CP-1735,4.6,B.Tech/B.E,Tier 3 (Affiliated Colleges),Full Stack Web,Tier 1 Tech Hub (Bengaluru/NCR/Hyd),1,3,210.0,0,0,1,0,1,1,0,0,3,25.86,High-Demand Specialist
CP-1736,1.1,B.Tech/B.E,Tier 3 (Affiliated Colleges),Full Stack Web,Tier 1 Tech Hub (Bengaluru/NCR/Hyd),0,4,146.0,0,0,1,0,0,0,1,0,2,11.74,Junior Associate
CP-1737,3.7,M.Tech/M.S,Tier 2 (Top State/Private),Backend Systems,Remote Global,0,5,230.0,2,1,1,0,0,0,0,0,2,24.8,High-Demand Specialist
CP-1738,1.3,M.Tech/M.S,Tier 3 (Affiliated Colleges),Full Stack Web,Remote Global,0,3,34.0,0,1,0,1,1,0,0,0,3,16.52,Job-Ready Mid-Level
CP-1739,1.0,B.Tech/B.E,Tier 1 (IIT/NIT/BITS),Data Science & AI/ML,Tier 1 Tech Hub (Bengaluru/NCR/Hyd),0,5,30.0,1,1,1,0,1,0,0,0,3,14.72,Junior Associate
CP-1740,1.4,BCA/B.Sc CS,Tier 3 (Affiliated Colleges),Data Science & AI/ML,Remote Global,1,8,17.0,1,0,1,0,0,0,0,0,1,13.04,Junior Associate
CP-1741,0.8,B.Tech/B.E,Tier 2 (Top State/Private),Backend Systems,Tier 1 Tech Hub (Bengaluru/NCR/Hyd),1,2,149.0,1,1,1,0,1,0,0,1,4,18.68,Job-Ready Mid-Level
CP-1742,3.0,M.Tech/M.S,Tier 3 (Affiliated Colleges),Data Science & AI/ML,Tier 2 City,0,2,14.0,3,0,1,1,0,0,1,0,3,15.45,Job-Ready Mid-Level
CP-1743,1.5,B.Tech/B.E,Tier 2 (Top State/Private),Full Stack Web,Tier 1 Tech Hub (Bengaluru/NCR/Hyd),0,6,64.0,0,1,1,1,1,1,1,0,6,21.76,Job-Ready Mid-Level
CP-1744,0.6,B.Tech/B.E,Tier 2 (Top State/Private),Data Science & AI/ML,Tier 1 Tech Hub (Bengaluru/NCR/Hyd),0,4,228.0,1,0,1,1,0,1,0,1,4,19.17,Job-Ready Mid-Level
CP-1745,5.1,Non-CS Degree,Tier 2 (Top State/Private),Data Analytics & BI,Tier 1 Tech Hub (Bengaluru/NCR/Hyd),1,6,12.0,1,1,1,1,0,1,0,0,4,24.03,High-Demand Specialist
CP-1746,1.1,B.Tech/B.E,Tier 2 (Top State/Private),Full Stack Web,Tier 1 Tech Hub (Bengaluru/NCR/Hyd),0,2,29.0,3,1,1,1,0,1,0,1,5,16.63,Job-Ready Mid-Level
CP-1747,1.7,B.Tech/B.E,Tier 3 (Affiliated Colleges),Full Stack Web,Tier 1 Tech Hub (Bengaluru/NCR/Hyd),1,2,22.0,2,1,0,0,0,1,0,0,2,11.43,Junior Associate
CP-1748,5.2,BCA/B.Sc CS,Tier 2 (Top State/Private),Full Stack Web,Tier 1 Tech Hub (Bengaluru/NCR/Hyd),0,6,53.0,0,0,0,1,1,0,1,0,3,26.1,High-Demand Specialist
CP-1749,2.2,Non-CS Degree,Tier 3 (Affiliated Colleges),Data Analytics & BI,Remote Global,0,5,68.0,0,1,1,0,0,0,0,0,2,13.75,Junior Associate
CP-1750,0.3,B.Tech/B.E,Tier 1 (IIT/NIT/BITS),Cloud & DevOps,Tier 1 Tech Hub (Bengaluru/NCR/Hyd),0,4,39.0,2,1,0,1,0,0,0,0,2,12.47,Junior Associate
CP-1751,6.2,B.Tech/B.E,Tier 3 (Affiliated Colleges),Data Analytics & BI,Tier 1 Tech Hub (Bengaluru/NCR/Hyd),0,1,32.0,0,0,1,0,1,0,0,0,2,22.84,Job-Ready Mid-Level
CP-1752,2.2,B.Tech/B.E,Tier 1 (IIT/NIT/BITS),Backend Systems,Tier 1 Tech Hub (Bengaluru/NCR/Hyd),1,3,47.0,0,0,1,1,1,0,0,1,4,24.77,High-Demand Specialist
CP-1753,0.9,B.Tech/B.E,Tier 2 (Top State/Private),Backend Systems,Tier 1 Tech Hub (Bengaluru/NCR/Hyd),1,5,67.0,1,0,1,1,0,0,0,0,2,13.6,Junior Associate
CP-1754,0.3,B.Tech/B.E,Tier 2 (Top State/Private),Full Stack Web,Tier 1 Tech Hub (Bengaluru/NCR/Hyd),2,7,343.0,1,1,0,1,0,0,0,1,3,19.96,Job-Ready Mid-Level
CP-1755,3.5,BCA/B.Sc CS,Tier 3 (Affiliated Colleges),Backend Systems,Tier 2 City,0,4,35.0,1,0,1,1,0,1,0,1,4,16.79,Job-Ready Mid-Level
CP-1756,2.1,Non-CS Degree,Tier 2 (Top State/Private),Data Science & AI/ML,Tier 1 Tech Hub (Bengaluru/NCR/Hyd),0,8,110.0,1,1,1,1,0,0,0,0,3,15.11,Job-Ready Mid-Level
CP-1757,1.7,B.Tech/B.E,Tier 3 (Affiliated Colleges),Full Stack Web,Tier 2 City,0,3,151.0,1,0,0,0,0,0,1,0,1,10.14,Junior Associate
CP-1758,4.9,B.Tech/B.E,Tier 3 (Affiliated Colleges),Backend Systems,Tier 2 City,2,8,73.0,1,0,0,1,1,1,0,0,3,21.98,Job-Ready Mid-Level
CP-1759,3.4,B.Tech/B.E,Tier 2 (Top State/Private),Data Science & AI/ML,Tier 1 Tech Hub (Bengaluru/NCR/Hyd),0,2,0.0,3,1,1,1,1,1,0,0,5,20.49,Job-Ready Mid-Level
CP-1760,0.4,B.Tech/B.E,Tier 3 (Affiliated Colleges),Data Science & AI/ML,Tier 1 Tech Hub (Bengaluru/NCR/Hyd),1,3,58.0,0,1,0,1,0,1,0,0,3,11.85,Junior Associate
CP-1761,0.8,MCA,Tier 1 (IIT/NIT/BITS),Full Stack Web,Remote Global,0,3,125.0,0,1,1,1,0,0,0,1,4,22.18,Job-Ready Mid-Level
CP-1762,0.6,B.Tech/B.E,Tier 2 (Top State/Private),Cloud & DevOps,Tier 1 Tech Hub (Bengaluru/NCR/Hyd),0,1,56.0,0,0,1,0,1,0,0,0,2,9.86,Junior Associate
CP-1763,3.0,B.Tech/B.E,Tier 3 (Affiliated Colleges),Full Stack Web,Tier 1 Tech Hub (Bengaluru/NCR/Hyd),3,5,20.0,2,1,1,0,1,0,0,0,3,20.07,Job-Ready Mid-Level
CP-1764,0.1,BCA/B.Sc CS,Tier 3 (Affiliated Colleges),Data Analytics & BI,Remote Global,1,4,9.0,0,1,1,0,0,0,0,0,2,8.36,Entry-Level Learner
CP-1765,1.9,B.Tech/B.E,Tier 3 (Affiliated Colleges),Backend Systems,Tier 1 Tech Hub (Bengaluru/NCR/Hyd),2,5,59.0,1,0,1,0,0,0,0,0,1,14.59,Junior Associate
CP-1766,3.2,BCA/B.Sc CS,Tier 2 (Top State/Private),Cloud & DevOps,Tier 1 Tech Hub (Bengaluru/NCR/Hyd),1,5,18.0,0,1,1,1,0,0,0,0,3,16.86,Job-Ready Mid-Level
CP-1767,4.6,B.Tech/B.E,Tier 2 (Top State/Private),Data Science & AI/ML,Remote Global,1,7,223.0,2,0,1,1,0,0,0,1,3,32.66,High-Demand Specialist
CP-1768,0.9,M.Tech/M.S,Tier 1 (IIT/NIT/BITS),Backend Systems,Tier 1 Tech Hub (Bengaluru/NCR/Hyd),0,2,21.0,2,1,1,0,0,1,1,0,4,16.25,Job-Ready Mid-Level
CP-1769,3.8,Non-CS Degree,Tier 3 (Affiliated Colleges),Data Science & AI/ML,Tier 1 Tech Hub (Bengaluru/NCR/Hyd),1,6,41.0,1,1,1,0,0,0,0,0,2,18.44,Job-Ready Mid-Level
CP-1770,0.3,BCA/B.Sc CS,Tier 2 (Top State/Private),Data Science & AI/ML,Remote Global,0,2,120.0,0,0,1,0,0,0,0,0,1,10.72,Junior Associate
CP-1771,4.1,Non-CS Degree,Tier 3 (Affiliated Colleges),Data Science & AI/ML,Remote Global,1,3,120.0,0,1,0,1,0,1,1,1,5,28.78,High-Demand Specialist
CP-1772,0.3,B.Tech/B.E,Tier 2 (Top State/Private),Cloud & DevOps,Tier 1 Tech Hub (Bengaluru/NCR/Hyd),1,4,68.0,0,1,1,1,1,1,0,0,5,16.57,Job-Ready Mid-Level
CP-1773,1.1,B.Tech/B.E,Tier 2 (Top State/Private),Data Science & AI/ML,Tier 1 Tech Hub (Bengaluru/NCR/Hyd),2,6,0.0,0,0,0,1,1,0,0,0,2,15.03,Job-Ready Mid-Level
CP-1774,3.5,BCA/B.Sc CS,Tier 2 (Top State/Private),Data Science & AI/ML,Tier 2 City,1,4,73.0,0,1,1,0,0,1,0,0,3,16.54,Job-Ready Mid-Level
CP-1775,0.4,BCA/B.Sc CS,Tier 1 (IIT/NIT/BITS),Full Stack Web,Tier 2 City,1,6,54.0,0,1,1,0,1,0,1,1,5,16.78,Job-Ready Mid-Level
CP-1776,0.6,B.Tech/B.E,Tier 2 (Top State/Private),Full Stack Web,Tier 1 Tech Hub (Bengaluru/NCR/Hyd),0,5,58.0,0,1,1,0,0,1,1,0,4,14.04,Junior Associate
CP-1777,2.8,B.Tech/B.E,Tier 3 (Affiliated Colleges),Cloud & DevOps,Tier 1 Tech Hub (Bengaluru/NCR/Hyd),0,4,29.0,1,0,0,1,0,0,0,0,1,13.93,Junior Associate
CP-1778,2.8,B.Tech/B.E,Tier 3 (Affiliated Colleges),Data Analytics & BI,Tier 1 Tech Hub (Bengaluru/NCR/Hyd),0,2,17.0,2,1,1,1,0,0,1,1,5,20.77,Job-Ready Mid-Level
CP-1779,2.3,B.Tech/B.E,Tier 2 (Top State/Private),Data Analytics & BI,Remote Global,1,3,250.0,1,1,0,1,1,1,0,0,4,26.77,High-Demand Specialist
CP-1780,2.6,B.Tech/B.E,Tier 2 (Top State/Private),Data Science & AI/ML,Remote Global,3,9,0.0,3,0,1,0,1,0,1,0,3,27.35,High-Demand Specialist
CP-1781,1.7,M.Tech/M.S,Tier 1 (IIT/NIT/BITS),Data Science & AI/ML,Remote Global,0,3,41.0,0,1,0,1,1,0,0,0,3,21.82,Job-Ready Mid-Level
CP-1782,0.6,B.Tech/B.E,Tier 3 (Affiliated Colleges),Backend Systems,Remote Global,0,2,346.0,0,1,0,1,1,0,1,0,4,17.85,Job-Ready Mid-Level
CP-1783,0.9,B.Tech/B.E,Tier 1 (IIT/NIT/BITS),Data Science & AI/ML,Tier 1 Tech Hub (Bengaluru/NCR/Hyd),1,4,128.0,0,1,0,1,1,0,0,0,3,21.31,Job-Ready Mid-Level
CP-1784,0.4,BCA/B.Sc CS,Tier 3 (Affiliated Colleges),Backend Systems,Tier 1 Tech Hub (Bengaluru/NCR/Hyd),2,7,36.0,3,0,1,0,1,0,1,0,3,15.02,Job-Ready Mid-Level
CP-1785,5.3,BCA/B.Sc CS,Tier 2 (Top State/Private),Data Science & AI/ML,Tier 2 City,1,5,0.0,0,1,1,0,0,1,0,0,3,18.43,Job-Ready Mid-Level
CP-1786,1.9,MCA,Tier 2 (Top State/Private),Backend Systems,Tier 2 City,0,9,350.0,2,1,1,0,1,1,0,0,4,18.1,Job-Ready Mid-Level
CP-1787,1.1,BCA/B.Sc CS,Tier 3 (Affiliated Colleges),Full Stack Web,Tier 1 Tech Hub (Bengaluru/NCR/Hyd),3,4,7.0,0,0,0,1,0,1,0,0,2,15.08,Job-Ready Mid-Level
CP-1788,1.4,B.Tech/B.E,Tier 1 (IIT/NIT/BITS),Full Stack Web,Tier 1 Tech Hub (Bengaluru/NCR/Hyd),2,4,122.0,2,1,1,1,0,0,0,0,3,21.44,Job-Ready Mid-Level
CP-1789,6.5,M.Tech/M.S,Tier 2 (Top State/Private),Cloud & DevOps,Remote Global,0,3,226.0,0,1,1,1,0,0,0,1,4,37.81,High-Demand Specialist
CP-1790,0.4,B.Tech/B.E,Tier 2 (Top State/Private),Cloud & DevOps,Tier 1 Tech Hub (Bengaluru/NCR/Hyd),2,10,30.0,1,1,0,1,0,1,0,0,3,16.23,Job-Ready Mid-Level
CP-1791,1.9,B.Tech/B.E,Tier 2 (Top State/Private),Full Stack Web,Tier 1 Tech Hub (Bengaluru/NCR/Hyd),1,6,148.0,3,0,1,0,1,0,0,0,2,19.37,Job-Ready Mid-Level
CP-1792,1.6,BCA/B.Sc CS,Tier 2 (Top State/Private),Cloud & DevOps,Tier 2 City,1,8,365.0,2,1,1,0,0,0,0,0,2,12.95,Junior Associate
CP-1793,2.1,MCA,Tier 3 (Affiliated Colleges),Data Analytics & BI,Tier 2 City,1,4,147.0,2,1,1,0,1,0,0,1,4,15.27,Job-Ready Mid-Level
CP-1794,0.0,B.Tech/B.E,Tier 3 (Affiliated Colleges),Data Science & AI/ML,Tier 1 Tech Hub (Bengaluru/NCR/Hyd),2,5,39.0,0,1,0,1,0,0,1,1,4,18.13,Job-Ready Mid-Level
CP-1795,4.5,B.Tech/B.E,Tier 1 (IIT/NIT/BITS),Data Science & AI/ML,Tier 2 City,1,2,225.0,1,1,1,1,1,0,1,0,5,24.79,High-Demand Specialist
CP-1796,5.9,B.Tech/B.E,Tier 3 (Affiliated Colleges),Full Stack Web,Tier 1 Tech Hub (Bengaluru/NCR/Hyd),0,2,32.0,2,0,0,0,0,0,0,0,0,20.37,Job-Ready Mid-Level
CP-1797,1.8,B.Tech/B.E,Tier 2 (Top State/Private),Data Science & AI/ML,Tier 1 Tech Hub (Bengaluru/NCR/Hyd),3,5,,0,1,0,0,0,0,0,0,1,17.34,Job-Ready Mid-Level
CP-1798,2.6,B.Tech/B.E,Tier 2 (Top State/Private),Cloud & DevOps,Tier 1 Tech Hub (Bengaluru/NCR/Hyd),0,1,64.0,1,1,1,0,1,0,1,1,5,21.84,Job-Ready Mid-Level
CP-1799,5.6,BCA/B.Sc CS,Tier 2 (Top State/Private),Data Science & AI/ML,Tier 2 City,1,4,20.0,0,1,1,0,0,0,0,0,2,17.24,Job-Ready Mid-Level
CP-1800,2.7,B.Tech/B.E,Tier 1 (IIT/NIT/BITS),Full Stack Web,Remote Global,1,2,26.0,0,1,1,0,0,0,1,0,3,23.36,Job-Ready Mid-Level
CP-1801,0.4,Non-CS Degree,Tier 1 (IIT/NIT/BITS),Data Science & AI/ML,Tier 2 City,0,3,22.0,1,1,0,1,0,1,0,0,3,9.16,Junior Associate
CP-1802,1.9,M.Tech/M.S,Tier 3 (Affiliated Colleges),Full Stack Web,Remote Global,0,1,,0,1,1,0,1,0,0,0,3,15.02,Job-Ready Mid-Level
CP-1803,2.1,BCA/B.Sc CS,Tier 2 (Top State/Private),Data Science & AI/ML,Tier 1 Tech Hub (Bengaluru/NCR/Hyd),2,4,1.0,0,0,1,1,1,0,0,0,3,19.3,Job-Ready Mid-Level
CP-1804,1.2,MCA,Tier 1 (IIT/NIT/BITS),Data Science & AI/ML,Tier 1 Tech Hub (Bengaluru/NCR/Hyd),1,6,64.0,0,1,1,0,0,0,0,0,2,15.49,Job-Ready Mid-Level
CP-1805,2.9,B.Tech/B.E,Tier 1 (IIT/NIT/BITS),Data Science & AI/ML,Tier 1 Tech Hub (Bengaluru/NCR/Hyd),1,3,29.0,1,0,1,0,1,0,0,1,3,24.6,High-Demand Specialist
CP-1806,6.0,B.Tech/B.E,Tier 3 (Affiliated Colleges),Backend Systems,Tier 1 Tech Hub (Bengaluru/NCR/Hyd),1,6,251.0,1,1,1,1,0,0,1,0,4,32.4,High-Demand Specialist
CP-1807,5.7,BCA/B.Sc CS,Tier 3 (Affiliated Colleges),Data Science & AI/ML,Tier 2 City,1,8,140.0,0,1,1,0,1,0,1,0,4,22.47,Job-Ready Mid-Level
CP-1808,1.3,MCA,Tier 2 (Top State/Private),Cloud & DevOps,Tier 2 City,1,5,52.0,3,1,1,0,1,1,0,0,4,14.74,Junior Associate
CP-1809,0.3,M.Tech/M.S,Tier 1 (IIT/NIT/BITS),Data Science & AI/ML,Remote Global,0,4,71.0,0,1,1,0,0,0,1,0,3,18.82,Job-Ready Mid-Level
CP-1810,9.2,B.Tech/B.E,Tier 2 (Top State/Private),Data Science & AI/ML,Tier 1 Tech Hub (Bengaluru/NCR/Hyd),1,1,47.0,1,0,0,1,1,1,1,0,4,38.56,High-Demand Specialist
CP-1811,4.0,Non-CS Degree,Tier 1 (IIT/NIT/BITS),Full Stack Web,Tier 1 Tech Hub (Bengaluru/NCR/Hyd),2,3,55.0,0,0,1,0,0,1,0,1,3,28.35,High-Demand Specialist
CP-1812,0.3,B.Tech/B.E,Tier 1 (IIT/NIT/BITS),Full Stack Web,Tier 1 Tech Hub (Bengaluru/NCR/Hyd),1,6,150.0,1,0,0,1,0,1,0,0,2,16.74,Job-Ready Mid-Level
CP-1813,5.6,MCA,Tier 2 (Top State/Private),Backend Systems,Tier 1 Tech Hub (Bengaluru/NCR/Hyd),0,5,115.0,1,1,1,0,1,1,0,0,4,28.37,High-Demand Specialist
CP-1814,4.5,Non-CS Degree,Tier 2 (Top State/Private),Backend Systems,Tier 1 Tech Hub (Bengaluru/NCR/Hyd),3,8,4.0,1,1,1,0,0,0,0,0,2,22.73,Job-Ready Mid-Level
CP-1815,1.6,B.Tech/B.E,Tier 2 (Top State/Private),Data Analytics & BI,Tier 1 Tech Hub (Bengaluru/NCR/Hyd),2,4,136.0,1,1,1,0,0,0,1,1,4,20.89,Job-Ready Mid-Level
CP-1816,2.0,M.Tech/M.S,Tier 2 (Top State/Private),Cloud & DevOps,Tier 1 Tech Hub (Bengaluru/NCR/Hyd),0,10,121.0,2,0,0,1,0,0,0,0,1,15.97,Job-Ready Mid-Level
CP-1817,1.1,B.Tech/B.E,Tier 3 (Affiliated Colleges),Full Stack Web,Tier 1 Tech Hub (Bengaluru/NCR/Hyd),3,3,66.0,0,1,1,0,1,1,1,1,6,24.2,High-Demand Specialist
CP-1818,0.1,B.Tech/B.E,Tier 3 (Affiliated Colleges),Full Stack Web,Tier 1 Tech Hub (Bengaluru/NCR/Hyd),1,5,22.0,1,0,0,0,0,0,0,0,0,8.21,Entry-Level Learner
CP-1819,0.9,B.Tech/B.E,Tier 2 (Top State/Private),Backend Systems,Tier 1 Tech Hub (Bengaluru/NCR/Hyd),0,1,30.0,0,1,0,0,0,0,1,0,2,12.05,Junior Associate
CP-1820,3.6,BCA/B.Sc CS,Tier 2 (Top State/Private),Cloud & DevOps,Tier 1 Tech Hub (Bengaluru/NCR/Hyd),0,3,25.0,2,0,1,0,1,1,0,1,4,22.12,Job-Ready Mid-Level
CP-1821,0.0,Non-CS Degree,Tier 2 (Top State/Private),Cloud & DevOps,Tier 1 Tech Hub (Bengaluru/NCR/Hyd),1,4,61.0,1,1,1,0,0,0,1,0,3,10.65,Junior Associate
CP-1822,0.9,BCA/B.Sc CS,Tier 2 (Top State/Private),Data Science & AI/ML,Tier 1 Tech Hub (Bengaluru/NCR/Hyd),2,7,28.0,0,0,1,0,0,0,0,1,2,17.08,Job-Ready Mid-Level
CP-1823,1.1,B.Tech/B.E,Tier 3 (Affiliated Colleges),Data Science & AI/ML,Tier 1 Tech Hub (Bengaluru/NCR/Hyd),0,1,15.0,1,1,0,1,1,0,0,0,3,11.95,Junior Associate
CP-1824,1.7,M.Tech/M.S,Tier 2 (Top State/Private),Backend Systems,Tier 1 Tech Hub (Bengaluru/NCR/Hyd),0,1,0.0,2,1,1,1,1,0,1,1,6,22.21,Job-Ready Mid-Level
CP-1825,5.6,Non-CS Degree,Tier 3 (Affiliated Colleges),Full Stack Web,Tier 1 Tech Hub (Bengaluru/NCR/Hyd),0,4,1.0,0,1,1,0,0,0,0,0,2,18.52,Job-Ready Mid-Level
CP-1826,0.9,B.Tech/B.E,Tier 3 (Affiliated Colleges),Full Stack Web,Tier 1 Tech Hub (Bengaluru/NCR/Hyd),1,4,0.0,1,1,0,1,0,1,1,1,5,18.3,Job-Ready Mid-Level
CP-1827,0.9,Non-CS Degree,Tier 2 (Top State/Private),Data Science & AI/ML,Tier 2 City,0,5,59.0,1,0,1,0,1,0,1,0,3,12.32,Junior Associate
CP-1828,2.9,B.Tech/B.E,Tier 2 (Top State/Private),Data Analytics & BI,Tier 2 City,0,4,0.0,0,1,1,0,1,0,0,0,3,14.08,Junior Associate
CP-1829,1.3,M.Tech/M.S,Tier 1 (IIT/NIT/BITS),Data Science & AI/ML,Tier 2 City,1,4,24.0,1,0,1,1,1,0,0,1,4,18.36,Job-Ready Mid-Level
CP-1830,0.6,B.Tech/B.E,Tier 2 (Top State/Private),Data Analytics & BI,Tier 1 Tech Hub (Bengaluru/NCR/Hyd),2,5,141.0,0,1,0,0,0,0,0,0,1,12.32,Junior Associate
CP-1831,1.3,B.Tech/B.E,Tier 2 (Top State/Private),Data Science & AI/ML,Tier 1 Tech Hub (Bengaluru/NCR/Hyd),1,2,141.0,2,1,1,1,0,0,1,0,4,16.77,Job-Ready Mid-Level
CP-1832,0.3,B.Tech/B.E,Tier 2 (Top State/Private),Backend Systems,Tier 2 City,1,2,34.0,1,1,1,0,1,1,1,0,5,13.69,Junior Associate
CP-1833,0.4,BCA/B.Sc CS,Tier 3 (Affiliated Colleges),Data Analytics & BI,Tier 1 Tech Hub (Bengaluru/NCR/Hyd),1,5,36.0,2,1,1,1,1,0,1,0,5,15.91,Job-Ready Mid-Level
CP-1834,1.5,B.Tech/B.E,Tier 1 (IIT/NIT/BITS),Data Science & AI/ML,Tier 2 City,1,7,221.0,0,1,0,1,1,0,0,0,3,17.04,Job-Ready Mid-Level
CP-1835,1.2,B.Tech/B.E,Tier 2 (Top State/Private),Cloud & DevOps,Tier 1 Tech Hub (Bengaluru/NCR/Hyd),3,7,150.0,0,1,1,0,1,0,0,0,3,18.45,Job-Ready Mid-Level
CP-1836,5.4,BCA/B.Sc CS,Tier 3 (Affiliated Colleges),Full Stack Web,Tier 1 Tech Hub (Bengaluru/NCR/Hyd),2,8,50.0,0,1,1,0,0,0,0,0,2,23.68,Job-Ready Mid-Level
CP-1837,1.0,MCA,Tier 3 (Affiliated Colleges),Data Science & AI/ML,Tier 2 City,0,5,109.0,1,1,0,0,0,1,0,0,2,8.44,Entry-Level Learner
CP-1838,1.9,B.Tech/B.E,Tier 2 (Top State/Private),Data Analytics & BI,Tier 1 Tech Hub (Bengaluru/NCR/Hyd),1,5,29.0,2,1,1,1,0,1,0,0,4,17.74,Job-Ready Mid-Level
CP-1839,2.2,B.Tech/B.E,Tier 3 (Affiliated Colleges),Full Stack Web,Tier 1 Tech Hub (Bengaluru/NCR/Hyd),1,3,62.0,2,1,0,1,1,1,0,1,5,21.59,Job-Ready Mid-Level
CP-1840,0.0,B.Tech/B.E,Tier 2 (Top State/Private),Full Stack Web,Tier 1 Tech Hub (Bengaluru/NCR/Hyd),1,4,381.0,1,1,1,1,1,0,1,0,5,19.39,Job-Ready Mid-Level
CP-1841,2.4,B.Tech/B.E,Tier 2 (Top State/Private),Data Science & AI/ML,Tier 1 Tech Hub (Bengaluru/NCR/Hyd),1,2,51.0,1,1,1,1,0,0,0,1,4,18.35,Job-Ready Mid-Level
CP-1842,0.4,MCA,Tier 1 (IIT/NIT/BITS),Full Stack Web,Tier 1 Tech Hub (Bengaluru/NCR/Hyd),2,4,209.0,3,1,1,0,0,0,0,1,3,20.42,Job-Ready Mid-Level
CP-1843,7.1,MCA,Tier 2 (Top State/Private),Backend Systems,Tier 1 Tech Hub (Bengaluru/NCR/Hyd),2,5,32.0,2,0,0,0,1,0,1,0,2,33.52,High-Demand Specialist
CP-1844,0.4,BCA/B.Sc CS,Tier 3 (Affiliated Colleges),Full Stack Web,Tier 2 City,1,3,55.0,1,1,1,0,0,0,1,0,3,10.8,Junior Associate
CP-1845,1.2,B.Tech/B.E,Tier 3 (Affiliated Colleges),Backend Systems,Tier 2 City,2,5,57.0,1,0,1,0,1,1,0,0,3,14.2,Junior Associate
CP-1846,0.2,M.Tech/M.S,Tier 3 (Affiliated Colleges),Backend Systems,Tier 1 Tech Hub (Bengaluru/NCR/Hyd),2,4,125.0,1,1,0,1,1,0,1,0,4,20.03,Job-Ready Mid-Level
CP-1847,9.5,BCA/B.Sc CS,Tier 2 (Top State/Private),Data Science & AI/ML,Remote Global,2,5,19.0,1,0,0,1,0,1,1,0,3,44.33,High-Demand Specialist
CP-1848,1.5,MCA,Tier 1 (IIT/NIT/BITS),Data Science & AI/ML,Tier 1 Tech Hub (Bengaluru/NCR/Hyd),3,5,125.0,2,1,1,1,1,0,0,0,4,25.29,High-Demand Specialist
CP-1849,2.0,BCA/B.Sc CS,Tier 1 (IIT/NIT/BITS),Backend Systems,Tier 1 Tech Hub (Bengaluru/NCR/Hyd),0,1,119.0,0,1,1,0,0,1,0,0,3,17.27,Job-Ready Mid-Level
CP-1850,0.2,M.Tech/M.S,Tier 2 (Top State/Private),Full Stack Web,Tier 2 City,0,4,60.0,1,0,1,0,0,1,1,1,4,14.31,Junior Associate
CP-1851,3.0,BCA/B.Sc CS,Tier 3 (Affiliated Colleges),Data Science & AI/ML,Tier 2 City,2,3,0.0,1,1,0,0,1,1,1,1,5,19.21,Job-Ready Mid-Level
CP-1852,0.5,B.Tech/B.E,Tier 3 (Affiliated Colleges),Data Science & AI/ML,Tier 2 City,2,8,14.0,1,1,1,0,0,0,0,1,3,10.94,Junior Associate
CP-1853,5.0,Non-CS Degree,Tier 2 (Top State/Private),Cloud & DevOps,Tier 1 Tech Hub (Bengaluru/NCR/Hyd),2,5,132.0,1,1,0,0,0,1,0,0,2,24.13,High-Demand Specialist
CP-1854,0.5,B.Tech/B.E,Tier 2 (Top State/Private),Data Analytics & BI,Tier 1 Tech Hub (Bengaluru/NCR/Hyd),0,3,221.0,0,0,1,0,0,1,0,1,3,17.78,Job-Ready Mid-Level
CP-1855,0.5,BCA/B.Sc CS,Tier 2 (Top State/Private),Data Science & AI/ML,Remote Global,1,6,68.0,1,1,1,0,0,0,0,0,2,12.04,Junior Associate
CP-1856,0.1,B.Tech/B.E,Tier 2 (Top State/Private),Data Science & AI/ML,Tier 1 Tech Hub (Bengaluru/NCR/Hyd),0,4,44.0,1,0,1,0,0,0,0,0,1,9.12,Junior Associate
CP-1857,1.4,BCA/B.Sc CS,Tier 2 (Top State/Private),Backend Systems,Tier 2 City,1,7,24.0,0,1,1,1,1,1,0,0,5,13.96,Junior Associate
CP-1858,1.8,BCA/B.Sc CS,Tier 1 (IIT/NIT/BITS),Data Analytics & BI,Tier 1 Tech Hub (Bengaluru/NCR/Hyd),0,2,53.0,3,1,1,1,0,0,0,0,3,17.14,Job-Ready Mid-Level
CP-1859,0.1,B.Tech/B.E,Tier 2 (Top State/Private),Cloud & DevOps,Tier 2 City,0,4,29.0,1,1,0,1,0,0,0,0,2,8.11,Entry-Level Learner
CP-1860,3.3,B.Tech/B.E,Tier 1 (IIT/NIT/BITS),Data Analytics & BI,Tier 1 Tech Hub (Bengaluru/NCR/Hyd),0,9,129.0,2,1,1,1,1,1,0,0,5,26.46,High-Demand Specialist
CP-1861,1.3,BCA/B.Sc CS,Tier 2 (Top State/Private),Full Stack Web,Tier 1 Tech Hub (Bengaluru/NCR/Hyd),1,3,344.0,0,1,0,1,0,0,0,1,3,19.02,Job-Ready Mid-Level
CP-1862,1.6,M.Tech/M.S,Tier 1 (IIT/NIT/BITS),Data Analytics & BI,Tier 1 Tech Hub (Bengaluru/NCR/Hyd),1,2,123.0,1,1,0,1,0,0,1,0,3,21.1,Job-Ready Mid-Level
CP-1863,1.3,B.Tech/B.E,Tier 3 (Affiliated Colleges),Full Stack Web,Tier 2 City,0,3,25.0,1,1,1,1,0,1,0,0,4,10.31,Junior Associate
CP-1864,1.1,B.Tech/B.E,Tier 2 (Top State/Private),Data Science & AI/ML,Tier 2 City,0,3,72.0,0,1,1,1,0,0,0,1,4,10.34,Junior Associate
CP-1865,1.8,BCA/B.Sc CS,Tier 3 (Affiliated Colleges),Data Analytics & BI,Tier 1 Tech Hub (Bengaluru/NCR/Hyd),0,1,0.0,0,1,0,1,1,0,0,0,3,12.19,Junior Associate
CP-1866,0.4,B.Tech/B.E,Tier 2 (Top State/Private),Full Stack Web,Tier 2 City,3,8,31.0,0,1,1,0,0,0,0,0,2,9.27,Junior Associate
CP-1867,0.4,B.Tech/B.E,Tier 2 (Top State/Private),Backend Systems,Tier 1 Tech Hub (Bengaluru/NCR/Hyd),0,3,18.0,0,0,1,1,0,0,1,0,3,12.44,Junior Associate
CP-1868,4.4,B.Tech/B.E,Tier 2 (Top State/Private),Full Stack Web,Tier 1 Tech Hub (Bengaluru/NCR/Hyd),0,5,38.0,0,0,0,0,0,0,0,1,1,22.08,Job-Ready Mid-Level
CP-1869,6.4,B.Tech/B.E,Tier 1 (IIT/NIT/BITS),Backend Systems,Tier 1 Tech Hub (Bengaluru/NCR/Hyd),2,6,129.0,1,1,1,1,1,0,0,1,5,39.78,High-Demand Specialist
CP-1870,1.0,B.Tech/B.E,Tier 3 (Affiliated Colleges),Backend Systems,Tier 1 Tech Hub (Bengaluru/NCR/Hyd),1,6,50.0,0,0,0,1,1,1,0,0,3,16.21,Job-Ready Mid-Level
CP-1871,0.7,B.Tech/B.E,Tier 1 (IIT/NIT/BITS),Data Science & AI/ML,Tier 1 Tech Hub (Bengaluru/NCR/Hyd),1,4,225.0,2,0,1,0,0,0,0,1,2,20.62,Job-Ready Mid-Level
CP-1872,2.3,B.Tech/B.E,Tier 3 (Affiliated Colleges),Data Analytics & BI,Tier 1 Tech Hub (Bengaluru/NCR/Hyd),1,2,0.0,1,1,1,0,0,0,0,0,2,11.59,Junior Associate
CP-1873,1.2,B.Tech/B.E,Tier 3 (Affiliated Colleges),Full Stack Web,Tier 2 City,3,6,34.0,0,1,0,0,0,0,0,0,1,9.93,Junior Associate
CP-1874,0.1,B.Tech/B.E,Tier 2 (Top State/Private),Backend Systems,Tier 2 City,0,4,56.0,0,1,1,1,0,0,0,0,3,7.35,Entry-Level Learner
CP-1875,0.4,B.Tech/B.E,Tier 2 (Top State/Private),Full Stack Web,Tier 2 City,3,6,28.0,2,0,0,1,1,1,0,0,3,14.5,Junior Associate
CP-1876,2.8,B.Tech/B.E,Tier 3 (Affiliated Colleges),Data Analytics & BI,Tier 1 Tech Hub (Bengaluru/NCR/Hyd),2,4,379.0,2,0,1,1,0,0,0,1,3,24.19,High-Demand Specialist
CP-1877,2.4,MCA,Tier 2 (Top State/Private),Full Stack Web,Remote Global,1,7,44.0,0,1,0,1,0,0,1,0,3,22.6,Job-Ready Mid-Level
CP-1878,0.1,B.Tech/B.E,Tier 3 (Affiliated Colleges),Data Science & AI/ML,Tier 2 City,1,3,343.0,1,1,0,0,0,0,1,1,3,12.61,Junior Associate
CP-1879,0.6,B.Tech/B.E,Tier 1 (IIT/NIT/BITS),Data Science & AI/ML,Tier 1 Tech Hub (Bengaluru/NCR/Hyd),1,5,58.0,3,1,1,0,1,1,1,0,5,21.65,Job-Ready Mid-Level
CP-1880,0.6,B.Tech/B.E,Tier 1 (IIT/NIT/BITS),Full Stack Web,Tier 2 City,0,2,15.0,3,1,0,1,0,0,0,1,3,11.09,Junior Associate
CP-1881,2.5,B.Tech/B.E,Tier 2 (Top State/Private),Data Analytics & BI,Tier 1 Tech Hub (Bengaluru/NCR/Hyd),0,7,3.0,0,1,1,1,0,0,0,0,3,14.69,Junior Associate
CP-1882,0.0,BCA/B.Sc CS,Tier 2 (Top State/Private),Cloud & DevOps,Tier 1 Tech Hub (Bengaluru/NCR/Hyd),3,10,251.0,1,1,0,0,1,0,0,0,2,15.11,Job-Ready Mid-Level
CP-1883,0.2,BCA/B.Sc CS,Tier 3 (Affiliated Colleges),Cloud & DevOps,Tier 1 Tech Hub (Bengaluru/NCR/Hyd),1,3,15.0,1,1,1,1,1,0,0,0,4,9.09,Junior Associate
CP-1884,3.5,MCA,Tier 1 (IIT/NIT/BITS),Full Stack Web,Tier 1 Tech Hub (Bengaluru/NCR/Hyd),1,6,364.0,0,1,0,1,0,1,0,0,3,27.55,High-Demand Specialist
CP-1885,0.4,BCA/B.Sc CS,Tier 3 (Affiliated Colleges),Full Stack Web,Remote Global,2,5,71.0,2,0,1,1,1,1,1,0,5,22.93,Job-Ready Mid-Level
CP-1886,2.3,Non-CS Degree,Tier 2 (Top State/Private),Data Science & AI/ML,Tier 1 Tech Hub (Bengaluru/NCR/Hyd),1,4,8.0,1,1,1,1,0,0,0,1,4,17.45,Job-Ready Mid-Level
CP-1887,0.6,B.Tech/B.E,Tier 2 (Top State/Private),Data Analytics & BI,Tier 1 Tech Hub (Bengaluru/NCR/Hyd),0,1,137.0,1,1,1,0,0,0,0,1,3,12.14,Junior Associate
CP-1888,0.2,B.Tech/B.E,Tier 2 (Top State/Private),Backend Systems,Remote Global,1,3,2.0,0,1,1,0,1,1,0,0,4,14.79,Junior Associate
CP-1889,0.6,B.Tech/B.E,Tier 2 (Top State/Private),Full Stack Web,Remote Global,1,5,5.0,0,1,1,0,1,0,0,0,3,15.03,Job-Ready Mid-Level
CP-1890,2.8,B.Tech/B.E,Tier 1 (IIT/NIT/BITS),Data Science & AI/ML,Tier 2 City,0,5,235.0,0,1,1,0,1,1,1,1,6,23.81,Job-Ready Mid-Level
CP-1891,4.3,B.Tech/B.E,Tier 2 (Top State/Private),Data Science & AI/ML,Tier 1 Tech Hub (Bengaluru/NCR/Hyd),3,5,63.0,2,0,1,0,0,1,1,0,3,29.1,High-Demand Specialist
CP-1892,3.9,BCA/B.Sc CS,Tier 3 (Affiliated Colleges),Cloud & DevOps,Tier 1 Tech Hub (Bengaluru/NCR/Hyd),0,2,66.0,0,1,1,1,0,0,1,0,4,20.74,Job-Ready Mid-Level
CP-1893,1.1,B.Tech/B.E,Tier 2 (Top State/Private),Cloud & DevOps,Tier 2 City,1,1,25.0,0,0,0,1,1,1,0,0,3,12.1,Junior Associate
CP-1894,2.4,Non-CS Degree,Tier 2 (Top State/Private),Data Analytics & BI,Tier 1 Tech Hub (Bengaluru/NCR/Hyd),0,5,27.0,0,1,1,1,0,1,0,0,4,14.94,Junior Associate
CP-1895,0.5,MCA,Tier 3 (Affiliated Colleges),Data Science & AI/ML,Tier 1 Tech Hub (Bengaluru/NCR/Hyd),1,3,28.0,0,1,1,0,0,0,0,0,2,7.82,Entry-Level Learner
CP-1896,0.8,B.Tech/B.E,Tier 3 (Affiliated Colleges),Data Analytics & BI,Tier 1 Tech Hub (Bengaluru/NCR/Hyd),1,3,50.0,1,1,0,1,1,0,0,0,3,12.97,Junior Associate
CP-1897,5.0,B.Tech/B.E,Tier 2 (Top State/Private),Cloud & DevOps,Tier 1 Tech Hub (Bengaluru/NCR/Hyd),1,5,137.0,1,0,1,0,1,0,0,0,2,24.91,High-Demand Specialist
CP-1898,0.0,B.Tech/B.E,Tier 2 (Top State/Private),Full Stack Web,Tier 1 Tech Hub (Bengaluru/NCR/Hyd),2,8,68.0,2,1,1,0,1,1,0,0,4,16.28,Job-Ready Mid-Level
CP-1899,0.2,B.Tech/B.E,Tier 3 (Affiliated Colleges),Full Stack Web,Tier 1 Tech Hub (Bengaluru/NCR/Hyd),0,1,137.0,1,1,0,1,0,0,0,0,2,8.84,Entry-Level Learner
CP-1900,0.5,B.Tech/B.E,Tier 2 (Top State/Private),Data Science & AI/ML,Tier 1 Tech Hub (Bengaluru/NCR/Hyd),2,4,33.0,0,1,1,1,1,1,0,0,5,17.92,Job-Ready Mid-Level
CP-1901,0.1,B.Tech/B.E,Tier 2 (Top State/Private),Full Stack Web,Tier 1 Tech Hub (Bengaluru/NCR/Hyd),1,2,4.0,0,1,1,1,0,0,0,0,3,10.19,Junior Associate
CP-1902,0.4,B.Tech/B.E,Tier 2 (Top State/Private),Backend Systems,Tier 1 Tech Hub (Bengaluru/NCR/Hyd),3,5,25.0,1,1,1,1,0,0,1,0,4,16.93,Job-Ready Mid-Level
CP-1903,1.9,B.Tech/B.E,Tier 3 (Affiliated Colleges),Full Stack Web,Tier 1 Tech Hub (Bengaluru/NCR/Hyd),1,3,112.0,1,1,1,1,0,1,0,1,5,19.67,Job-Ready Mid-Level
CP-1904,1.2,Non-CS Degree,Tier 1 (IIT/NIT/BITS),Data Analytics & BI,Tier 2 City,0,1,140.0,1,1,1,1,0,0,0,1,4,13.59,Junior Associate
CP-1905,4.9,BCA/B.Sc CS,Tier 3 (Affiliated Colleges),Cloud & DevOps,Tier 2 City,0,4,0.0,1,1,1,1,1,0,0,0,4,16.07,Job-Ready Mid-Level
CP-1906,3.7,Non-CS Degree,Tier 1 (IIT/NIT/BITS),Data Science & AI/ML,Tier 1 Tech Hub (Bengaluru/NCR/Hyd),2,4,15.0,0,1,0,1,0,0,1,0,3,24.26,High-Demand Specialist
CP-1907,0.9,B.Tech/B.E,Tier 3 (Affiliated Colleges),Cloud & DevOps,Tier 1 Tech Hub (Bengaluru/NCR/Hyd),2,4,126.0,1,0,0,1,1,0,0,0,2,15.21,Job-Ready Mid-Level
CP-1908,0.7,B.Tech/B.E,Tier 2 (Top State/Private),Full Stack Web,Tier 1 Tech Hub (Bengaluru/NCR/Hyd),0,1,246.0,0,1,1,0,1,0,1,1,5,19.04,Job-Ready Mid-Level
CP-1909,1.1,BCA/B.Sc CS,Tier 2 (Top State/Private),Full Stack Web,Tier 1 Tech Hub (Bengaluru/NCR/Hyd),1,4,154.0,0,1,1,0,0,0,0,0,2,13.06,Junior Associate
CP-1910,2.0,B.Tech/B.E,Tier 3 (Affiliated Colleges),Data Science & AI/ML,Tier 1 Tech Hub (Bengaluru/NCR/Hyd),1,6,,0,1,1,0,0,0,0,1,3,17.62,Job-Ready Mid-Level
CP-1911,0.7,B.Tech/B.E,Tier 2 (Top State/Private),Full Stack Web,Tier 1 Tech Hub (Bengaluru/NCR/Hyd),3,5,43.0,1,0,1,1,0,0,0,1,3,17.69,Job-Ready Mid-Level
CP-1912,2.2,BCA/B.Sc CS,Tier 2 (Top State/Private),Data Science & AI/ML,Tier 2 City,3,5,124.0,0,1,0,0,0,0,1,0,2,16.91,Job-Ready Mid-Level
CP-1913,1.2,BCA/B.Sc CS,Tier 1 (IIT/NIT/BITS),Data Science & AI/ML,Tier 2 City,3,9,47.0,0,0,1,1,0,0,1,0,3,18.36,Job-Ready Mid-Level
CP-1914,1.8,B.Tech/B.E,Tier 1 (IIT/NIT/BITS),Full Stack Web,Tier 1 Tech Hub (Bengaluru/NCR/Hyd),2,3,48.0,0,1,0,1,1,0,0,1,4,22.36,Job-Ready Mid-Level
CP-1915,1.3,B.Tech/B.E,Tier 2 (Top State/Private),Full Stack Web,Tier 1 Tech Hub (Bengaluru/NCR/Hyd),2,6,67.0,0,0,1,0,0,1,0,1,3,21.2,Job-Ready Mid-Level
CP-1916,0.8,B.Tech/B.E,Tier 3 (Affiliated Colleges),Backend Systems,Tier 2 City,0,4,8.0,3,0,0,1,0,0,1,0,2,7.91,Entry-Level Learner
CP-1917,6.5,B.Tech/B.E,Tier 1 (IIT/NIT/BITS),Full Stack Web,Tier 1 Tech Hub (Bengaluru/NCR/Hyd),2,6,370.0,2,1,0,0,0,0,0,1,2,36.53,High-Demand Specialist
CP-1918,3.2,B.Tech/B.E,Tier 1 (IIT/NIT/BITS),Data Analytics & BI,Tier 2 City,1,2,213.0,2,1,1,0,0,1,0,0,3,20.12,Job-Ready Mid-Level
CP-1919,0.3,B.Tech/B.E,Tier 2 (Top State/Private),Full Stack Web,Tier 1 Tech Hub (Bengaluru/NCR/Hyd),3,7,64.0,1,1,1,0,0,1,0,0,3,16.19,Job-Ready Mid-Level
CP-1920,4.5,B.Tech/B.E,Tier 3 (Affiliated Colleges),Cloud & DevOps,Tier 2 City,1,4,0.0,3,0,1,1,1,1,0,0,4,19.52,Job-Ready Mid-Level
CP-1921,1.5,Non-CS Degree,Tier 3 (Affiliated Colleges),Data Science & AI/ML,Remote Global,0,3,131.0,1,1,1,0,1,0,1,0,4,18.21,Job-Ready Mid-Level
CP-1922,4.9,BCA/B.Sc CS,Tier 2 (Top State/Private),Backend Systems,Remote Global,1,6,69.0,0,0,1,1,0,0,0,0,2,29.03,High-Demand Specialist
CP-1923,3.5,M.Tech/M.S,Tier 1 (IIT/NIT/BITS),Full Stack Web,Tier 1 Tech Hub (Bengaluru/NCR/Hyd),1,6,21.0,1,1,1,0,0,0,1,0,3,24.48,High-Demand Specialist
CP-1924,1.2,B.Tech/B.E,Tier 3 (Affiliated Colleges),Data Analytics & BI,Tier 1 Tech Hub (Bengaluru/NCR/Hyd),0,2,37.0,1,1,0,0,1,0,0,0,2,11.74,Junior Associate
CP-1925,0.0,B.Tech/B.E,Tier 2 (Top State/Private),Full Stack Web,Tier 1 Tech Hub (Bengaluru/NCR/Hyd),1,2,26.0,1,1,1,0,1,0,0,1,4,13.12,Junior Associate
CP-1926,0.7,B.Tech/B.E,Tier 3 (Affiliated Colleges),Data Science & AI/ML,Remote Global,1,4,0.0,2,0,1,0,1,0,1,0,3,15.58,Job-Ready Mid-Level
CP-1927,1.7,B.Tech/B.E,Tier 3 (Affiliated Colleges),Cloud & DevOps,Tier 1 Tech Hub (Bengaluru/NCR/Hyd),1,2,65.0,1,1,0,1,0,0,1,0,3,15.78,Job-Ready Mid-Level
CP-1928,2.2,B.Tech/B.E,Tier 3 (Affiliated Colleges),Data Science & AI/ML,Tier 1 Tech Hub (Bengaluru/NCR/Hyd),1,4,17.0,1,0,1,0,1,0,0,0,2,16.68,Job-Ready Mid-Level
CP-1929,0.7,M.Tech/M.S,Tier 2 (Top State/Private),Full Stack Web,Tier 1 Tech Hub (Bengaluru/NCR/Hyd),0,5,227.0,0,1,0,1,1,0,1,0,4,20.76,Job-Ready Mid-Level
CP-1930,0.3,BCA/B.Sc CS,Tier 3 (Affiliated Colleges),Data Science & AI/ML,Tier 1 Tech Hub (Bengaluru/NCR/Hyd),3,8,218.0,2,0,1,1,1,1,0,0,4,19.62,Job-Ready Mid-Level
CP-1931,4.0,B.Tech/B.E,Tier 3 (Affiliated Colleges),Cloud & DevOps,Tier 1 Tech Hub (Bengaluru/NCR/Hyd),2,3,143.0,0,1,1,0,1,0,1,0,4,25.45,High-Demand Specialist
CP-1932,9.2,B.Tech/B.E,Tier 2 (Top State/Private),Backend Systems,Tier 1 Tech Hub (Bengaluru/NCR/Hyd),0,4,73.0,3,0,1,1,1,1,0,0,4,36.38,High-Demand Specialist
CP-1933,1.6,Non-CS Degree,Tier 2 (Top State/Private),Full Stack Web,Tier 1 Tech Hub (Bengaluru/NCR/Hyd),2,3,54.0,1,1,1,0,1,1,0,0,4,17.9,Job-Ready Mid-Level
CP-1934,0.4,B.Tech/B.E,Tier 2 (Top State/Private),Data Analytics & BI,Tier 1 Tech Hub (Bengaluru/NCR/Hyd),1,3,150.0,1,1,1,1,0,1,0,0,4,16.01,Job-Ready Mid-Level
CP-1935,0.7,B.Tech/B.E,Tier 1 (IIT/NIT/BITS),Full Stack Web,Remote Global,0,2,253.0,0,1,1,0,0,0,0,0,2,18.61,Job-Ready Mid-Level
CP-1936,0.0,B.Tech/B.E,Tier 2 (Top State/Private),Full Stack Web,Tier 2 City,1,2,18.0,0,0,1,0,1,0,1,0,3,9.39,Junior Associate
CP-1937,5.4,M.Tech/M.S,Tier 2 (Top State/Private),Backend Systems,Tier 2 City,1,3,33.0,1,1,1,0,0,0,0,0,2,21.39,Job-Ready Mid-Level
CP-1938,0.3,Non-CS Degree,Tier 2 (Top State/Private),Backend Systems,Tier 1 Tech Hub (Bengaluru/NCR/Hyd),1,2,39.0,0,0,1,0,0,0,0,1,2,10.21,Junior Associate
CP-1939,1.9,B.Tech/B.E,Tier 2 (Top State/Private),Data Analytics & BI,Tier 2 City,2,6,48.0,0,1,1,0,1,0,1,0,4,15.61,Job-Ready Mid-Level
CP-1940,0.7,MCA,Tier 2 (Top State/Private),Full Stack Web,Tier 1 Tech Hub (Bengaluru/NCR/Hyd),1,4,72.0,0,1,1,1,0,0,0,1,4,16.08,Job-Ready Mid-Level
CP-1941,1.8,MCA,Tier 3 (Affiliated Colleges),Full Stack Web,Tier 1 Tech Hub (Bengaluru/NCR/Hyd),0,3,375.0,0,1,0,0,1,0,0,0,2,16.18,Job-Ready Mid-Level
CP-1942,2.3,B.Tech/B.E,Tier 3 (Affiliated Colleges),Data Science & AI/ML,Tier 1 Tech Hub (Bengaluru/NCR/Hyd),3,9,49.0,0,1,1,0,1,0,1,0,4,22.88,Job-Ready Mid-Level
CP-1943,3.9,B.Tech/B.E,Tier 2 (Top State/Private),Full Stack Web,Tier 1 Tech Hub (Bengaluru/NCR/Hyd),0,5,60.0,1,0,0,1,1,0,1,0,3,24.86,High-Demand Specialist
CP-1944,0.5,B.Tech/B.E,Tier 2 (Top State/Private),Full Stack Web,Tier 1 Tech Hub (Bengaluru/NCR/Hyd),1,2,366.0,3,1,1,1,0,1,1,0,5,21.05,Job-Ready Mid-Level
CP-1945,0.0,Non-CS Degree,Tier 1 (IIT/NIT/BITS),Data Analytics & BI,Remote Global,0,1,71.0,2,0,1,0,1,0,1,1,4,21.03,Job-Ready Mid-Level
CP-1946,0.3,B.Tech/B.E,Tier 3 (Affiliated Colleges),Backend Systems,Tier 1 Tech Hub (Bengaluru/NCR/Hyd),0,1,225.0,2,1,1,1,0,1,0,0,4,13.94,Junior Associate
CP-1947,5.1,M.Tech/M.S,Tier 3 (Affiliated Colleges),Full Stack Web,Tier 1 Tech Hub (Bengaluru/NCR/Hyd),1,5,26.0,1,1,1,1,0,0,0,1,4,25.5,High-Demand Specialist
CP-1948,4.6,B.Tech/B.E,Tier 3 (Affiliated Colleges),Data Science & AI/ML,Tier 1 Tech Hub (Bengaluru/NCR/Hyd),0,2,373.0,0,1,1,1,1,0,1,0,5,27.84,High-Demand Specialist
CP-1949,2.0,M.Tech/M.S,Tier 2 (Top State/Private),Backend Systems,Tier 1 Tech Hub (Bengaluru/NCR/Hyd),1,4,0.0,0,1,1,1,0,0,0,0,3,16.07,Job-Ready Mid-Level
CP-1950,2.0,B.Tech/B.E,Tier 3 (Affiliated Colleges),Data Science & AI/ML,Tier 1 Tech Hub (Bengaluru/NCR/Hyd),0,1,,0,1,1,0,1,0,0,1,4,20.12,Job-Ready Mid-Level
CP-1951,2.4,BCA/B.Sc CS,Tier 1 (IIT/NIT/BITS),Cloud & DevOps,Tier 1 Tech Hub (Bengaluru/NCR/Hyd),1,4,9.0,0,1,1,0,0,0,0,1,3,21.28,Job-Ready Mid-Level
CP-1952,0.4,MCA,Tier 3 (Affiliated Colleges),Data Science & AI/ML,Tier 2 City,1,5,26.0,0,0,1,0,0,1,0,1,3,11.73,Junior Associate
CP-1953,5.4,M.Tech/M.S,Tier 1 (IIT/NIT/BITS),Full Stack Web,Tier 1 Tech Hub (Bengaluru/NCR/Hyd),0,2,55.0,2,1,0,1,1,0,0,0,3,27.78,High-Demand Specialist
CP-1954,1.2,MCA,Tier 3 (Affiliated Colleges),Backend Systems,Tier 1 Tech Hub (Bengaluru/NCR/Hyd),2,6,54.0,1,0,1,0,0,0,0,0,1,13.99,Junior Associate
CP-1955,1.1,B.Tech/B.E,Tier 2 (Top State/Private),Data Science & AI/ML,Tier 2 City,0,9,39.0,3,1,1,0,1,0,0,0,3,11.62,Junior Associate
CP-1956,1.6,BCA/B.Sc CS,Tier 3 (Affiliated Colleges),Full Stack Web,Remote Global,0,4,352.0,0,1,1,0,1,0,1,0,4,20.66,Job-Ready Mid-Level
CP-1957,0.1,B.Tech/B.E,Tier 3 (Affiliated Colleges),Full Stack Web,Tier 2 City,1,5,56.0,1,1,1,0,0,0,0,0,2,6.35,Entry-Level Learner
CP-1958,0.4,B.Tech/B.E,Tier 1 (IIT/NIT/BITS),Backend Systems,Tier 2 City,1,5,118.0,1,0,1,0,0,0,0,0,1,12.08,Junior Associate
CP-1959,2.9,B.Tech/B.E,Tier 1 (IIT/NIT/BITS),Backend Systems,Tier 1 Tech Hub (Bengaluru/NCR/Hyd),1,4,2.0,1,1,0,1,0,0,0,0,2,19.46,Job-Ready Mid-Level
CP-1960,0.2,B.Tech/B.E,Tier 3 (Affiliated Colleges),Data Science & AI/ML,Tier 1 Tech Hub (Bengaluru/NCR/Hyd),0,1,239.0,0,1,1,0,0,1,1,0,4,14.92,Junior Associate
CP-1961,2.0,B.Tech/B.E,Tier 2 (Top State/Private),Data Science & AI/ML,Tier 2 City,2,6,46.0,2,1,1,1,1,1,0,0,5,16.88,Job-Ready Mid-Level
CP-1962,0.6,Non-CS Degree,Tier 1 (IIT/NIT/BITS),Cloud & DevOps,Remote Global,1,2,348.0,0,1,1,0,0,1,0,0,3,20.89,Job-Ready Mid-Level
CP-1963,1.1,B.Tech/B.E,Tier 2 (Top State/Private),Full Stack Web,Tier 1 Tech Hub (Bengaluru/NCR/Hyd),0,3,62.0,2,0,1,1,1,1,0,0,4,16.98,Job-Ready Mid-Level
CP-1964,0.7,BCA/B.Sc CS,Tier 2 (Top State/Private),Cloud & DevOps,Tier 1 Tech Hub (Bengaluru/NCR/Hyd),1,8,0.0,0,0,1,0,1,1,1,0,4,18.02,Job-Ready Mid-Level
CP-1965,1.0,B.Tech/B.E,Tier 1 (IIT/NIT/BITS),Data Science & AI/ML,Tier 2 City,2,5,58.0,2,1,1,1,1,0,1,0,5,18.68,Job-Ready Mid-Level
CP-1966,2.8,B.Tech/B.E,Tier 2 (Top State/Private),Data Science & AI/ML,Tier 1 Tech Hub (Bengaluru/NCR/Hyd),1,3,126.0,0,1,1,1,0,0,0,0,3,18.75,Job-Ready Mid-Level
CP-1967,0.8,B.Tech/B.E,Tier 1 (IIT/NIT/BITS),Cloud & DevOps,Tier 1 Tech Hub (Bengaluru/NCR/Hyd),0,4,120.0,0,0,1,1,1,0,0,1,4,23.03,Job-Ready Mid-Level
CP-1968,1.8,Non-CS Degree,Tier 2 (Top State/Private),Data Science & AI/ML,Tier 1 Tech Hub (Bengaluru/NCR/Hyd),1,4,152.0,0,1,0,0,1,1,0,0,3,17.46,Job-Ready Mid-Level
CP-1969,1.4,MCA,Tier 3 (Affiliated Colleges),Data Analytics & BI,Tier 2 City,0,2,33.0,1,0,1,1,1,0,1,0,4,14.36,Junior Associate
CP-1970,2.4,MCA,Tier 3 (Affiliated Colleges),Data Science & AI/ML,Remote Global,1,2,40.0,0,1,1,1,0,1,0,0,4,17.29,Job-Ready Mid-Level
CP-1971,6.1,Non-CS Degree,Tier 3 (Affiliated Colleges),Data Science & AI/ML,Tier 1 Tech Hub (Bengaluru/NCR/Hyd),2,9,220.0,2,1,1,0,1,0,0,1,4,30.65,High-Demand Specialist
CP-1972,2.9,B.Tech/B.E,Tier 2 (Top State/Private),Backend Systems,Tier 1 Tech Hub (Bengaluru/NCR/Hyd),1,6,24.0,1,1,1,0,1,0,1,0,4,22.29,Job-Ready Mid-Level
CP-1973,0.5,B.Tech/B.E,Tier 3 (Affiliated Colleges),Full Stack Web,Tier 1 Tech Hub (Bengaluru/NCR/Hyd),1,6,22.0,0,0,0,0,1,0,1,0,2,12.54,Junior Associate
CP-1974,0.1,BCA/B.Sc CS,Tier 2 (Top State/Private),Cloud & DevOps,Tier 1 Tech Hub (Bengaluru/NCR/Hyd),2,4,122.0,1,1,1,1,0,0,0,0,3,12.75,Junior Associate
CP-1975,0.7,B.Tech/B.E,Tier 1 (IIT/NIT/BITS),Data Science & AI/ML,Tier 1 Tech Hub (Bengaluru/NCR/Hyd),1,9,47.0,0,1,1,1,0,0,1,0,4,19.83,Job-Ready Mid-Level
CP-1976,2.0,B.Tech/B.E,Tier 3 (Affiliated Colleges),Cloud & DevOps,Tier 1 Tech Hub (Bengaluru/NCR/Hyd),1,6,150.0,0,1,1,1,1,0,1,0,5,21.89,Job-Ready Mid-Level
CP-1977,0.1,B.Tech/B.E,Tier 3 (Affiliated Colleges),Data Analytics & BI,Tier 1 Tech Hub (Bengaluru/NCR/Hyd),0,5,72.0,1,1,1,1,1,1,0,0,5,14.83,Junior Associate
CP-1978,1.5,BCA/B.Sc CS,Tier 3 (Affiliated Colleges),Full Stack Web,Tier 2 City,1,3,374.0,0,1,1,0,0,0,0,0,2,12.71,Junior Associate
CP-1979,2.0,BCA/B.Sc CS,Tier 3 (Affiliated Colleges),Data Analytics & BI,Tier 2 City,1,6,222.0,2,1,1,0,0,1,0,0,3,14.01,Junior Associate
CP-1980,0.9,B.Tech/B.E,Tier 2 (Top State/Private),Cloud & DevOps,Tier 1 Tech Hub (Bengaluru/NCR/Hyd),1,3,150.0,0,0,1,0,0,0,0,0,1,12.31,Junior Associate
CP-1981,3.2,B.Tech/B.E,Tier 2 (Top State/Private),Full Stack Web,Tier 1 Tech Hub (Bengaluru/NCR/Hyd),3,7,73.0,1,1,1,1,0,0,1,0,4,25.2,High-Demand Specialist
CP-1982,0.2,BCA/B.Sc CS,Tier 3 (Affiliated Colleges),Cloud & DevOps,Remote Global,2,2,46.0,2,1,1,1,1,0,0,1,5,17.81,Job-Ready Mid-Level
CP-1983,0.2,BCA/B.Sc CS,Tier 2 (Top State/Private),Cloud & DevOps,Tier 1 Tech Hub (Bengaluru/NCR/Hyd),1,3,244.0,0,0,0,1,1,1,0,0,3,17.18,Job-Ready Mid-Level
CP-1984,2.9,B.Tech/B.E,Tier 2 (Top State/Private),Data Science & AI/ML,Tier 2 City,1,4,54.0,1,0,1,1,0,1,0,1,4,17.84,Job-Ready Mid-Level
CP-1985,1.5,M.Tech/M.S,Tier 3 (Affiliated Colleges),Full Stack Web,Tier 1 Tech Hub (Bengaluru/NCR/Hyd),1,8,152.0,0,1,0,0,0,0,0,0,1,14.37,Junior Associate
CP-1986,2.6,B.Tech/B.E,Tier 3 (Affiliated Colleges),Full Stack Web,Tier 2 City,0,5,66.0,1,1,1,0,0,0,0,0,2,11.76,Junior Associate
CP-1987,1.3,B.Tech/B.E,Tier 2 (Top State/Private),Full Stack Web,Tier 2 City,0,5,26.0,1,0,0,1,0,0,0,0,1,7.23,Entry-Level Learner
CP-1988,0.6,M.Tech/M.S,Tier 3 (Affiliated Colleges),Data Analytics & BI,Tier 2 City,2,6,42.0,0,1,0,1,0,0,0,0,2,10.8,Junior Associate
CP-1989,3.8,BCA/B.Sc CS,Tier 3 (Affiliated Colleges),Full Stack Web,Remote Global,1,2,2.0,1,1,1,0,0,0,0,0,2,16.87,Job-Ready Mid-Level
CP-1990,3.5,B.Tech/B.E,Tier 3 (Affiliated Colleges),Backend Systems,Remote Global,2,5,145.0,1,1,0,1,0,0,1,0,3,25.03,High-Demand Specialist
CP-1991,2.6,BCA/B.Sc CS,Tier 2 (Top State/Private),Full Stack Web,Tier 1 Tech Hub (Bengaluru/NCR/Hyd),0,5,105.0,1,1,0,0,0,1,0,0,2,14.71,Junior Associate
CP-1992,0.7,BCA/B.Sc CS,Tier 2 (Top State/Private),Full Stack Web,Tier 1 Tech Hub (Bengaluru/NCR/Hyd),1,3,32.0,2,1,1,0,0,0,0,0,2,10.42,Junior Associate
CP-1993,2.0,M.Tech/M.S,Tier 2 (Top State/Private),Data Analytics & BI,Tier 1 Tech Hub (Bengaluru/NCR/Hyd),1,4,146.0,1,1,0,1,0,0,0,0,2,17.62,Job-Ready Mid-Level
CP-1994,1.0,M.Tech/M.S,Tier 1 (IIT/NIT/BITS),Full Stack Web,Tier 2 City,1,3,219.0,1,0,1,1,0,0,0,0,2,16.85,Job-Ready Mid-Level
CP-1995,0.2,BCA/B.Sc CS,Tier 2 (Top State/Private),Full Stack Web,Tier 2 City,2,4,109.0,1,1,1,0,0,0,1,0,3,12.46,Junior Associate
CP-1996,5.5,B.Tech/B.E,Tier 2 (Top State/Private),Data Science & AI/ML,Tier 1 Tech Hub (Bengaluru/NCR/Hyd),3,6,51.0,1,1,0,1,0,1,0,0,3,27.71,High-Demand Specialist
CP-1997,0.3,B.Tech/B.E,Tier 2 (Top State/Private),Full Stack Web,Tier 1 Tech Hub (Bengaluru/NCR/Hyd),0,5,41.0,0,1,0,0,0,0,0,0,1,8.49,Entry-Level Learner
CP-1998,6.6,B.Tech/B.E,Tier 3 (Affiliated Colleges),Data Science & AI/ML,Tier 2 City,0,4,245.0,2,1,1,1,0,1,0,1,5,26.63,High-Demand Specialist
CP-1999,1.3,B.Tech/B.E,Tier 1 (IIT/NIT/BITS),Backend Systems,Tier 1 Tech Hub (Bengaluru/NCR/Hyd),0,1,56.0,0,1,1,0,0,0,0,0,2,12.75,Junior Associate
CP-2000,0.5,BCA/B.Sc CS,Tier 3 (Affiliated Colleges),Full Stack Web,Tier 1 Tech Hub (Bengaluru/NCR/Hyd),1,4,242.0,0,1,1,0,1,1,0,0,4,17.85,Job-Ready Mid-Level
CP-2001,1.7,B.Tech/B.E,Tier 3 (Affiliated Colleges),Backend Systems,Tier 2 City,1,2,130.0,1,1,1,1,0,0,0,1,4,13.64,Junior Associate
CP-2002,4.5,B.Tech/B.E,Tier 1 (IIT/NIT/BITS),Cloud & DevOps,Tier 1 Tech Hub (Bengaluru/NCR/Hyd),1,4,106.0,0,1,1,0,0,0,0,0,2,24.84,High-Demand Specialist
CP-2003,2.9,B.Tech/B.E,Tier 3 (Affiliated Colleges),Full Stack Web,Tier 1 Tech Hub (Bengaluru/NCR/Hyd),1,4,362.0,0,1,1,1,0,0,0,0,3,21.05,Job-Ready Mid-Level
CP-2004,3.6,B.Tech/B.E,Tier 2 (Top State/Private),Full Stack Web,Tier 1 Tech Hub (Bengaluru/NCR/Hyd),1,5,149.0,0,1,0,1,0,1,0,0,3,23.23,Job-Ready Mid-Level
CP-2005,2.4,B.Tech/B.E,Tier 2 (Top State/Private),Data Analytics & BI,Tier 1 Tech Hub (Bengaluru/NCR/Hyd),2,6,7.0,2,0,1,0,1,1,1,1,5,27.71,High-Demand Specialist
CP-2006,2.6,M.Tech/M.S,Tier 3 (Affiliated Colleges),Backend Systems,Tier 1 Tech Hub (Bengaluru/NCR/Hyd),1,6,34.0,0,1,1,0,1,0,0,1,4,20.84,Job-Ready Mid-Level
CP-2007,4.2,B.Tech/B.E,Tier 2 (Top State/Private),Data Science & AI/ML,Tier 1 Tech Hub (Bengaluru/NCR/Hyd),1,2,4.0,0,1,1,0,0,0,0,0,2,18.73,Job-Ready Mid-Level
CP-2008,0.6,BCA/B.Sc CS,Tier 3 (Affiliated Colleges),Full Stack Web,Tier 1 Tech Hub (Bengaluru/NCR/Hyd),0,1,20.0,1,0,0,1,1,0,0,1,3,12.39,Junior Associate
CP-2009,1.5,Non-CS Degree,Tier 1 (IIT/NIT/BITS),Full Stack Web,Tier 1 Tech Hub (Bengaluru/NCR/Hyd),1,2,26.0,3,0,1,0,1,0,0,1,3,19.47,Job-Ready Mid-Level
CP-2010,0.6,B.Tech/B.E,Tier 3 (Affiliated Colleges),Data Science & AI/ML,Tier 1 Tech Hub (Bengaluru/NCR/Hyd),1,4,46.0,1,1,1,0,1,0,0,0,3,13.43,Junior Associate
CP-2011,9.5,B.Tech/B.E,Tier 2 (Top State/Private),Cloud & DevOps,Tier 1 Tech Hub (Bengaluru/NCR/Hyd),1,2,0.0,2,1,1,0,0,1,0,0,3,33.34,High-Demand Specialist
CP-2012,6.3,B.Tech/B.E,Tier 3 (Affiliated Colleges),Data Analytics & BI,Remote Global,2,3,52.0,2,1,0,0,0,0,1,0,2,30.58,High-Demand Specialist
CP-2013,0.1,BCA/B.Sc CS,Tier 2 (Top State/Private),Full Stack Web,Tier 1 Tech Hub (Bengaluru/NCR/Hyd),2,3,249.0,1,1,1,0,1,0,0,1,4,20.25,Job-Ready Mid-Level
CP-2014,2.7,BCA/B.Sc CS,Tier 3 (Affiliated Colleges),Data Analytics & BI,Remote Global,2,6,126.0,0,0,0,0,1,0,1,0,2,24.9,High-Demand Specialist
CP-2015,5.7,B.Tech/B.E,Tier 3 (Affiliated Colleges),Cloud & DevOps,Tier 2 City,1,8,351.0,1,1,1,0,0,0,0,1,3,23.01,Job-Ready Mid-Level
CP-2016,0.4,B.Tech/B.E,Tier 2 (Top State/Private),Full Stack Web,Tier 1 Tech Hub (Bengaluru/NCR/Hyd),1,4,15.0,1,0,1,0,0,0,0,1,2,13.03,Junior Associate
CP-2017,1.8,MCA,Tier 3 (Affiliated Colleges),Data Science & AI/ML,Tier 2 City,1,5,35.0,0,0,0,1,0,0,0,1,2,13.83,Junior Associate
CP-2018,5.4,B.Tech/B.E,Tier 2 (Top State/Private),Cloud & DevOps,Tier 1 Tech Hub (Bengaluru/NCR/Hyd),0,2,60.0,3,1,1,1,1,0,0,1,5,27.0,High-Demand Specialist
CP-2019,0.1,B.Tech/B.E,Tier 3 (Affiliated Colleges),Data Analytics & BI,Tier 2 City,0,2,38.0,1,1,1,0,0,1,0,0,3,7.04,Entry-Level Learner
CP-2020,2.6,MCA,Tier 2 (Top State/Private),Cloud & DevOps,Tier 1 Tech Hub (Bengaluru/NCR/Hyd),0,3,59.0,2,0,1,0,1,0,0,1,3,19.96,Job-Ready Mid-Level
CP-2021,0.8,BCA/B.Sc CS,Tier 3 (Affiliated Colleges),Data Science & AI/ML,Tier 2 City,0,7,7.0,1,1,0,1,0,0,0,0,2,7.01,Entry-Level Learner
CP-2022,5.7,MCA,Tier 3 (Affiliated Colleges),Data Science & AI/ML,Tier 1 Tech Hub (Bengaluru/NCR/Hyd),1,4,13.0,0,1,1,0,0,0,0,0,2,22.3,Job-Ready Mid-Level
CP-2023,7.8,BCA/B.Sc CS,Tier 2 (Top State/Private),Data Science & AI/ML,Tier 2 City,3,8,127.0,2,1,0,1,0,1,1,0,4,28.43,High-Demand Specialist
CP-2024,6.4,M.Tech/M.S,Tier 2 (Top State/Private),Cloud & DevOps,Tier 1 Tech Hub (Bengaluru/NCR/Hyd),0,4,148.0,1,0,0,0,0,1,1,0,2,29.71,High-Demand Specialist
CP-2025,1.4,B.Tech/B.E,Tier 2 (Top State/Private),Data Analytics & BI,Remote Global,2,6,60.0,0,1,1,0,0,0,0,1,3,19.53,Job-Ready Mid-Level
CP-2026,4.4,M.Tech/M.S,Tier 3 (Affiliated Colleges),Data Science & AI/ML,Tier 1 Tech Hub (Bengaluru/NCR/Hyd),0,4,40.0,2,1,1,1,1,1,0,0,5,24.84,High-Demand Specialist
CP-2027,4.1,MCA,Tier 2 (Top State/Private),Data Analytics & BI,Tier 2 City,0,6,63.0,0,1,1,0,1,0,0,0,3,17.28,Job-Ready Mid-Level
CP-2028,0.8,BCA/B.Sc CS,Tier 2 (Top State/Private),Cloud & DevOps,Tier 1 Tech Hub (Bengaluru/NCR/Hyd),1,4,4.0,1,0,1,1,0,1,0,1,4,16.17,Job-Ready Mid-Level
CP-2029,3.9,B.Tech/B.E,Tier 3 (Affiliated Colleges),Cloud & DevOps,Tier 1 Tech Hub (Bengaluru/NCR/Hyd),1,4,359.0,0,1,1,0,0,1,0,0,3,22.36,Job-Ready Mid-Level
CP-2030,0.1,B.Tech/B.E,Tier 2 (Top State/Private),Backend Systems,Tier 2 City,0,4,223.0,2,1,1,1,1,1,1,0,6,14.88,Junior Associate
CP-2031,2.0,B.Tech/B.E,Tier 3 (Affiliated Colleges),Data Science & AI/ML,Remote Global,0,7,10.0,1,1,1,0,1,1,1,0,5,22.06,Job-Ready Mid-Level
CP-2032,0.6,B.Tech/B.E,Tier 2 (Top State/Private),Backend Systems,Tier 1 Tech Hub (Bengaluru/NCR/Hyd),1,3,16.0,0,0,0,0,1,1,1,0,3,16.6,Job-Ready Mid-Level
CP-2033,0.3,B.Tech/B.E,Tier 1 (IIT/NIT/BITS),Data Science & AI/ML,Remote Global,0,1,74.0,0,1,1,1,0,0,0,0,3,15.19,Job-Ready Mid-Level
CP-2034,0.2,BCA/B.Sc CS,Tier 3 (Affiliated Colleges),Full Stack Web,Tier 2 City,1,3,5.0,0,0,1,0,1,0,0,1,3,10.44,Junior Associate
CP-2035,2.6,BCA/B.Sc CS,Tier 1 (IIT/NIT/BITS),Data Analytics & BI,Tier 2 City,1,5,213.0,1,1,0,0,0,1,1,0,3,20.08,Job-Ready Mid-Level
CP-2036,0.9,B.Tech/B.E,Tier 2 (Top State/Private),Backend Systems,Tier 1 Tech Hub (Bengaluru/NCR/Hyd),0,3,147.0,0,0,0,0,0,1,0,0,1,12.16,Junior Associate
CP-2037,2.8,BCA/B.Sc CS,Tier 3 (Affiliated Colleges),Full Stack Web,Tier 1 Tech Hub (Bengaluru/NCR/Hyd),2,6,43.0,3,0,1,0,0,1,0,0,2,19.64,Job-Ready Mid-Level
CP-2038,0.1,B.Tech/B.E,Tier 2 (Top State/Private),Cloud & DevOps,Remote Global,0,2,33.0,2,1,0,0,1,0,0,1,3,13.98,Junior Associate
CP-2039,0.8,B.Tech/B.E,Tier 3 (Affiliated Colleges),Cloud & DevOps,Tier 1 Tech Hub (Bengaluru/NCR/Hyd),1,6,125.0,1,1,0,0,1,1,0,0,3,16.03,Job-Ready Mid-Level
CP-2040,1.7,B.Tech/B.E,Tier 3 (Affiliated Colleges),Data Analytics & BI,Tier 1 Tech Hub (Bengaluru/NCR/Hyd),2,2,42.0,0,1,0,0,0,1,0,0,2,14.15,Junior Associate
CP-2041,3.4,B.Tech/B.E,Tier 2 (Top State/Private),Data Science & AI/ML,Tier 1 Tech Hub (Bengaluru/NCR/Hyd),3,8,110.0,2,1,1,0,1,0,0,0,3,25.05,High-Demand Specialist
CP-2042,0.8,B.Tech/B.E,Tier 1 (IIT/NIT/BITS),Data Analytics & BI,Tier 1 Tech Hub (Bengaluru/NCR/Hyd),1,5,59.0,2,0,1,1,1,0,0,1,4,21.8,Job-Ready Mid-Level
CP-2043,2.2,B.Tech/B.E,Tier 3 (Affiliated Colleges),Full Stack Web,Tier 2 City,1,5,0.0,0,1,1,1,0,1,0,0,4,12.59,Junior Associate
CP-2044,4.8,B.Tech/B.E,Tier 2 (Top State/Private),Full Stack Web,Tier 2 City,0,4,113.0,1,1,0,1,0,1,0,0,3,18.6,Job-Ready Mid-Level
CP-2045,2.1,M.Tech/M.S,Tier 1 (IIT/NIT/BITS),Full Stack Web,Tier 1 Tech Hub (Bengaluru/NCR/Hyd),1,3,59.0,3,1,0,1,1,0,0,1,4,25.62,High-Demand Specialist
CP-2046,0.6,B.Tech/B.E,Tier 3 (Affiliated Colleges),Full Stack Web,Tier 1 Tech Hub (Bengaluru/NCR/Hyd),1,2,0.0,1,1,0,1,0,0,0,0,2,10.23,Junior Associate
CP-2047,0.1,BCA/B.Sc CS,Tier 1 (IIT/NIT/BITS),Backend Systems,Tier 1 Tech Hub (Bengaluru/NCR/Hyd),1,3,0.0,2,1,1,1,1,0,0,1,5,17.67,Job-Ready Mid-Level
CP-2048,4.5,BCA/B.Sc CS,Tier 3 (Affiliated Colleges),Full Stack Web,Tier 1 Tech Hub (Bengaluru/NCR/Hyd),2,7,59.0,3,1,1,1,1,0,1,1,6,31.03,High-Demand Specialist
CP-2049,0.0,M.Tech/M.S,Tier 1 (IIT/NIT/BITS),Backend Systems,Tier 1 Tech Hub (Bengaluru/NCR/Hyd),0,3,,0,1,1,1,0,1,1,1,6,23.03,Job-Ready Mid-Level
CP-2050,4.6,Non-CS Degree,Tier 1 (IIT/NIT/BITS),Data Science & AI/ML,Remote Global,2,7,33.0,3,1,0,0,1,1,0,0,3,30.97,High-Demand Specialist
CP-2051,1.7,B.Tech/B.E,Tier 2 (Top State/Private),Data Analytics & BI,Tier 2 City,2,6,154.0,0,1,0,1,0,0,1,0,3,16.11,Job-Ready Mid-Level
CP-2052,6.2,B.Tech/B.E,Tier 3 (Affiliated Colleges),Data Analytics & BI,Tier 1 Tech Hub (Bengaluru/NCR/Hyd),1,2,15.0,0,0,1,1,0,1,0,0,3,25.77,High-Demand Specialist
CP-2053,3.5,MCA,Tier 3 (Affiliated Colleges),Cloud & DevOps,Remote Global,1,2,31.0,0,0,1,0,1,0,1,0,3,24.1,High-Demand Specialist
CP-2054,9.5,B.Tech/B.E,Tier 3 (Affiliated Colleges),Cloud & DevOps,Tier 1 Tech Hub (Bengaluru/NCR/Hyd),1,5,132.0,1,0,0,0,0,0,0,0,0,30.7,High-Demand Specialist
CP-2055,1.0,BCA/B.Sc CS,Tier 2 (Top State/Private),Cloud & DevOps,Tier 2 City,3,7,106.0,0,0,1,0,0,0,0,0,1,10.48,Junior Associate
CP-2056,3.2,BCA/B.Sc CS,Tier 2 (Top State/Private),Backend Systems,Tier 1 Tech Hub (Bengaluru/NCR/Hyd),0,2,25.0,0,0,0,0,0,0,0,0,0,12.66,Junior Associate
CP-2057,1.1,BCA/B.Sc CS,Tier 2 (Top State/Private),Data Analytics & BI,Tier 2 City,1,3,21.0,0,1,1,1,1,1,0,0,5,13.68,Junior Associate
CP-2058,1.4,Non-CS Degree,Tier 2 (Top State/Private),Data Science & AI/ML,Tier 1 Tech Hub (Bengaluru/NCR/Hyd),1,3,8.0,0,1,1,1,1,0,0,0,4,15.05,Job-Ready Mid-Level
CP-2059,2.2,Non-CS Degree,Tier 2 (Top State/Private),Data Analytics & BI,Tier 1 Tech Hub (Bengaluru/NCR/Hyd),3,6,239.0,2,1,0,0,0,1,1,0,3,23.48,Job-Ready Mid-Level
CP-2060,4.6,M.Tech/M.S,Tier 3 (Affiliated Colleges),Full Stack Web,Tier 1 Tech Hub (Bengaluru/NCR/Hyd),2,4,0.0,1,1,1,0,0,0,0,0,2,22.52,Job-Ready Mid-Level
CP-2061,9.1,B.Tech/B.E,Tier 2 (Top State/Private),Data Science & AI/ML,Tier 1 Tech Hub (Bengaluru/NCR/Hyd),1,7,22.0,2,0,1,0,0,1,1,0,3,36.2,High-Demand Specialist
CP-2062,3.2,MCA,Tier 3 (Affiliated Colleges),Backend Systems,Tier 1 Tech Hub (Bengaluru/NCR/Hyd),0,2,13.0,0,1,1,1,1,0,1,0,5,20.43,Job-Ready Mid-Level
CP-2063,1.2,B.Tech/B.E,Tier 2 (Top State/Private),Full Stack Web,Tier 1 Tech Hub (Bengaluru/NCR/Hyd),1,5,25.0,0,0,1,1,1,0,1,0,4,19.19,Job-Ready Mid-Level
CP-2064,1.2,B.Tech/B.E,Tier 3 (Affiliated Colleges),Data Analytics & BI,Tier 1 Tech Hub (Bengaluru/NCR/Hyd),0,3,134.0,0,1,1,1,0,0,1,1,5,18.17,Job-Ready Mid-Level
CP-2065,2.9,MCA,Tier 1 (IIT/NIT/BITS),Data Science & AI/ML,Tier 2 City,2,8,30.0,0,0,1,0,1,1,1,0,4,23.02,Job-Ready Mid-Level
CP-2066,0.6,B.Tech/B.E,Tier 2 (Top State/Private),Data Science & AI/ML,Tier 1 Tech Hub (Bengaluru/NCR/Hyd),1,3,56.0,1,0,0,0,1,0,1,0,2,15.05,Job-Ready Mid-Level
CP-2067,0.3,B.Tech/B.E,Tier 2 (Top State/Private),Full Stack Web,Tier 2 City,2,5,,1,1,1,0,0,0,1,0,3,11.27,Junior Associate
CP-2068,1.0,B.Tech/B.E,Tier 2 (Top State/Private),Data Science & AI/ML,Tier 1 Tech Hub (Bengaluru/NCR/Hyd),1,5,58.0,0,1,0,0,0,0,0,1,2,14.9,Junior Associate
CP-2069,0.7,MCA,Tier 2 (Top State/Private),Data Analytics & BI,Remote Global,1,1,0.0,0,0,0,0,1,0,0,0,1,12.2,Junior Associate
CP-2070,0.8,B.Tech/B.E,Tier 2 (Top State/Private),Data Science & AI/ML,Remote Global,0,1,32.0,0,0,1,1,1,0,0,0,3,15.27,Job-Ready Mid-Level
CP-2071,0.6,BCA/B.Sc CS,Tier 2 (Top State/Private),Full Stack Web,Tier 1 Tech Hub (Bengaluru/NCR/Hyd),0,1,73.0,1,0,1,1,1,0,0,0,3,11.36,Junior Associate
CP-2072,0.1,B.Tech/B.E,Tier 3 (Affiliated Colleges),Data Science & AI/ML,Tier 2 City,0,3,141.0,0,0,1,0,1,0,0,1,3,9.85,Junior Associate
CP-2073,0.0,M.Tech/M.S,Tier 3 (Affiliated Colleges),Full Stack Web,Tier 1 Tech Hub (Bengaluru/NCR/Hyd),1,5,131.0,1,1,0,0,0,1,0,0,2,12.23,Junior Associate
CP-2074,9.5,M.Tech/M.S,Tier 3 (Affiliated Colleges),Data Analytics & BI,Remote Global,0,1,74.0,0,1,0,0,1,0,0,0,2,36.16,High-Demand Specialist
CP-2075,1.2,B.Tech/B.E,Tier 2 (Top State/Private),Data Science & AI/ML,Tier 1 Tech Hub (Bengaluru/NCR/Hyd),1,7,32.0,2,0,1,1,1,1,1,0,5,22.23,Job-Ready Mid-Level
CP-2076,1.1,B.Tech/B.E,Tier 3 (Affiliated Colleges),Cloud & DevOps,Tier 1 Tech Hub (Bengaluru/NCR/Hyd),1,3,34.0,0,1,0,0,0,0,0,0,1,10.5,Junior Associate
CP-2077,2.5,B.Tech/B.E,Tier 2 (Top State/Private),Backend Systems,Tier 1 Tech Hub (Bengaluru/NCR/Hyd),1,4,62.0,0,1,1,0,0,0,0,1,3,18.25,Job-Ready Mid-Level
CP-2078,0.5,Non-CS Degree,Tier 2 (Top State/Private),Cloud & DevOps,Tier 1 Tech Hub (Bengaluru/NCR/Hyd),0,7,226.0,1,1,1,0,0,0,0,0,2,10.4,Junior Associate
CP-2079,6.6,BCA/B.Sc CS,Tier 2 (Top State/Private),Data Analytics & BI,Tier 1 Tech Hub (Bengaluru/NCR/Hyd),0,1,358.0,1,1,1,0,0,0,0,0,2,26.08,High-Demand Specialist
CP-2080,3.4,Non-CS Degree,Tier 2 (Top State/Private),Data Science & AI/ML,Tier 2 City,0,2,112.0,2,1,1,0,0,1,0,0,3,13.08,Junior Associate
CP-2081,0.2,B.Tech/B.E,Tier 1 (IIT/NIT/BITS),Data Science & AI/ML,Tier 1 Tech Hub (Bengaluru/NCR/Hyd),1,4,30.0,1,1,1,1,1,0,0,0,4,16.96,Job-Ready Mid-Level
CP-2082,1.2,M.Tech/M.S,Tier 2 (Top State/Private),Backend Systems,Tier 1 Tech Hub (Bengaluru/NCR/Hyd),0,3,108.0,1,1,1,0,1,0,1,0,4,19.11,Job-Ready Mid-Level
CP-2083,4.6,M.Tech/M.S,Tier 1 (IIT/NIT/BITS),Data Analytics & BI,Tier 1 Tech Hub (Bengaluru/NCR/Hyd),2,6,29.0,1,1,0,0,1,0,1,0,3,30.85,High-Demand Specialist
CP-2084,6.4,BCA/B.Sc CS,Tier 3 (Affiliated Colleges),Cloud & DevOps,Tier 1 Tech Hub (Bengaluru/NCR/Hyd),2,5,110.0,0,0,1,0,0,0,0,0,1,26.42,High-Demand Specialist
CP-2085,1.4,Non-CS Degree,Tier 3 (Affiliated Colleges),Cloud & DevOps,Tier 1 Tech Hub (Bengaluru/NCR/Hyd),0,4,31.0,1,0,1,0,0,0,0,0,1,8.41,Entry-Level Learner
CP-2086,2.1,B.Tech/B.E,Tier 3 (Affiliated Colleges),Full Stack Web,Tier 2 City,1,2,56.0,0,1,0,1,0,0,0,0,2,9.78,Junior Associate
CP-2087,0.4,B.Tech/B.E,Tier 3 (Affiliated Colleges),Data Science & AI/ML,Tier 1 Tech Hub (Bengaluru/NCR/Hyd),1,4,22.0,1,1,1,1,1,0,0,0,4,12.5,Junior Associate
CP-2088,9.5,BCA/B.Sc CS,Tier 1 (IIT/NIT/BITS),Data Analytics & BI,Tier 1 Tech Hub (Bengaluru/NCR/Hyd),1,6,44.0,1,0,1,0,0,0,0,1,2,37.96,High-Demand Specialist
CP-2089,0.6,M.Tech/M.S,Tier 3 (Affiliated Colleges),Cloud & DevOps,Tier 1 Tech Hub (Bengaluru/NCR/Hyd),0,4,144.0,1,1,1,1,0,0,0,0,3,12.94,Junior Associate
CP-2090,6.3,BCA/B.Sc CS,Tier 3 (Affiliated Colleges),Full Stack Web,Tier 1 Tech Hub (Bengaluru/NCR/Hyd),0,3,149.0,0,1,1,1,1,0,0,0,4,26.68,High-Demand Specialist
CP-2091,2.3,B.Tech/B.E,Tier 2 (Top State/Private),Backend Systems,Tier 2 City,0,1,140.0,0,1,0,0,0,0,0,0,1,9.84,Junior Associate
CP-2092,2.1,B.Tech/B.E,Tier 2 (Top State/Private),Full Stack Web,Tier 1 Tech Hub (Bengaluru/NCR/Hyd),1,5,383.0,1,1,1,1,1,0,0,0,4,23.17,Job-Ready Mid-Level
CP-2093,1.6,B.Tech/B.E,Tier 3 (Affiliated Colleges),Full Stack Web,Tier 1 Tech Hub (Bengaluru/NCR/Hyd),2,6,0.0,1,1,0,1,1,1,1,0,5,20.61,Job-Ready Mid-Level
CP-2094,0.6,B.Tech/B.E,Tier 2 (Top State/Private),Backend Systems,Tier 1 Tech Hub (Bengaluru/NCR/Hyd),1,6,74.0,0,0,1,1,0,0,0,1,3,15.64,Job-Ready Mid-Level
CP-2095,0.4,BCA/B.Sc CS,Tier 3 (Affiliated Colleges),Data Analytics & BI,Tier 1 Tech Hub (Bengaluru/NCR/Hyd),2,6,71.0,0,1,1,1,0,0,0,0,3,12.84,Junior Associate
CP-2096,0.5,M.Tech/M.S,Tier 1 (IIT/NIT/BITS),Full Stack Web,Tier 1 Tech Hub (Bengaluru/NCR/Hyd),0,2,123.0,1,1,0,1,0,0,0,0,2,14.6,Junior Associate
CP-2097,0.5,B.Tech/B.E,Tier 2 (Top State/Private),Data Science & AI/ML,Tier 1 Tech Hub (Bengaluru/NCR/Hyd),0,2,35.0,0,1,1,0,1,0,0,0,3,11.28,Junior Associate
CP-2098,3.3,B.Tech/B.E,Tier 2 (Top State/Private),Data Science & AI/ML,Tier 2 City,1,6,23.0,2,0,1,1,1,0,1,0,4,19.2,Job-Ready Mid-Level
CP-2099,0.9,B.Tech/B.E,Tier 2 (Top State/Private),Cloud & DevOps,Tier 1 Tech Hub (Bengaluru/NCR/Hyd),0,4,25.0,0,0,0,0,1,0,1,1,3,17.49,Job-Ready Mid-Level
CP-2100,0.1,B.Tech/B.E,Tier 3 (Affiliated Colleges),Full Stack Web,Tier 1 Tech Hub (Bengaluru/NCR/Hyd),0,1,369.0,0,1,1,1,0,0,1,1,5,17.83,Job-Ready Mid-Level
CP-2101,7.6,M.Tech/M.S,Tier 3 (Affiliated Colleges),Data Analytics & BI,Tier 1 Tech Hub (Bengaluru/NCR/Hyd),1,6,223.0,0,1,1,1,0,0,0,0,3,34.41,High-Demand Specialist
CP-2102,4.7,MCA,Tier 2 (Top State/Private),Backend Systems,Tier 1 Tech Hub (Bengaluru/NCR/Hyd),0,3,57.0,0,1,0,0,1,0,1,0,3,24.55,High-Demand Specialist
CP-2103,5.8,B.Tech/B.E,Tier 1 (IIT/NIT/BITS),Data Analytics & BI,Tier 1 Tech Hub (Bengaluru/NCR/Hyd),1,2,,1,1,1,1,0,0,1,0,4,32.53,High-Demand Specialist
CP-2104,9.5,M.Tech/M.S,Tier 3 (Affiliated Colleges),Full Stack Web,Remote Global,0,3,20.0,0,1,1,0,1,0,0,0,3,35.83,High-Demand Specialist
CP-2105,0.4,MCA,Tier 3 (Affiliated Colleges),Data Analytics & BI,Remote Global,1,3,48.0,0,0,1,0,1,0,1,1,4,20.26,Job-Ready Mid-Level
CP-2106,1.1,MCA,Tier 2 (Top State/Private),Full Stack Web,Tier 1 Tech Hub (Bengaluru/NCR/Hyd),2,5,147.0,3,1,1,1,0,0,0,0,3,17.4,Job-Ready Mid-Level
CP-2107,3.1,B.Tech/B.E,Tier 2 (Top State/Private),Data Science & AI/ML,Tier 1 Tech Hub (Bengaluru/NCR/Hyd),0,1,0.0,0,0,1,0,0,1,0,0,2,16.62,Job-Ready Mid-Level
CP-2108,2.6,Non-CS Degree,Tier 3 (Affiliated Colleges),Data Science & AI/ML,Tier 1 Tech Hub (Bengaluru/NCR/Hyd),3,4,0.0,0,0,0,1,1,1,1,0,4,22.39,Job-Ready Mid-Level
CP-2109,0.4,B.Tech/B.E,Tier 3 (Affiliated Colleges),Full Stack Web,Tier 1 Tech Hub (Bengaluru/NCR/Hyd),1,6,250.0,0,1,1,1,1,0,0,0,4,16.42,Job-Ready Mid-Level
CP-2110,3.7,B.Tech/B.E,Tier 2 (Top State/Private),Backend Systems,Tier 2 City,2,4,151.0,0,1,0,0,0,0,0,0,1,16.17,Job-Ready Mid-Level
CP-2111,0.6,B.Tech/B.E,Tier 2 (Top State/Private),Data Science & AI/ML,Tier 2 City,0,4,339.0,1,1,0,1,1,1,0,0,4,14.87,Junior Associate
CP-2112,0.6,B.Tech/B.E,Tier 3 (Affiliated Colleges),Data Science & AI/ML,Remote Global,1,4,0.0,3,1,1,1,0,1,0,0,4,16.37,Job-Ready Mid-Level
CP-2113,1.7,B.Tech/B.E,Tier 3 (Affiliated Colleges),Backend Systems,Tier 1 Tech Hub (Bengaluru/NCR/Hyd),1,7,69.0,1,1,1,1,0,0,0,1,4,18.73,Job-Ready Mid-Level
CP-2114,2.0,B.Tech/B.E,Tier 2 (Top State/Private),Data Science & AI/ML,Tier 1 Tech Hub (Bengaluru/NCR/Hyd),2,5,50.0,1,1,1,0,0,0,0,0,2,16.67,Job-Ready Mid-Level
CP-2115,1.9,B.Tech/B.E,Tier 2 (Top State/Private),Data Analytics & BI,Tier 2 City,1,4,254.0,3,1,0,0,0,1,1,0,3,14.03,Junior Associate
CP-2116,0.2,M.Tech/M.S,Tier 3 (Affiliated Colleges),Full Stack Web,Tier 2 City,1,5,25.0,1,1,1,1,0,0,0,0,3,9.27,Junior Associate
CP-2117,4.6,MCA,Tier 2 (Top State/Private),Data Science & AI/ML,Remote Global,2,5,37.0,0,0,1,1,1,0,0,0,3,29.87,High-Demand Specialist
CP-2118,0.7,B.Tech/B.E,Tier 2 (Top State/Private),Backend Systems,Tier 1 Tech Hub (Bengaluru/NCR/Hyd),1,5,7.0,1,0,0,0,1,0,0,1,2,14.81,Junior Associate
CP-2119,0.3,MCA,Tier 2 (Top State/Private),Data Science & AI/ML,Tier 1 Tech Hub (Bengaluru/NCR/Hyd),0,5,124.0,1,0,0,1,0,0,0,0,1,11.61,Junior Associate
CP-2120,4.8,MCA,Tier 2 (Top State/Private),Cloud & DevOps,Tier 1 Tech Hub (Bengaluru/NCR/Hyd),1,1,0.0,0,0,0,1,0,0,1,0,2,23.74,Job-Ready Mid-Level
CP-2121,6.9,M.Tech/M.S,Tier 3 (Affiliated Colleges),Data Science & AI/ML,Tier 1 Tech Hub (Bengaluru/NCR/Hyd),1,2,0.0,0,1,1,0,0,0,0,0,2,26.58,High-Demand Specialist
CP-2122,4.4,B.Tech/B.E,Tier 1 (IIT/NIT/BITS),Data Science & AI/ML,Tier 1 Tech Hub (Bengaluru/NCR/Hyd),1,5,33.0,1,1,1,1,1,0,0,1,5,30.69,High-Demand Specialist
CP-2123,3.6,BCA/B.Sc CS,Tier 3 (Affiliated Colleges),Data Science & AI/ML,Tier 2 City,1,5,52.0,0,0,1,1,0,0,1,0,3,15.83,Job-Ready Mid-Level
CP-2124,2.3,Non-CS Degree,Tier 2 (Top State/Private),Data Science & AI/ML,Tier 1 Tech Hub (Bengaluru/NCR/Hyd),3,6,0.0,1,0,1,0,1,1,1,0,4,24.44,High-Demand Specialist
CP-2125,1.8,BCA/B.Sc CS,Tier 1 (IIT/NIT/BITS),Data Science & AI/ML,Tier 1 Tech Hub (Bengaluru/NCR/Hyd),1,7,19.0,0,1,1,1,1,0,1,0,5,22.16,Job-Ready Mid-Level
CP-2126,0.2,B.Tech/B.E,Tier 1 (IIT/NIT/BITS),Data Analytics & BI,Tier 2 City,0,6,211.0,1,1,0,0,0,0,1,0,2,12.95,Junior Associate
CP-2127,1.2,B.Tech/B.E,Tier 3 (Affiliated Colleges),Full Stack Web,Tier 1 Tech Hub (Bengaluru/NCR/Hyd),0,4,9.0,0,1,1,0,0,0,0,0,2,8.48,Entry-Level Learner
CP-2128,1.0,BCA/B.Sc CS,Tier 3 (Affiliated Colleges),Full Stack Web,Remote Global,3,7,14.0,0,0,1,1,0,0,1,0,3,20.2,Job-Ready Mid-Level
CP-2129,0.7,B.Tech/B.E,Tier 2 (Top State/Private),Full Stack Web,Tier 1 Tech Hub (Bengaluru/NCR/Hyd),1,1,27.0,1,0,1,0,0,0,0,0,1,9.55,Junior Associate
CP-2130,2.8,B.Tech/B.E,Tier 3 (Affiliated Colleges),Backend Systems,Tier 1 Tech Hub (Bengaluru/NCR/Hyd),2,6,360.0,2,0,1,0,0,0,0,0,1,21.71,Job-Ready Mid-Level
CP-2131,1.5,B.Tech/B.E,Tier 3 (Affiliated Colleges),Backend Systems,Remote Global,0,4,28.0,1,1,1,0,0,0,0,0,2,12.06,Junior Associate
CP-2132,0.2,M.Tech/M.S,Tier 3 (Affiliated Colleges),Data Analytics & BI,Remote Global,1,2,116.0,1,1,0,0,0,1,1,0,3,16.6,Job-Ready Mid-Level
CP-2133,0.5,MCA,Tier 2 (Top State/Private),Backend Systems,Tier 1 Tech Hub (Bengaluru/NCR/Hyd),1,6,217.0,2,1,1,1,1,0,0,0,4,17.44,Job-Ready Mid-Level
CP-2134,2.5,B.Tech/B.E,Tier 3 (Affiliated Colleges),Full Stack Web,Tier 2 City,0,2,64.0,0,1,1,0,1,0,0,0,3,12.02,Junior Associate
CP-2135,0.2,Non-CS Degree,Tier 1 (IIT/NIT/BITS),Full Stack Web,Tier 1 Tech Hub (Bengaluru/NCR/Hyd),1,3,28.0,0,0,1,1,1,0,0,0,3,15.8,Job-Ready Mid-Level
CP-2136,4.2,B.Tech/B.E,Tier 2 (Top State/Private),Cloud & DevOps,Tier 1 Tech Hub (Bengaluru/NCR/Hyd),1,4,105.0,0,1,1,0,1,0,0,1,4,25.98,High-Demand Specialist
CP-2137,1.5,BCA/B.Sc CS,Tier 3 (Affiliated Colleges),Cloud & DevOps,Tier 1 Tech Hub (Bengaluru/NCR/Hyd),1,5,110.0,0,1,0,0,0,1,0,0,2,13.97,Junior Associate
CP-2138,1.4,M.Tech/M.S,Tier 2 (Top State/Private),Full Stack Web,Tier 1 Tech Hub (Bengaluru/NCR/Hyd),2,6,106.0,3,0,1,1,1,0,1,0,4,24.79,High-Demand Specialist
CP-2139,2.0,M.Tech/M.S,Tier 2 (Top State/Private),Full Stack Web,Tier 2 City,2,4,250.0,1,1,0,1,1,0,0,0,3,17.15,Job-Ready Mid-Level
CP-2140,3.8,Non-CS Degree,Tier 1 (IIT/NIT/BITS),Backend Systems,Tier 2 City,2,3,51.0,1,0,1,1,1,0,1,0,4,21.1,Job-Ready Mid-Level
CP-2141,0.9,B.Tech/B.E,Tier 3 (Affiliated Colleges),Data Analytics & BI,Remote Global,2,8,122.0,1,1,1,0,0,1,0,0,3,17.03,Job-Ready Mid-Level
CP-2142,2.5,MCA,Tier 3 (Affiliated Colleges),Full Stack Web,Tier 2 City,1,4,26.0,2,0,1,1,1,0,0,0,3,13.63,Junior Associate
CP-2143,1.8,B.Tech/B.E,Tier 2 (Top State/Private),Data Analytics & BI,Tier 1 Tech Hub (Bengaluru/NCR/Hyd),1,6,53.0,0,0,1,0,1,0,1,1,4,21.63,Job-Ready Mid-Level
CP-2144,0.7,M.Tech/M.S,Tier 3 (Affiliated Colleges),Data Science & AI/ML,Tier 2 City,2,5,137.0,1,1,1,1,1,0,1,0,5,16.42,Job-Ready Mid-Level
CP-2145,4.6,M.Tech/M.S,Tier 1 (IIT/NIT/BITS),Data Science & AI/ML,Remote Global,1,4,0.0,0,1,1,1,1,0,0,0,4,33.61,High-Demand Specialist
CP-2146,3.5,BCA/B.Sc CS,Tier 2 (Top State/Private),Full Stack Web,Tier 2 City,0,2,4.0,1,1,1,0,0,0,1,1,4,15.97,Job-Ready Mid-Level
CP-2147,2.4,B.Tech/B.E,Tier 3 (Affiliated Colleges),Full Stack Web,Tier 2 City,1,4,0.0,1,1,1,0,1,1,0,0,4,15.8,Job-Ready Mid-Level
CP-2148,4.2,MCA,Tier 2 (Top State/Private),Data Science & AI/ML,Remote Global,0,2,42.0,3,1,1,1,0,0,1,0,4,23.39,Job-Ready Mid-Level
CP-2149,4.4,B.Tech/B.E,Tier 2 (Top State/Private),Data Analytics & BI,Tier 1 Tech Hub (Bengaluru/NCR/Hyd),1,2,212.0,0,0,0,1,0,0,0,0,1,21.75,Job-Ready Mid-Level
CP-2150,2.7,B.Tech/B.E,Tier 2 (Top State/Private),Full Stack Web,Tier 2 City,0,4,46.0,0,1,1,1,0,0,0,0,3,11.31,Junior Associate
CP-2151,4.0,M.Tech/M.S,Tier 3 (Affiliated Colleges),Cloud & DevOps,Remote Global,0,2,145.0,2,1,1,0,0,1,0,0,3,21.2,Job-Ready Mid-Level
CP-2152,2.6,B.Tech/B.E,Tier 1 (IIT/NIT/BITS),Data Science & AI/ML,Remote Global,3,8,6.0,2,1,1,0,0,1,0,0,3,26.66,High-Demand Specialist
CP-2153,2.5,MCA,Tier 3 (Affiliated Colleges),Data Science & AI/ML,Tier 1 Tech Hub (Bengaluru/NCR/Hyd),2,7,3.0,0,0,1,1,0,1,0,0,3,17.78,Job-Ready Mid-Level
CP-2154,2.1,B.Tech/B.E,Tier 3 (Affiliated Colleges),Backend Systems,Tier 1 Tech Hub (Bengaluru/NCR/Hyd),2,4,12.0,0,0,1,0,0,0,0,0,1,12.44,Junior Associate
CP-2155,3.1,B.Tech/B.E,Tier 2 (Top State/Private),Cloud & DevOps,Tier 2 City,1,5,26.0,0,1,1,1,0,1,0,0,4,15.87,Job-Ready Mid-Level
CP-2156,0.4,MCA,Tier 3 (Affiliated Colleges),Backend Systems,Tier 1 Tech Hub (Bengaluru/NCR/Hyd),2,5,33.0,1,1,0,0,0,1,0,0,2,11.68,Junior Associate
CP-2157,4.7,B.Tech/B.E,Tier 2 (Top State/Private),Backend Systems,Tier 2 City,2,5,239.0,2,1,0,1,0,0,0,0,2,20.72,Job-Ready Mid-Level
CP-2158,4.5,B.Tech/B.E,Tier 2 (Top State/Private),Full Stack Web,Tier 1 Tech Hub (Bengaluru/NCR/Hyd),1,9,46.0,0,1,1,1,0,0,0,0,3,22.51,Job-Ready Mid-Level
CP-2159,0.1,M.Tech/M.S,Tier 3 (Affiliated Colleges),Full Stack Web,Tier 1 Tech Hub (Bengaluru/NCR/Hyd),3,6,50.0,1,1,1,1,0,1,0,0,4,16.98,Job-Ready Mid-Level
CP-2160,3.8,B.Tech/B.E,Tier 3 (Affiliated Colleges),Data Analytics & BI,Tier 1 Tech Hub (Bengaluru/NCR/Hyd),0,2,18.0,0,1,1,0,0,0,1,0,3,17.1,Job-Ready Mid-Level
CP-2161,0.3,BCA/B.Sc CS,Tier 1 (IIT/NIT/BITS),Backend Systems,Tier 1 Tech Hub (Bengaluru/NCR/Hyd),3,9,0.0,0,0,1,1,1,0,0,0,3,17.91,Job-Ready Mid-Level
CP-2162,0.9,B.Tech/B.E,Tier 2 (Top State/Private),Cloud & DevOps,Tier 1 Tech Hub (Bengaluru/NCR/Hyd),1,2,14.0,0,1,1,1,0,0,0,0,3,13.42,Junior Associate
CP-2163,3.0,MCA,Tier 2 (Top State/Private),Data Analytics & BI,Tier 1 Tech Hub (Bengaluru/NCR/Hyd),1,4,153.0,1,0,1,0,0,0,1,0,2,22.65,Job-Ready Mid-Level
CP-2164,0.4,MCA,Tier 2 (Top State/Private),Data Analytics & BI,Tier 1 Tech Hub (Bengaluru/NCR/Hyd),0,4,49.0,2,1,0,0,1,0,0,1,3,12.51,Junior Associate
CP-2165,3.7,M.Tech/M.S,Tier 2 (Top State/Private),Full Stack Web,Tier 1 Tech Hub (Bengaluru/NCR/Hyd),1,8,33.0,1,0,0,1,1,1,0,0,3,25.23,High-Demand Specialist
CP-2166,3.9,B.Tech/B.E,Tier 1 (IIT/NIT/BITS),Cloud & DevOps,Tier 1 Tech Hub (Bengaluru/NCR/Hyd),1,5,33.0,1,0,0,0,0,0,0,0,0,20.52,Job-Ready Mid-Level
CP-2167,1.6,MCA,Tier 3 (Affiliated Colleges),Data Analytics & BI,Tier 1 Tech Hub (Bengaluru/NCR/Hyd),3,5,51.0,0,0,0,1,0,1,1,0,3,19.54,Job-Ready Mid-Level
CP-2168,0.0,BCA/B.Sc CS,Tier 2 (Top State/Private),Cloud & DevOps,Tier 1 Tech Hub (Bengaluru/NCR/Hyd),3,7,0.0,0,0,0,1,1,0,0,0,2,14.45,Junior Associate
CP-2169,0.7,BCA/B.Sc CS,Tier 2 (Top State/Private),Data Science & AI/ML,Tier 2 City,3,8,137.0,0,1,1,1,1,0,0,0,4,14.95,Junior Associate
CP-2170,2.1,B.Tech/B.E,Tier 3 (Affiliated Colleges),Full Stack Web,Tier 1 Tech Hub (Bengaluru/NCR/Hyd),0,2,112.0,0,1,0,0,1,1,0,0,3,15.54,Job-Ready Mid-Level
CP-2171,8.7,MCA,Tier 3 (Affiliated Colleges),Data Science & AI/ML,Tier 1 Tech Hub (Bengaluru/NCR/Hyd),3,5,73.0,1,0,1,0,1,0,1,0,3,37.52,High-Demand Specialist
CP-2172,2.2,M.Tech/M.S,Tier 2 (Top State/Private),Data Science & AI/ML,Tier 2 City,1,2,136.0,1,0,1,1,0,0,0,0,2,13.23,Junior Associate
CP-2173,0.7,B.Tech/B.E,Tier 2 (Top State/Private),Backend Systems,Tier 1 Tech Hub (Bengaluru/NCR/Hyd),2,3,24.0,0,1,1,0,0,1,1,0,4,17.87,Job-Ready Mid-Level
CP-2174,2.2,B.Tech/B.E,Tier 3 (Affiliated Colleges),Data Science & AI/ML,Remote Global,0,4,123.0,0,0,1,0,0,1,0,0,2,17.75,Job-Ready Mid-Level
CP-2175,1.7,MCA,Tier 2 (Top State/Private),Data Science & AI/ML,Tier 2 City,1,4,240.0,0,1,1,0,0,1,1,0,4,15.66,Job-Ready Mid-Level
CP-2176,3.3,B.Tech/B.E,Tier 2 (Top State/Private),Full Stack Web,Tier 1 Tech Hub (Bengaluru/NCR/Hyd),3,5,74.0,3,1,1,1,0,1,1,0,5,27.51,High-Demand Specialist
CP-2177,0.2,Non-CS Degree,Tier 3 (Affiliated Colleges),Cloud & DevOps,Tier 1 Tech Hub (Bengaluru/NCR/Hyd),3,4,29.0,1,1,1,0,1,0,1,0,4,14.72,Junior Associate
CP-2178,3.1,BCA/B.Sc CS,Tier 1 (IIT/NIT/BITS),Full Stack Web,Tier 1 Tech Hub (Bengaluru/NCR/Hyd),1,2,46.0,0,1,1,0,1,0,0,1,4,23.34,Job-Ready Mid-Level
CP-2179,1.7,BCA/B.Sc CS,Tier 1 (IIT/NIT/BITS),Data Science & AI/ML,Tier 1 Tech Hub (Bengaluru/NCR/Hyd),2,8,63.0,1,1,1,0,1,0,0,0,3,19.53,Job-Ready Mid-Level
CP-2180,7.3,B.Tech/B.E,Tier 1 (IIT/NIT/BITS),Data Science & AI/ML,Tier 1 Tech Hub (Bengaluru/NCR/Hyd),0,3,10.0,0,0,1,1,0,0,0,1,3,31.83,High-Demand Specialist
CP-2181,0.9,B.Tech/B.E,Tier 1 (IIT/NIT/BITS),Data Science & AI/ML,Tier 1 Tech Hub (Bengaluru/NCR/Hyd),1,3,107.0,1,1,1,1,1,0,0,1,5,21.48,Job-Ready Mid-Level
CP-2182,2.2,Non-CS Degree,Tier 1 (IIT/NIT/BITS),Full Stack Web,Tier 2 City,1,2,30.0,2,1,1,0,1,0,1,0,4,15.99,Job-Ready Mid-Level
CP-2183,5.9,B.Tech/B.E,Tier 3 (Affiliated Colleges),Data Science & AI/ML,Tier 1 Tech Hub (Bengaluru/NCR/Hyd),0,5,0.0,1,0,0,1,1,1,0,1,4,28.87,High-Demand Specialist
CP-2184,0.2,M.Tech/M.S,Tier 2 (Top State/Private),Backend Systems,Tier 1 Tech Hub (Bengaluru/NCR/Hyd),0,1,139.0,0,0,0,1,0,0,1,0,2,15.52,Job-Ready Mid-Level
CP-2185,6.1,B.Tech/B.E,Tier 1 (IIT/NIT/BITS),Full Stack Web,Tier 2 City,0,3,111.0,1,1,1,1,0,0,0,0,3,22.45,Job-Ready Mid-Level
CP-2186,2.6,B.Tech/B.E,Tier 2 (Top State/Private),Data Science & AI/ML,Tier 1 Tech Hub (Bengaluru/NCR/Hyd),1,2,0.0,1,1,1,1,0,1,0,0,4,18.41,Job-Ready Mid-Level
CP-2187,0.2,B.Tech/B.E,Tier 3 (Affiliated Colleges),Data Analytics & BI,Tier 1 Tech Hub (Bengaluru/NCR/Hyd),0,4,108.0,2,0,0,0,0,0,0,0,0,7.37,Entry-Level Learner
CP-2188,0.8,B.Tech/B.E,Tier 2 (Top State/Private),Full Stack Web,Tier 1 Tech Hub (Bengaluru/NCR/Hyd),1,9,241.0,0,1,0,0,1,0,1,0,3,19.06,Job-Ready Mid-Level
CP-2189,2.7,Non-CS Degree,Tier 2 (Top State/Private),Cloud & DevOps,Tier 1 Tech Hub (Bengaluru/NCR/Hyd),1,5,12.0,0,1,1,1,1,0,1,0,5,20.09,Job-Ready Mid-Level
CP-2190,0.2,B.Tech/B.E,Tier 3 (Affiliated Colleges),Data Science & AI/ML,Remote Global,1,2,33.0,1,0,1,0,0,1,0,1,3,13.8,Junior Associate
CP-2191,1.9,B.Tech/B.E,Tier 2 (Top State/Private),Cloud & DevOps,Tier 1 Tech Hub (Bengaluru/NCR/Hyd),1,4,139.0,3,1,1,0,1,1,0,1,5,22.37,Job-Ready Mid-Level
CP-2192,0.9,B.Tech/B.E,Tier 2 (Top State/Private),Data Analytics & BI,Tier 1 Tech Hub (Bengaluru/NCR/Hyd),1,1,152.0,2,1,1,0,0,1,0,0,3,13.02,Junior Associate
CP-2193,2.1,B.Tech/B.E,Tier 2 (Top State/Private),Backend Systems,Tier 1 Tech Hub (Bengaluru/NCR/Hyd),1,4,32.0,1,1,1,0,0,0,1,0,3,17.38,Job-Ready Mid-Level
CP-2194,0.1,B.Tech/B.E,Tier 2 (Top State/Private),Data Science & AI/ML,Tier 1 Tech Hub (Bengaluru/NCR/Hyd),1,4,9.0,0,1,1,1,0,0,0,0,3,9.59,Junior Associate
CP-2195,4.5,MCA,Tier 2 (Top State/Private),Full Stack Web,Tier 1 Tech Hub (Bengaluru/NCR/Hyd),1,8,113.0,1,1,1,0,0,1,0,0,3,24.07,High-Demand Specialist
CP-2196,8.0,B.Tech/B.E,Tier 3 (Affiliated Colleges),Full Stack Web,Tier 2 City,2,5,367.0,0,1,1,0,0,0,0,0,2,25.72,High-Demand Specialist
CP-2197,7.6,B.Tech/B.E,Tier 2 (Top State/Private),Backend Systems,Remote Global,0,2,121.0,1,1,0,1,1,0,0,0,3,35.81,High-Demand Specialist
CP-2198,3.0,B.Tech/B.E,Tier 2 (Top State/Private),Backend Systems,Tier 1 Tech Hub (Bengaluru/NCR/Hyd),0,1,346.0,0,0,0,0,0,0,0,0,0,17.79,Job-Ready Mid-Level
CP-2199,0.3,Non-CS Degree,Tier 1 (IIT/NIT/BITS),Data Science & AI/ML,Tier 1 Tech Hub (Bengaluru/NCR/Hyd),1,6,113.0,2,1,0,0,1,0,1,1,4,19.55,Job-Ready Mid-Level
CP-2200,3.1,B.Tech/B.E,Tier 2 (Top State/Private),Data Science & AI/ML,Tier 2 City,1,3,209.0,0,1,1,0,0,0,0,1,3,16.2,Job-Ready Mid-Level
CP-2201,0.1,B.Tech/B.E,Tier 2 (Top State/Private),Full Stack Web,Tier 1 Tech Hub (Bengaluru/NCR/Hyd),2,4,,1,1,1,1,0,1,0,0,4,17.88,Job-Ready Mid-Level
CP-2202,0.0,BCA/B.Sc CS,Tier 3 (Affiliated Colleges),Data Science & AI/ML,Tier 1 Tech Hub (Bengaluru/NCR/Hyd),0,3,230.0,0,1,0,0,1,0,0,0,2,9.39,Junior Associate
CP-2203,0.9,BCA/B.Sc CS,Tier 2 (Top State/Private),Full Stack Web,Tier 1 Tech Hub (Bengaluru/NCR/Hyd),1,3,29.0,1,1,1,1,0,0,0,0,3,11.43,Junior Associate
CP-2204,1.5,B.Tech/B.E,Tier 3 (Affiliated Colleges),Data Science & AI/ML,Tier 1 Tech Hub (Bengaluru/NCR/Hyd),0,1,123.0,0,1,1,1,0,1,0,1,5,17.11,Job-Ready Mid-Level
CP-2205,3.2,B.Tech/B.E,Tier 2 (Top State/Private),Cloud & DevOps,Tier 1 Tech Hub (Bengaluru/NCR/Hyd),1,6,19.0,3,1,1,1,0,0,1,0,4,21.8,Job-Ready Mid-Level
CP-2206,2.5,M.Tech/M.S,Tier 1 (IIT/NIT/BITS),Backend Systems,Tier 2 City,0,2,0.0,1,1,0,1,1,1,1,0,5,20.48,Job-Ready Mid-Level
CP-2207,1.3,B.Tech/B.E,Tier 1 (IIT/NIT/BITS),Backend Systems,Tier 2 City,2,4,69.0,0,0,1,1,0,0,1,0,3,17.0,Job-Ready Mid-Level
CP-2208,0.7,MCA,Tier 2 (Top State/Private),Full Stack Web,Tier 1 Tech Hub (Bengaluru/NCR/Hyd),3,7,31.0,0,1,0,1,0,1,0,0,3,16.59,Job-Ready Mid-Level
CP-2209,9.5,BCA/B.Sc CS,Tier 1 (IIT/NIT/BITS),Cloud & DevOps,Tier 1 Tech Hub (Bengaluru/NCR/Hyd),1,2,0.0,1,1,1,0,0,0,0,0,2,33.25,High-Demand Specialist
CP-2210,1.2,B.Tech/B.E,Tier 2 (Top State/Private),Data Analytics & BI,Remote Global,2,3,356.0,0,1,1,1,0,0,0,0,3,21.79,Job-Ready Mid-Level
CP-2211,1.3,B.Tech/B.E,Tier 3 (Affiliated Colleges),Data Science & AI/ML,Tier 1 Tech Hub (Bengaluru/NCR/Hyd),1,5,,0,1,0,1,0,0,0,0,2,14.87,Junior Associate
CP-2212,0.4,B.Tech/B.E,Tier 1 (IIT/NIT/BITS),Cloud & DevOps,Remote Global,3,4,237.0,1,1,0,1,0,0,1,0,3,25.16,High-Demand Specialist
CP-2213,3.5,M.Tech/M.S,Tier 2 (Top State/Private),Full Stack Web,Tier 1 Tech Hub (Bengaluru/NCR/Hyd),2,5,350.0,1,1,1,1,0,1,1,0,5,30.84,High-Demand Specialist
CP-2214,2.6,B.Tech/B.E,Tier 2 (Top State/Private),Data Science & AI/ML,Tier 1 Tech Hub (Bengaluru/NCR/Hyd),0,4,67.0,0,0,0,0,1,0,1,0,2,20.19,Job-Ready Mid-Level
CP-2215,0.5,B.Tech/B.E,Tier 2 (Top State/Private),Full Stack Web,Tier 1 Tech Hub (Bengaluru/NCR/Hyd),1,4,48.0,1,1,1,1,0,0,0,0,3,12.12,Junior Associate
CP-2216,0.2,BCA/B.Sc CS,Tier 2 (Top State/Private),Data Science & AI/ML,Remote Global,1,2,0.0,1,1,1,1,1,0,1,0,5,16.09,Job-Ready Mid-Level
CP-2217,2.5,Non-CS Degree,Tier 2 (Top State/Private),Cloud & DevOps,Tier 1 Tech Hub (Bengaluru/NCR/Hyd),0,1,54.0,2,0,1,1,1,0,0,0,3,17.06,Job-Ready Mid-Level
CP-2218,2.3,B.Tech/B.E,Tier 2 (Top State/Private),Data Science & AI/ML,Tier 1 Tech Hub (Bengaluru/NCR/Hyd),0,4,130.0,2,1,1,0,1,0,0,0,3,17.52,Job-Ready Mid-Level
CP-2219,0.7,Non-CS Degree,Tier 3 (Affiliated Colleges),Full Stack Web,Tier 1 Tech Hub (Bengaluru/NCR/Hyd),2,7,69.0,0,0,1,1,1,0,1,0,4,17.34,Job-Ready Mid-Level
CP-2220,6.6,B.Tech/B.E,Tier 3 (Affiliated Colleges),Data Science & AI/ML,Remote Global,2,5,72.0,2,1,1,1,0,1,0,0,4,33.91,High-Demand Specialist
CP-2221,0.4,B.Tech/B.E,Tier 2 (Top State/Private),Backend Systems,Remote Global,2,8,19.0,0,1,1,0,1,0,0,0,3,16.01,Job-Ready Mid-Level
CP-2222,1.2,B.Tech/B.E,Tier 1 (IIT/NIT/BITS),Full Stack Web,Remote Global,3,8,69.0,0,1,0,0,0,0,0,0,1,20.17,Job-Ready Mid-Level
CP-2223,6.3,B.Tech/B.E,Tier 3 (Affiliated Colleges),Cloud & DevOps,Remote Global,2,7,1.0,0,1,1,0,0,0,0,0,2,27.9,High-Demand Specialist
CP-2224,1.2,B.Tech/B.E,Tier 2 (Top State/Private),Cloud & DevOps,Tier 1 Tech Hub (Bengaluru/NCR/Hyd),0,4,242.0,2,1,0,0,0,1,0,0,2,16.23,Job-Ready Mid-Level
CP-2225,2.2,B.Tech/B.E,Tier 2 (Top State/Private),Full Stack Web,Tier 1 Tech Hub (Bengaluru/NCR/Hyd),0,1,0.0,3,1,0,0,0,0,0,0,1,10.18,Junior Associate
CP-2226,1.1,MCA,Tier 2 (Top State/Private),Data Science & AI/ML,Tier 1 Tech Hub (Bengaluru/NCR/Hyd),0,3,65.0,3,1,1,1,0,0,0,0,3,14.06,Junior Associate
CP-2227,0.7,MCA,Tier 1 (IIT/NIT/BITS),Data Analytics & BI,Tier 1 Tech Hub (Bengaluru/NCR/Hyd),0,6,34.0,1,1,0,1,0,0,0,0,2,12.89,Junior Associate
CP-2228,9.1,M.Tech/M.S,Tier 2 (Top State/Private),Data Science & AI/ML,Tier 2 City,0,3,121.0,1,1,1,0,1,1,1,0,5,31.35,High-Demand Specialist
CP-2229,1.2,B.Tech/B.E,Tier 2 (Top State/Private),Data Science & AI/ML,Remote Global,1,3,31.0,0,1,0,1,0,1,1,0,4,18.5,Job-Ready Mid-Level
CP-2230,4.9,B.Tech/B.E,Tier 2 (Top State/Private),Data Analytics & BI,Tier 1 Tech Hub (Bengaluru/NCR/Hyd),2,6,0.0,0,1,0,1,0,0,0,0,2,22.64,Job-Ready Mid-Level
CP-2231,0.6,B.Tech/B.E,Tier 2 (Top State/Private),Data Science & AI/ML,Tier 2 City,2,5,35.0,1,1,1,0,1,0,1,0,4,13.71,Junior Associate
CP-2232,0.5,M.Tech/M.S,Tier 3 (Affiliated Colleges),Full Stack Web,Remote Global,1,2,254.0,1,1,1,0,1,1,0,1,5,22.79,Job-Ready Mid-Level
CP-2233,0.1,Non-CS Degree,Tier 2 (Top State/Private),Full Stack Web,Tier 1 Tech Hub (Bengaluru/NCR/Hyd),2,4,207.0,0,1,0,1,0,0,0,0,2,13.41,Junior Associate
CP-2234,2.3,B.Tech/B.E,Tier 1 (IIT/NIT/BITS),Full Stack Web,Tier 1 Tech Hub (Bengaluru/NCR/Hyd),1,3,30.0,1,1,0,0,0,1,0,0,2,19.13,Job-Ready Mid-Level
CP-2235,1.0,B.Tech/B.E,Tier 2 (Top State/Private),Cloud & DevOps,Tier 1 Tech Hub (Bengaluru/NCR/Hyd),2,3,124.0,1,1,1,0,0,0,0,0,2,13.76,Junior Associate
CP-2236,4.4,B.Tech/B.E,Tier 3 (Affiliated Colleges),Cloud & DevOps,Tier 1 Tech Hub (Bengaluru/NCR/Hyd),1,5,0.0,2,1,1,1,0,1,1,1,6,26.56,High-Demand Specialist
CP-2237,1.4,B.Tech/B.E,Tier 3 (Affiliated Colleges),Cloud & DevOps,Tier 1 Tech Hub (Bengaluru/NCR/Hyd),0,4,7.0,0,0,1,1,0,1,1,0,4,16.82,Job-Ready Mid-Level
CP-2238,7.6,B.Tech/B.E,Tier 3 (Affiliated Colleges),Data Analytics & BI,Tier 1 Tech Hub (Bengaluru/NCR/Hyd),2,6,41.0,1,1,1,0,0,0,0,0,2,28.61,High-Demand Specialist
CP-2239,0.5,BCA/B.Sc CS,Tier 1 (IIT/NIT/BITS),Full Stack Web,Tier 1 Tech Hub (Bengaluru/NCR/Hyd),1,3,13.0,0,0,1,1,0,1,0,0,3,15.22,Job-Ready Mid-Level
CP-2240,4.5,M.Tech/M.S,Tier 3 (Affiliated Colleges),Full Stack Web,Remote Global,1,3,147.0,0,1,0,0,1,0,0,0,2,25.74,High-Demand Specialist
CP-2241,3.3,B.Tech/B.E,Tier 3 (Affiliated Colleges),Full Stack Web,Tier 1 Tech Hub (Bengaluru/NCR/Hyd),0,1,243.0,0,1,1,0,0,0,0,0,2,16.43,Job-Ready Mid-Level
CP-2242,3.2,B.Tech/B.E,Tier 1 (IIT/NIT/BITS),Full Stack Web,Tier 1 Tech Hub (Bengaluru/NCR/Hyd),1,6,16.0,0,1,0,0,1,0,0,0,2,22.56,Job-Ready Mid-Level
CP-2243,4.1,Non-CS Degree,Tier 2 (Top State/Private),Backend Systems,Remote Global,3,7,19.0,1,1,1,1,0,0,0,0,3,25.12,High-Demand Specialist
CP-2244,3.1,B.Tech/B.E,Tier 2 (Top State/Private),Data Analytics & BI,Tier 1 Tech Hub (Bengaluru/NCR/Hyd),0,4,59.0,1,1,0,0,0,0,0,0,1,16.47,Job-Ready Mid-Level
CP-2245,2.2,B.Tech/B.E,Tier 3 (Affiliated Colleges),Data Science & AI/ML,Tier 1 Tech Hub (Bengaluru/NCR/Hyd),2,7,58.0,2,0,1,1,0,0,1,0,3,22.16,Job-Ready Mid-Level
CP-2246,0.3,B.Tech/B.E,Tier 2 (Top State/Private),Data Science & AI/ML,Tier 2 City,0,2,225.0,1,1,1,1,0,1,0,0,4,12.0,Junior Associate
CP-2247,0.1,B.Tech/B.E,Tier 2 (Top State/Private),Data Science & AI/ML,Tier 1 Tech Hub (Bengaluru/NCR/Hyd),1,4,220.0,0,1,1,1,1,1,1,0,6,23.48,Job-Ready Mid-Level
CP-2248,5.6,B.Tech/B.E,Tier 3 (Affiliated Colleges),Data Science & AI/ML,Tier 2 City,0,1,127.0,2,1,1,1,0,1,0,0,4,19.46,Job-Ready Mid-Level
CP-2249,2.1,M.Tech/M.S,Tier 3 (Affiliated Colleges),Data Science & AI/ML,Tier 1 Tech Hub (Bengaluru/NCR/Hyd),2,2,35.0,2,1,0,1,0,0,1,1,4,21.13,Job-Ready Mid-Level
CP-2250,3.5,B.Tech/B.E,Tier 3 (Affiliated Colleges),Full Stack Web,Tier 1 Tech Hub (Bengaluru/NCR/Hyd),0,4,118.0,1,1,0,1,0,0,0,1,3,21.88,Job-Ready Mid-Level
CP-2251,1.4,B.Tech/B.E,Tier 3 (Affiliated Colleges),Data Analytics & BI,Tier 1 Tech Hub (Bengaluru/NCR/Hyd),1,7,0.0,0,1,1,0,0,0,0,0,2,11.44,Junior Associate
CP-2252,0.3,BCA/B.Sc CS,Tier 1 (IIT/NIT/BITS),Data Analytics & BI,Tier 1 Tech Hub (Bengaluru/NCR/Hyd),0,4,341.0,0,1,1,1,1,0,0,1,5,24.36,High-Demand Specialist
CP-2253,0.3,B.Tech/B.E,Tier 3 (Affiliated Colleges),Data Science & AI/ML,Tier 2 City,0,3,24.0,1,1,1,1,1,0,0,1,5,10.55,Junior Associate
CP-2254,2.5,MCA,Tier 2 (Top State/Private),Full Stack Web,Tier 2 City,2,4,69.0,1,1,0,0,0,0,1,1,3,17.89,Job-Ready Mid-Level
CP-2255,1.2,MCA,Tier 3 (Affiliated Colleges),Full Stack Web,Remote Global,0,3,0.0,0,1,0,0,0,0,0,0,1,8.74,Entry-Level Learner
CP-2256,0.5,B.Tech/B.E,Tier 2 (Top State/Private),Data Analytics & BI,Tier 2 City,0,6,57.0,0,1,1,0,1,0,0,0,3,8.85,Entry-Level Learner
CP-2257,1.5,M.Tech/M.S,Tier 3 (Affiliated Colleges),Data Analytics & BI,Tier 1 Tech Hub (Bengaluru/NCR/Hyd),0,4,123.0,0,1,0,0,0,0,1,0,2,14.07,Junior Associate
CP-2258,0.1,B.Tech/B.E,Tier 3 (Affiliated Colleges),Backend Systems,Tier 2 City,1,4,149.0,2,1,1,0,1,1,1,0,5,11.36,Junior Associate
CP-2259,1.9,Non-CS Degree,Tier 3 (Affiliated Colleges),Full Stack Web,Tier 2 City,1,6,153.0,2,1,0,1,1,0,1,0,4,14.88,Junior Associate
CP-2260,0.7,B.Tech/B.E,Tier 1 (IIT/NIT/BITS),Cloud & DevOps,Tier 2 City,0,1,65.0,0,1,1,1,0,0,0,0,3,11.09,Junior Associate
CP-2261,3.5,Non-CS Degree,Tier 2 (Top State/Private),Data Science & AI/ML,Tier 2 City,0,3,47.0,0,1,1,1,0,1,0,0,4,12.42,Junior Associate
CP-2262,0.8,M.Tech/M.S,Tier 3 (Affiliated Colleges),Cloud & DevOps,Tier 1 Tech Hub (Bengaluru/NCR/Hyd),1,6,227.0,0,1,1,1,1,0,0,0,4,15.88,Job-Ready Mid-Level
CP-2263,1.3,B.Tech/B.E,Tier 1 (IIT/NIT/BITS),Data Science & AI/ML,Tier 1 Tech Hub (Bengaluru/NCR/Hyd),0,2,133.0,0,1,1,1,1,1,0,0,5,20.23,Job-Ready Mid-Level
CP-2264,0.0,B.Tech/B.E,Tier 3 (Affiliated Colleges),Full Stack Web,Tier 2 City,2,4,0.0,0,0,1,0,0,0,1,0,2,9.27,Junior Associate
CP-2265,0.2,Non-CS Degree,Tier 1 (IIT/NIT/BITS),Cloud & DevOps,Tier 1 Tech Hub (Bengaluru/NCR/Hyd),2,7,243.0,1,1,0,0,0,1,1,0,3,19.22,Job-Ready Mid-Level
CP-2266,1.1,MCA,Tier 3 (Affiliated Colleges),Data Science & AI/ML,Tier 1 Tech Hub (Bengaluru/NCR/Hyd),1,4,339.0,0,0,1,0,0,0,0,0,1,14.9,Junior Associate
CP-2267,1.4,B.Tech/B.E,Tier 2 (Top State/Private),Data Science & AI/ML,Tier 2 City,0,2,136.0,1,0,1,1,0,1,0,0,3,11.87,Junior Associate
CP-2268,2.0,M.Tech/M.S,Tier 3 (Affiliated Colleges),Data Science & AI/ML,Tier 1 Tech Hub (Bengaluru/NCR/Hyd),1,3,64.0,0,1,0,1,0,0,0,0,2,13.64,Junior Associate
CP-2269,0.8,B.Tech/B.E,Tier 3 (Affiliated Colleges),Data Science & AI/ML,Tier 1 Tech Hub (Bengaluru/NCR/Hyd),2,7,130.0,0,1,0,0,0,0,0,0,1,13.11,Junior Associate
CP-2270,2.6,B.Tech/B.E,Tier 2 (Top State/Private),Data Science & AI/ML,Tier 1 Tech Hub (Bengaluru/NCR/Hyd),1,5,38.0,0,1,1,0,0,0,0,0,2,16.67,Job-Ready Mid-Level
CP-2271,4.3,B.Tech/B.E,Tier 1 (IIT/NIT/BITS),Data Science & AI/ML,Tier 2 City,2,7,122.0,1,1,1,1,1,0,0,0,4,22.8,Job-Ready Mid-Level
CP-2272,3.3,B.Tech/B.E,Tier 1 (IIT/NIT/BITS),Data Science & AI/ML,Tier 1 Tech Hub (Bengaluru/NCR/Hyd),1,5,45.0,0,1,1,1,0,0,0,0,3,20.9,Job-Ready Mid-Level
CP-2273,0.1,M.Tech/M.S,Tier 2 (Top State/Private),Data Science & AI/ML,Tier 2 City,1,2,229.0,2,0,1,1,0,0,0,0,2,10.92,Junior Associate
CP-2274,1.4,B.Tech/B.E,Tier 2 (Top State/Private),Backend Systems,Tier 1 Tech Hub (Bengaluru/NCR/Hyd),0,2,124.0,0,0,1,1,0,1,0,0,3,15.04,Job-Ready Mid-Level
CP-2275,0.2,MCA,Tier 3 (Affiliated Colleges),Full Stack Web,Tier 1 Tech Hub (Bengaluru/NCR/Hyd),1,5,8.0,1,0,0,0,0,1,0,1,2,12.04,Junior Associate
CP-2276,0.6,B.Tech/B.E,Tier 2 (Top State/Private),Data Science & AI/ML,Tier 1 Tech Hub (Bengaluru/NCR/Hyd),0,4,107.0,3,0,1,1,0,1,0,0,3,13.65,Junior Associate
CP-2277,9.5,B.Tech/B.E,Tier 2 (Top State/Private),Full Stack Web,Tier 2 City,2,5,46.0,1,1,1,1,1,0,0,0,4,29.43,High-Demand Specialist
CP-2278,0.3,B.Tech/B.E,Tier 2 (Top State/Private),Data Analytics & BI,Tier 1 Tech Hub (Bengaluru/NCR/Hyd),2,3,32.0,1,0,0,0,0,0,0,0,0,9.97,Junior Associate
CP-2279,1.5,B.Tech/B.E,Tier 1 (IIT/NIT/BITS),Cloud & DevOps,Remote Global,2,2,70.0,0,1,0,0,0,0,1,0,2,22.38,Job-Ready Mid-Level
CP-2280,2.1,B.Tech/B.E,Tier 2 (Top State/Private),Full Stack Web,Remote Global,1,8,30.0,2,0,1,0,0,1,0,0,2,18.7,Job-Ready Mid-Level
CP-2281,2.7,B.Tech/B.E,Tier 3 (Affiliated Colleges),Cloud & DevOps,Tier 2 City,0,5,363.0,1,1,1,1,1,0,0,0,4,17.06,Job-Ready Mid-Level
CP-2282,1.8,BCA/B.Sc CS,Tier 3 (Affiliated Colleges),Data Analytics & BI,Remote Global,0,3,31.0,0,0,1,1,0,0,1,0,3,15.47,Job-Ready Mid-Level
CP-2283,0.0,B.Tech/B.E,Tier 2 (Top State/Private),Data Analytics & BI,Tier 1 Tech Hub (Bengaluru/NCR/Hyd),1,5,110.0,0,1,1,0,1,0,0,1,4,16.05,Job-Ready Mid-Level
CP-2284,0.9,B.Tech/B.E,Tier 2 (Top State/Private),Cloud & DevOps,Tier 1 Tech Hub (Bengaluru/NCR/Hyd),2,4,30.0,1,1,0,0,1,1,0,0,3,15.91,Job-Ready Mid-Level
CP-2285,1.6,B.Tech/B.E,Tier 3 (Affiliated Colleges),Backend Systems,Tier 2 City,1,2,116.0,0,1,0,0,1,0,1,1,4,16.23,Job-Ready Mid-Level
CP-2286,0.2,MCA,Tier 2 (Top State/Private),Backend Systems,Tier 2 City,0,3,46.0,1,0,1,0,0,0,0,1,2,8.44,Entry-Level Learner
CP-2287,0.9,MCA,Tier 1 (IIT/NIT/BITS),Cloud & DevOps,Remote Global,3,6,71.0,0,1,1,1,0,0,0,0,3,21.99,Job-Ready Mid-Level
CP-2288,0.1,B.Tech/B.E,Tier 1 (IIT/NIT/BITS),Full Stack Web,Tier 2 City,3,8,360.0,1,1,0,0,1,0,0,0,2,16.02,Job-Ready Mid-Level
CP-2289,0.2,B.Tech/B.E,Tier 2 (Top State/Private),Cloud & DevOps,Remote Global,1,7,49.0,0,1,0,0,1,0,0,0,2,13.71,Junior Associate
CP-2290,1.1,B.Tech/B.E,Tier 3 (Affiliated Colleges),Data Analytics & BI,Tier 1 Tech Hub (Bengaluru/NCR/Hyd),1,3,123.0,1,1,0,0,0,0,0,1,2,13.91,Junior Associate
CP-2291,0.3,Non-CS Degree,Tier 3 (Affiliated Colleges),Data Science & AI/ML,Tier 2 City,2,7,20.0,0,0,0,0,0,0,0,1,1,8.08,Entry-Level Learner
CP-2292,1.8,B.Tech/B.E,Tier 1 (IIT/NIT/BITS),Backend Systems,Tier 2 City,1,3,59.0,1,1,1,0,1,1,0,0,4,14.68,Junior Associate
CP-2293,2.6,B.Tech/B.E,Tier 2 (Top State/Private),Data Science & AI/ML,Tier 2 City,3,5,217.0,2,0,1,0,1,1,0,1,4,22.07,Job-Ready Mid-Level
CP-2294,3.5,B.Tech/B.E,Tier 3 (Affiliated Colleges),Full Stack Web,Tier 1 Tech Hub (Bengaluru/NCR/Hyd),0,6,129.0,2,1,1,1,0,0,1,1,5,24.8,High-Demand Specialist
CP-2295,0.5,B.Tech/B.E,Tier 3 (Affiliated Colleges),Backend Systems,Tier 2 City,1,3,72.0,0,0,1,0,0,1,0,0,2,9.67,Junior Associate
CP-2296,0.4,B.Tech/B.E,Tier 3 (Affiliated Colleges),Data Science & AI/ML,Remote Global,1,3,249.0,1,1,1,0,0,1,0,1,4,18.26,Job-Ready Mid-Level
CP-2297,0.2,M.Tech/M.S,Tier 3 (Affiliated Colleges),Full Stack Web,Tier 1 Tech Hub (Bengaluru/NCR/Hyd),2,5,56.0,0,1,1,1,0,0,1,1,5,18.11,Job-Ready Mid-Level
CP-2298,2.2,B.Tech/B.E,Tier 1 (IIT/NIT/BITS),Data Science & AI/ML,Tier 2 City,2,7,54.0,3,1,1,0,0,0,0,0,2,14.78,Junior Associate
CP-2299,2.7,BCA/B.Sc CS,Tier 3 (Affiliated Colleges),Full Stack Web,Tier 1 Tech Hub (Bengaluru/NCR/Hyd),3,5,45.0,1,1,0,0,0,0,1,1,3,21.59,Job-Ready Mid-Level
CP-2300,0.1,B.Tech/B.E,Tier 3 (Affiliated Colleges),Data Science & AI/ML,Remote Global,1,5,146.0,0,1,1,1,0,1,0,0,4,14.11,Junior Associate
CP-2301,6.1,B.Tech/B.E,Tier 2 (Top State/Private),Full Stack Web,Tier 1 Tech Hub (Bengaluru/NCR/Hyd),2,3,69.0,0,1,0,0,0,0,0,0,1,24.88,High-Demand Specialist
CP-2302,0.1,MCA,Tier 3 (Affiliated Colleges),Full Stack Web,Tier 1 Tech Hub (Bengaluru/NCR/Hyd),1,5,64.0,1,1,1,1,0,1,1,1,6,19.28,Job-Ready Mid-Level
CP-2303,1.7,B.Tech/B.E,Tier 2 (Top State/Private),Backend Systems,Tier 1 Tech Hub (Bengaluru/NCR/Hyd),1,4,378.0,0,0,0,1,0,0,0,0,1,17.7,Job-Ready Mid-Level
CP-2304,2.7,MCA,Tier 1 (IIT/NIT/BITS),Backend Systems,Tier 2 City,0,7,0.0,3,0,1,0,0,0,1,0,2,15.27,Job-Ready Mid-Level
CP-2305,4.5,B.Tech/B.E,Tier 2 (Top State/Private),Data Science & AI/ML,Tier 1 Tech Hub (Bengaluru/NCR/Hyd),2,5,25.0,3,0,1,1,0,0,1,1,4,29.71,High-Demand Specialist
CP-2306,2.8,B.Tech/B.E,Tier 2 (Top State/Private),Data Analytics & BI,Tier 2 City,3,3,26.0,1,1,1,1,1,0,0,1,5,19.6,Job-Ready Mid-Level
CP-2307,3.6,Non-CS Degree,Tier 2 (Top State/Private),Data Science & AI/ML,Remote Global,0,1,31.0,0,1,1,0,1,0,0,0,3,18.39,Job-Ready Mid-Level
CP-2308,0.9,B.Tech/B.E,Tier 2 (Top State/Private),Data Science & AI/ML,Remote Global,0,3,,1,1,1,0,0,0,0,0,2,10.81,Junior Associate
CP-2309,3.7,MCA,Tier 2 (Top State/Private),Data Science & AI/ML,Tier 1 Tech Hub (Bengaluru/NCR/Hyd),2,5,21.0,0,1,0,0,0,0,0,1,2,21.8,Job-Ready Mid-Level
CP-2310,0.2,B.Tech/B.E,Tier 2 (Top State/Private),Backend Systems,Remote Global,1,7,27.0,1,1,1,1,1,0,0,0,4,16.9,Job-Ready Mid-Level
CP-2311,5.0,MCA,Tier 2 (Top State/Private),Backend Systems,Tier 2 City,3,3,42.0,0,0,0,0,0,0,1,0,1,19.71,Job-Ready Mid-Level
CP-2312,1.7,B.Tech/B.E,Tier 1 (IIT/NIT/BITS),Data Science & AI/ML,Tier 1 Tech Hub (Bengaluru/NCR/Hyd),0,4,146.0,0,1,0,1,1,0,0,0,3,20.74,Job-Ready Mid-Level
CP-2313,3.7,B.Tech/B.E,Tier 3 (Affiliated Colleges),Data Science & AI/ML,Tier 1 Tech Hub (Bengaluru/NCR/Hyd),0,5,343.0,0,1,0,0,0,1,1,0,3,23.98,Job-Ready Mid-Level
CP-2314,1.3,M.Tech/M.S,Tier 2 (Top State/Private),Data Science & AI/ML,Tier 1 Tech Hub (Bengaluru/NCR/Hyd),1,2,128.0,0,1,0,0,1,1,1,1,5,23.63,Job-Ready Mid-Level
CP-2315,2.3,Non-CS Degree,Tier 2 (Top State/Private),Full Stack Web,Tier 2 City,0,5,0.0,3,1,1,0,0,1,1,0,4,14.14,Junior Associate
CP-2316,1.6,MCA,Tier 3 (Affiliated Colleges),Cloud & DevOps,Tier 1 Tech Hub (Bengaluru/NCR/Hyd),0,4,17.0,2,1,1,0,0,1,1,1,5,17.25,Job-Ready Mid-Level
CP-2317,2.9,M.Tech/M.S,Tier 3 (Affiliated Colleges),Data Science & AI/ML,Tier 1 Tech Hub (Bengaluru/NCR/Hyd),0,4,129.0,1,1,1,0,0,0,1,1,4,23.03,Job-Ready Mid-Level
CP-2318,0.2,MCA,Tier 3 (Affiliated Colleges),Data Analytics & BI,Tier 2 City,0,5,146.0,2,0,1,1,0,1,1,1,5,14.57,Junior Associate
CP-2319,0.1,B.Tech/B.E,Tier 2 (Top State/Private),Full Stack Web,Tier 1 Tech Hub (Bengaluru/NCR/Hyd),0,2,18.0,0,0,1,1,0,0,1,1,4,14.34,Junior Associate
CP-2320,0.6,B.Tech/B.E,Tier 1 (IIT/NIT/BITS),Backend Systems,Tier 2 City,3,5,62.0,1,1,0,0,0,1,0,1,3,15.58,Job-Ready Mid-Level
CP-2321,0.4,B.Tech/B.E,Tier 3 (Affiliated Colleges),Cloud & DevOps,Tier 2 City,0,2,125.0,1,0,1,1,1,0,0,0,3,9.67,Junior Associate
CP-2322,4.5,B.Tech/B.E,Tier 2 (Top State/Private),Full Stack Web,Tier 1 Tech Hub (Bengaluru/NCR/Hyd),1,3,62.0,0,0,1,1,1,1,0,0,4,26.62,High-Demand Specialist
CP-2323,0.5,B.Tech/B.E,Tier 2 (Top State/Private),Data Analytics & BI,Remote Global,2,7,64.0,0,0,1,1,0,0,0,0,2,17.76,Job-Ready Mid-Level
CP-2324,8.2,B.Tech/B.E,Tier 1 (IIT/NIT/BITS),Data Analytics & BI,Tier 1 Tech Hub (Bengaluru/NCR/Hyd),1,5,2.0,2,1,1,0,0,1,0,0,3,34.33,High-Demand Specialist
CP-2325,0.9,B.Tech/B.E,Tier 3 (Affiliated Colleges),Full Stack Web,Tier 1 Tech Hub (Bengaluru/NCR/Hyd),1,1,143.0,1,1,1,0,0,0,0,0,2,9.56,Junior Associate
CP-2326,0.4,BCA/B.Sc CS,Tier 1 (IIT/NIT/BITS),Full Stack Web,Tier 2 City,1,3,154.0,1,1,1,0,0,0,0,0,2,11.05,Junior Associate
CP-2327,3.4,B.Tech/B.E,Tier 3 (Affiliated Colleges),Backend Systems,Tier 1 Tech Hub (Bengaluru/NCR/Hyd),2,6,,1,1,1,1,0,1,1,0,5,28.75,High-Demand Specialist
CP-2328,2.4,B.Tech/B.E,Tier 3 (Affiliated Colleges),Data Science & AI/ML,Remote Global,2,8,132.0,0,1,0,0,0,1,1,1,4,27.52,High-Demand Specialist
CP-2329,1.5,B.Tech/B.E,Tier 2 (Top State/Private),Data Science & AI/ML,Tier 1 Tech Hub (Bengaluru/NCR/Hyd),1,5,49.0,0,1,1,1,1,0,1,0,5,20.86,Job-Ready Mid-Level
CP-2330,1.8,M.Tech/M.S,Tier 3 (Affiliated Colleges),Full Stack Web,Tier 1 Tech Hub (Bengaluru/NCR/Hyd),2,6,118.0,2,0,1,0,0,1,1,1,4,22.85,Job-Ready Mid-Level
CP-2331,2.8,M.Tech/M.S,Tier 3 (Affiliated Colleges),Data Analytics & BI,Remote Global,1,5,44.0,1,1,0,0,0,0,1,0,2,21.88,Job-Ready Mid-Level
CP-2332,0.6,BCA/B.Sc CS,Tier 3 (Affiliated Colleges),Data Analytics & BI,Tier 1 Tech Hub (Bengaluru/NCR/Hyd),0,4,23.0,2,1,1,1,0,1,1,0,5,12.9,Junior Associate
CP-2333,9.5,B.Tech/B.E,Tier 2 (Top State/Private),Backend Systems,Tier 2 City,2,6,224.0,0,1,0,1,0,1,0,1,4,31.96,High-Demand Specialist
CP-2334,8.1,B.Tech/B.E,Tier 3 (Affiliated Colleges),Full Stack Web,Tier 1 Tech Hub (Bengaluru/NCR/Hyd),1,1,31.0,2,1,0,0,1,1,0,1,4,32.61,High-Demand Specialist
CP-2335,2.3,B.Tech/B.E,Tier 2 (Top State/Private),Data Science & AI/ML,Tier 2 City,2,6,28.0,2,1,1,1,0,0,0,0,3,14.24,Junior Associate
CP-2336,0.5,B.Tech/B.E,Tier 3 (Affiliated Colleges),Cloud & DevOps,Tier 1 Tech Hub (Bengaluru/NCR/Hyd),0,1,365.0,0,1,1,1,0,0,0,0,3,11.99,Junior Associate
CP-2337,2.5,B.Tech/B.E,Tier 2 (Top State/Private),Data Analytics & BI,Tier 1 Tech Hub (Bengaluru/NCR/Hyd),1,3,364.0,0,1,1,0,0,1,0,0,3,21.94,Job-Ready Mid-Level
CP-2338,0.2,B.Tech/B.E,Tier 2 (Top State/Private),Data Science & AI/ML,Tier 1 Tech Hub (Bengaluru/NCR/Hyd),3,9,61.0,0,1,1,1,0,0,1,1,5,19.72,Job-Ready Mid-Level
CP-2339,0.1,B.Tech/B.E,Tier 3 (Affiliated Colleges),Data Science & AI/ML,Tier 1 Tech Hub (Bengaluru/NCR/Hyd),0,3,5.0,0,1,1,0,1,0,0,1,4,11.98,Junior Associate
CP-2340,0.7,Non-CS Degree,Tier 3 (Affiliated Colleges),Data Science & AI/ML,Tier 2 City,3,5,25.0,1,1,1,1,0,1,0,0,4,10.66,Junior Associate
CP-2341,1.4,Non-CS Degree,Tier 2 (Top State/Private),Cloud & DevOps,Tier 1 Tech Hub (Bengaluru/NCR/Hyd),3,4,207.0,0,1,0,0,0,1,0,1,3,20.56,Job-Ready Mid-Level
CP-2342,4.5,B.Tech/B.E,Tier 2 (Top State/Private),Backend Systems,Tier 1 Tech Hub (Bengaluru/NCR/Hyd),2,2,37.0,2,1,1,1,0,0,0,0,3,23.78,Job-Ready Mid-Level
CP-2343,2.9,B.Tech/B.E,Tier 2 (Top State/Private),Cloud & DevOps,Tier 1 Tech Hub (Bengaluru/NCR/Hyd),1,2,341.0,2,0,1,1,0,0,0,0,2,21.73,Job-Ready Mid-Level
CP-2344,3.0,B.Tech/B.E,Tier 3 (Affiliated Colleges),Backend Systems,Tier 2 City,1,2,0.0,1,1,1,0,1,0,1,0,4,15.09,Job-Ready Mid-Level
CP-2345,1.2,B.Tech/B.E,Tier 3 (Affiliated Colleges),Data Science & AI/ML,Tier 2 City,2,4,30.0,0,1,1,1,1,1,0,0,5,13.29,Junior Associate
CP-2346,0.9,Non-CS Degree,Tier 3 (Affiliated Colleges),Backend Systems,Tier 1 Tech Hub (Bengaluru/NCR/Hyd),2,5,58.0,0,1,1,0,0,0,1,0,3,13.49,Junior Associate
CP-2347,1.0,B.Tech/B.E,Tier 1 (IIT/NIT/BITS),Data Analytics & BI,Tier 1 Tech Hub (Bengaluru/NCR/Hyd),1,6,56.0,2,1,1,0,0,1,0,0,3,17.02,Job-Ready Mid-Level
CP-2348,9.5,M.Tech/M.S,Tier 2 (Top State/Private),Full Stack Web,Tier 1 Tech Hub (Bengaluru/NCR/Hyd),3,6,350.0,2,0,0,1,1,0,0,0,2,41.91,High-Demand Specialist
CP-2349,0.1,B.Tech/B.E,Tier 3 (Affiliated Colleges),Backend Systems,Tier 2 City,1,5,142.0,0,1,1,0,0,1,0,0,3,9.98,Junior Associate
CP-2350,4.4,Non-CS Degree,Tier 3 (Affiliated Colleges),Full Stack Web,Tier 1 Tech Hub (Bengaluru/NCR/Hyd),3,10,0.0,0,0,1,0,0,0,0,0,1,18.74,Job-Ready Mid-Level
CP-2351,1.9,B.Tech/B.E,Tier 1 (IIT/NIT/BITS),Backend Systems,Tier 1 Tech Hub (Bengaluru/NCR/Hyd),0,6,45.0,0,1,1,1,0,0,0,0,3,17.53,Job-Ready Mid-Level
CP-2352,1.3,M.Tech/M.S,Tier 3 (Affiliated Colleges),Backend Systems,Tier 2 City,0,2,115.0,2,1,1,1,0,0,0,0,3,10.36,Junior Associate
CP-2353,2.8,B.Tech/B.E,Tier 2 (Top State/Private),Data Analytics & BI,Remote Global,1,7,74.0,1,0,1,0,1,1,0,1,4,27.62,High-Demand Specialist
CP-2354,1.5,BCA/B.Sc CS,Tier 2 (Top State/Private),Cloud & DevOps,Tier 1 Tech Hub (Bengaluru/NCR/Hyd),1,2,227.0,0,0,1,0,1,1,1,0,4,20.71,Job-Ready Mid-Level
CP-2355,4.5,B.Tech/B.E,Tier 2 (Top State/Private),Data Science & AI/ML,Tier 2 City,2,5,0.0,1,1,0,0,1,0,1,0,3,20.42,Job-Ready Mid-Level
CP-2356,5.1,B.Tech/B.E,Tier 2 (Top State/Private),Full Stack Web,Tier 1 Tech Hub (Bengaluru/NCR/Hyd),0,5,70.0,0,1,1,0,0,0,0,1,3,23.27,Job-Ready Mid-Level
CP-2357,1.2,Non-CS Degree,Tier 2 (Top State/Private),Full Stack Web,Remote Global,3,7,0.0,1,1,0,0,0,0,0,1,2,16.89,Job-Ready Mid-Level
CP-2358,0.7,MCA,Tier 1 (IIT/NIT/BITS),Data Analytics & BI,Tier 1 Tech Hub (Bengaluru/NCR/Hyd),0,2,0.0,1,1,0,0,0,0,0,0,1,10.23,Junior Associate
CP-2359,2.0,MCA,Tier 1 (IIT/NIT/BITS),Data Analytics & BI,Tier 1 Tech Hub (Bengaluru/NCR/Hyd),1,6,51.0,2,0,1,0,0,0,0,0,1,17.45,Job-Ready Mid-Level
CP-2360,5.4,BCA/B.Sc CS,Tier 3 (Affiliated Colleges),Backend Systems,Remote Global,0,4,349.0,1,1,0,1,0,0,0,0,2,26.73,High-Demand Specialist
CP-2361,0.5,M.Tech/M.S,Tier 1 (IIT/NIT/BITS),Data Science & AI/ML,Tier 1 Tech Hub (Bengaluru/NCR/Hyd),1,4,29.0,0,1,0,0,1,1,0,0,3,19.33,Job-Ready Mid-Level
CP-2362,2.1,B.Tech/B.E,Tier 2 (Top State/Private),Data Analytics & BI,Tier 1 Tech Hub (Bengaluru/NCR/Hyd),0,2,22.0,1,1,0,0,0,0,1,1,3,17.71,Job-Ready Mid-Level
CP-2363,2.2,B.Tech/B.E,Tier 2 (Top State/Private),Backend Systems,Tier 1 Tech Hub (Bengaluru/NCR/Hyd),0,2,28.0,2,1,1,0,0,0,0,0,2,13.38,Junior Associate
CP-2364,2.9,B.Tech/B.E,Tier 2 (Top State/Private),Data Analytics & BI,Tier 2 City,1,4,118.0,1,1,0,0,1,1,0,0,3,15.8,Job-Ready Mid-Level
CP-2365,0.3,BCA/B.Sc CS,Tier 3 (Affiliated Colleges),Data Science & AI/ML,Tier 1 Tech Hub (Bengaluru/NCR/Hyd),0,1,,0,1,0,0,0,1,0,1,3,12.86,Junior Associate
CP-2366,2.8,B.Tech/B.E,Tier 2 (Top State/Private),Data Science & AI/ML,Remote Global,0,3,114.0,0,1,1,1,0,0,0,0,3,19.23,Job-Ready Mid-Level
CP-2367,5.3,B.Tech/B.E,Tier 3 (Affiliated Colleges),Data Science & AI/ML,Tier 1 Tech Hub (Bengaluru/NCR/Hyd),2,8,13.0,0,0,1,1,0,1,1,1,5,32.11,High-Demand Specialist
CP-2368,0.4,BCA/B.Sc CS,Tier 3 (Affiliated Colleges),Cloud & DevOps,Tier 1 Tech Hub (Bengaluru/NCR/Hyd),0,1,116.0,0,1,1,0,0,0,1,0,3,10.14,Junior Associate
CP-2369,0.6,M.Tech/M.S,Tier 1 (IIT/NIT/BITS),Cloud & DevOps,Tier 1 Tech Hub (Bengaluru/NCR/Hyd),1,5,144.0,0,0,1,1,0,1,1,0,4,22.76,Job-Ready Mid-Level
CP-2370,7.8,B.Tech/B.E,Tier 1 (IIT/NIT/BITS),Backend Systems,Tier 1 Tech Hub (Bengaluru/NCR/Hyd),0,1,44.0,0,1,1,0,0,1,0,0,3,29.88,High-Demand Specialist
CP-2371,0.4,B.Tech/B.E,Tier 2 (Top State/Private),Full Stack Web,Tier 2 City,0,2,61.0,2,0,1,1,1,0,0,0,3,9.68,Junior Associate
CP-2372,4.2,B.Tech/B.E,Tier 2 (Top State/Private),Full Stack Web,Tier 2 City,1,5,106.0,1,1,1,0,1,0,0,0,3,17.8,Job-Ready Mid-Level
CP-2373,1.5,B.Tech/B.E,Tier 3 (Affiliated Colleges),Cloud & DevOps,Tier 1 Tech Hub (Bengaluru/NCR/Hyd),0,2,44.0,0,0,1,0,1,0,0,0,2,11.21,Junior Associate
CP-2374,0.6,B.Tech/B.E,Tier 2 (Top State/Private),Data Analytics & BI,Tier 1 Tech Hub (Bengaluru/NCR/Hyd),2,4,0.0,0,1,1,1,1,0,1,0,5,17.93,Job-Ready Mid-Level
CP-2375,4.5,BCA/B.Sc CS,Tier 2 (Top State/Private),Backend Systems,Tier 2 City,2,8,62.0,3,1,0,1,1,1,1,0,5,23.36,Job-Ready Mid-Level
CP-2376,1.3,BCA/B.Sc CS,Tier 2 (Top State/Private),Data Analytics & BI,Tier 2 City,0,4,54.0,1,1,0,1,0,0,1,0,3,10.18,Junior Associate
CP-2377,1.6,BCA/B.Sc CS,Tier 2 (Top State/Private),Full Stack Web,Tier 2 City,3,4,,3,0,1,0,0,0,1,0,2,14.41,Junior Associate
CP-2378,1.0,B.Tech/B.E,Tier 2 (Top State/Private),Cloud & DevOps,Tier 2 City,0,1,122.0,1,1,1,1,1,1,0,0,5,13.36,Junior Associate
CP-2379,2.0,MCA,Tier 2 (Top State/Private),Data Analytics & BI,Tier 1 Tech Hub (Bengaluru/NCR/Hyd),0,3,254.0,0,1,0,1,0,1,1,1,5,24.41,High-Demand Specialist
CP-2380,0.4,B.Tech/B.E,Tier 2 (Top State/Private),Full Stack Web,Remote Global,0,3,34.0,2,0,1,1,0,0,1,1,4,20.33,Job-Ready Mid-Level
CP-2381,1.1,B.Tech/B.E,Tier 2 (Top State/Private),Data Science & AI/ML,Tier 1 Tech Hub (Bengaluru/NCR/Hyd),1,4,31.0,1,1,1,0,1,0,0,0,3,13.95,Junior Associate
CP-2382,7.7,M.Tech/M.S,Tier 3 (Affiliated Colleges),Data Science & AI/ML,Tier 1 Tech Hub (Bengaluru/NCR/Hyd),1,5,146.0,1,0,0,0,0,0,0,0,0,29.44,High-Demand Specialist
CP-2383,0.7,B.Tech/B.E,Tier 3 (Affiliated Colleges),Data Science & AI/ML,Tier 2 City,0,1,109.0,1,1,1,0,1,0,1,0,4,10.59,Junior Associate
CP-2384,2.4,B.Tech/B.E,Tier 2 (Top State/Private),Data Analytics & BI,Remote Global,2,5,72.0,1,1,1,1,1,1,0,1,6,30.31,High-Demand Specialist
CP-2385,0.9,MCA,Tier 2 (Top State/Private),Data Science & AI/ML,Tier 2 City,1,4,133.0,1,1,1,0,1,0,0,1,4,11.83,Junior Associate
CP-2386,3.3,B.Tech/B.E,Tier 3 (Affiliated Colleges),Data Science & AI/ML,Tier 1 Tech Hub (Bengaluru/NCR/Hyd),1,3,139.0,1,1,0,0,0,0,0,0,1,15.85,Job-Ready Mid-Level
CP-2387,0.3,BCA/B.Sc CS,Tier 2 (Top State/Private),Full Stack Web,Tier 1 Tech Hub (Bengaluru/NCR/Hyd),1,6,23.0,1,0,1,1,0,1,1,0,4,15.43,Job-Ready Mid-Level
CP-2388,7.7,B.Tech/B.E,Tier 2 (Top State/Private),Cloud & DevOps,Tier 1 Tech Hub (Bengaluru/NCR/Hyd),3,5,36.0,1,1,1,1,0,0,1,0,4,35.51,High-Demand Specialist
CP-2389,1.3,BCA/B.Sc CS,Tier 1 (IIT/NIT/BITS),Full Stack Web,Remote Global,0,4,0.0,2,0,1,1,0,0,0,0,2,15.06,Job-Ready Mid-Level
CP-2390,0.6,B.Tech/B.E,Tier 3 (Affiliated Colleges),Cloud & DevOps,Tier 1 Tech Hub (Bengaluru/NCR/Hyd),0,4,371.0,1,1,1,1,1,0,0,1,5,19.32,Job-Ready Mid-Level
CP-2391,0.2,B.Tech/B.E,Tier 1 (IIT/NIT/BITS),Data Science & AI/ML,Tier 2 City,1,1,0.0,0,1,0,0,0,0,0,0,1,7.08,Entry-Level Learner
CP-2392,0.4,BCA/B.Sc CS,Tier 3 (Affiliated Colleges),Data Science & AI/ML,Tier 1 Tech Hub (Bengaluru/NCR/Hyd),1,2,0.0,1,0,0,1,0,0,0,0,1,6.66,Entry-Level Learner
CP-2393,1.6,B.Tech/B.E,Tier 3 (Affiliated Colleges),Full Stack Web,Tier 2 City,1,5,38.0,0,1,0,0,0,0,0,1,2,9.6,Junior Associate
CP-2394,0.9,B.Tech/B.E,Tier 3 (Affiliated Colleges),Full Stack Web,Remote Global,0,2,251.0,0,1,1,1,0,1,0,0,4,15.9,Job-Ready Mid-Level
CP-2395,3.9,B.Tech/B.E,Tier 3 (Affiliated Colleges),Full Stack Web,Tier 1 Tech Hub (Bengaluru/NCR/Hyd),1,8,44.0,0,1,1,0,0,0,0,0,2,17.8,Job-Ready Mid-Level
CP-2396,1.2,B.Tech/B.E,Tier 2 (Top State/Private),Data Science & AI/ML,Tier 1 Tech Hub (Bengaluru/NCR/Hyd),1,5,149.0,0,1,0,1,0,0,1,0,3,18.71,Job-Ready Mid-Level
CP-2397,0.6,B.Tech/B.E,Tier 2 (Top State/Private),Backend Systems,Tier 2 City,1,5,153.0,0,1,1,0,0,1,0,0,3,11.6,Junior Associate
CP-2398,2.1,B.Tech/B.E,Tier 3 (Affiliated Colleges),Cloud & DevOps,Tier 1 Tech Hub (Bengaluru/NCR/Hyd),0,2,108.0,0,1,0,0,0,1,0,0,2,13.31,Junior Associate
CP-2399,2.7,MCA,Tier 3 (Affiliated Colleges),Data Science & AI/ML,Tier 2 City,1,3,230.0,1,1,1,0,0,1,0,1,4,17.44,Job-Ready Mid-Level
CP-2400,0.4,B.Tech/B.E,Tier 2 (Top State/Private),Data Science & AI/ML,Tier 2 City,1,3,31.0,0,1,1,0,0,0,0,0,2,6.94,Entry-Level Learner
CP-2401,0.4,B.Tech/B.E,Tier 3 (Affiliated Colleges),Backend Systems,Tier 1 Tech Hub (Bengaluru/NCR/Hyd),1,2,219.0,0,1,1,0,0,0,1,0,3,12.96,Junior Associate
CP-2402,0.1,B.Tech/B.E,Tier 2 (Top State/Private),Cloud & DevOps,Tier 2 City,2,5,213.0,2,1,0,0,1,0,1,0,3,14.53,Junior Associate
CP-2403,2.9,B.Tech/B.E,Tier 2 (Top State/Private),Full Stack Web,Tier 1 Tech Hub (Bengaluru/NCR/Hyd),1,4,207.0,2,0,1,1,0,0,0,0,2,20.57,Job-Ready Mid-Level
CP-2404,2.4,Non-CS Degree,Tier 2 (Top State/Private),Cloud & DevOps,Remote Global,0,2,106.0,0,0,1,0,0,1,0,0,2,17.41,Job-Ready Mid-Level
CP-2405,1.4,B.Tech/B.E,Tier 2 (Top State/Private),Data Analytics & BI,Tier 1 Tech Hub (Bengaluru/NCR/Hyd),1,3,243.0,2,1,1,0,0,1,0,0,3,17.1,Job-Ready Mid-Level
CP-2406,4.1,Non-CS Degree,Tier 1 (IIT/NIT/BITS),Data Analytics & BI,Tier 2 City,2,3,25.0,1,1,0,1,0,1,1,0,4,21.51,Job-Ready Mid-Level
CP-2407,3.6,B.Tech/B.E,Tier 2 (Top State/Private),Full Stack Web,Tier 1 Tech Hub (Bengaluru/NCR/Hyd),2,2,54.0,0,1,0,0,1,0,1,0,3,22.42,Job-Ready Mid-Level
CP-2408,1.9,M.Tech/M.S,Tier 2 (Top State/Private),Full Stack Web,Tier 1 Tech Hub (Bengaluru/NCR/Hyd),1,4,61.0,1,1,1,1,0,0,0,1,4,20.4,Job-Ready Mid-Level
CP-2409,4.5,B.Tech/B.E,Tier 2 (Top State/Private),Data Science & AI/ML,Tier 1 Tech Hub (Bengaluru/NCR/Hyd),0,4,1.0,2,1,1,0,0,0,0,1,3,22.23,Job-Ready Mid-Level
CP-2410,0.5,MCA,Tier 2 (Top State/Private),Backend Systems,Tier 2 City,1,4,107.0,1,1,1,0,1,0,0,0,3,9.96,Junior Associate
CP-2411,0.3,BCA/B.Sc CS,Tier 3 (Affiliated Colleges),Cloud & DevOps,Tier 1 Tech Hub (Bengaluru/NCR/Hyd),1,5,0.0,0,1,1,0,0,0,0,1,3,9.76,Junior Associate
CP-2412,0.7,B.Tech/B.E,Tier 2 (Top State/Private),Data Science & AI/ML,Remote Global,3,6,0.0,0,1,1,0,1,1,0,0,4,19.89,Job-Ready Mid-Level
CP-2413,0.1,B.Tech/B.E,Tier 2 (Top State/Private),Backend Systems,Tier 1 Tech Hub (Bengaluru/NCR/Hyd),1,8,113.0,0,1,1,1,1,0,1,0,5,17.94,Job-Ready Mid-Level
CP-2414,1.7,B.Tech/B.E,Tier 1 (IIT/NIT/BITS),Backend Systems,Tier 2 City,1,2,221.0,0,1,1,1,1,0,0,0,4,17.14,Job-Ready Mid-Level
CP-2415,6.1,MCA,Tier 1 (IIT/NIT/BITS),Backend Systems,Tier 2 City,1,4,128.0,0,1,1,1,0,0,1,0,4,26.3,High-Demand Specialist
CP-2416,0.1,B.Tech/B.E,Tier 3 (Affiliated Colleges),Backend Systems,Tier 1 Tech Hub (Bengaluru/NCR/Hyd),1,1,212.0,1,1,1,0,1,0,1,0,4,14.45,Junior Associate
CP-2417,0.3,B.Tech/B.E,Tier 2 (Top State/Private),Backend Systems,Tier 1 Tech Hub (Bengaluru/NCR/Hyd),2,5,,1,0,0,1,0,1,0,0,2,15.51,Job-Ready Mid-Level
CP-2418,1.3,M.Tech/M.S,Tier 3 (Affiliated Colleges),Data Science & AI/ML,Tier 1 Tech Hub (Bengaluru/NCR/Hyd),1,5,220.0,1,1,1,1,0,1,0,0,4,20.09,Job-Ready Mid-Level
CP-2419,6.0,B.Tech/B.E,Tier 1 (IIT/NIT/BITS),Data Analytics & BI,Tier 1 Tech Hub (Bengaluru/NCR/Hyd),3,5,42.0,0,1,1,0,0,0,0,0,2,29.91,High-Demand Specialist
CP-2420,0.8,Non-CS Degree,Tier 2 (Top State/Private),Data Analytics & BI,Tier 1 Tech Hub (Bengaluru/NCR/Hyd),1,2,383.0,0,1,1,1,0,0,0,0,3,13.23,Junior Associate
CP-2421,1.6,M.Tech/M.S,Tier 2 (Top State/Private),Data Science & AI/ML,Tier 2 City,0,3,8.0,0,1,1,0,1,0,0,1,4,13.06,Junior Associate
CP-2422,0.1,BCA/B.Sc CS,Tier 2 (Top State/Private),Data Science & AI/ML,Tier 1 Tech Hub (Bengaluru/NCR/Hyd),1,6,143.0,3,1,1,0,1,0,0,0,3,14.11,Junior Associate
CP-2423,0.4,MCA,Tier 1 (IIT/NIT/BITS),Backend Systems,Tier 2 City,0,6,151.0,1,1,1,1,1,0,0,1,5,15.98,Job-Ready Mid-Level
CP-2424,9.5,B.Tech/B.E,Tier 1 (IIT/NIT/BITS),Full Stack Web,Remote Global,0,4,,0,1,1,0,0,1,1,0,4,45.42,High-Demand Specialist
CP-2425,7.4,B.Tech/B.E,Tier 2 (Top State/Private),Backend Systems,Tier 1 Tech Hub (Bengaluru/NCR/Hyd),1,1,132.0,0,0,1,1,1,1,1,0,5,36.42,High-Demand Specialist
CP-2426,0.0,B.Tech/B.E,Tier 1 (IIT/NIT/BITS),Data Science & AI/ML,Tier 2 City,1,6,211.0,0,0,1,0,0,0,0,0,1,10.94,Junior Associate
CP-2427,6.7,B.Tech/B.E,Tier 3 (Affiliated Colleges),Data Science & AI/ML,Tier 1 Tech Hub (Bengaluru/NCR/Hyd),1,2,238.0,1,0,1,0,1,1,0,0,3,31.33,High-Demand Specialist
CP-2428,2.2,M.Tech/M.S,Tier 2 (Top State/Private),Full Stack Web,Remote Global,0,2,11.0,1,1,1,1,1,1,0,0,5,23.85,Job-Ready Mid-Level
CP-2429,4.5,MCA,Tier 1 (IIT/NIT/BITS),Data Science & AI/ML,Tier 1 Tech Hub (Bengaluru/NCR/Hyd),1,3,18.0,0,1,1,1,0,1,1,0,5,28.04,High-Demand Specialist
CP-2430,1.3,B.Tech/B.E,Tier 2 (Top State/Private),Cloud & DevOps,Tier 2 City,1,4,23.0,0,1,1,0,0,0,0,0,2,11.0,Junior Associate
CP-2431,1.6,B.Tech/B.E,Tier 2 (Top State/Private),Cloud & DevOps,Remote Global,2,5,3.0,0,1,0,0,0,0,0,1,2,21.37,Job-Ready Mid-Level
CP-2432,1.5,Non-CS Degree,Tier 1 (IIT/NIT/BITS),Data Science & AI/ML,Tier 1 Tech Hub (Bengaluru/NCR/Hyd),1,5,30.0,0,1,0,1,0,0,0,0,2,14.65,Junior Associate
CP-2433,2.4,B.Tech/B.E,Tier 3 (Affiliated Colleges),Data Science & AI/ML,Tier 2 City,1,2,134.0,3,1,1,0,0,0,1,0,3,12.1,Junior Associate
CP-2434,0.3,B.Tech/B.E,Tier 3 (Affiliated Colleges),Full Stack Web,Tier 1 Tech Hub (Bengaluru/NCR/Hyd),0,2,52.0,0,1,0,0,0,1,0,0,2,7.26,Entry-Level Learner
CP-2435,0.1,B.Tech/B.E,Tier 2 (Top State/Private),Data Science & AI/ML,Tier 1 Tech Hub (Bengaluru/NCR/Hyd),2,5,116.0,3,1,1,0,0,0,0,0,2,11.89,Junior Associate
CP-2436,0.8,MCA,Tier 2 (Top State/Private),Data Analytics & BI,Tier 2 City,1,5,39.0,1,1,1,0,1,0,0,1,4,12.67,Junior Associate
CP-2437,2.7,BCA/B.Sc CS,Tier 1 (IIT/NIT/BITS),Full Stack Web,Tier 1 Tech Hub (Bengaluru/NCR/Hyd),2,8,69.0,0,1,0,1,1,0,0,0,3,23.43,Job-Ready Mid-Level
CP-2438,0.5,M.Tech/M.S,Tier 3 (Affiliated Colleges),Data Science & AI/ML,Tier 2 City,0,3,,1,1,1,1,1,1,0,1,6,11.92,Junior Associate
CP-2439,2.5,M.Tech/M.S,Tier 2 (Top State/Private),Full Stack Web,Tier 1 Tech Hub (Bengaluru/NCR/Hyd),1,1,143.0,0,1,1,1,1,0,0,1,5,24.17,High-Demand Specialist
CP-2440,7.7,B.Tech/B.E,Tier 2 (Top State/Private),Data Science & AI/ML,Remote Global,1,6,119.0,1,1,0,1,1,1,0,0,4,40.09,High-Demand Specialist
CP-2441,0.2,B.Tech/B.E,Tier 2 (Top State/Private),Data Science & AI/ML,Tier 1 Tech Hub (Bengaluru/NCR/Hyd),0,1,60.0,0,0,0,0,1,0,0,0,1,9.46,Junior Associate
CP-2442,2.5,MCA,Tier 3 (Affiliated Colleges),Data Science & AI/ML,Tier 1 Tech Hub (Bengaluru/NCR/Hyd),1,3,27.0,0,0,0,1,0,0,0,0,1,14.67,Junior Associate
CP-2443,1.3,B.Tech/B.E,Tier 2 (Top State/Private),Data Analytics & BI,Tier 1 Tech Hub (Bengaluru/NCR/Hyd),3,9,0.0,1,1,1,1,1,0,0,0,4,19.64,Job-Ready Mid-Level
CP-2444,4.5,M.Tech/M.S,Tier 2 (Top State/Private),Backend Systems,Tier 1 Tech Hub (Bengaluru/NCR/Hyd),1,5,111.0,0,1,0,0,1,0,0,0,2,25.94,High-Demand Specialist
CP-2445,0.4,Non-CS Degree,Tier 3 (Affiliated Colleges),Data Analytics & BI,Tier 1 Tech Hub (Bengaluru/NCR/Hyd),3,6,113.0,0,1,1,0,0,0,1,0,3,13.94,Junior Associate
CP-2446,2.6,BCA/B.Sc CS,Tier 2 (Top State/Private),Full Stack Web,Tier 1 Tech Hub (Bengaluru/NCR/Hyd),0,10,105.0,2,0,0,0,1,0,0,1,2,21.84,Job-Ready Mid-Level
CP-2447,4.0,M.Tech/M.S,Tier 3 (Affiliated Colleges),Data Science & AI/ML,Tier 1 Tech Hub (Bengaluru/NCR/Hyd),1,6,0.0,2,1,1,1,0,0,0,1,4,22.79,Job-Ready Mid-Level
CP-2448,6.4,M.Tech/M.S,Tier 1 (IIT/NIT/BITS),Full Stack Web,Tier 1 Tech Hub (Bengaluru/NCR/Hyd),1,4,31.0,2,0,1,1,0,0,1,1,4,35.47,High-Demand Specialist
CP-2449,2.5,MCA,Tier 3 (Affiliated Colleges),Data Analytics & BI,Tier 1 Tech Hub (Bengaluru/NCR/Hyd),1,8,20.0,1,1,1,0,1,0,1,1,5,22.31,Job-Ready Mid-Level
CP-2450,1.5,B.Tech/B.E,Tier 3 (Affiliated Colleges),Backend Systems,Tier 1 Tech Hub (Bengaluru/NCR/Hyd),3,8,0.0,0,0,1,0,1,0,1,0,3,19.73,Job-Ready Mid-Level
CP-2451,2.1,B.Tech/B.E,Tier 1 (IIT/NIT/BITS),Data Science & AI/ML,Tier 1 Tech Hub (Bengaluru/NCR/Hyd),0,2,0.0,0,0,1,1,0,1,1,0,4,21.45,Job-Ready Mid-Level
CP-2452,4.5,B.Tech/B.E,Tier 3 (Affiliated Colleges),Data Science & AI/ML,Remote Global,2,9,7.0,2,1,1,1,1,0,1,0,5,32.06,High-Demand Specialist
CP-2453,1.9,BCA/B.Sc CS,Tier 2 (Top State/Private),Cloud & DevOps,Tier 1 Tech Hub (Bengaluru/NCR/Hyd),1,2,63.0,2,1,0,1,1,0,0,1,4,20.95,Job-Ready Mid-Level
CP-2454,0.1,B.Tech/B.E,Tier 3 (Affiliated Colleges),Data Analytics & BI,Tier 1 Tech Hub (Bengaluru/NCR/Hyd),0,6,53.0,0,0,0,1,1,0,1,0,3,13.89,Junior Associate
CP-2455,5.9,M.Tech/M.S,Tier 1 (IIT/NIT/BITS),Data Analytics & BI,Tier 1 Tech Hub (Bengaluru/NCR/Hyd),2,5,43.0,1,0,1,1,0,0,1,0,3,35.62,High-Demand Specialist
CP-2456,2.6,B.Tech/B.E,Tier 3 (Affiliated Colleges),Cloud & DevOps,Remote Global,1,7,62.0,2,1,1,0,1,1,0,0,4,23.54,Job-Ready Mid-Level
CP-2457,2.5,BCA/B.Sc CS,Tier 2 (Top State/Private),Backend Systems,Tier 1 Tech Hub (Bengaluru/NCR/Hyd),2,8,151.0,1,0,1,1,1,1,0,0,4,22.45,Job-Ready Mid-Level
CP-2458,0.5,B.Tech/B.E,Tier 3 (Affiliated Colleges),Full Stack Web,Tier 2 City,1,4,124.0,2,0,0,1,0,0,0,0,1,9.39,Junior Associate
CP-2459,2.4,M.Tech/M.S,Tier 2 (Top State/Private),Backend Systems,Tier 1 Tech Hub (Bengaluru/NCR/Hyd),2,4,36.0,0,0,0,1,0,1,0,0,2,18.43,Job-Ready Mid-Level
CP-2460,1.1,B.Tech/B.E,Tier 3 (Affiliated Colleges),Backend Systems,Tier 1 Tech Hub (Bengaluru/NCR/Hyd),1,6,115.0,1,1,1,0,0,0,1,1,4,19.4,Job-Ready Mid-Level
CP-2461,2.3,B.Tech/B.E,Tier 3 (Affiliated Colleges),Data Analytics & BI,Tier 2 City,0,4,239.0,1,1,0,0,0,0,0,0,1,11.9,Junior Associate
CP-2462,0.2,B.Tech/B.E,Tier 2 (Top State/Private),Full Stack Web,Tier 1 Tech Hub (Bengaluru/NCR/Hyd),1,4,73.0,1,1,1,0,0,1,0,0,3,13.57,Junior Associate
CP-2463,2.4,M.Tech/M.S,Tier 3 (Affiliated Colleges),Data Science & AI/ML,Tier 1 Tech Hub (Bengaluru/NCR/Hyd),0,1,0.0,3,1,1,1,1,1,0,0,5,16.9,Job-Ready Mid-Level
CP-2464,9.5,B.Tech/B.E,Tier 3 (Affiliated Colleges),Full Stack Web,Tier 2 City,1,3,227.0,2,1,1,1,0,0,0,0,3,27.89,High-Demand Specialist
CP-2465,0.1,B.Tech/B.E,Tier 2 (Top State/Private),Full Stack Web,Tier 2 City,0,3,254.0,0,0,1,0,1,0,0,0,2,11.04,Junior Associate
CP-2466,8.3,Non-CS Degree,Tier 2 (Top State/Private),Backend Systems,Remote Global,0,2,1.0,0,1,1,1,0,1,1,0,5,35.63,High-Demand Specialist
CP-2467,1.1,M.Tech/M.S,Tier 2 (Top State/Private),Data Science & AI/ML,Tier 2 City,0,4,32.0,1,1,1,1,1,1,0,1,6,16.54,Job-Ready Mid-Level
CP-2468,4.5,Non-CS Degree,Tier 2 (Top State/Private),Data Science & AI/ML,Tier 2 City,1,4,106.0,0,1,1,1,1,0,0,0,4,17.82,Job-Ready Mid-Level
CP-2469,3.4,B.Tech/B.E,Tier 1 (IIT/NIT/BITS),Data Analytics & BI,Tier 2 City,1,4,29.0,0,1,1,1,0,1,1,0,5,20.27,Job-Ready Mid-Level
CP-2470,1.8,B.Tech/B.E,Tier 2 (Top State/Private),Data Science & AI/ML,Tier 1 Tech Hub (Bengaluru/NCR/Hyd),1,1,225.0,1,1,1,0,0,1,0,0,3,18.61,Job-Ready Mid-Level
CP-2471,3.0,MCA,Tier 2 (Top State/Private),Full Stack Web,Tier 2 City,0,1,0.0,1,1,0,1,0,0,0,0,2,10.78,Junior Associate
CP-2472,4.6,B.Tech/B.E,Tier 2 (Top State/Private),Full Stack Web,Tier 2 City,1,4,215.0,2,0,0,1,0,0,0,0,1,18.86,Job-Ready Mid-Level
CP-2473,1.1,M.Tech/M.S,Tier 2 (Top State/Private),Cloud & DevOps,Tier 1 Tech Hub (Bengaluru/NCR/Hyd),1,1,8.0,0,1,0,1,0,1,1,0,4,17.17,Job-Ready Mid-Level
CP-2474,0.9,B.Tech/B.E,Tier 3 (Affiliated Colleges),Data Science & AI/ML,Tier 1 Tech Hub (Bengaluru/NCR/Hyd),1,3,57.0,0,1,1,0,1,1,0,0,4,15.2,Job-Ready Mid-Level
CP-2475,2.4,B.Tech/B.E,Tier 3 (Affiliated Colleges),Backend Systems,Tier 1 Tech Hub (Bengaluru/NCR/Hyd),2,6,361.0,0,1,1,1,0,1,0,1,5,26.58,High-Demand Specialist
CP-2476,3.6,B.Tech/B.E,Tier 1 (IIT/NIT/BITS),Full Stack Web,Tier 2 City,1,4,19.0,1,1,0,1,0,0,0,0,2,14.71,Junior Associate
CP-2477,3.2,B.Tech/B.E,Tier 3 (Affiliated Colleges),Backend Systems,Tier 1 Tech Hub (Bengaluru/NCR/Hyd),1,4,2.0,1,0,0,0,1,0,0,1,2,19.28,Job-Ready Mid-Level
CP-2478,3.5,B.Tech/B.E,Tier 3 (Affiliated Colleges),Full Stack Web,Remote Global,0,1,225.0,0,1,0,0,0,1,1,0,3,23.31,Job-Ready Mid-Level
CP-2479,1.3,B.Tech/B.E,Tier 3 (Affiliated Colleges),Data Science & AI/ML,Tier 1 Tech Hub (Bengaluru/NCR/Hyd),0,2,0.0,0,1,1,1,1,0,0,0,4,11.11,Junior Associate
CP-2480,3.7,Non-CS Degree,Tier 1 (IIT/NIT/BITS),Data Science & AI/ML,Tier 2 City,2,4,25.0,0,1,1,0,0,0,0,0,2,16.34,Job-Ready Mid-Level
CP-2481,0.3,B.Tech/B.E,Tier 2 (Top State/Private),Data Science & AI/ML,Tier 1 Tech Hub (Bengaluru/NCR/Hyd),2,2,56.0,1,0,1,1,0,0,0,0,2,12.02,Junior Associate
CP-2482,1.7,BCA/B.Sc CS,Tier 3 (Affiliated Colleges),Full Stack Web,Tier 2 City,0,3,147.0,0,1,1,0,1,1,0,0,4,11.45,Junior Associate
CP-2483,0.0,MCA,Tier 3 (Affiliated Colleges),Data Science & AI/ML,Tier 2 City,1,4,153.0,0,0,0,0,0,0,0,0,0,5.02,Entry-Level Learner
CP-2484,0.9,BCA/B.Sc CS,Tier 3 (Affiliated Colleges),Full Stack Web,Tier 2 City,1,4,215.0,0,1,1,1,0,0,0,0,3,10.36,Junior Associate
CP-2485,1.0,B.Tech/B.E,Tier 3 (Affiliated Colleges),Cloud & DevOps,Tier 2 City,1,4,27.0,2,1,1,0,0,1,0,0,3,9.94,Junior Associate
CP-2486,1.1,M.Tech/M.S,Tier 1 (IIT/NIT/BITS),Data Science & AI/ML,Remote Global,2,3,45.0,0,1,1,0,0,1,0,0,3,22.02,Job-Ready Mid-Level
CP-2487,2.6,BCA/B.Sc CS,Tier 2 (Top State/Private),Data Science & AI/ML,Tier 1 Tech Hub (Bengaluru/NCR/Hyd),0,3,,0,0,1,0,0,1,0,0,2,16.35,Job-Ready Mid-Level
CP-2488,1.1,M.Tech/M.S,Tier 2 (Top State/Private),Data Analytics & BI,Tier 1 Tech Hub (Bengaluru/NCR/Hyd),1,5,218.0,0,0,1,0,0,0,1,0,2,18.95,Job-Ready Mid-Level
CP-2489,1.3,M.Tech/M.S,Tier 2 (Top State/Private),Backend Systems,Tier 2 City,0,4,110.0,0,1,0,1,1,1,1,0,5,17.39,Job-Ready Mid-Level
CP-2490,0.6,Non-CS Degree,Tier 3 (Affiliated Colleges),Data Science & AI/ML,Tier 1 Tech Hub (Bengaluru/NCR/Hyd),1,8,233.0,1,1,1,1,0,1,0,0,4,15.77,Job-Ready Mid-Level
CP-2491,1.0,BCA/B.Sc CS,Tier 1 (IIT/NIT/BITS),Data Science & AI/ML,Tier 1 Tech Hub (Bengaluru/NCR/Hyd),0,2,365.0,0,1,1,1,0,1,0,0,4,19.32,Job-Ready Mid-Level
CP-2492,0.6,B.Tech/B.E,Tier 2 (Top State/Private),Backend Systems,Tier 1 Tech Hub (Bengaluru/NCR/Hyd),2,12,71.0,1,1,1,0,1,0,0,1,4,18.59,Job-Ready Mid-Level
CP-2493,0.2,BCA/B.Sc CS,Tier 3 (Affiliated Colleges),Data Science & AI/ML,Tier 1 Tech Hub (Bengaluru/NCR/Hyd),1,2,52.0,2,1,1,1,1,0,0,0,4,13.1,Junior Associate
CP-2494,2.0,B.Tech/B.E,Tier 2 (Top State/Private),Backend Systems,Tier 1 Tech Hub (Bengaluru/NCR/Hyd),2,2,147.0,1,1,1,0,1,1,0,0,4,20.71,Job-Ready Mid-Level
CP-2495,2.4,MCA,Tier 3 (Affiliated Colleges),Data Science & AI/ML,Tier 2 City,0,3,34.0,0,1,1,1,1,1,0,1,6,17.85,Job-Ready Mid-Level
CP-2496,2.1,B.Tech/B.E,Tier 3 (Affiliated Colleges),Backend Systems,Tier 1 Tech Hub (Bengaluru/NCR/Hyd),0,4,20.0,0,1,1,1,1,0,0,0,4,16.46,Job-Ready Mid-Level
CP-2497,1.4,B.Tech/B.E,Tier 2 (Top State/Private),Full Stack Web,Tier 1 Tech Hub (Bengaluru/NCR/Hyd),0,4,232.0,1,0,0,1,1,1,0,0,3,18.89,Job-Ready Mid-Level
CP-2498,1.1,M.Tech/M.S,Tier 2 (Top State/Private),Backend Systems,Tier 1 Tech Hub (Bengaluru/NCR/Hyd),1,3,43.0,1,0,1,1,0,0,0,1,3,17.73,Job-Ready Mid-Level
CP-2499,4.4,BCA/B.Sc CS,Tier 2 (Top State/Private),Full Stack Web,Remote Global,2,5,27.0,3,1,1,1,0,0,0,0,3,25.15,High-Demand Specialist
CP-2500,1.6,B.Tech/B.E,Tier 2 (Top State/Private),Cloud & DevOps,Remote Global,1,2,36.0,2,1,0,1,0,1,1,0,4,19.8,Job-Ready Mid-Level
CP-2501,1.4,B.Tech/B.E,Tier 2 (Top State/Private),Data Science & AI/ML,Tier 2 City,0,3,140.0,1,1,0,1,0,0,0,1,3,12.76,Junior Associate
CP-2502,0.1,MCA,Tier 2 (Top State/Private),Data Science & AI/ML,Tier 1 Tech Hub (Bengaluru/NCR/Hyd),0,5,8.0,0,1,0,0,0,1,1,0,3,11.25,Junior Associate
CP-2503,0.9,B.Tech/B.E,Tier 3 (Affiliated Colleges),Data Analytics & BI,Remote Global,0,2,116.0,0,1,1,0,0,0,0,0,2,10.23,Junior Associate
CP-2504,1.1,MCA,Tier 1 (IIT/NIT/BITS),Full Stack Web,Tier 2 City,2,6,48.0,2,1,0,1,1,0,0,1,4,17.66,Job-Ready Mid-Level
CP-2505,1.1,B.Tech/B.E,Tier 3 (Affiliated Colleges),Backend Systems,Tier 2 City,1,2,205.0,1,0,1,0,1,0,0,1,3,15.07,Job-Ready Mid-Level
CP-2506,1.9,M.Tech/M.S,Tier 1 (IIT/NIT/BITS),Full Stack Web,Tier 2 City,1,2,52.0,1,1,1,1,0,1,0,0,4,16.04,Job-Ready Mid-Level
CP-2507,1.7,MCA,Tier 2 (Top State/Private),Backend Systems,Tier 1 Tech Hub (Bengaluru/NCR/Hyd),1,3,350.0,1,1,0,1,0,0,0,1,3,20.92,Job-Ready Mid-Level
CP-2508,2.1,B.Tech/B.E,Tier 3 (Affiliated Colleges),Full Stack Web,Tier 1 Tech Hub (Bengaluru/NCR/Hyd),0,5,45.0,1,1,1,1,0,0,0,1,4,17.4,Job-Ready Mid-Level
CP-2509,3.2,B.Tech/B.E,Tier 2 (Top State/Private),Backend Systems,Tier 1 Tech Hub (Bengaluru/NCR/Hyd),0,3,364.0,1,1,0,1,0,1,0,0,3,21.49,Job-Ready Mid-Level
CP-2510,3.7,B.Tech/B.E,Tier 2 (Top State/Private),Backend Systems,Tier 1 Tech Hub (Bengaluru/NCR/Hyd),2,3,238.0,0,1,1,0,1,0,0,0,3,26.29,High-Demand Specialist
CP-2511,2.8,M.Tech/M.S,Tier 3 (Affiliated Colleges),Full Stack Web,Tier 2 City,1,2,50.0,1,1,1,1,1,0,1,0,5,16.93,Job-Ready Mid-Level
CP-2512,6.8,B.Tech/B.E,Tier 3 (Affiliated Colleges),Backend Systems,Remote Global,1,6,59.0,0,1,1,0,0,1,1,0,4,33.76,High-Demand Specialist
CP-2513,0.0,BCA/B.Sc CS,Tier 3 (Affiliated Colleges),Data Analytics & BI,Tier 2 City,0,2,55.0,1,0,0,0,1,0,0,1,2,8.98,Entry-Level Learner
CP-2514,0.5,B.Tech/B.E,Tier 2 (Top State/Private),Data Science & AI/ML,Tier 1 Tech Hub (Bengaluru/NCR/Hyd),0,4,120.0,0,1,1,1,0,0,0,0,3,12.69,Junior Associate
CP-2515,0.0,B.Tech/B.E,Tier 2 (Top State/Private),Cloud & DevOps,Tier 1 Tech Hub (Bengaluru/NCR/Hyd),0,5,66.0,1,1,1,1,0,1,0,0,4,13.53,Junior Associate
CP-2516,2.3,B.Tech/B.E,Tier 3 (Affiliated Colleges),Data Science & AI/ML,Tier 1 Tech Hub (Bengaluru/NCR/Hyd),0,5,53.0,2,0,1,1,1,0,0,0,3,16.33,Job-Ready Mid-Level
CP-2517,5.0,B.Tech/B.E,Tier 3 (Affiliated Colleges),Data Analytics & BI,Tier 1 Tech Hub (Bengaluru/NCR/Hyd),0,4,133.0,1,1,0,1,1,0,0,0,3,25.3,High-Demand Specialist
CP-2518,0.6,BCA/B.Sc CS,Tier 2 (Top State/Private),Data Science & AI/ML,Tier 1 Tech Hub (Bengaluru/NCR/Hyd),1,1,113.0,0,1,0,1,1,0,0,0,3,12.1,Junior Associate
CP-2519,5.8,MCA,Tier 3 (Affiliated Colleges),Data Science & AI/ML,Tier 2 City,0,2,0.0,0,1,1,1,0,0,1,0,4,19.04,Job-Ready Mid-Level
CP-2520,0.1,BCA/B.Sc CS,Tier 2 (Top State/Private),Full Stack Web,Tier 1 Tech Hub (Bengaluru/NCR/Hyd),0,3,0.0,0,1,1,0,0,0,0,1,3,10.44,Junior Associate
CP-2521,6.0,B.Tech/B.E,Tier 2 (Top State/Private),Cloud & DevOps,Remote Global,2,6,0.0,3,1,1,0,1,0,0,0,3,31.41,High-Demand Specialist
CP-2522,1.0,Non-CS Degree,Tier 1 (IIT/NIT/BITS),Data Analytics & BI,Tier 1 Tech Hub (Bengaluru/NCR/Hyd),1,5,0.0,1,1,0,1,0,0,0,0,2,14.56,Junior Associate
CP-2523,0.2,M.Tech/M.S,Tier 2 (Top State/Private),Backend Systems,Tier 2 City,3,6,26.0,0,1,0,0,1,1,0,0,3,12.23,Junior Associate
CP-2524,1.5,Non-CS Degree,Tier 2 (Top State/Private),Full Stack Web,Tier 1 Tech Hub (Bengaluru/NCR/Hyd),0,2,151.0,0,1,0,1,0,0,1,0,3,14.72,Junior Associate
CP-2525,0.7,B.Tech/B.E,Tier 1 (IIT/NIT/BITS),Data Science & AI/ML,Tier 1 Tech Hub (Bengaluru/NCR/Hyd),1,2,42.0,1,0,1,0,0,0,0,0,1,14.32,Junior Associate
CP-2526,0.7,B.Tech/B.E,Tier 2 (Top State/Private),Data Analytics & BI,Tier 2 City,0,8,0.0,0,0,0,1,1,0,0,0,2,10.9,Junior Associate
CP-2527,0.8,B.Tech/B.E,Tier 3 (Affiliated Colleges),Cloud & DevOps,Tier 2 City,1,5,31.0,0,1,1,0,0,0,0,1,3,11.33,Junior Associate
CP-2528,3.6,M.Tech/M.S,Tier 3 (Affiliated Colleges),Full Stack Web,Tier 1 Tech Hub (Bengaluru/NCR/Hyd),0,1,357.0,0,1,1,0,0,0,0,0,2,17.8,Job-Ready Mid-Level
CP-2529,1.7,B.Tech/B.E,Tier 3 (Affiliated Colleges),Full Stack Web,Tier 1 Tech Hub (Bengaluru/NCR/Hyd),0,3,43.0,0,1,0,0,1,1,0,0,3,15.01,Job-Ready Mid-Level
CP-2530,0.8,B.Tech/B.E,Tier 3 (Affiliated Colleges),Full Stack Web,Tier 1 Tech Hub (Bengaluru/NCR/Hyd),3,8,353.0,0,1,1,0,1,0,1,0,4,22.77,Job-Ready Mid-Level
CP-2531,2.1,B.Tech/B.E,Tier 1 (IIT/NIT/BITS),Full Stack Web,Tier 2 City,1,2,32.0,1,1,1,1,1,0,1,1,6,21.76,Job-Ready Mid-Level
CP-2532,2.8,BCA/B.Sc CS,Tier 2 (Top State/Private),Data Analytics & BI,Remote Global,2,5,3.0,0,1,1,1,0,0,1,0,4,23.88,Job-Ready Mid-Level
CP-2533,0.7,BCA/B.Sc CS,Tier 3 (Affiliated Colleges),Full Stack Web,Tier 1 Tech Hub (Bengaluru/NCR/Hyd),0,5,153.0,0,1,1,0,1,1,0,0,4,12.74,Junior Associate
CP-2534,1.2,B.Tech/B.E,Tier 2 (Top State/Private),Backend Systems,Tier 1 Tech Hub (Bengaluru/NCR/Hyd),0,1,69.0,0,1,1,1,1,0,0,1,5,17.63,Job-Ready Mid-Level
CP-2535,0.3,B.Tech/B.E,Tier 2 (Top State/Private),Full Stack Web,Remote Global,1,5,144.0,1,0,1,1,0,0,0,0,2,14.56,Junior Associate
CP-2536,0.4,BCA/B.Sc CS,Tier 1 (IIT/NIT/BITS),Data Science & AI/ML,Tier 1 Tech Hub (Bengaluru/NCR/Hyd),1,2,232.0,0,1,1,0,1,1,1,1,6,25.28,High-Demand Specialist
CP-2537,2.5,Non-CS Degree,Tier 3 (Affiliated Colleges),Data Analytics & BI,Tier 2 City,1,7,35.0,1,1,0,0,0,0,0,0,1,8.53,Entry-Level Learner
CP-2538,0.4,M.Tech/M.S,Tier 2 (Top State/Private),Cloud & DevOps,Tier 1 Tech Hub (Bengaluru/NCR/Hyd),2,6,154.0,0,1,1,1,0,1,0,0,4,20.0,Job-Ready Mid-Level
CP-2539,1.6,Non-CS Degree,Tier 3 (Affiliated Colleges),Data Science & AI/ML,Tier 1 Tech Hub (Bengaluru/NCR/Hyd),0,3,115.0,1,1,0,0,1,1,0,0,3,13.7,Junior Associate
CP-2540,2.7,M.Tech/M.S,Tier 2 (Top State/Private),Cloud & DevOps,Tier 1 Tech Hub (Bengaluru/NCR/Hyd),1,6,213.0,2,0,1,0,0,1,0,0,2,20.55,Job-Ready Mid-Level
CP-2541,0.2,BCA/B.Sc CS,Tier 3 (Affiliated Colleges),Full Stack Web,Tier 1 Tech Hub (Bengaluru/NCR/Hyd),0,1,38.0,3,1,1,1,0,0,1,0,4,11.03,Junior Associate
CP-2542,1.8,B.Tech/B.E,Tier 3 (Affiliated Colleges),Data Analytics & BI,Tier 1 Tech Hub (Bengaluru/NCR/Hyd),0,2,18.0,1,1,1,1,0,1,1,0,5,18.73,Job-Ready Mid-Level
CP-2543,0.7,BCA/B.Sc CS,Tier 3 (Affiliated Colleges),Full Stack Web,Tier 2 City,1,5,53.0,1,1,1,0,0,0,0,0,2,6.91,Entry-Level Learner
CP-2544,7.2,BCA/B.Sc CS,Tier 2 (Top State/Private),Data Analytics & BI,Tier 2 City,1,3,383.0,1,1,1,1,0,1,1,0,5,26.79,High-Demand Specialist
CP-2545,1.5,BCA/B.Sc CS,Tier 2 (Top State/Private),Data Science & AI/ML,Tier 2 City,0,2,5.0,2,1,0,0,0,0,0,0,1,5.76,Entry-Level Learner
CP-2546,3.6,B.Tech/B.E,Tier 3 (Affiliated Colleges),Full Stack Web,Tier 2 City,0,3,32.0,2,0,1,0,1,0,1,0,3,13.89,Junior Associate
CP-2547,1.8,B.Tech/B.E,Tier 2 (Top State/Private),Backend Systems,Tier 1 Tech Hub (Bengaluru/NCR/Hyd),1,5,29.0,0,1,1,1,0,0,0,0,3,16.28,Job-Ready Mid-Level
CP-2548,0.1,B.Tech/B.E,Tier 2 (Top State/Private),Data Analytics & BI,Tier 1 Tech Hub (Bengaluru/NCR/Hyd),1,3,137.0,1,1,1,0,0,1,0,0,3,12.44,Junior Associate
CP-2549,2.2,B.Tech/B.E,Tier 1 (IIT/NIT/BITS),Data Science & AI/ML,Tier 2 City,0,4,33.0,0,1,1,0,1,0,0,0,3,13.93,Junior Associate
CP-2550,6.7,B.Tech/B.E,Tier 3 (Affiliated Colleges),Data Science & AI/ML,Tier 1 Tech Hub (Bengaluru/NCR/Hyd),0,5,0.0,1,1,1,0,1,0,0,0,3,25.2,High-Demand Specialist
CP-2551,2.0,M.Tech/M.S,Tier 1 (IIT/NIT/BITS),Full Stack Web,Tier 1 Tech Hub (Bengaluru/NCR/Hyd),0,2,118.0,1,0,1,0,0,0,1,0,2,21.59,Job-Ready Mid-Level
CP-2552,3.8,B.Tech/B.E,Tier 3 (Affiliated Colleges),Cloud & DevOps,Tier 1 Tech Hub (Bengaluru/NCR/Hyd),3,6,2.0,2,1,1,1,1,1,0,1,6,28.76,High-Demand Specialist
CP-2553,4.7,B.Tech/B.E,Tier 2 (Top State/Private),Data Analytics & BI,Tier 1 Tech Hub (Bengaluru/NCR/Hyd),3,7,0.0,2,0,0,0,0,0,1,0,1,24.82,High-Demand Specialist
CP-2554,0.6,B.Tech/B.E,Tier 2 (Top State/Private),Data Analytics & BI,Tier 1 Tech Hub (Bengaluru/NCR/Hyd),1,4,47.0,0,1,1,0,0,0,1,1,4,16.19,Job-Ready Mid-Level
CP-2555,0.5,BCA/B.Sc CS,Tier 3 (Affiliated Colleges),Full Stack Web,Tier 2 City,3,5,38.0,2,1,1,1,0,0,0,0,3,10.67,Junior Associate
CP-2556,2.1,B.Tech/B.E,Tier 1 (IIT/NIT/BITS),Data Analytics & BI,Remote Global,1,5,40.0,3,1,1,1,0,0,0,1,4,24.88,High-Demand Specialist
CP-2557,1.2,B.Tech/B.E,Tier 2 (Top State/Private),Full Stack Web,Remote Global,0,5,21.0,3,1,1,0,0,0,1,0,3,15.64,Job-Ready Mid-Level
CP-2558,4.0,BCA/B.Sc CS,Tier 3 (Affiliated Colleges),Data Science & AI/ML,Remote Global,0,3,44.0,1,1,0,0,0,1,0,0,2,19.79,Job-Ready Mid-Level
CP-2559,5.1,B.Tech/B.E,Tier 3 (Affiliated Colleges),Cloud & DevOps,Remote Global,2,5,124.0,1,1,0,0,1,1,0,1,4,33.11,High-Demand Specialist
CP-2560,1.0,Non-CS Degree,Tier 2 (Top State/Private),Backend Systems,Tier 1 Tech Hub (Bengaluru/NCR/Hyd),1,5,39.0,1,1,1,0,0,0,1,0,3,12.16,Junior Associate
CP-2561,0.6,Non-CS Degree,Tier 3 (Affiliated Colleges),Data Analytics & BI,Tier 1 Tech Hub (Bengaluru/NCR/Hyd),2,9,65.0,0,1,1,1,0,0,0,0,3,11.41,Junior Associate
CP-2562,3.3,B.Tech/B.E,Tier 3 (Affiliated Colleges),Cloud & DevOps,Tier 2 City,2,5,9.0,0,1,0,0,0,0,0,0,1,12.73,Junior Associate
CP-2563,0.7,B.Tech/B.E,Tier 3 (Affiliated Colleges),Cloud & DevOps,Tier 1 Tech Hub (Bengaluru/NCR/Hyd),1,5,1.0,0,1,1,0,1,0,1,0,4,15.41,Job-Ready Mid-Level
CP-2564,3.8,M.Tech/M.S,Tier 2 (Top State/Private),Backend Systems,Tier 1 Tech Hub (Bengaluru/NCR/Hyd),0,3,216.0,3,0,1,0,0,1,1,0,3,25.65,High-Demand Specialist
CP-2565,1.2,B.Tech/B.E,Tier 2 (Top State/Private),Full Stack Web,Tier 1 Tech Hub (Bengaluru/NCR/Hyd),0,5,69.0,1,0,0,0,0,0,1,1,2,17.02,Job-Ready Mid-Level
CP-2566,2.4,B.Tech/B.E,Tier 3 (Affiliated Colleges),Full Stack Web,Tier 1 Tech Hub (Bengaluru/NCR/Hyd),0,3,66.0,2,0,1,0,1,1,0,0,3,18.77,Job-Ready Mid-Level
CP-2567,0.2,B.Tech/B.E,Tier 3 (Affiliated Colleges),Backend Systems,Tier 1 Tech Hub (Bengaluru/NCR/Hyd),0,2,243.0,0,1,0,0,0,0,0,0,1,9.37,Junior Associate
CP-2568,2.2,Non-CS Degree,Tier 2 (Top State/Private),Backend Systems,Tier 1 Tech Hub (Bengaluru/NCR/Hyd),1,4,111.0,0,1,0,0,1,0,0,0,2,15.69,Job-Ready Mid-Level
CP-2569,1.3,B.Tech/B.E,Tier 2 (Top State/Private),Full Stack Web,Tier 1 Tech Hub (Bengaluru/NCR/Hyd),0,3,112.0,0,1,1,0,0,0,0,1,3,15.3,Job-Ready Mid-Level
CP-2570,1.9,BCA/B.Sc CS,Tier 2 (Top State/Private),Full Stack Web,Remote Global,0,1,128.0,0,1,1,0,0,0,1,0,3,16.92,Job-Ready Mid-Level
CP-2571,0.4,M.Tech/M.S,Tier 2 (Top State/Private),Full Stack Web,Tier 1 Tech Hub (Bengaluru/NCR/Hyd),1,2,31.0,2,1,1,0,0,0,0,0,2,11.61,Junior Associate
CP-2572,2.9,B.Tech/B.E,Tier 2 (Top State/Private),Data Science & AI/ML,Remote Global,0,3,359.0,1,1,0,0,0,0,0,0,1,21.75,Job-Ready Mid-Level
CP-2573,4.4,B.Tech/B.E,Tier 2 (Top State/Private),Backend Systems,Tier 1 Tech Hub (Bengaluru/NCR/Hyd),1,2,225.0,1,1,0,1,0,0,1,0,3,25.64,High-Demand Specialist
CP-2574,0.5,Non-CS Degree,Tier 3 (Affiliated Colleges),Full Stack Web,Tier 1 Tech Hub (Bengaluru/NCR/Hyd),1,5,34.0,1,0,1,0,1,0,1,1,4,15.5,Job-Ready Mid-Level
CP-2575,0.2,B.Tech/B.E,Tier 1 (IIT/NIT/BITS),Backend Systems,Tier 1 Tech Hub (Bengaluru/NCR/Hyd),1,3,137.0,2,1,0,1,1,1,0,0,4,20.2,Job-Ready Mid-Level
CP-2576,0.1,BCA/B.Sc CS,Tier 3 (Affiliated Colleges),Data Science & AI/ML,Tier 1 Tech Hub (Bengaluru/NCR/Hyd),3,5,34.0,0,1,1,0,0,0,0,0,2,9.91,Junior Associate
CP-2577,2.3,B.Tech/B.E,Tier 2 (Top State/Private),Full Stack Web,Tier 2 City,0,3,126.0,3,1,1,1,0,1,1,0,5,16.46,Job-Ready Mid-Level
CP-2578,2.1,B.Tech/B.E,Tier 2 (Top State/Private),Data Science & AI/ML,Tier 2 City,0,2,3.0,1,0,1,1,0,0,0,0,2,8.19,Entry-Level Learner
CP-2579,1.7,B.Tech/B.E,Tier 1 (IIT/NIT/BITS),Data Analytics & BI,Tier 2 City,2,3,53.0,2,1,1,1,1,0,0,0,4,16.23,Job-Ready Mid-Level
CP-2580,0.6,B.Tech/B.E,Tier 2 (Top State/Private),Cloud & DevOps,Remote Global,1,4,0.0,1,0,1,1,0,0,1,0,3,17.55,Job-Ready Mid-Level
CP-2581,1.1,B.Tech/B.E,Tier 3 (Affiliated Colleges),Cloud & DevOps,Tier 1 Tech Hub (Bengaluru/NCR/Hyd),2,4,63.0,0,0,1,1,0,0,0,1,3,17.95,Job-Ready Mid-Level
CP-2582,2.0,MCA,Tier 3 (Affiliated Colleges),Data Science & AI/ML,Tier 1 Tech Hub (Bengaluru/NCR/Hyd),0,2,0.0,1,0,1,0,0,0,0,1,2,12.39,Junior Associate
CP-2583,1.5,B.Tech/B.E,Tier 2 (Top State/Private),Data Science & AI/ML,Tier 1 Tech Hub (Bengaluru/NCR/Hyd),2,4,61.0,0,0,1,1,0,0,0,0,2,16.87,Job-Ready Mid-Level
CP-2584,9.5,B.Tech/B.E,Tier 2 (Top State/Private),Data Science & AI/ML,Tier 1 Tech Hub (Bengaluru/NCR/Hyd),2,7,135.0,2,0,1,0,0,0,0,0,1,33.66,High-Demand Specialist
CP-2585,0.3,B.Tech/B.E,Tier 2 (Top State/Private),Full Stack Web,Tier 1 Tech Hub (Bengaluru/NCR/Hyd),1,3,210.0,1,1,1,1,0,0,1,0,4,15.97,Job-Ready Mid-Level
CP-2586,2.6,M.Tech/M.S,Tier 3 (Affiliated Colleges),Cloud & DevOps,Tier 1 Tech Hub (Bengaluru/NCR/Hyd),0,2,12.0,0,1,1,0,1,0,0,0,3,14.9,Junior Associate
CP-2587,1.1,B.Tech/B.E,Tier 3 (Affiliated Colleges),Cloud & DevOps,Tier 1 Tech Hub (Bengaluru/NCR/Hyd),2,5,214.0,0,0,1,0,1,0,1,1,4,24.57,High-Demand Specialist
CP-2588,1.2,BCA/B.Sc CS,Tier 2 (Top State/Private),Cloud & DevOps,Tier 1 Tech Hub (Bengaluru/NCR/Hyd),2,5,36.0,2,1,0,1,0,0,0,0,2,13.67,Junior Associate
CP-2589,2.8,B.Tech/B.E,Tier 3 (Affiliated Colleges),Full Stack Web,Tier 1 Tech Hub (Bengaluru/NCR/Hyd),2,6,250.0,2,1,1,1,0,0,1,0,4,24.82,High-Demand Specialist
CP-2590,2.6,B.Tech/B.E,Tier 3 (Affiliated Colleges),Data Science & AI/ML,Tier 2 City,0,3,26.0,1,1,1,0,0,1,0,0,3,12.04,Junior Associate
CP-2591,9.5,B.Tech/B.E,Tier 1 (IIT/NIT/BITS),Data Science & AI/ML,Tier 2 City,2,6,207.0,0,1,1,0,1,1,0,1,5,36.57,High-Demand Specialist
CP-2592,0.3,MCA,Tier 2 (Top State/Private),Data Science & AI/ML,Tier 2 City,0,4,105.0,2,1,1,0,0,0,1,0,3,10.86,Junior Associate
CP-2593,0.2,B.Tech/B.E,Tier 3 (Affiliated Colleges),Data Analytics & BI,Tier 2 City,0,1,59.0,0,1,1,0,1,1,1,1,6,12.32,Junior Associate
CP-2594,2.8,B.Tech/B.E,Tier 3 (Affiliated Colleges),Cloud & DevOps,Tier 1 Tech Hub (Bengaluru/NCR/Hyd),1,4,48.0,0,1,1,1,1,0,0,0,4,19.45,Job-Ready Mid-Level
CP-2595,1.9,B.Tech/B.E,Tier 2 (Top State/Private),Data Science & AI/ML,Tier 1 Tech Hub (Bengaluru/NCR/Hyd),0,3,381.0,0,1,1,0,1,1,0,0,4,19.16,Job-Ready Mid-Level
CP-2596,0.7,MCA,Tier 2 (Top State/Private),Data Science & AI/ML,Tier 1 Tech Hub (Bengaluru/NCR/Hyd),1,2,152.0,2,0,1,0,0,0,0,0,1,12.64,Junior Associate
CP-2597,0.2,B.Tech/B.E,Tier 2 (Top State/Private),Backend Systems,Tier 2 City,1,4,58.0,1,1,1,0,0,0,0,0,2,8.62,Entry-Level Learner
CP-2598,0.2,B.Tech/B.E,Tier 2 (Top State/Private),Data Analytics & BI,Tier 2 City,0,2,4.0,0,1,1,0,1,0,0,0,3,7.34,Entry-Level Learner
CP-2599,4.9,B.Tech/B.E,Tier 3 (Affiliated Colleges),Cloud & DevOps,Tier 1 Tech Hub (Bengaluru/NCR/Hyd),1,1,120.0,1,1,1,1,0,0,0,0,3,21.35,Job-Ready Mid-Level
CP-2600,0.5,B.Tech/B.E,Tier 2 (Top State/Private),Full Stack Web,Tier 1 Tech Hub (Bengaluru/NCR/Hyd),2,2,364.0,1,0,1,0,0,0,0,1,2,19.55,Job-Ready Mid-Level
CP-2601,0.9,BCA/B.Sc CS,Tier 3 (Affiliated Colleges),Data Science & AI/ML,Remote Global,0,2,71.0,1,1,1,0,1,1,0,0,4,13.7,Junior Associate
CP-2602,0.6,BCA/B.Sc CS,Tier 3 (Affiliated Colleges),Backend Systems,Tier 1 Tech Hub (Bengaluru/NCR/Hyd),1,5,243.0,2,1,0,0,1,1,0,0,3,16.78,Job-Ready Mid-Level
CP-2603,1.0,B.Tech/B.E,Tier 1 (IIT/NIT/BITS),Data Analytics & BI,Tier 2 City,0,2,9.0,1,1,1,0,0,0,0,1,3,11.54,Junior Associate
CP-2604,0.2,B.Tech/B.E,Tier 2 (Top State/Private),Full Stack Web,Tier 1 Tech Hub (Bengaluru/NCR/Hyd),1,5,339.0,0,1,0,1,1,0,0,0,3,17.99,Job-Ready Mid-Level
CP-2605,1.6,B.Tech/B.E,Tier 2 (Top State/Private),Data Analytics & BI,Tier 1 Tech Hub (Bengaluru/NCR/Hyd),0,1,133.0,2,1,1,1,0,1,1,1,6,20.75,Job-Ready Mid-Level
CP-2606,0.2,B.Tech/B.E,Tier 3 (Affiliated Colleges),Data Analytics & BI,Tier 2 City,1,4,61.0,0,0,1,1,1,0,0,0,3,9.67,Junior Associate
CP-2607,3.5,B.Tech/B.E,Tier 2 (Top State/Private),Full Stack Web,Tier 2 City,0,3,52.0,2,1,1,1,0,0,1,1,5,18.69,Job-Ready Mid-Level
CP-2608,0.6,M.Tech/M.S,Tier 3 (Affiliated Colleges),Full Stack Web,Tier 2 City,3,3,145.0,1,1,1,0,0,0,0,0,2,13.22,Junior Associate
CP-2609,1.7,Non-CS Degree,Tier 3 (Affiliated Colleges),Data Science & AI/ML,Tier 1 Tech Hub (Bengaluru/NCR/Hyd),1,2,47.0,1,1,0,0,0,0,0,0,1,10.43,Junior Associate
CP-2610,4.7,Non-CS Degree,Tier 2 (Top State/Private),Data Science & AI/ML,Tier 1 Tech Hub (Bengaluru/NCR/Hyd),1,5,236.0,3,1,1,1,0,0,0,0,3,24.21,High-Demand Specialist
CP-2611,2.3,MCA,Tier 3 (Affiliated Colleges),Data Analytics & BI,Tier 2 City,1,5,150.0,0,1,0,0,0,0,0,0,1,12.56,Junior Associate
CP-2612,1.7,BCA/B.Sc CS,Tier 3 (Affiliated Colleges),Data Science & AI/ML,Tier 1 Tech Hub (Bengaluru/NCR/Hyd),1,1,42.0,1,1,1,0,0,0,0,0,2,10.34,Junior Associate
CP-2613,0.9,M.Tech/M.S,Tier 1 (IIT/NIT/BITS),Data Analytics & BI,Tier 1 Tech Hub (Bengaluru/NCR/Hyd),1,2,245.0,2,0,1,1,1,0,0,0,3,22.87,Job-Ready Mid-Level
CP-2614,0.9,B.Tech/B.E,Tier 2 (Top State/Private),Backend Systems,Remote Global,1,5,59.0,0,1,0,1,0,0,0,0,2,14.75,Junior Associate
CP-2615,2.4,BCA/B.Sc CS,Tier 3 (Affiliated Colleges),Data Science & AI/ML,Tier 1 Tech Hub (Bengaluru/NCR/Hyd),1,4,247.0,0,0,0,1,0,0,1,0,2,19.14,Job-Ready Mid-Level
CP-2616,9.5,B.Tech/B.E,Tier 3 (Affiliated Colleges),Full Stack Web,Tier 1 Tech Hub (Bengaluru/NCR/Hyd),0,6,228.0,1,1,1,1,0,0,0,0,3,34.46,High-Demand Specialist
CP-2617,2.4,B.Tech/B.E,Tier 1 (IIT/NIT/BITS),Data Analytics & BI,Tier 2 City,0,5,251.0,0,1,1,0,0,0,0,0,2,14.36,Junior Associate
CP-2618,1.8,M.Tech/M.S,Tier 1 (IIT/NIT/BITS),Data Analytics & BI,Remote Global,1,5,12.0,0,1,1,0,1,0,0,0,3,22.76,Job-Ready Mid-Level
CP-2619,2.9,B.Tech/B.E,Tier 2 (Top State/Private),Data Analytics & BI,Tier 1 Tech Hub (Bengaluru/NCR/Hyd),2,5,60.0,3,1,0,0,0,1,0,0,2,18.69,Job-Ready Mid-Level
CP-2620,1.4,B.Tech/B.E,Tier 3 (Affiliated Colleges),Full Stack Web,Tier 1 Tech Hub (Bengaluru/NCR/Hyd),0,2,45.0,1,0,1,1,0,0,0,0,2,11.63,Junior Associate
CP-2621,0.1,Non-CS Degree,Tier 2 (Top State/Private),Full Stack Web,Tier 2 City,0,2,29.0,2,1,0,0,0,0,0,1,2,7.12,Entry-Level Learner
CP-2622,1.8,B.Tech/B.E,Tier 2 (Top State/Private),Cloud & DevOps,Tier 2 City,0,1,50.0,2,1,1,0,0,0,0,0,2,8.71,Entry-Level Learner
CP-2623,7.0,B.Tech/B.E,Tier 3 (Affiliated Colleges),Backend Systems,Tier 2 City,3,9,254.0,0,0,1,1,0,0,0,1,3,26.82,High-Demand Specialist
CP-2624,0.4,MCA,Tier 1 (IIT/NIT/BITS),Full Stack Web,Tier 1 Tech Hub (Bengaluru/NCR/Hyd),2,3,47.0,2,1,0,1,0,0,1,0,3,18.5,Job-Ready Mid-Level
CP-2625,2.6,BCA/B.Sc CS,Tier 3 (Affiliated Colleges),Backend Systems,Tier 1 Tech Hub (Bengaluru/NCR/Hyd),1,6,68.0,2,1,0,0,0,0,0,0,1,13.32,Junior Associate
CP-2626,0.5,B.Tech/B.E,Tier 2 (Top State/Private),Data Science & AI/ML,Tier 2 City,2,5,17.0,0,1,1,0,0,1,1,0,4,14.19,Junior Associate
CP-2627,1.7,B.Tech/B.E,Tier 3 (Affiliated Colleges),Backend Systems,Remote Global,1,2,50.0,3,1,1,0,1,1,0,0,4,18.81,Job-Ready Mid-Level
CP-2628,0.2,B.Tech/B.E,Tier 2 (Top State/Private),Cloud & DevOps,Remote Global,3,8,126.0,1,1,1,0,0,0,0,0,2,18.25,Job-Ready Mid-Level
CP-2629,1.3,MCA,Tier 3 (Affiliated Colleges),Full Stack Web,Tier 1 Tech Hub (Bengaluru/NCR/Hyd),0,2,4.0,3,0,1,1,1,0,1,1,5,18.2,Job-Ready Mid-Level
CP-2630,3.1,BCA/B.Sc CS,Tier 3 (Affiliated Colleges),Cloud & DevOps,Tier 1 Tech Hub (Bengaluru/NCR/Hyd),0,4,0.0,2,1,1,0,0,0,1,0,3,14.01,Junior Associate
CP-2631,0.9,B.Tech/B.E,Tier 2 (Top State/Private),Data Science & AI/ML,Tier 1 Tech Hub (Bengaluru/NCR/Hyd),1,2,65.0,0,1,0,0,0,0,1,1,3,16.5,Job-Ready Mid-Level
CP-2632,2.4,B.Tech/B.E,Tier 1 (IIT/NIT/BITS),Data Science & AI/ML,Remote Global,1,5,2.0,1,1,1,0,0,0,0,0,2,19.83,Job-Ready Mid-Level
CP-2633,3.5,B.Tech/B.E,Tier 2 (Top State/Private),Data Science & AI/ML,Tier 2 City,1,8,0.0,0,1,1,1,0,0,0,0,3,14.21,Junior Associate
CP-2634,5.8,Non-CS Degree,Tier 2 (Top State/Private),Data Science & AI/ML,Tier 1 Tech Hub (Bengaluru/NCR/Hyd),0,4,236.0,1,0,1,0,1,1,0,0,3,29.5,High-Demand Specialist
CP-2635,0.6,B.Tech/B.E,Tier 3 (Affiliated Colleges),Full Stack Web,Tier 1 Tech Hub (Bengaluru/NCR/Hyd),1,1,250.0,0,1,1,1,0,0,1,0,4,16.49,Job-Ready Mid-Level
CP-2636,1.1,BCA/B.Sc CS,Tier 3 (Affiliated Colleges),Data Analytics & BI,Tier 1 Tech Hub (Bengaluru/NCR/Hyd),0,4,35.0,2,0,1,0,0,1,1,0,3,12.9,Junior Associate
CP-2637,0.4,B.Tech/B.E,Tier 2 (Top State/Private),Cloud & DevOps,Tier 1 Tech Hub (Bengaluru/NCR/Hyd),0,6,45.0,1,1,1,0,0,1,0,0,3,11.87,Junior Associate
CP-2638,9.5,BCA/B.Sc CS,Tier 3 (Affiliated Colleges),Data Science & AI/ML,Tier 2 City,2,4,226.0,2,1,1,0,0,0,1,0,3,28.98,High-Demand Specialist
CP-2639,5.8,Non-CS Degree,Tier 3 (Affiliated Colleges),Data Analytics & BI,Tier 2 City,2,6,0.0,1,1,1,0,0,0,0,0,2,15.31,Job-Ready Mid-Level
CP-2640,1.7,BCA/B.Sc CS,Tier 3 (Affiliated Colleges),Cloud & DevOps,Tier 1 Tech Hub (Bengaluru/NCR/Hyd),3,4,33.0,0,0,1,1,0,0,0,1,3,19.58,Job-Ready Mid-Level
CP-2641,4.1,B.Tech/B.E,Tier 2 (Top State/Private),Backend Systems,Tier 1 Tech Hub (Bengaluru/NCR/Hyd),1,3,26.0,1,1,0,0,0,0,0,1,2,21.82,Job-Ready Mid-Level
CP-2642,1.6,BCA/B.Sc CS,Tier 2 (Top State/Private),Cloud & DevOps,Remote Global,1,3,150.0,0,0,0,1,0,1,0,0,2,18.51,Job-Ready Mid-Level
CP-2643,2.1,M.Tech/M.S,Tier 2 (Top State/Private),Data Science & AI/ML,Tier 1 Tech Hub (Bengaluru/NCR/Hyd),1,2,362.0,0,1,0,1,1,0,0,0,3,22.34,Job-Ready Mid-Level
CP-2644,0.2,B.Tech/B.E,Tier 2 (Top State/Private),Full Stack Web,Tier 1 Tech Hub (Bengaluru/NCR/Hyd),0,4,58.0,1,1,1,1,1,1,0,0,5,14.02,Junior Associate
CP-2645,3.1,MCA,Tier 2 (Top State/Private),Cloud & DevOps,Remote Global,0,3,34.0,2,1,1,0,0,0,0,0,2,18.9,Job-Ready Mid-Level
CP-2646,0.3,BCA/B.Sc CS,Tier 2 (Top State/Private),Data Science & AI/ML,Tier 2 City,0,1,123.0,1,1,0,0,1,0,0,0,2,8.42,Entry-Level Learner
CP-2647,3.8,MCA,Tier 1 (IIT/NIT/BITS),Data Science & AI/ML,Tier 2 City,2,7,363.0,0,1,1,0,0,0,1,1,4,25.04,High-Demand Specialist
CP-2648,3.4,BCA/B.Sc CS,Tier 3 (Affiliated Colleges),Data Science & AI/ML,Tier 1 Tech Hub (Bengaluru/NCR/Hyd),0,6,206.0,2,1,0,1,0,1,0,0,3,18.93,Job-Ready Mid-Level
CP-2649,2.7,B.Tech/B.E,Tier 2 (Top State/Private),Data Science & AI/ML,Tier 1 Tech Hub (Bengaluru/NCR/Hyd),2,7,152.0,0,1,1,1,0,0,0,0,3,20.81,Job-Ready Mid-Level
CP-2650,0.1,B.Tech/B.E,Tier 2 (Top State/Private),Full Stack Web,Tier 1 Tech Hub (Bengaluru/NCR/Hyd),1,5,210.0,0,1,1,1,0,1,0,0,4,15.82,Job-Ready Mid-Level
CP-2651,0.8,B.Tech/B.E,Tier 2 (Top State/Private),Full Stack Web,Tier 1 Tech Hub (Bengaluru/NCR/Hyd),1,4,28.0,3,1,0,0,0,1,1,0,3,15.61,Job-Ready Mid-Level
CP-2652,0.7,MCA,Tier 2 (Top State/Private),Data Science & AI/ML,Tier 2 City,0,4,31.0,0,1,1,1,1,1,1,1,7,16.12,Job-Ready Mid-Level
CP-2653,1.0,M.Tech/M.S,Tier 2 (Top State/Private),Cloud & DevOps,Tier 1 Tech Hub (Bengaluru/NCR/Hyd),0,3,20.0,0,1,0,0,1,0,0,0,2,11.08,Junior Associate
CP-2654,0.2,BCA/B.Sc CS,Tier 2 (Top State/Private),Cloud & DevOps,Tier 2 City,3,3,0.0,1,1,1,0,1,0,0,1,4,12.35,Junior Associate
CP-2655,6.1,B.Tech/B.E,Tier 2 (Top State/Private),Full Stack Web,Tier 1 Tech Hub (Bengaluru/NCR/Hyd),0,4,123.0,0,1,1,1,1,0,1,0,5,30.52,High-Demand Specialist
CP-2656,1.8,B.Tech/B.E,Tier 2 (Top State/Private),Data Science & AI/ML,Tier 1 Tech Hub (Bengaluru/NCR/Hyd),0,3,214.0,0,1,1,0,0,0,0,0,2,15.81,Job-Ready Mid-Level
CP-2657,0.8,M.Tech/M.S,Tier 2 (Top State/Private),Data Science & AI/ML,Remote Global,0,3,137.0,1,1,0,0,0,1,0,0,2,17.23,Job-Ready Mid-Level
CP-2658,1.1,B.Tech/B.E,Tier 1 (IIT/NIT/BITS),Full Stack Web,Tier 1 Tech Hub (Bengaluru/NCR/Hyd),0,3,141.0,2,1,1,1,1,0,0,0,4,18.99,Job-Ready Mid-Level
CP-2659,1.3,B.Tech/B.E,Tier 3 (Affiliated Colleges),Data Science & AI/ML,Tier 1 Tech Hub (Bengaluru/NCR/Hyd),0,1,22.0,1,1,0,1,0,0,0,0,2,9.46,Junior Associate
CP-2660,2.0,BCA/B.Sc CS,Tier 2 (Top State/Private),Full Stack Web,Tier 1 Tech Hub (Bengaluru/NCR/Hyd),1,1,131.0,0,0,1,0,0,0,0,1,2,16.31,Job-Ready Mid-Level
CP-2661,1.6,B.Tech/B.E,Tier 2 (Top State/Private),Cloud & DevOps,Tier 1 Tech Hub (Bengaluru/NCR/Hyd),1,4,53.0,2,0,1,1,0,1,0,0,3,17.94,Job-Ready Mid-Level
CP-2662,5.5,B.Tech/B.E,Tier 1 (IIT/NIT/BITS),Full Stack Web,Tier 1 Tech Hub (Bengaluru/NCR/Hyd),1,7,123.0,2,0,1,1,0,1,0,0,3,30.9,High-Demand Specialist
CP-2663,1.5,B.Tech/B.E,Tier 2 (Top State/Private),Data Science & AI/ML,Tier 1 Tech Hub (Bengaluru/NCR/Hyd),0,6,42.0,0,1,1,0,0,1,0,0,3,14.48,Junior Associate
CP-2664,9.5,B.Tech/B.E,Tier 2 (Top State/Private),Full Stack Web,Tier 2 City,2,5,47.0,1,1,1,0,0,0,1,1,4,31.95,High-Demand Specialist
CP-2665,4.2,Non-CS Degree,Tier 2 (Top State/Private),Cloud & DevOps,Tier 2 City,2,7,25.0,1,0,0,0,0,1,0,0,1,16.65,Job-Ready Mid-Level
CP-2666,0.5,B.Tech/B.E,Tier 3 (Affiliated Colleges),Backend Systems,Tier 1 Tech Hub (Bengaluru/NCR/Hyd),0,3,67.0,1,1,1,0,1,1,0,1,5,15.57,Job-Ready Mid-Level
CP-2667,5.9,B.Tech/B.E,Tier 2 (Top State/Private),Data Analytics & BI,Tier 1 Tech Hub (Bengaluru/NCR/Hyd),1,3,0.0,3,1,1,1,0,0,0,0,3,25.27,High-Demand Specialist
CP-2668,0.3,B.Tech/B.E,Tier 2 (Top State/Private),Cloud & DevOps,Tier 2 City,0,2,,3,1,1,1,0,0,0,1,4,11.5,Junior Associate
CP-2669,3.7,M.Tech/M.S,Tier 3 (Affiliated Colleges),Full Stack Web,Tier 1 Tech Hub (Bengaluru/NCR/Hyd),2,6,31.0,1,1,0,1,0,0,0,0,2,20.87,Job-Ready Mid-Level
CP-2670,1.1,B.Tech/B.E,Tier 3 (Affiliated Colleges),Full Stack Web,Tier 2 City,1,4,153.0,0,0,1,0,1,0,1,0,3,14.38,Junior Associate
CP-2671,4.6,BCA/B.Sc CS,Tier 1 (IIT/NIT/BITS),Backend Systems,Tier 2 City,2,8,130.0,0,0,0,1,0,0,0,0,1,21.01,Job-Ready Mid-Level
CP-2672,4.5,B.Tech/B.E,Tier 2 (Top State/Private),Data Science & AI/ML,Tier 1 Tech Hub (Bengaluru/NCR/Hyd),0,5,220.0,0,1,1,0,0,0,0,0,2,21.53,Job-Ready Mid-Level
CP-2673,3.6,B.Tech/B.E,Tier 2 (Top State/Private),Backend Systems,Tier 2 City,1,5,143.0,1,1,0,0,0,0,0,0,1,15.45,Job-Ready Mid-Level
CP-2674,3.4,B.Tech/B.E,Tier 1 (IIT/NIT/BITS),Cloud & DevOps,Remote Global,0,4,69.0,3,1,0,1,1,1,0,0,4,28.18,High-Demand Specialist
CP-2675,0.8,M.Tech/M.S,Tier 2 (Top State/Private),Cloud & DevOps,Tier 2 City,1,7,136.0,0,1,0,0,1,0,1,0,3,15.68,Job-Ready Mid-Level
CP-2676,0.2,MCA,Tier 1 (IIT/NIT/BITS),Data Science & AI/ML,Tier 1 Tech Hub (Bengaluru/NCR/Hyd),1,5,36.0,1,1,1,1,0,0,0,0,3,14.75,Junior Associate
CP-2677,1.1,B.Tech/B.E,Tier 3 (Affiliated Colleges),Cloud & DevOps,Tier 1 Tech Hub (Bengaluru/NCR/Hyd),0,2,28.0,0,0,1,1,0,0,1,0,3,12.65,Junior Associate
CP-2678,0.4,B.Tech/B.E,Tier 2 (Top State/Private),Full Stack Web,Remote Global,1,4,112.0,2,0,0,1,1,0,0,0,2,16.52,Job-Ready Mid-Level
CP-2679,2.6,MCA,Tier 1 (IIT/NIT/BITS),Data Science & AI/ML,Tier 1 Tech Hub (Bengaluru/NCR/Hyd),1,6,0.0,3,1,0,0,0,0,0,0,1,18.9,Job-Ready Mid-Level
CP-2680,0.9,B.Tech/B.E,Tier 1 (IIT/NIT/BITS),Data Science & AI/ML,Tier 2 City,2,4,29.0,2,0,1,0,1,0,0,0,2,16.89,Job-Ready Mid-Level
CP-2681,8.2,MCA,Tier 3 (Affiliated Colleges),Backend Systems,Tier 1 Tech Hub (Bengaluru/NCR/Hyd),0,3,115.0,0,1,1,1,1,1,0,0,5,33.69,High-Demand Specialist
CP-2682,2.3,B.Tech/B.E,Tier 2 (Top State/Private),Full Stack Web,Tier 1 Tech Hub (Bengaluru/NCR/Hyd),2,4,137.0,0,0,1,0,0,1,0,1,3,22.56,Job-Ready Mid-Level
CP-2683,3.8,Non-CS Degree,Tier 3 (Affiliated Colleges),Full Stack Web,Tier 2 City,3,9,,0,1,1,0,0,0,0,0,2,14.59,Junior Associate
CP-2684,0.3,M.Tech/M.S,Tier 2 (Top State/Private),Data Science & AI/ML,Tier 2 City,2,3,41.0,1,0,1,1,0,0,0,0,2,10.43,Junior Associate
CP-2685,4.4,Non-CS Degree,Tier 2 (Top State/Private),Data Analytics & BI,Tier 2 City,2,4,235.0,0,1,1,0,0,1,1,0,4,21.62,Job-Ready Mid-Level
CP-2686,5.6,BCA/B.Sc CS,Tier 2 (Top State/Private),Cloud & DevOps,Remote Global,2,5,123.0,3,0,0,1,0,1,1,0,3,34.4,High-Demand Specialist
CP-2687,1.5,B.Tech/B.E,Tier 1 (IIT/NIT/BITS),Cloud & DevOps,Tier 1 Tech Hub (Bengaluru/NCR/Hyd),1,6,249.0,2,0,1,1,1,0,0,0,3,22.71,Job-Ready Mid-Level
CP-2688,2.1,Non-CS Degree,Tier 2 (Top State/Private),Full Stack Web,Tier 1 Tech Hub (Bengaluru/NCR/Hyd),0,2,119.0,0,1,1,0,0,0,0,1,3,15.83,Job-Ready Mid-Level
CP-2689,3.2,B.Tech/B.E,Tier 2 (Top State/Private),Full Stack Web,Remote Global,1,3,68.0,0,1,1,0,1,1,0,0,4,24.62,High-Demand Specialist
CP-2690,0.4,B.Tech/B.E,Tier 2 (Top State/Private),Cloud & DevOps,Tier 1 Tech Hub (Bengaluru/NCR/Hyd),1,4,33.0,1,0,1,1,0,0,0,1,3,15.0,Job-Ready Mid-Level
CP-2691,1.5,M.Tech/M.S,Tier 3 (Affiliated Colleges),Data Science & AI/ML,Tier 2 City,3,6,139.0,0,1,1,1,0,0,1,0,4,17.32,Job-Ready Mid-Level
CP-2692,1.1,M.Tech/M.S,Tier 2 (Top State/Private),Backend Systems,Tier 1 Tech Hub (Bengaluru/NCR/Hyd),1,4,143.0,0,1,1,1,0,0,0,0,3,16.35,Job-Ready Mid-Level
CP-2693,0.3,Non-CS Degree,Tier 1 (IIT/NIT/BITS),Cloud & DevOps,Tier 1 Tech Hub (Bengaluru/NCR/Hyd),0,1,26.0,1,1,1,0,1,1,0,1,5,19.84,Job-Ready Mid-Level
CP-2694,1.0,B.Tech/B.E,Tier 2 (Top State/Private),Full Stack Web,Tier 1 Tech Hub (Bengaluru/NCR/Hyd),1,6,138.0,2,1,1,0,0,0,0,0,2,14.58,Junior Associate
CP-2695,0.2,M.Tech/M.S,Tier 3 (Affiliated Colleges),Full Stack Web,Tier 1 Tech Hub (Bengaluru/NCR/Hyd),3,9,49.0,3,0,0,1,0,1,0,0,2,14.42,Junior Associate
CP-2696,0.1,M.Tech/M.S,Tier 3 (Affiliated Colleges),Data Analytics & BI,Remote Global,0,3,62.0,0,1,1,1,1,0,0,1,5,18.24,Job-Ready Mid-Level
CP-2697,0.3,B.Tech/B.E,Tier 2 (Top State/Private),Data Science & AI/ML,Tier 2 City,0,3,28.0,2,1,0,0,1,0,0,0,2,8.3,Entry-Level Learner
CP-2698,7.3,B.Tech/B.E,Tier 2 (Top State/Private),Full Stack Web,Tier 2 City,1,5,0.0,1,0,1,0,1,0,0,0,2,23.2,Job-Ready Mid-Level
CP-2699,1.8,B.Tech/B.E,Tier 2 (Top State/Private),Cloud & DevOps,Tier 1 Tech Hub (Bengaluru/NCR/Hyd),0,2,16.0,0,1,0,1,0,0,0,1,3,16.56,Job-Ready Mid-Level
CP-2700,7.4,B.Tech/B.E,Tier 3 (Affiliated Colleges),Full Stack Web,Tier 1 Tech Hub (Bengaluru/NCR/Hyd),0,1,119.0,1,0,1,0,0,0,1,0,2,28.22,High-Demand Specialist
CP-2701,1.2,Non-CS Degree,Tier 3 (Affiliated Colleges),Data Analytics & BI,Tier 1 Tech Hub (Bengaluru/NCR/Hyd),0,2,66.0,3,0,1,0,0,0,1,1,3,13.07,Junior Associate
CP-2702,0.8,BCA/B.Sc CS,Tier 2 (Top State/Private),Data Science & AI/ML,Tier 1 Tech Hub (Bengaluru/NCR/Hyd),2,6,0.0,0,1,0,0,0,0,1,0,2,12.82,Junior Associate
CP-2703,1.6,M.Tech/M.S,Tier 2 (Top State/Private),Data Analytics & BI,Tier 1 Tech Hub (Bengaluru/NCR/Hyd),0,3,375.0,0,1,1,0,1,1,0,0,4,21.1,Job-Ready Mid-Level
CP-2704,1.3,Non-CS Degree,Tier 2 (Top State/Private),Data Science & AI/ML,Tier 1 Tech Hub (Bengaluru/NCR/Hyd),1,4,0.0,1,1,1,0,0,0,0,0,2,11.53,Junior Associate
CP-2705,0.2,B.Tech/B.E,Tier 2 (Top State/Private),Data Science & AI/ML,Tier 1 Tech Hub (Bengaluru/NCR/Hyd),2,4,111.0,0,1,1,0,1,0,1,1,5,20.15,Job-Ready Mid-Level
CP-2706,2.3,M.Tech/M.S,Tier 3 (Affiliated Colleges),Backend Systems,Tier 1 Tech Hub (Bengaluru/NCR/Hyd),3,6,211.0,2,0,1,1,0,1,0,1,4,26.34,High-Demand Specialist
CP-2707,0.5,B.Tech/B.E,Tier 2 (Top State/Private),Cloud & DevOps,Tier 1 Tech Hub (Bengaluru/NCR/Hyd),3,8,32.0,1,1,1,1,0,0,0,0,3,17.8,Job-Ready Mid-Level
CP-2708,2.1,MCA,Tier 1 (IIT/NIT/BITS),Full Stack Web,Tier 1 Tech Hub (Bengaluru/NCR/Hyd),1,5,123.0,2,1,1,0,1,0,0,0,3,21.46,Job-Ready Mid-Level
CP-2709,2.3,B.Tech/B.E,Tier 3 (Affiliated Colleges),Data Science & AI/ML,Tier 1 Tech Hub (Bengaluru/NCR/Hyd),3,6,352.0,0,1,0,0,1,0,1,1,4,27.72,High-Demand Specialist
CP-2710,0.4,Non-CS Degree,Tier 3 (Affiliated Colleges),Cloud & DevOps,Tier 1 Tech Hub (Bengaluru/NCR/Hyd),0,1,221.0,2,1,1,1,0,0,0,0,3,7.21,Entry-Level Learner
CP-2711,0.1,B.Tech/B.E,Tier 2 (Top State/Private),Full Stack Web,Remote Global,1,5,42.0,0,1,1,0,0,1,1,0,4,16.39,Job-Ready Mid-Level
CP-2712,3.3,B.Tech/B.E,Tier 3 (Affiliated Colleges),Backend Systems,Tier 1 Tech Hub (Bengaluru/NCR/Hyd),1,6,43.0,0,1,1,0,0,0,0,0,2,16.12,Job-Ready Mid-Level
CP-2713,1.4,M.Tech/M.S,Tier 2 (Top State/Private),Backend Systems,Remote Global,0,3,64.0,2,1,1,0,0,1,0,0,3,16.89,Job-Ready Mid-Level
CP-2714,0.1,B.Tech/B.E,Tier 3 (Affiliated Colleges),Cloud & DevOps,Tier 1 Tech Hub (Bengaluru/NCR/Hyd),1,6,217.0,1,0,1,0,1,0,0,1,3,17.11,Job-Ready Mid-Level
CP-2715,9.5,BCA/B.Sc CS,Tier 3 (Affiliated Colleges),Full Stack Web,Remote Global,0,1,215.0,0,1,1,0,1,1,0,1,5,43.83,High-Demand Specialist
CP-2716,0.1,B.Tech/B.E,Tier 2 (Top State/Private),Full Stack Web,Tier 1 Tech Hub (Bengaluru/NCR/Hyd),2,6,211.0,0,1,0,0,1,0,1,0,3,17.36,Job-Ready Mid-Level
CP-2717,2.6,M.Tech/M.S,Tier 3 (Affiliated Colleges),Cloud & DevOps,Tier 2 City,1,4,,0,1,1,0,0,1,0,1,4,17.5,Job-Ready Mid-Level
CP-2718,9.1,B.Tech/B.E,Tier 3 (Affiliated Colleges),Data Science & AI/ML,Tier 1 Tech Hub (Bengaluru/NCR/Hyd),1,2,61.0,3,1,1,1,0,0,0,1,4,35.7,High-Demand Specialist
CP-2719,0.6,B.Tech/B.E,Tier 2 (Top State/Private),Full Stack Web,Tier 2 City,0,1,29.0,2,1,1,0,1,1,1,0,5,11.31,Junior Associate
CP-2720,0.3,B.Tech/B.E,Tier 2 (Top State/Private),Data Science & AI/ML,Tier 1 Tech Hub (Bengaluru/NCR/Hyd),0,3,0.0,0,1,1,0,0,0,0,0,2,9.81,Junior Associate
CP-2721,0.3,B.Tech/B.E,Tier 3 (Affiliated Colleges),Data Science & AI/ML,Tier 1 Tech Hub (Bengaluru/NCR/Hyd),3,5,114.0,1,0,1,0,1,1,0,0,3,16.56,Job-Ready Mid-Level
CP-2722,0.8,B.Tech/B.E,Tier 2 (Top State/Private),Data Science & AI/ML,Tier 2 City,2,4,61.0,0,1,1,1,0,0,0,0,3,10.64,Junior Associate
CP-2723,0.2,B.Tech/B.E,Tier 2 (Top State/Private),Full Stack Web,Tier 1 Tech Hub (Bengaluru/NCR/Hyd),3,6,50.0,1,1,0,1,0,0,0,0,2,13.14,Junior Associate
CP-2724,2.6,B.Tech/B.E,Tier 3 (Affiliated Colleges),Data Analytics & BI,Remote Global,0,2,219.0,0,1,0,0,0,1,0,0,2,18.04,Job-Ready Mid-Level
CP-2725,0.1,B.Tech/B.E,Tier 3 (Affiliated Colleges),Full Stack Web,Tier 1 Tech Hub (Bengaluru/NCR/Hyd),0,3,0.0,0,1,1,1,0,0,1,1,5,12.86,Junior Associate
CP-2726,1.6,BCA/B.Sc CS,Tier 2 (Top State/Private),Full Stack Web,Tier 1 Tech Hub (Bengaluru/NCR/Hyd),1,4,233.0,1,1,0,0,1,0,0,0,2,16.73,Job-Ready Mid-Level
CP-2727,9.5,MCA,Tier 2 (Top State/Private),Data Science & AI/ML,Tier 2 City,1,3,12.0,2,1,0,0,0,0,1,0,2,26.43,High-Demand Specialist
CP-2728,3.7,B.Tech/B.E,Tier 2 (Top State/Private),Cloud & DevOps,Tier 1 Tech Hub (Bengaluru/NCR/Hyd),0,4,214.0,1,1,1,1,0,0,0,1,4,24.41,High-Demand Specialist
CP-2729,2.1,BCA/B.Sc CS,Tier 2 (Top State/Private),Data Science & AI/ML,Tier 1 Tech Hub (Bengaluru/NCR/Hyd),1,3,64.0,2,1,1,1,1,0,1,0,5,23.51,Job-Ready Mid-Level
CP-2730,0.8,BCA/B.Sc CS,Tier 2 (Top State/Private),Cloud & DevOps,Tier 2 City,1,4,0.0,2,1,1,1,0,0,0,0,3,10.34,Junior Associate
CP-2731,2.2,B.Tech/B.E,Tier 3 (Affiliated Colleges),Backend Systems,Tier 2 City,0,3,150.0,1,1,1,1,0,0,0,1,4,15.34,Job-Ready Mid-Level
CP-2732,1.6,M.Tech/M.S,Tier 2 (Top State/Private),Data Science & AI/ML,Remote Global,0,2,,0,1,0,1,1,1,0,0,4,22.7,Job-Ready Mid-Level
CP-2733,1.2,B.Tech/B.E,Tier 2 (Top State/Private),Data Science & AI/ML,Tier 1 Tech Hub (Bengaluru/NCR/Hyd),1,5,38.0,1,0,1,0,0,1,0,0,2,14.68,Junior Associate
CP-2734,0.3,B.Tech/B.E,Tier 2 (Top State/Private),Full Stack Web,Tier 1 Tech Hub (Bengaluru/NCR/Hyd),1,5,148.0,0,0,1,1,0,0,1,1,4,19.46,Job-Ready Mid-Level
CP-2735,4.8,B.Tech/B.E,Tier 3 (Affiliated Colleges),Backend Systems,Tier 1 Tech Hub (Bengaluru/NCR/Hyd),1,4,367.0,0,1,1,1,0,1,1,0,5,29.34,High-Demand Specialist
CP-2736,1.3,BCA/B.Sc CS,Tier 2 (Top State/Private),Data Analytics & BI,Tier 1 Tech Hub (Bengaluru/NCR/Hyd),1,3,2.0,1,1,0,1,0,0,1,0,3,16.2,Job-Ready Mid-Level
CP-2737,0.5,BCA/B.Sc CS,Tier 1 (IIT/NIT/BITS),Backend Systems,Tier 2 City,0,3,216.0,2,0,1,1,1,0,0,0,3,14.81,Junior Associate
CP-2738,1.0,B.Tech/B.E,Tier 1 (IIT/NIT/BITS),Full Stack Web,Tier 1 Tech Hub (Bengaluru/NCR/Hyd),2,5,34.0,0,1,1,1,0,0,0,0,3,18.01,Job-Ready Mid-Level
CP-2739,1.2,B.Tech/B.E,Tier 2 (Top State/Private),Backend Systems,Tier 1 Tech Hub (Bengaluru/NCR/Hyd),2,4,45.0,1,1,1,0,0,1,1,1,5,22.23,Job-Ready Mid-Level
CP-2740,3.9,Non-CS Degree,Tier 2 (Top State/Private),Data Science & AI/ML,Tier 1 Tech Hub (Bengaluru/NCR/Hyd),1,6,57.0,0,1,1,1,0,0,1,0,4,22.67,Job-Ready Mid-Level
CP-2741,2.9,B.Tech/B.E,Tier 2 (Top State/Private),Data Science & AI/ML,Tier 2 City,0,2,38.0,1,1,1,0,0,0,1,1,4,14.94,Junior Associate
CP-2742,3.2,B.Tech/B.E,Tier 2 (Top State/Private),Data Analytics & BI,Remote Global,1,5,0.0,1,1,1,0,1,0,0,0,3,23.07,Job-Ready Mid-Level
CP-2743,0.0,MCA,Tier 1 (IIT/NIT/BITS),Backend Systems,Tier 2 City,1,4,50.0,1,1,1,0,0,0,1,0,3,11.82,Junior Associate
CP-2744,1.2,M.Tech/M.S,Tier 2 (Top State/Private),Data Science & AI/ML,Tier 1 Tech Hub (Bengaluru/NCR/Hyd),3,5,39.0,1,1,0,1,0,1,1,1,5,24.65,High-Demand Specialist
CP-2745,1.4,BCA/B.Sc CS,Tier 2 (Top State/Private),Data Science & AI/ML,Tier 2 City,3,8,125.0,3,1,1,1,1,0,0,0,4,14.84,Junior Associate
CP-2746,0.0,M.Tech/M.S,Tier 1 (IIT/NIT/BITS),Data Science & AI/ML,Tier 2 City,2,7,126.0,0,1,1,1,0,0,1,0,4,16.78,Job-Ready Mid-Level
CP-2747,0.7,MCA,Tier 1 (IIT/NIT/BITS),Data Science & AI/ML,Tier 1 Tech Hub (Bengaluru/NCR/Hyd),0,2,70.0,0,0,1,0,1,0,1,0,3,17.44,Job-Ready Mid-Level
CP-2748,3.1,B.Tech/B.E,Tier 1 (IIT/NIT/BITS),Data Science & AI/ML,Tier 1 Tech Hub (Bengaluru/NCR/Hyd),3,5,65.0,1,1,1,1,1,0,0,0,4,26.71,High-Demand Specialist
CP-2749,0.3,B.Tech/B.E,Tier 1 (IIT/NIT/BITS),Backend Systems,Tier 1 Tech Hub (Bengaluru/NCR/Hyd),1,5,377.0,1,0,1,0,0,0,0,0,1,18.81,Job-Ready Mid-Level
CP-2750,1.7,B.Tech/B.E,Tier 3 (Affiliated Colleges),Cloud & DevOps,Tier 1 Tech Hub (Bengaluru/NCR/Hyd),2,4,29.0,2,1,1,1,0,0,0,0,3,15.36,Job-Ready Mid-Level
CP-2751,0.5,Non-CS Degree,Tier 2 (Top State/Private),Data Analytics & BI,Tier 2 City,1,4,28.0,0,0,1,0,0,0,0,1,2,7.93,Entry-Level Learner
CP-2752,0.0,BCA/B.Sc CS,Tier 2 (Top State/Private),Data Analytics & BI,Tier 1 Tech Hub (Bengaluru/NCR/Hyd),0,5,40.0,1,0,1,0,0,0,0,0,1,9.26,Junior Associate
CP-2753,0.6,B.Tech/B.E,Tier 2 (Top State/Private),Full Stack Web,Tier 1 Tech Hub (Bengaluru/NCR/Hyd),1,2,139.0,1,1,1,1,1,0,1,0,5,17.32,Job-Ready Mid-Level
CP-2754,8.2,MCA,Tier 3 (Affiliated Colleges),Data Analytics & BI,Remote Global,0,4,0.0,0,1,1,1,1,0,0,0,4,33.58,High-Demand Specialist
CP-2755,3.6,B.Tech/B.E,Tier 3 (Affiliated Colleges),Cloud & DevOps,Tier 2 City,1,4,50.0,1,1,0,1,1,1,1,0,5,19.35,Job-Ready Mid-Level
CP-2756,7.1,B.Tech/B.E,Tier 2 (Top State/Private),Full Stack Web,Tier 2 City,2,7,230.0,1,1,0,1,0,0,0,1,3,26.14,High-Demand Specialist
CP-2757,1.5,B.Tech/B.E,Tier 2 (Top State/Private),Cloud & DevOps,Tier 1 Tech Hub (Bengaluru/NCR/Hyd),0,1,29.0,2,0,1,1,0,1,0,0,3,14.11,Junior Associate
CP-2758,0.3,B.Tech/B.E,Tier 2 (Top State/Private),Full Stack Web,Tier 1 Tech Hub (Bengaluru/NCR/Hyd),0,3,74.0,0,1,1,1,0,0,0,0,3,12.25,Junior Associate
CP-2759,1.7,MCA,Tier 2 (Top State/Private),Data Analytics & BI,Tier 1 Tech Hub (Bengaluru/NCR/Hyd),0,2,240.0,0,1,0,0,0,1,0,0,2,16.75,Job-Ready Mid-Level
CP-2760,1.3,B.Tech/B.E,Tier 1 (IIT/NIT/BITS),Backend Systems,Tier 1 Tech Hub (Bengaluru/NCR/Hyd),1,3,8.0,1,1,1,0,0,0,0,0,2,15.61,Job-Ready Mid-Level
CP-2761,4.1,MCA,Tier 3 (Affiliated Colleges),Full Stack Web,Tier 1 Tech Hub (Bengaluru/NCR/Hyd),3,10,119.0,0,1,0,0,1,0,0,0,2,24.58,High-Demand Specialist
CP-2762,0.2,BCA/B.Sc CS,Tier 2 (Top State/Private),Data Analytics & BI,Tier 1 Tech Hub (Bengaluru/NCR/Hyd),0,4,54.0,1,1,1,0,1,1,1,0,5,16.41,Job-Ready Mid-Level
CP-2763,1.5,B.Tech/B.E,Tier 3 (Affiliated Colleges),Data Science & AI/ML,Tier 1 Tech Hub (Bengaluru/NCR/Hyd),0,2,0.0,0,1,1,0,1,0,0,0,3,12.61,Junior Associate
CP-2764,0.4,Non-CS Degree,Tier 2 (Top State/Private),Data Analytics & BI,Tier 1 Tech Hub (Bengaluru/NCR/Hyd),2,2,24.0,0,0,0,1,0,0,0,1,2,13.28,Junior Associate
CP-2765,0.9,B.Tech/B.E,Tier 3 (Affiliated Colleges),Full Stack Web,Tier 1 Tech Hub (Bengaluru/NCR/Hyd),2,4,152.0,0,0,1,1,0,1,1,1,5,22.69,Job-Ready Mid-Level
CP-2766,2.9,B.Tech/B.E,Tier 3 (Affiliated Colleges),Data Science & AI/ML,Tier 2 City,0,3,6.0,3,1,1,1,0,0,0,0,3,10.74,Junior Associate
CP-2767,1.4,B.Tech/B.E,Tier 1 (IIT/NIT/BITS),Full Stack Web,Tier 2 City,2,4,57.0,2,0,1,0,0,0,0,0,1,13.06,Junior Associate
CP-2768,1.0,MCA,Tier 2 (Top State/Private),Cloud & DevOps,Tier 1 Tech Hub (Bengaluru/NCR/Hyd),1,3,339.0,2,1,1,0,0,0,0,0,2,13.65,Junior Associate
CP-2769,1.1,B.Tech/B.E,Tier 2 (Top State/Private),Data Science & AI/ML,Tier 1 Tech Hub (Bengaluru/NCR/Hyd),2,4,136.0,1,1,0,1,0,0,0,0,2,16.41,Job-Ready Mid-Level
CP-2770,1.4,B.Tech/B.E,Tier 2 (Top State/Private),Backend Systems,Tier 1 Tech Hub (Bengaluru/NCR/Hyd),1,4,74.0,1,1,0,0,0,1,0,0,2,15.01,Job-Ready Mid-Level
CP-2771,3.4,B.Tech/B.E,Tier 2 (Top State/Private),Data Science & AI/ML,Tier 1 Tech Hub (Bengaluru/NCR/Hyd),3,7,32.0,0,0,0,1,1,1,1,1,5,31.77,High-Demand Specialist
CP-2772,4.9,B.Tech/B.E,Tier 2 (Top State/Private),Backend Systems,Tier 1 Tech Hub (Bengaluru/NCR/Hyd),0,2,47.0,0,1,1,0,0,0,0,0,2,19.3,Job-Ready Mid-Level
CP-2773,6.8,M.Tech/M.S,Tier 2 (Top State/Private),Cloud & DevOps,Remote Global,0,4,34.0,2,1,0,0,0,1,0,0,2,30.91,High-Demand Specialist
CP-2774,3.4,B.Tech/B.E,Tier 3 (Affiliated Colleges),Full Stack Web,Remote Global,1,5,370.0,1,1,0,1,1,0,1,0,4,30.53,High-Demand Specialist
CP-2775,0.8,B.Tech/B.E,Tier 1 (IIT/NIT/BITS),Full Stack Web,Tier 2 City,1,3,384.0,3,1,0,0,1,0,0,0,2,15.0,Job-Ready Mid-Level
CP-2776,2.6,B.Tech/B.E,Tier 3 (Affiliated Colleges),Data Analytics & BI,Remote Global,2,6,41.0,1,1,0,0,0,0,0,0,1,18.26,Job-Ready Mid-Level
CP-2777,1.3,B.Tech/B.E,Tier 2 (Top State/Private),Cloud & DevOps,Tier 2 City,1,8,11.0,0,1,1,0,0,1,0,0,3,11.39,Junior Associate
CP-2778,0.6,Non-CS Degree,Tier 3 (Affiliated Colleges),Cloud & DevOps,Tier 1 Tech Hub (Bengaluru/NCR/Hyd),0,5,249.0,0,1,1,1,0,0,0,0,3,12.69,Junior Associate
CP-2779,4.0,B.Tech/B.E,Tier 2 (Top State/Private),Full Stack Web,Remote Global,1,5,112.0,2,1,1,0,1,1,1,0,5,32.74,High-Demand Specialist
CP-2780,0.1,Non-CS Degree,Tier 1 (IIT/NIT/BITS),Full Stack Web,Tier 1 Tech Hub (Bengaluru/NCR/Hyd),1,1,64.0,0,1,0,0,0,0,0,1,2,11.64,Junior Associate
CP-2781,5.1,B.Tech/B.E,Tier 3 (Affiliated Colleges),Backend Systems,Tier 2 City,3,6,68.0,0,1,1,1,0,0,1,0,4,22.52,Job-Ready Mid-Level
CP-2782,1.4,B.Tech/B.E,Tier 2 (Top State/Private),Data Science & AI/ML,Tier 1 Tech Hub (Bengaluru/NCR/Hyd),1,2,74.0,0,1,1,0,1,0,1,0,4,15.74,Job-Ready Mid-Level
CP-2783,2.2,MCA,Tier 3 (Affiliated Colleges),Full Stack Web,Tier 1 Tech Hub (Bengaluru/NCR/Hyd),1,6,210.0,1,1,1,0,1,0,1,1,5,25.38,High-Demand Specialist
CP-2784,2.4,B.Tech/B.E,Tier 2 (Top State/Private),Full Stack Web,Tier 2 City,1,6,0.0,0,1,1,1,1,1,0,1,6,19.67,Job-Ready Mid-Level
CP-2785,5.0,M.Tech/M.S,Tier 2 (Top State/Private),Data Analytics & BI,Tier 1 Tech Hub (Bengaluru/NCR/Hyd),2,5,130.0,0,1,1,1,0,1,1,0,5,33.04,High-Demand Specialist
CP-2786,2.2,Non-CS Degree,Tier 2 (Top State/Private),Data Analytics & BI,Tier 1 Tech Hub (Bengaluru/NCR/Hyd),1,3,1.0,1,1,1,1,0,0,0,0,3,15.0,Job-Ready Mid-Level
CP-2787,2.1,B.Tech/B.E,Tier 3 (Affiliated Colleges),Full Stack Web,Tier 1 Tech Hub (Bengaluru/NCR/Hyd),0,3,241.0,0,1,1,0,0,0,0,0,2,15.98,Job-Ready Mid-Level
CP-2788,0.2,B.Tech/B.E,Tier 1 (IIT/NIT/BITS),Data Science & AI/ML,Tier 1 Tech Hub (Bengaluru/NCR/Hyd),2,6,47.0,0,1,0,1,1,0,1,0,4,20.54,Job-Ready Mid-Level
CP-2789,1.6,M.Tech/M.S,Tier 3 (Affiliated Colleges),Data Science & AI/ML,Remote Global,1,3,11.0,0,0,0,1,1,0,0,0,2,18.23,Job-Ready Mid-Level
CP-2790,0.4,B.Tech/B.E,Tier 3 (Affiliated Colleges),Full Stack Web,Tier 2 City,1,4,24.0,0,0,1,1,1,1,0,0,4,12.49,Junior Associate
CP-2791,2.9,B.Tech/B.E,Tier 1 (IIT/NIT/BITS),Full Stack Web,Tier 1 Tech Hub (Bengaluru/NCR/Hyd),3,5,43.0,1,1,1,0,1,0,1,0,4,27.27,High-Demand Specialist
CP-2792,1.6,B.Tech/B.E,Tier 1 (IIT/NIT/BITS),Backend Systems,Tier 1 Tech Hub (Bengaluru/NCR/Hyd),2,4,11.0,0,1,0,1,1,1,0,0,4,21.07,Job-Ready Mid-Level
CP-2793,2.5,B.Tech/B.E,Tier 3 (Affiliated Colleges),Full Stack Web,Tier 2 City,2,3,129.0,0,0,0,0,0,1,0,0,1,14.2,Junior Associate
CP-2794,0.1,M.Tech/M.S,Tier 2 (Top State/Private),Data Science & AI/ML,Tier 1 Tech Hub (Bengaluru/NCR/Hyd),3,4,64.0,0,1,1,0,0,1,0,0,3,16.76,Job-Ready Mid-Level
CP-2795,0.2,B.Tech/B.E,Tier 2 (Top State/Private),Backend Systems,Tier 1 Tech Hub (Bengaluru/NCR/Hyd),0,5,9.0,1,0,1,1,1,0,0,0,3,13.79,Junior Associate
CP-2796,2.8,B.Tech/B.E,Tier 1 (IIT/NIT/BITS),Full Stack Web,Tier 1 Tech Hub (Bengaluru/NCR/Hyd),1,3,45.0,1,1,1,0,0,0,0,0,2,19.09,Job-Ready Mid-Level
CP-2797,0.2,BCA/B.Sc CS,Tier 2 (Top State/Private),Cloud & DevOps,Remote Global,1,6,49.0,2,1,1,1,0,0,0,0,3,13.08,Junior Associate
CP-2798,0.2,B.Tech/B.E,Tier 1 (IIT/NIT/BITS),Data Science & AI/ML,Tier 1 Tech Hub (Bengaluru/NCR/Hyd),0,2,31.0,1,1,0,1,1,0,0,1,4,17.0,Job-Ready Mid-Level
CP-2799,0.0,B.Tech/B.E,Tier 2 (Top State/Private),Full Stack Web,Tier 1 Tech Hub (Bengaluru/NCR/Hyd),2,4,59.0,0,1,1,0,1,0,0,1,4,16.38,Job-Ready Mid-Level
CP-2800,6.9,M.Tech/M.S,Tier 3 (Affiliated Colleges),Backend Systems,Tier 1 Tech Hub (Bengaluru/NCR/Hyd),2,6,30.0,1,0,1,0,1,1,1,0,4,35.65,High-Demand Specialist
CP-2801,2.9,B.Tech/B.E,Tier 2 (Top State/Private),Cloud & DevOps,Tier 1 Tech Hub (Bengaluru/NCR/Hyd),1,6,64.0,1,1,1,0,0,0,1,1,4,23.92,Job-Ready Mid-Level
CP-2802,1.0,M.Tech/M.S,Tier 2 (Top State/Private),Full Stack Web,Tier 1 Tech Hub (Bengaluru/NCR/Hyd),3,6,34.0,2,1,1,1,1,0,0,0,4,20.07,Job-Ready Mid-Level
CP-2803,0.8,MCA,Tier 3 (Affiliated Colleges),Cloud & DevOps,Tier 1 Tech Hub (Bengaluru/NCR/Hyd),0,6,0.0,0,1,1,1,1,1,0,0,5,14.48,Junior Associate
CP-2804,0.9,B.Tech/B.E,Tier 3 (Affiliated Colleges),Backend Systems,Tier 1 Tech Hub (Bengaluru/NCR/Hyd),1,2,8.0,0,0,1,0,1,0,1,1,4,17.45,Job-Ready Mid-Level
CP-2805,3.3,B.Tech/B.E,Tier 3 (Affiliated Colleges),Data Science & AI/ML,Tier 1 Tech Hub (Bengaluru/NCR/Hyd),1,5,153.0,2,1,1,1,1,0,0,0,4,24.24,High-Demand Specialist
CP-2806,2.4,B.Tech/B.E,Tier 2 (Top State/Private),Full Stack Web,Tier 1 Tech Hub (Bengaluru/NCR/Hyd),0,1,28.0,1,1,1,0,0,0,0,0,2,13.43,Junior Associate
CP-2807,0.5,B.Tech/B.E,Tier 3 (Affiliated Colleges),Backend Systems,Tier 2 City,0,1,31.0,1,1,0,1,0,0,0,0,2,4.6,Entry-Level Learner
CP-2808,0.4,MCA,Tier 1 (IIT/NIT/BITS),Data Science & AI/ML,Remote Global,2,7,134.0,1,0,1,0,0,1,1,0,3,24.01,High-Demand Specialist
CP-2809,0.2,MCA,Tier 1 (IIT/NIT/BITS),Data Analytics & BI,Tier 1 Tech Hub (Bengaluru/NCR/Hyd),1,3,41.0,0,1,1,0,1,0,0,0,3,14.49,Junior Associate
CP-2810,2.4,B.Tech/B.E,Tier 2 (Top State/Private),Cloud & DevOps,Tier 1 Tech Hub (Bengaluru/NCR/Hyd),2,6,62.0,1,1,1,1,0,0,0,1,4,22.29,Job-Ready Mid-Level
CP-2811,3.2,BCA/B.Sc CS,Tier 2 (Top State/Private),Cloud & DevOps,Tier 1 Tech Hub (Bengaluru/NCR/Hyd),1,6,14.0,2,1,1,0,0,0,0,1,3,19.2,Job-Ready Mid-Level
CP-2812,0.7,Non-CS Degree,Tier 3 (Affiliated Colleges),Full Stack Web,Tier 2 City,0,5,149.0,2,1,1,0,1,1,0,0,4,11.46,Junior Associate
CP-2813,0.0,Non-CS Degree,Tier 2 (Top State/Private),Full Stack Web,Tier 2 City,0,5,143.0,0,1,1,0,0,0,1,0,3,8.88,Entry-Level Learner
CP-2814,0.2,B.Tech/B.E,Tier 3 (Affiliated Colleges),Cloud & DevOps,Tier 1 Tech Hub (Bengaluru/NCR/Hyd),1,4,113.0,1,0,0,0,1,0,0,1,2,14.62,Junior Associate
CP-2815,7.6,B.Tech/B.E,Tier 3 (Affiliated Colleges),Data Science & AI/ML,Tier 2 City,3,8,223.0,0,0,1,1,1,0,0,0,3,28.54,High-Demand Specialist
CP-2816,0.8,B.Tech/B.E,Tier 2 (Top State/Private),Full Stack Web,Tier 2 City,0,5,117.0,3,0,0,1,1,0,0,1,3,13.99,Junior Associate
CP-2817,3.2,Non-CS Degree,Tier 2 (Top State/Private),Data Science & AI/ML,Remote Global,3,3,251.0,1,1,1,1,1,0,0,0,4,27.66,High-Demand Specialist
CP-2818,2.2,B.Tech/B.E,Tier 2 (Top State/Private),Data Science & AI/ML,Tier 1 Tech Hub (Bengaluru/NCR/Hyd),3,7,73.0,1,1,1,1,0,1,1,1,6,27.15,High-Demand Specialist
CP-2819,1.1,BCA/B.Sc CS,Tier 2 (Top State/Private),Backend Systems,Tier 1 Tech Hub (Bengaluru/NCR/Hyd),3,4,61.0,1,1,1,0,1,0,0,0,3,16.15,Job-Ready Mid-Level
CP-2820,0.5,B.Tech/B.E,Tier 1 (IIT/NIT/BITS),Full Stack Web,Tier 1 Tech Hub (Bengaluru/NCR/Hyd),1,7,353.0,3,1,0,1,0,0,0,0,2,18.99,Job-Ready Mid-Level
CP-2821,0.3,B.Tech/B.E,Tier 3 (Affiliated Colleges),Backend Systems,Remote Global,3,6,210.0,3,0,1,0,1,0,0,0,2,19.03,Job-Ready Mid-Level
CP-2822,2.1,B.Tech/B.E,Tier 1 (IIT/NIT/BITS),Data Science & AI/ML,Tier 2 City,1,5,36.0,0,0,0,0,1,1,1,0,3,18.02,Job-Ready Mid-Level
CP-2823,3.3,Non-CS Degree,Tier 1 (IIT/NIT/BITS),Cloud & DevOps,Tier 1 Tech Hub (Bengaluru/NCR/Hyd),0,1,39.0,1,0,1,0,1,0,0,0,2,18.77,Job-Ready Mid-Level
CP-2824,2.3,B.Tech/B.E,Tier 3 (Affiliated Colleges),Data Science & AI/ML,Tier 1 Tech Hub (Bengaluru/NCR/Hyd),0,4,251.0,1,1,0,1,1,0,0,1,4,22.46,Job-Ready Mid-Level
CP-2825,1.7,BCA/B.Sc CS,Tier 2 (Top State/Private),Data Analytics & BI,Tier 1 Tech Hub (Bengaluru/NCR/Hyd),3,10,27.0,0,1,1,0,0,0,0,1,3,18.68,Job-Ready Mid-Level
CP-2826,0.1,B.Tech/B.E,Tier 3 (Affiliated Colleges),Data Analytics & BI,Tier 1 Tech Hub (Bengaluru/NCR/Hyd),0,2,0.0,2,1,0,0,0,1,0,0,2,7.01,Entry-Level Learner
CP-2827,7.6,B.Tech/B.E,Tier 2 (Top State/Private),Data Science & AI/ML,Tier 1 Tech Hub (Bengaluru/NCR/Hyd),1,6,141.0,0,0,1,0,0,0,0,0,1,29.91,High-Demand Specialist
CP-2828,3.5,B.Tech/B.E,Tier 2 (Top State/Private),Backend Systems,Tier 1 Tech Hub (Bengaluru/NCR/Hyd),0,4,22.0,0,1,1,0,0,0,0,1,3,22.0,Job-Ready Mid-Level
CP-2829,0.8,B.Tech/B.E,Tier 2 (Top State/Private),Data Science & AI/ML,Tier 1 Tech Hub (Bengaluru/NCR/Hyd),0,6,30.0,0,1,1,1,0,0,0,0,3,12.16,Junior Associate
CP-2830,8.6,B.Tech/B.E,Tier 2 (Top State/Private),Cloud & DevOps,Tier 2 City,0,2,153.0,1,1,1,1,0,0,0,0,3,24.16,High-Demand Specialist
CP-2831,2.0,B.Tech/B.E,Tier 2 (Top State/Private),Backend Systems,Tier 1 Tech Hub (Bengaluru/NCR/Hyd),2,7,52.0,2,0,1,1,0,0,0,0,2,15.83,Job-Ready Mid-Level
CP-2832,1.9,B.Tech/B.E,Tier 3 (Affiliated Colleges),Backend Systems,Tier 1 Tech Hub (Bengaluru/NCR/Hyd),1,4,212.0,1,1,0,0,0,0,1,0,2,17.34,Job-Ready Mid-Level
CP-2833,3.0,B.Tech/B.E,Tier 2 (Top State/Private),Backend Systems,Tier 1 Tech Hub (Bengaluru/NCR/Hyd),2,5,365.0,0,1,1,0,0,0,0,0,2,24.17,High-Demand Specialist
CP-2834,3.7,Non-CS Degree,Tier 3 (Affiliated Colleges),Full Stack Web,Tier 2 City,1,4,,0,0,1,0,0,0,0,1,2,14.34,Junior Associate
CP-2835,2.4,Non-CS Degree,Tier 1 (IIT/NIT/BITS),Data Science & AI/ML,Tier 1 Tech Hub (Bengaluru/NCR/Hyd),3,5,379.0,3,1,1,1,0,1,0,0,4,26.71,High-Demand Specialist
CP-2836,0.3,B.Tech/B.E,Tier 2 (Top State/Private),Data Science & AI/ML,Remote Global,1,3,53.0,0,1,1,0,0,0,1,1,4,20.28,Job-Ready Mid-Level
CP-2837,0.9,BCA/B.Sc CS,Tier 2 (Top State/Private),Full Stack Web,Tier 1 Tech Hub (Bengaluru/NCR/Hyd),1,6,39.0,3,1,1,1,0,1,0,1,5,16.73,Job-Ready Mid-Level
CP-2838,5.8,MCA,Tier 3 (Affiliated Colleges),Data Analytics & BI,Remote Global,1,3,253.0,2,1,1,0,0,0,1,0,3,32.28,High-Demand Specialist
CP-2839,0.6,B.Tech/B.E,Tier 1 (IIT/NIT/BITS),Data Science & AI/ML,Remote Global,1,6,48.0,1,1,0,1,0,0,0,0,2,16.95,Job-Ready Mid-Level
CP-2840,1.0,M.Tech/M.S,Tier 2 (Top State/Private),Cloud & DevOps,Tier 1 Tech Hub (Bengaluru/NCR/Hyd),2,5,45.0,2,1,1,0,0,0,0,0,2,14.0,Junior Associate
CP-2841,1.2,Non-CS Degree,Tier 3 (Affiliated Colleges),Full Stack Web,Remote Global,1,4,153.0,0,1,0,1,0,0,0,1,3,17.74,Job-Ready Mid-Level
CP-2842,1.3,B.Tech/B.E,Tier 2 (Top State/Private),Full Stack Web,Tier 1 Tech Hub (Bengaluru/NCR/Hyd),2,3,127.0,2,1,1,1,1,0,0,0,4,17.09,Job-Ready Mid-Level
CP-2843,2.1,B.Tech/B.E,Tier 3 (Affiliated Colleges),Cloud & DevOps,Tier 1 Tech Hub (Bengaluru/NCR/Hyd),2,6,135.0,0,1,1,0,1,0,0,1,4,22.96,Job-Ready Mid-Level
CP-2844,6.3,Non-CS Degree,Tier 1 (IIT/NIT/BITS),Full Stack Web,Tier 1 Tech Hub (Bengaluru/NCR/Hyd),0,5,138.0,1,1,0,1,0,0,0,0,2,26.76,High-Demand Specialist
CP-2845,0.6,B.Tech/B.E,Tier 3 (Affiliated Colleges),Data Analytics & BI,Tier 1 Tech Hub (Bengaluru/NCR/Hyd),1,2,132.0,1,0,1,1,0,1,1,0,4,15.7,Job-Ready Mid-Level
CP-2846,0.3,B.Tech/B.E,Tier 3 (Affiliated Colleges),Data Science & AI/ML,Tier 2 City,0,4,136.0,1,0,0,0,0,1,0,0,1,9.15,Junior Associate
CP-2847,0.5,B.Tech/B.E,Tier 3 (Affiliated Colleges),Data Analytics & BI,Tier 2 City,1,6,46.0,0,1,1,1,1,1,0,0,5,12.22,Junior Associate
CP-2848,4.8,B.Tech/B.E,Tier 2 (Top State/Private),Data Science & AI/ML,Tier 1 Tech Hub (Bengaluru/NCR/Hyd),1,3,0.0,1,0,1,1,0,1,0,0,3,24.66,High-Demand Specialist
CP-2849,2.3,BCA/B.Sc CS,Tier 1 (IIT/NIT/BITS),Data Science & AI/ML,Tier 1 Tech Hub (Bengaluru/NCR/Hyd),3,4,113.0,1,1,0,0,0,0,1,0,2,24.32,High-Demand Specialist
CP-2850,0.7,M.Tech/M.S,Tier 3 (Affiliated Colleges),Cloud & DevOps,Tier 1 Tech Hub (Bengaluru/NCR/Hyd),0,4,0.0,3,0,1,0,1,1,1,0,4,15.55,Job-Ready Mid-Level
CP-2851,3.7,Non-CS Degree,Tier 2 (Top State/Private),Data Analytics & BI,Tier 2 City,0,3,335.0,1,1,0,0,0,0,0,1,2,14.43,Junior Associate
CP-2852,4.3,B.Tech/B.E,Tier 1 (IIT/NIT/BITS),Data Science & AI/ML,Tier 1 Tech Hub (Bengaluru/NCR/Hyd),0,5,226.0,1,1,1,1,1,1,1,0,6,34.13,High-Demand Specialist
CP-2853,4.1,B.Tech/B.E,Tier 3 (Affiliated Colleges),Full Stack Web,Remote Global,1,3,108.0,2,0,0,0,1,0,0,0,1,23.0,Job-Ready Mid-Level
CP-2854,5.5,B.Tech/B.E,Tier 2 (Top State/Private),Full Stack Web,Tier 1 Tech Hub (Bengaluru/NCR/Hyd),2,3,379.0,2,1,1,1,0,1,0,0,4,31.96,High-Demand Specialist
CP-2855,0.6,B.Tech/B.E,Tier 1 (IIT/NIT/BITS),Data Science & AI/ML,Tier 1 Tech Hub (Bengaluru/NCR/Hyd),2,4,112.0,1,1,1,0,0,1,0,0,3,20.01,Job-Ready Mid-Level
CP-2856,3.1,B.Tech/B.E,Tier 2 (Top State/Private),Data Analytics & BI,Remote Global,1,2,21.0,2,1,1,1,1,0,1,0,5,24.3,High-Demand Specialist
CP-2857,1.4,Non-CS Degree,Tier 1 (IIT/NIT/BITS),Data Analytics & BI,Tier 1 Tech Hub (Bengaluru/NCR/Hyd),2,9,66.0,1,0,1,1,1,0,1,0,4,22.74,Job-Ready Mid-Level
CP-2858,4.1,MCA,Tier 2 (Top State/Private),Data Science & AI/ML,Tier 1 Tech Hub (Bengaluru/NCR/Hyd),0,3,43.0,0,1,1,0,0,1,1,1,5,25.73,High-Demand Specialist
CP-2859,2.9,B.Tech/B.E,Tier 3 (Affiliated Colleges),Full Stack Web,Tier 1 Tech Hub (Bengaluru/NCR/Hyd),0,7,68.0,2,1,1,0,0,1,0,0,3,16.99,Job-Ready Mid-Level
CP-2860,3.3,BCA/B.Sc CS,Tier 2 (Top State/Private),Data Analytics & BI,Tier 1 Tech Hub (Bengaluru/NCR/Hyd),0,1,25.0,1,1,0,1,0,1,0,1,4,19.36,Job-Ready Mid-Level
CP-2861,2.3,B.Tech/B.E,Tier 3 (Affiliated Colleges),Full Stack Web,Remote Global,2,4,145.0,0,0,0,1,0,0,0,1,2,24.48,High-Demand Specialist
CP-2862,0.4,B.Tech/B.E,Tier 3 (Affiliated Colleges),Cloud & DevOps,Tier 1 Tech Hub (Bengaluru/NCR/Hyd),1,6,48.0,0,1,1,0,0,0,0,1,3,10.44,Junior Associate
CP-2863,1.7,BCA/B.Sc CS,Tier 3 (Affiliated Colleges),Data Science & AI/ML,Tier 1 Tech Hub (Bengaluru/NCR/Hyd),1,7,72.0,1,1,1,1,0,0,0,0,3,12.64,Junior Associate
CP-2864,9.2,B.Tech/B.E,Tier 1 (IIT/NIT/BITS),Cloud & DevOps,Tier 1 Tech Hub (Bengaluru/NCR/Hyd),0,5,41.0,2,1,1,1,0,0,0,1,4,39.18,High-Demand Specialist
CP-2865,6.1,Non-CS Degree,Tier 3 (Affiliated Colleges),Data Science & AI/ML,Tier 1 Tech Hub (Bengaluru/NCR/Hyd),1,4,56.0,0,1,0,1,0,0,0,0,2,22.02,Job-Ready Mid-Level
CP-2866,0.1,BCA/B.Sc CS,Tier 2 (Top State/Private),Data Analytics & BI,Tier 2 City,3,8,34.0,1,1,0,1,1,0,0,0,3,12.34,Junior Associate
CP-2867,0.4,B.Tech/B.E,Tier 2 (Top State/Private),Full Stack Web,Remote Global,0,3,38.0,0,0,0,1,0,0,0,0,1,12.3,Junior Associate
CP-2868,0.3,M.Tech/M.S,Tier 3 (Affiliated Colleges),Full Stack Web,Remote Global,2,4,121.0,0,1,1,0,1,0,0,0,3,15.95,Job-Ready Mid-Level
CP-2869,2.8,B.Tech/B.E,Tier 2 (Top State/Private),Data Analytics & BI,Tier 1 Tech Hub (Bengaluru/NCR/Hyd),0,3,56.0,0,1,1,1,0,0,0,0,3,16.25,Job-Ready Mid-Level
CP-2870,3.7,B.Tech/B.E,Tier 3 (Affiliated Colleges),Data Science & AI/ML,Tier 1 Tech Hub (Bengaluru/NCR/Hyd),0,2,17.0,2,1,1,1,0,0,0,0,3,15.33,Job-Ready Mid-Level
CP-2871,0.5,B.Tech/B.E,Tier 1 (IIT/NIT/BITS),Full Stack Web,Tier 1 Tech Hub (Bengaluru/NCR/Hyd),1,6,54.0,0,0,0,1,1,1,1,0,4,22.72,Job-Ready Mid-Level
CP-2872,1.6,B.Tech/B.E,Tier 3 (Affiliated Colleges),Full Stack Web,Tier 2 City,0,4,151.0,0,1,1,1,1,0,1,0,5,14.14,Junior Associate
CP-2873,4.0,M.Tech/M.S,Tier 1 (IIT/NIT/BITS),Full Stack Web,Tier 1 Tech Hub (Bengaluru/NCR/Hyd),1,5,138.0,0,1,1,1,0,1,0,1,5,33.22,High-Demand Specialist
CP-2874,2.9,B.Tech/B.E,Tier 3 (Affiliated Colleges),Backend Systems,Tier 1 Tech Hub (Bengaluru/NCR/Hyd),1,3,362.0,0,1,1,0,0,0,0,1,3,21.56,Job-Ready Mid-Level
CP-2875,1.7,M.Tech/M.S,Tier 1 (IIT/NIT/BITS),Data Analytics & BI,Remote Global,1,4,128.0,0,1,1,1,0,0,0,0,3,22.88,Job-Ready Mid-Level
CP-2876,2.0,BCA/B.Sc CS,Tier 1 (IIT/NIT/BITS),Data Science & AI/ML,Tier 1 Tech Hub (Bengaluru/NCR/Hyd),2,9,38.0,0,0,1,0,0,0,1,1,3,24.89,High-Demand Specialist
CP-2877,1.6,B.Tech/B.E,Tier 2 (Top State/Private),Data Analytics & BI,Tier 1 Tech Hub (Bengaluru/NCR/Hyd),1,6,58.0,1,0,1,0,1,0,0,0,2,16.69,Job-Ready Mid-Level
CP-2878,0.8,M.Tech/M.S,Tier 2 (Top State/Private),Full Stack Web,Tier 1 Tech Hub (Bengaluru/NCR/Hyd),0,5,31.0,1,1,0,0,0,0,1,1,3,17.32,Job-Ready Mid-Level
CP-2879,1.8,B.Tech/B.E,Tier 2 (Top State/Private),Backend Systems,Tier 1 Tech Hub (Bengaluru/NCR/Hyd),1,5,105.0,0,0,1,1,0,1,0,0,3,17.87,Job-Ready Mid-Level
CP-2880,2.6,B.Tech/B.E,Tier 2 (Top State/Private),Full Stack Web,Tier 1 Tech Hub (Bengaluru/NCR/Hyd),1,6,46.0,1,1,0,1,1,0,1,1,5,25.27,High-Demand Specialist
CP-2881,4.5,B.Tech/B.E,Tier 2 (Top State/Private),Cloud & DevOps,Tier 1 Tech Hub (Bengaluru/NCR/Hyd),0,3,137.0,0,1,1,1,1,0,0,0,4,25.56,High-Demand Specialist
CP-2882,2.2,B.Tech/B.E,Tier 1 (IIT/NIT/BITS),Full Stack Web,Tier 1 Tech Hub (Bengaluru/NCR/Hyd),2,5,28.0,2,0,0,0,0,0,0,0,0,18.44,Job-Ready Mid-Level
CP-2883,3.1,B.Tech/B.E,Tier 2 (Top State/Private),Full Stack Web,Tier 1 Tech Hub (Bengaluru/NCR/Hyd),1,7,71.0,0,1,0,1,0,0,1,0,3,20.04,Job-Ready Mid-Level
CP-2884,0.4,BCA/B.Sc CS,Tier 3 (Affiliated Colleges),Full Stack Web,Tier 2 City,2,6,42.0,2,1,1,0,1,0,1,0,4,13.48,Junior Associate
CP-2885,1.4,B.Tech/B.E,Tier 3 (Affiliated Colleges),Data Science & AI/ML,Tier 1 Tech Hub (Bengaluru/NCR/Hyd),2,3,151.0,0,0,0,0,1,1,0,1,3,19.86,Job-Ready Mid-Level
CP-2886,0.0,B.Tech/B.E,Tier 3 (Affiliated Colleges),Data Analytics & BI,Tier 2 City,1,8,23.0,1,1,1,0,0,0,1,0,3,8.02,Entry-Level Learner
CP-2887,0.6,Non-CS Degree,Tier 3 (Affiliated Colleges),Full Stack Web,Tier 1 Tech Hub (Bengaluru/NCR/Hyd),1,3,116.0,0,0,1,1,1,1,0,0,4,13.84,Junior Associate
CP-2888,2.9,BCA/B.Sc CS,Tier 2 (Top State/Private),Backend Systems,Tier 1 Tech Hub (Bengaluru/NCR/Hyd),1,3,0.0,0,1,0,1,0,1,0,1,4,21.41,Job-Ready Mid-Level
CP-2889,9.5,MCA,Tier 1 (IIT/NIT/BITS),Data Science & AI/ML,Remote Global,1,1,26.0,1,1,0,0,0,0,1,1,3,46.61,High-Demand Specialist
CP-2890,0.2,B.Tech/B.E,Tier 2 (Top State/Private),Cloud & DevOps,Tier 1 Tech Hub (Bengaluru/NCR/Hyd),2,7,0.0,1,1,1,1,1,0,0,0,4,15.1,Job-Ready Mid-Level
CP-2891,1.1,BCA/B.Sc CS,Tier 3 (Affiliated Colleges),Backend Systems,Tier 1 Tech Hub (Bengaluru/NCR/Hyd),2,3,0.0,2,1,0,1,1,0,0,0,3,15.29,Job-Ready Mid-Level
CP-2892,3.5,MCA,Tier 3 (Affiliated Colleges),Cloud & DevOps,Remote Global,0,5,4.0,1,1,1,1,0,0,0,0,3,20.85,Job-Ready Mid-Level
CP-2893,0.5,BCA/B.Sc CS,Tier 2 (Top State/Private),Backend Systems,Tier 1 Tech Hub (Bengaluru/NCR/Hyd),1,4,62.0,0,1,1,0,0,0,0,0,2,10.51,Junior Associate
CP-2894,1.8,M.Tech/M.S,Tier 1 (IIT/NIT/BITS),Data Analytics & BI,Tier 1 Tech Hub (Bengaluru/NCR/Hyd),3,6,52.0,3,1,1,1,1,1,0,0,5,27.03,High-Demand Specialist
CP-2895,2.9,B.Tech/B.E,Tier 1 (IIT/NIT/BITS),Full Stack Web,Tier 1 Tech Hub (Bengaluru/NCR/Hyd),1,3,246.0,1,1,1,1,0,0,1,0,4,26.38,High-Demand Specialist
CP-2896,2.1,B.Tech/B.E,Tier 2 (Top State/Private),Cloud & DevOps,Tier 2 City,2,5,0.0,0,0,1,0,0,1,0,0,2,13.97,Junior Associate
CP-2897,0.5,B.Tech/B.E,Tier 2 (Top State/Private),Data Science & AI/ML,Remote Global,2,7,32.0,3,0,0,0,1,0,0,1,2,21.12,Job-Ready Mid-Level
CP-2898,1.0,B.Tech/B.E,Tier 1 (IIT/NIT/BITS),Full Stack Web,Tier 1 Tech Hub (Bengaluru/NCR/Hyd),1,6,141.0,3,1,1,0,0,1,1,1,5,24.93,High-Demand Specialist
CP-2899,3.4,MCA,Tier 3 (Affiliated Colleges),Data Science & AI/ML,Tier 1 Tech Hub (Bengaluru/NCR/Hyd),1,2,141.0,0,0,1,0,1,0,0,0,2,19.3,Job-Ready Mid-Level
CP-2900,1.8,B.Tech/B.E,Tier 2 (Top State/Private),Data Analytics & BI,Tier 1 Tech Hub (Bengaluru/NCR/Hyd),1,5,66.0,0,1,1,1,0,1,0,1,5,21.46,Job-Ready Mid-Level
CP-2901,0.0,Non-CS Degree,Tier 3 (Affiliated Colleges),Full Stack Web,Tier 1 Tech Hub (Bengaluru/NCR/Hyd),1,2,129.0,0,1,1,1,0,0,1,0,4,12.21,Junior Associate
CP-2902,3.1,Non-CS Degree,Tier 3 (Affiliated Colleges),Full Stack Web,Tier 1 Tech Hub (Bengaluru/NCR/Hyd),1,5,127.0,1,1,1,1,0,0,0,0,3,17.24,Job-Ready Mid-Level
CP-2903,0.1,B.Tech/B.E,Tier 3 (Affiliated Colleges),Data Science & AI/ML,Tier 1 Tech Hub (Bengaluru/NCR/Hyd),1,4,37.0,1,1,1,0,0,1,0,0,3,10.34,Junior Associate
CP-2904,3.0,B.Tech/B.E,Tier 3 (Affiliated Colleges),Backend Systems,Tier 1 Tech Hub (Bengaluru/NCR/Hyd),2,5,48.0,1,1,1,1,1,0,0,0,4,20.89,Job-Ready Mid-Level
CP-2905,0.5,MCA,Tier 3 (Affiliated Colleges),Data Science & AI/ML,Tier 1 Tech Hub (Bengaluru/NCR/Hyd),0,3,0.0,1,0,0,1,1,1,1,0,4,13.78,Junior Associate
CP-2906,7.0,Non-CS Degree,Tier 3 (Affiliated Colleges),Data Science & AI/ML,Remote Global,0,1,34.0,0,0,1,1,0,0,0,0,2,26.43,High-Demand Specialist
CP-2907,1.0,B.Tech/B.E,Tier 3 (Affiliated Colleges),Data Science & AI/ML,Tier 1 Tech Hub (Bengaluru/NCR/Hyd),0,3,372.0,0,1,1,1,0,0,1,0,4,16.56,Job-Ready Mid-Level
CP-2908,0.9,B.Tech/B.E,Tier 2 (Top State/Private),Backend Systems,Tier 1 Tech Hub (Bengaluru/NCR/Hyd),1,3,52.0,2,0,1,1,0,0,1,0,3,15.96,Job-Ready Mid-Level
CP-2909,0.4,B.Tech/B.E,Tier 3 (Affiliated Colleges),Backend Systems,Tier 1 Tech Hub (Bengaluru/NCR/Hyd),0,3,50.0,2,1,1,1,1,1,0,0,5,13.48,Junior Associate
CP-2910,0.8,BCA/B.Sc CS,Tier 3 (Affiliated Colleges),Cloud & DevOps,Remote Global,1,4,354.0,0,1,1,1,1,0,1,0,5,23.76,Job-Ready Mid-Level
CP-2911,4.6,B.Tech/B.E,Tier 3 (Affiliated Colleges),Backend Systems,Tier 2 City,0,1,131.0,0,1,1,0,1,0,0,1,4,18.26,Job-Ready Mid-Level
CP-2912,9.5,M.Tech/M.S,Tier 3 (Affiliated Colleges),Data Science & AI/ML,Tier 2 City,1,5,25.0,0,1,0,0,0,0,1,0,2,27.13,High-Demand Specialist
CP-2913,1.0,B.Tech/B.E,Tier 2 (Top State/Private),Backend Systems,Tier 1 Tech Hub (Bengaluru/NCR/Hyd),1,5,114.0,0,1,0,1,0,0,1,1,4,18.63,Job-Ready Mid-Level
CP-2914,1.3,B.Tech/B.E,Tier 1 (IIT/NIT/BITS),Data Science & AI/ML,Tier 2 City,1,5,114.0,0,1,1,0,1,0,1,0,4,18.42,Job-Ready Mid-Level
CP-2915,2.8,B.Tech/B.E,Tier 2 (Top State/Private),Data Science & AI/ML,Tier 1 Tech Hub (Bengaluru/NCR/Hyd),1,4,105.0,0,1,0,1,1,0,0,0,3,20.99,Job-Ready Mid-Level
CP-2916,4.8,B.Tech/B.E,Tier 2 (Top State/Private),Data Science & AI/ML,Tier 1 Tech Hub (Bengaluru/NCR/Hyd),0,5,16.0,0,0,1,1,0,0,1,1,4,28.59,High-Demand Specialist
CP-2917,2.0,B.Tech/B.E,Tier 3 (Affiliated Colleges),Cloud & DevOps,Tier 1 Tech Hub (Bengaluru/NCR/Hyd),2,4,56.0,1,1,1,1,0,1,1,0,5,21.36,Job-Ready Mid-Level
CP-2918,1.1,B.Tech/B.E,Tier 2 (Top State/Private),Data Analytics & BI,Tier 2 City,0,1,67.0,2,1,0,1,0,0,0,0,2,8.64,Entry-Level Learner
CP-2919,1.2,B.Tech/B.E,Tier 2 (Top State/Private),Full Stack Web,Tier 2 City,1,3,11.0,2,1,0,0,1,0,1,0,3,11.94,Junior Associate
CP-2920,2.6,B.Tech/B.E,Tier 2 (Top State/Private),Backend Systems,Remote Global,2,6,37.0,1,1,0,0,0,0,0,0,1,19.21,Job-Ready Mid-Level
CP-2921,0.0,B.Tech/B.E,Tier 1 (IIT/NIT/BITS),Full Stack Web,Remote Global,1,4,121.0,1,1,1,0,1,1,0,0,4,19.73,Job-Ready Mid-Level
CP-2922,2.1,Non-CS Degree,Tier 3 (Affiliated Colleges),Data Science & AI/ML,Tier 1 Tech Hub (Bengaluru/NCR/Hyd),2,4,12.0,1,1,1,1,1,0,0,0,4,16.09,Job-Ready Mid-Level
CP-2923,1.0,B.Tech/B.E,Tier 3 (Affiliated Colleges),Full Stack Web,Tier 1 Tech Hub (Bengaluru/NCR/Hyd),0,6,49.0,0,0,0,0,1,0,0,0,1,10.86,Junior Associate
CP-2924,3.5,B.Tech/B.E,Tier 1 (IIT/NIT/BITS),Cloud & DevOps,Tier 1 Tech Hub (Bengaluru/NCR/Hyd),1,2,154.0,1,1,1,1,0,0,0,0,3,23.29,Job-Ready Mid-Level
CP-2925,0.2,BCA/B.Sc CS,Tier 2 (Top State/Private),Data Analytics & BI,Remote Global,1,3,60.0,0,1,0,0,1,0,0,1,3,13.31,Junior Associate
CP-2926,2.0,Non-CS Degree,Tier 2 (Top State/Private),Full Stack Web,Tier 1 Tech Hub (Bengaluru/NCR/Hyd),0,6,251.0,0,1,1,1,0,1,0,0,4,17.84,Job-Ready Mid-Level
CP-2927,1.4,B.Tech/B.E,Tier 2 (Top State/Private),Cloud & DevOps,Remote Global,1,2,106.0,1,1,1,0,0,1,0,0,3,16.06,Job-Ready Mid-Level
CP-2928,2.3,BCA/B.Sc CS,Tier 1 (IIT/NIT/BITS),Data Science & AI/ML,Tier 1 Tech Hub (Bengaluru/NCR/Hyd),1,4,366.0,0,0,1,1,1,0,0,0,3,26.65,High-Demand Specialist
CP-2929,0.1,M.Tech/M.S,Tier 3 (Affiliated Colleges),Cloud & DevOps,Tier 1 Tech Hub (Bengaluru/NCR/Hyd),1,6,56.0,2,0,1,0,0,0,0,0,1,9.41,Junior Associate
CP-2930,1.9,BCA/B.Sc CS,Tier 2 (Top State/Private),Backend Systems,Tier 1 Tech Hub (Bengaluru/NCR/Hyd),3,7,110.0,2,1,1,0,0,1,0,0,3,18.68,Job-Ready Mid-Level
CP-2931,1.8,B.Tech/B.E,Tier 2 (Top State/Private),Data Science & AI/ML,Tier 1 Tech Hub (Bengaluru/NCR/Hyd),0,7,235.0,0,1,1,0,1,0,1,0,4,21.23,Job-Ready Mid-Level
CP-2932,1.8,BCA/B.Sc CS,Tier 2 (Top State/Private),Backend Systems,Remote Global,0,1,213.0,0,1,1,1,1,0,1,1,6,26.53,High-Demand Specialist
CP-2933,2.0,B.Tech/B.E,Tier 3 (Affiliated Colleges),Cloud & DevOps,Tier 1 Tech Hub (Bengaluru/NCR/Hyd),1,3,147.0,0,1,1,0,1,0,1,1,5,23.14,Job-Ready Mid-Level
CP-2934,2.5,BCA/B.Sc CS,Tier 3 (Affiliated Colleges),Data Science & AI/ML,Tier 1 Tech Hub (Bengaluru/NCR/Hyd),1,2,40.0,2,1,1,1,1,0,0,0,4,16.21,Job-Ready Mid-Level
CP-2935,3.6,M.Tech/M.S,Tier 3 (Affiliated Colleges),Backend Systems,Tier 1 Tech Hub (Bengaluru/NCR/Hyd),2,4,49.0,0,0,1,1,0,1,0,1,4,26.14,High-Demand Specialist
CP-2936,0.7,B.Tech/B.E,Tier 1 (IIT/NIT/BITS),Full Stack Web,Tier 1 Tech Hub (Bengaluru/NCR/Hyd),1,3,244.0,0,0,1,0,0,0,0,0,1,18.39,Job-Ready Mid-Level
CP-2937,3.8,MCA,Tier 3 (Affiliated Colleges),Full Stack Web,Tier 1 Tech Hub (Bengaluru/NCR/Hyd),0,4,132.0,0,1,0,0,1,0,0,1,3,21.82,Job-Ready Mid-Level
CP-2938,1.5,B.Tech/B.E,Tier 2 (Top State/Private),Data Science & AI/ML,Tier 1 Tech Hub (Bengaluru/NCR/Hyd),1,3,221.0,0,1,1,1,0,1,0,0,4,19.39,Job-Ready Mid-Level
CP-2939,0.2,MCA,Tier 2 (Top State/Private),Data Science & AI/ML,Remote Global,2,10,15.0,1,1,0,0,0,1,0,0,2,14.69,Junior Associate
CP-2940,0.1,B.Tech/B.E,Tier 2 (Top State/Private),Data Analytics & BI,Tier 1 Tech Hub (Bengaluru/NCR/Hyd),1,8,47.0,0,1,1,1,0,0,0,0,3,12.72,Junior Associate
CP-2941,0.9,B.Tech/B.E,Tier 2 (Top State/Private),Cloud & DevOps,Tier 1 Tech Hub (Bengaluru/NCR/Hyd),1,7,55.0,1,0,1,0,0,1,1,0,3,15.64,Job-Ready Mid-Level
CP-2942,3.4,B.Tech/B.E,Tier 3 (Affiliated Colleges),Backend Systems,Tier 1 Tech Hub (Bengaluru/NCR/Hyd),0,1,,1,1,0,1,0,0,1,0,3,20.74,Job-Ready Mid-Level
CP-2943,2.7,Non-CS Degree,Tier 3 (Affiliated Colleges),Data Science & AI/ML,Tier 1 Tech Hub (Bengaluru/NCR/Hyd),0,3,208.0,1,1,1,0,0,0,0,0,2,14.32,Junior Associate
CP-2944,3.4,B.Tech/B.E,Tier 2 (Top State/Private),Data Science & AI/ML,Tier 1 Tech Hub (Bengaluru/NCR/Hyd),0,6,63.0,1,1,1,1,1,0,0,0,4,22.87,Job-Ready Mid-Level
CP-2945,1.6,B.Tech/B.E,Tier 3 (Affiliated Colleges),Data Science & AI/ML,Tier 1 Tech Hub (Bengaluru/NCR/Hyd),1,3,147.0,2,1,1,0,0,0,1,0,3,15.33,Job-Ready Mid-Level
CP-2946,1.3,B.Tech/B.E,Tier 3 (Affiliated Colleges),Full Stack Web,Tier 1 Tech Hub (Bengaluru/NCR/Hyd),2,7,27.0,1,1,1,1,0,0,1,1,5,19.62,Job-Ready Mid-Level
CP-2947,0.4,BCA/B.Sc CS,Tier 3 (Affiliated Colleges),Backend Systems,Tier 2 City,1,3,67.0,1,1,0,0,0,1,0,1,3,9.37,Junior Associate
CP-2948,0.9,B.Tech/B.E,Tier 2 (Top State/Private),Cloud & DevOps,Tier 1 Tech Hub (Bengaluru/NCR/Hyd),0,2,39.0,1,0,0,0,0,0,0,1,1,12.61,Junior Associate
CP-2949,1.3,B.Tech/B.E,Tier 2 (Top State/Private),Full Stack Web,Tier 2 City,0,3,141.0,0,0,0,0,0,0,0,0,0,10.12,Junior Associate
CP-2950,0.2,B.Tech/B.E,Tier 2 (Top State/Private),Backend Systems,Remote Global,1,3,242.0,3,0,1,0,1,0,0,0,2,17.19,Job-Ready Mid-Level
CP-2951,0.5,B.Tech/B.E,Tier 3 (Affiliated Colleges),Data Analytics & BI,Tier 1 Tech Hub (Bengaluru/NCR/Hyd),1,4,47.0,0,1,0,0,0,0,0,1,2,12.4,Junior Associate
CP-2952,2.0,B.Tech/B.E,Tier 1 (IIT/NIT/BITS),Data Science & AI/ML,Tier 1 Tech Hub (Bengaluru/NCR/Hyd),1,4,29.0,0,0,1,0,0,0,1,0,2,19.47,Job-Ready Mid-Level
CP-2953,2.9,B.Tech/B.E,Tier 2 (Top State/Private),Data Analytics & BI,Tier 1 Tech Hub (Bengaluru/NCR/Hyd),1,4,145.0,1,1,1,1,0,0,0,0,3,19.88,Job-Ready Mid-Level
CP-2954,9.5,M.Tech/M.S,Tier 2 (Top State/Private),Full Stack Web,Tier 1 Tech Hub (Bengaluru/NCR/Hyd),1,4,67.0,0,0,1,0,1,0,0,0,2,37.1,High-Demand Specialist
CP-2955,6.0,B.Tech/B.E,Tier 2 (Top State/Private),Data Science & AI/ML,Tier 2 City,0,2,359.0,1,1,1,0,0,0,0,0,2,21.95,Job-Ready Mid-Level
CP-2956,2.3,B.Tech/B.E,Tier 3 (Affiliated Colleges),Data Science & AI/ML,Tier 2 City,0,1,234.0,0,0,0,0,1,0,1,0,2,15.35,Job-Ready Mid-Level
CP-2957,1.2,B.Tech/B.E,Tier 3 (Affiliated Colleges),Full Stack Web,Tier 1 Tech Hub (Bengaluru/NCR/Hyd),0,1,50.0,2,1,1,1,1,1,0,1,6,19.08,Job-Ready Mid-Level
CP-2958,2.2,Non-CS Degree,Tier 3 (Affiliated Colleges),Full Stack Web,Tier 1 Tech Hub (Bengaluru/NCR/Hyd),0,4,27.0,2,0,1,1,1,1,0,0,4,16.36,Job-Ready Mid-Level
CP-2959,3.4,Non-CS Degree,Tier 3 (Affiliated Colleges),Full Stack Web,Tier 1 Tech Hub (Bengaluru/NCR/Hyd),0,2,0.0,1,1,0,0,1,1,0,0,3,14.26,Junior Associate
CP-2960,0.3,M.Tech/M.S,Tier 2 (Top State/Private),Data Science & AI/ML,Tier 1 Tech Hub (Bengaluru/NCR/Hyd),0,1,71.0,0,1,0,0,0,0,0,0,1,10.65,Junior Associate
CP-2961,1.2,B.Tech/B.E,Tier 2 (Top State/Private),Data Analytics & BI,Tier 2 City,2,4,122.0,0,1,1,1,0,0,0,0,3,11.48,Junior Associate
CP-2962,4.0,B.Tech/B.E,Tier 2 (Top State/Private),Backend Systems,Tier 1 Tech Hub (Bengaluru/NCR/Hyd),1,5,21.0,2,1,1,1,0,1,0,0,4,22.66,Job-Ready Mid-Level
CP-2963,1.1,B.Tech/B.E,Tier 1 (IIT/NIT/BITS),Data Analytics & BI,Tier 1 Tech Hub (Bengaluru/NCR/Hyd),1,2,215.0,0,1,1,0,0,1,0,0,3,19.02,Job-Ready Mid-Level
CP-2964,1.9,B.Tech/B.E,Tier 2 (Top State/Private),Full Stack Web,Tier 2 City,2,6,35.0,0,1,1,1,0,1,1,0,5,18.33,Job-Ready Mid-Level
CP-2965,1.9,B.Tech/B.E,Tier 3 (Affiliated Colleges),Data Science & AI/ML,Tier 1 Tech Hub (Bengaluru/NCR/Hyd),0,3,370.0,3,1,1,0,0,0,1,0,3,19.11,Job-Ready Mid-Level
CP-2966,0.4,M.Tech/M.S,Tier 2 (Top State/Private),Data Science & AI/ML,Tier 1 Tech Hub (Bengaluru/NCR/Hyd),2,5,0.0,1,1,1,0,0,1,0,0,3,14.33,Junior Associate
CP-2967,1.0,MCA,Tier 3 (Affiliated Colleges),Data Science & AI/ML,Tier 1 Tech Hub (Bengaluru/NCR/Hyd),1,4,247.0,0,0,1,0,1,0,0,1,3,19.38,Job-Ready Mid-Level
CP-2968,0.9,MCA,Tier 2 (Top State/Private),Cloud & DevOps,Tier 1 Tech Hub (Bengaluru/NCR/Hyd),1,2,129.0,2,0,1,0,0,0,0,0,1,11.54,Junior Associate
CP-2969,0.1,B.Tech/B.E,Tier 1 (IIT/NIT/BITS),Cloud & DevOps,Tier 2 City,1,3,0.0,1,1,1,0,0,1,1,0,4,12.09,Junior Associate
CP-2970,0.1,BCA/B.Sc CS,Tier 1 (IIT/NIT/BITS),Cloud & DevOps,Remote Global,0,1,50.0,0,1,1,1,1,1,0,0,5,18.35,Job-Ready Mid-Level
CP-2971,3.9,B.Tech/B.E,Tier 2 (Top State/Private),Cloud & DevOps,Tier 1 Tech Hub (Bengaluru/NCR/Hyd),3,5,249.0,0,1,0,1,1,1,0,0,4,29.09,High-Demand Specialist
CP-2972,0.7,B.Tech/B.E,Tier 2 (Top State/Private),Full Stack Web,Remote Global,0,4,54.0,1,1,0,0,0,1,1,0,3,16.2,Job-Ready Mid-Level
CP-2973,1.6,M.Tech/M.S,Tier 1 (IIT/NIT/BITS),Full Stack Web,Tier 1 Tech Hub (Bengaluru/NCR/Hyd),0,1,30.0,1,1,1,1,1,1,1,0,6,23.06,Job-Ready Mid-Level
CP-2974,0.8,B.Tech/B.E,Tier 2 (Top State/Private),Cloud & DevOps,Tier 2 City,0,1,231.0,0,0,1,1,0,1,1,0,4,12.28,Junior Associate
CP-2975,6.2,B.Tech/B.E,Tier 2 (Top State/Private),Full Stack Web,Remote Global,0,5,3.0,0,0,1,0,0,0,0,0,1,26.22,High-Demand Specialist
CP-2976,0.7,B.Tech/B.E,Tier 2 (Top State/Private),Data Science & AI/ML,Tier 1 Tech Hub (Bengaluru/NCR/Hyd),0,1,62.0,1,1,0,1,1,0,0,0,3,13.15,Junior Associate
CP-2977,1.2,BCA/B.Sc CS,Tier 3 (Affiliated Colleges),Full Stack Web,Tier 2 City,0,3,149.0,1,1,1,0,1,0,0,0,3,10.17,Junior Associate
CP-2978,4.5,M.Tech/M.S,Tier 3 (Affiliated Colleges),Data Science & AI/ML,Tier 1 Tech Hub (Bengaluru/NCR/Hyd),0,4,147.0,2,1,1,1,0,0,0,0,3,21.2,Job-Ready Mid-Level
CP-2979,4.1,B.Tech/B.E,Tier 2 (Top State/Private),Data Science & AI/ML,Tier 1 Tech Hub (Bengaluru/NCR/Hyd),2,3,43.0,2,0,1,1,1,0,0,0,3,24.75,High-Demand Specialist
CP-2980,0.5,M.Tech/M.S,Tier 3 (Affiliated Colleges),Data Analytics & BI,Tier 2 City,0,3,63.0,2,1,1,0,1,0,0,0,3,7.57,Entry-Level Learner
CP-2981,3.6,B.Tech/B.E,Tier 3 (Affiliated Colleges),Data Analytics & BI,Remote Global,0,2,148.0,1,1,1,1,0,0,0,0,3,22.68,Job-Ready Mid-Level
CP-2982,1.3,B.Tech/B.E,Tier 3 (Affiliated Colleges),Data Science & AI/ML,Remote Global,1,4,56.0,1,1,0,0,0,0,1,0,2,15.55,Job-Ready Mid-Level
CP-2983,1.5,M.Tech/M.S,Tier 2 (Top State/Private),Data Science & AI/ML,Tier 2 City,3,5,152.0,0,1,1,0,0,0,0,0,2,15.43,Job-Ready Mid-Level
CP-2984,0.3,BCA/B.Sc CS,Tier 1 (IIT/NIT/BITS),Data Analytics & BI,Tier 1 Tech Hub (Bengaluru/NCR/Hyd),0,2,25.0,0,1,0,1,1,0,0,0,3,14.39,Junior Associate
CP-2985,0.2,Non-CS Degree,Tier 3 (Affiliated Colleges),Data Science & AI/ML,Tier 1 Tech Hub (Bengaluru/NCR/Hyd),0,3,229.0,1,1,1,0,0,0,0,0,2,8.72,Entry-Level Learner
CP-2986,2.9,B.Tech/B.E,Tier 2 (Top State/Private),Full Stack Web,Remote Global,3,7,71.0,1,0,1,0,0,0,0,1,2,26.66,High-Demand Specialist
CP-2987,1.5,BCA/B.Sc CS,Tier 3 (Affiliated Colleges),Data Science & AI/ML,Tier 1 Tech Hub (Bengaluru/NCR/Hyd),0,5,,1,1,0,1,0,0,0,1,3,17.08,Job-Ready Mid-Level
CP-2988,1.3,BCA/B.Sc CS,Tier 3 (Affiliated Colleges),Data Science & AI/ML,Tier 2 City,1,3,0.0,1,0,1,1,1,0,0,0,3,8.66,Entry-Level Learner
CP-2989,2.9,MCA,Tier 2 (Top State/Private),Data Analytics & BI,Tier 1 Tech Hub (Bengaluru/NCR/Hyd),0,3,42.0,0,0,1,0,0,0,0,0,1,14.11,Junior Associate
CP-2990,3.2,B.Tech/B.E,Tier 2 (Top State/Private),Data Analytics & BI,Tier 2 City,3,7,20.0,0,0,1,1,0,1,0,1,4,20.84,Job-Ready Mid-Level
CP-2991,0.4,M.Tech/M.S,Tier 2 (Top State/Private),Data Science & AI/ML,Tier 1 Tech Hub (Bengaluru/NCR/Hyd),3,8,46.0,2,0,0,1,1,1,0,0,3,19.96,Job-Ready Mid-Level
CP-2992,2.1,BCA/B.Sc CS,Tier 2 (Top State/Private),Full Stack Web,Remote Global,2,5,0.0,0,1,1,1,0,0,0,0,3,19.08,Job-Ready Mid-Level
CP-2993,0.3,B.Tech/B.E,Tier 2 (Top State/Private),Data Science & AI/ML,Tier 1 Tech Hub (Bengaluru/NCR/Hyd),0,4,131.0,0,1,0,0,1,0,1,1,4,16.72,Job-Ready Mid-Level
CP-2994,3.1,B.Tech/B.E,Tier 2 (Top State/Private),Data Science & AI/ML,Remote Global,1,2,212.0,2,0,1,1,1,1,1,0,5,31.0,High-Demand Specialist
CP-2995,2.4,B.Tech/B.E,Tier 2 (Top State/Private),Backend Systems,Tier 1 Tech Hub (Bengaluru/NCR/Hyd),0,1,8.0,0,1,0,1,0,1,0,0,3,15.95,Job-Ready Mid-Level
CP-2996,6.9,BCA/B.Sc CS,Tier 2 (Top State/Private),Cloud & DevOps,Tier 1 Tech Hub (Bengaluru/NCR/Hyd),2,7,4.0,0,1,0,1,0,0,0,0,2,27.44,High-Demand Specialist
CP-2997,0.2,MCA,Tier 3 (Affiliated Colleges),Full Stack Web,Tier 2 City,2,6,226.0,1,1,1,1,0,0,0,1,4,12.48,Junior Associate
CP-2998,0.1,BCA/B.Sc CS,Tier 1 (IIT/NIT/BITS),Data Analytics & BI,Tier 2 City,1,5,33.0,0,0,0,1,0,1,0,0,2,12.44,Junior Associate
CP-2999,0.7,BCA/B.Sc CS,Tier 3 (Affiliated Colleges),Data Analytics & BI,Remote Global,1,3,64.0,0,0,1,0,0,1,1,1,4,20.8,Job-Ready Mid-Level
CP-3000,0.7,B.Tech/B.E,Tier 3 (Affiliated Colleges),Data Analytics & BI,Tier 1 Tech Hub (Bengaluru/NCR/Hyd),0,1,34.0,1,1,1,0,0,0,0,1,3,9.77,Junior Associate
CP-3001,0.6,B.Tech/B.E,Tier 2 (Top State/Private),Data Science & AI/ML,Tier 1 Tech Hub (Bengaluru/NCR/Hyd),1,4,63.0,0,0,0,1,0,1,0,0,2,14.05,Junior Associate
CP-3002,5.2,B.Tech/B.E,Tier 3 (Affiliated Colleges),Data Science & AI/ML,Tier 1 Tech Hub (Bengaluru/NCR/Hyd),1,2,3.0,1,1,0,1,0,0,0,0,2,20.02,Job-Ready Mid-Level
CP-3003,0.6,B.Tech/B.E,Tier 2 (Top State/Private),Cloud & DevOps,Tier 1 Tech Hub (Bengaluru/NCR/Hyd),1,3,154.0,3,1,1,0,0,0,0,0,2,11.55,Junior Associate
CP-3004,0.7,B.Tech/B.E,Tier 3 (Affiliated Colleges),Full Stack Web,Remote Global,1,5,25.0,2,1,1,0,0,0,1,0,3,14.77,Junior Associate
CP-3005,3.1,B.Tech/B.E,Tier 2 (Top State/Private),Backend Systems,Tier 1 Tech Hub (Bengaluru/NCR/Hyd),0,6,115.0,1,0,0,0,0,1,0,1,2,21.88,Job-Ready Mid-Level
CP-3006,1.3,B.Tech/B.E,Tier 2 (Top State/Private),Cloud & DevOps,Tier 1 Tech Hub (Bengaluru/NCR/Hyd),2,5,65.0,0,1,1,0,1,0,0,0,3,17.59,Job-Ready Mid-Level
CP-3007,3.3,B.Tech/B.E,Tier 2 (Top State/Private),Backend Systems,Tier 1 Tech Hub (Bengaluru/NCR/Hyd),2,4,66.0,0,1,0,0,0,1,0,0,2,22.25,Job-Ready Mid-Level
CP-3008,0.1,B.Tech/B.E,Tier 2 (Top State/Private),Data Science & AI/ML,Tier 1 Tech Hub (Bengaluru/NCR/Hyd),3,4,34.0,0,1,0,1,0,0,0,0,2,12.2,Junior Associate
CP-3009,1.5,B.Tech/B.E,Tier 2 (Top State/Private),Backend Systems,Tier 1 Tech Hub (Bengaluru/NCR/Hyd),1,3,205.0,0,1,1,0,1,0,0,0,3,16.93,Job-Ready Mid-Level
CP-3010,0.1,B.Tech/B.E,Tier 2 (Top State/Private),Full Stack Web,Tier 1 Tech Hub (Bengaluru/NCR/Hyd),1,6,51.0,0,1,0,0,1,1,0,1,4,18.01,Job-Ready Mid-Level
CP-3011,0.1,Non-CS Degree,Tier 2 (Top State/Private),Backend Systems,Tier 1 Tech Hub (Bengaluru/NCR/Hyd),0,3,1.0,0,1,0,1,1,0,0,0,3,9.98,Junior Associate
CP-3012,5.2,MCA,Tier 1 (IIT/NIT/BITS),Data Science & AI/ML,Tier 1 Tech Hub (Bengaluru/NCR/Hyd),3,4,68.0,1,1,1,1,1,1,0,0,5,31.94,High-Demand Specialist
CP-3013,0.3,M.Tech/M.S,Tier 1 (IIT/NIT/BITS),Full Stack Web,Remote Global,1,6,28.0,0,1,1,0,0,0,0,1,3,19.34,Job-Ready Mid-Level
CP-3014,1.7,B.Tech/B.E,Tier 2 (Top State/Private),Data Analytics & BI,Tier 1 Tech Hub (Bengaluru/NCR/Hyd),1,5,1.0,1,0,0,1,0,1,0,0,2,14.56,Junior Associate
CP-3015,1.2,M.Tech/M.S,Tier 1 (IIT/NIT/BITS),Full Stack Web,Tier 1 Tech Hub (Bengaluru/NCR/Hyd),1,3,63.0,1,1,1,0,1,0,1,1,5,25.73,High-Demand Specialist
CP-3016,0.9,M.Tech/M.S,Tier 1 (IIT/NIT/BITS),Full Stack Web,Remote Global,2,4,67.0,2,0,1,0,1,1,1,0,4,28.99,High-Demand Specialist
CP-3017,5.1,M.Tech/M.S,Tier 3 (Affiliated Colleges),Backend Systems,Tier 2 City,0,2,336.0,1,0,1,1,1,0,0,0,3,21.39,Job-Ready Mid-Level
CP-3018,0.0,B.Tech/B.E,Tier 1 (IIT/NIT/BITS),Full Stack Web,Remote Global,0,4,32.0,0,1,1,1,0,0,0,0,3,15.45,Job-Ready Mid-Level
CP-3019,2.4,BCA/B.Sc CS,Tier 3 (Affiliated Colleges),Cloud & DevOps,Remote Global,1,4,127.0,0,1,1,1,0,0,0,1,4,22.56,Job-Ready Mid-Level
CP-3020,7.3,MCA,Tier 2 (Top State/Private),Data Science & AI/ML,Tier 1 Tech Hub (Bengaluru/NCR/Hyd),2,8,65.0,1,1,1,1,0,0,0,0,3,31.05,High-Demand Specialist
CP-3021,1.8,BCA/B.Sc CS,Tier 3 (Affiliated Colleges),Data Analytics & BI,Tier 2 City,1,1,0.0,0,0,1,1,0,0,0,0,2,8.56,Entry-Level Learner
CP-3022,6.1,BCA/B.Sc CS,Tier 2 (Top State/Private),Cloud & DevOps,Tier 1 Tech Hub (Bengaluru/NCR/Hyd),1,4,376.0,0,1,1,1,1,1,0,1,6,35.35,High-Demand Specialist
CP-3023,0.1,B.Tech/B.E,Tier 2 (Top State/Private),Full Stack Web,Tier 1 Tech Hub (Bengaluru/NCR/Hyd),1,6,134.0,1,1,1,1,0,0,0,0,3,13.11,Junior Associate
CP-3024,1.2,B.Tech/B.E,Tier 2 (Top State/Private),Data Science & AI/ML,Tier 2 City,1,3,139.0,0,0,0,1,0,0,0,0,1,11.07,Junior Associate
CP-3025,0.7,B.Tech/B.E,Tier 2 (Top State/Private),Cloud & DevOps,Tier 1 Tech Hub (Bengaluru/NCR/Hyd),1,2,129.0,1,0,0,1,0,0,0,0,1,13.1,Junior Associate
CP-3026,2.9,BCA/B.Sc CS,Tier 2 (Top State/Private),Data Science & AI/ML,Tier 2 City,1,3,351.0,0,1,1,1,0,0,0,0,3,16.44,Job-Ready Mid-Level
CP-3027,8.8,B.Tech/B.E,Tier 1 (IIT/NIT/BITS),Data Science & AI/ML,Tier 2 City,0,2,70.0,2,1,1,1,1,1,0,1,6,31.86,High-Demand Specialist
CP-3028,0.7,B.Tech/B.E,Tier 3 (Affiliated Colleges),Cloud & DevOps,Tier 1 Tech Hub (Bengaluru/NCR/Hyd),2,3,3.0,0,1,1,0,0,0,0,1,3,13.81,Junior Associate
CP-3029,2.3,B.Tech/B.E,Tier 2 (Top State/Private),Data Science & AI/ML,Remote Global,1,6,2.0,2,1,1,1,0,0,0,1,4,21.51,Job-Ready Mid-Level
CP-3030,0.5,B.Tech/B.E,Tier 2 (Top State/Private),Data Science & AI/ML,Tier 1 Tech Hub (Bengaluru/NCR/Hyd),2,4,122.0,0,1,1,0,1,1,1,0,5,20.22,Job-Ready Mid-Level
CP-3031,1.8,B.Tech/B.E,Tier 3 (Affiliated Colleges),Cloud & DevOps,Tier 1 Tech Hub (Bengaluru/NCR/Hyd),0,2,150.0,1,1,0,0,1,0,0,1,3,17.64,Job-Ready Mid-Level
CP-3032,1.4,BCA/B.Sc CS,Tier 2 (Top State/Private),Data Science & AI/ML,Remote Global,0,2,139.0,0,1,1,1,1,0,0,0,4,17.39,Job-Ready Mid-Level
CP-3033,7.9,M.Tech/M.S,Tier 3 (Affiliated Colleges),Full Stack Web,Tier 1 Tech Hub (Bengaluru/NCR/Hyd),2,7,0.0,1,1,1,1,1,1,1,1,7,41.27,High-Demand Specialist
CP-3034,2.1,B.Tech/B.E,Tier 2 (Top State/Private),Data Science & AI/ML,Tier 2 City,0,2,357.0,0,1,0,0,0,1,0,0,2,14.17,Junior Associate
CP-3035,0.9,B.Tech/B.E,Tier 3 (Affiliated Colleges),Cloud & DevOps,Tier 1 Tech Hub (Bengaluru/NCR/Hyd),1,3,69.0,2,1,1,1,0,0,0,1,4,14.6,Junior Associate
CP-3036,0.3,B.Tech/B.E,Tier 1 (IIT/NIT/BITS),Cloud & DevOps,Tier 1 Tech Hub (Bengaluru/NCR/Hyd),1,5,126.0,1,1,1,0,0,0,0,0,2,14.61,Junior Associate
CP-3037,0.4,MCA,Tier 3 (Affiliated Colleges),Data Analytics & BI,Tier 2 City,2,8,28.0,0,1,0,1,1,0,0,1,4,11.28,Junior Associate
CP-3038,0.6,B.Tech/B.E,Tier 3 (Affiliated Colleges),Data Science & AI/ML,Tier 1 Tech Hub (Bengaluru/NCR/Hyd),0,7,343.0,0,1,1,1,0,1,0,0,4,17.44,Job-Ready Mid-Level
CP-3039,0.6,B.Tech/B.E,Tier 2 (Top State/Private),Data Science & AI/ML,Tier 1 Tech Hub (Bengaluru/NCR/Hyd),0,5,56.0,1,1,1,1,1,0,0,0,4,15.6,Job-Ready Mid-Level
CP-3040,4.2,B.Tech/B.E,Tier 1 (IIT/NIT/BITS),Data Science & AI/ML,Tier 1 Tech Hub (Bengaluru/NCR/Hyd),2,8,,0,1,1,0,0,0,0,0,2,25.47,High-Demand Specialist
CP-3041,1.8,BCA/B.Sc CS,Tier 2 (Top State/Private),Full Stack Web,Remote Global,1,6,363.0,1,1,1,1,0,0,1,0,4,25.04,High-Demand Specialist
CP-3042,1.6,MCA,Tier 3 (Affiliated Colleges),Backend Systems,Tier 1 Tech Hub (Bengaluru/NCR/Hyd),0,4,246.0,1,1,1,0,0,1,0,0,3,14.74,Junior Associate
CP-3043,0.3,MCA,Tier 2 (Top State/Private),Data Science & AI/ML,Remote Global,0,2,3.0,0,1,0,0,0,1,0,1,3,12.69,Junior Associate
CP-3044,4.3,BCA/B.Sc CS,Tier 2 (Top State/Private),Data Science & AI/ML,Tier 1 Tech Hub (Bengaluru/NCR/Hyd),3,6,252.0,1,1,1,0,1,1,0,1,5,32.25,High-Demand Specialist
CP-3045,2.8,B.Tech/B.E,Tier 1 (IIT/NIT/BITS),Data Science & AI/ML,Tier 2 City,0,3,133.0,0,1,1,0,0,0,1,0,3,16.16,Job-Ready Mid-Level
CP-3046,0.2,B.Tech/B.E,Tier 2 (Top State/Private),Cloud & DevOps,Remote Global,1,5,19.0,1,1,1,1,0,0,1,1,5,19.72,Job-Ready Mid-Level
CP-3047,2.7,B.Tech/B.E,Tier 2 (Top State/Private),Cloud & DevOps,Tier 1 Tech Hub (Bengaluru/NCR/Hyd),1,6,0.0,1,1,1,1,1,1,0,0,5,21.6,Job-Ready Mid-Level
CP-3048,1.7,B.Tech/B.E,Tier 3 (Affiliated Colleges),Cloud & DevOps,Tier 1 Tech Hub (Bengaluru/NCR/Hyd),2,4,32.0,0,1,0,0,0,1,0,0,2,15.69,Job-Ready Mid-Level
CP-3049,0.2,B.Tech/B.E,Tier 2 (Top State/Private),Backend Systems,Tier 2 City,2,3,49.0,0,1,1,0,0,0,1,0,3,10.9,Junior Associate
CP-3050,1.3,B.Tech/B.E,Tier 3 (Affiliated Colleges),Full Stack Web,Tier 2 City,1,8,131.0,0,1,1,0,0,1,0,0,3,13.06,Junior Associate
CP-3051,1.5,B.Tech/B.E,Tier 2 (Top State/Private),Data Science & AI/ML,Tier 1 Tech Hub (Bengaluru/NCR/Hyd),0,4,31.0,1,1,1,1,0,0,0,0,3,12.8,Junior Associate
CP-3052,0.4,Non-CS Degree,Tier 1 (IIT/NIT/BITS),Full Stack Web,Tier 2 City,2,4,247.0,0,0,1,1,0,0,0,0,2,14.3,Junior Associate
CP-3053,6.4,BCA/B.Sc CS,Tier 2 (Top State/Private),Cloud & DevOps,Tier 2 City,1,4,249.0,0,1,0,1,1,0,0,0,3,23.39,Job-Ready Mid-Level
CP-3054,4.2,MCA,Tier 2 (Top State/Private),Cloud & DevOps,Tier 2 City,3,8,110.0,0,1,1,1,1,0,1,0,5,23.93,Job-Ready Mid-Level
CP-3055,2.4,M.Tech/M.S,Tier 3 (Affiliated Colleges),Full Stack Web,Tier 2 City,1,3,217.0,1,0,1,1,0,1,0,0,3,17.13,Job-Ready Mid-Level
CP-3056,1.4,B.Tech/B.E,Tier 3 (Affiliated Colleges),Cloud & DevOps,Tier 1 Tech Hub (Bengaluru/NCR/Hyd),1,3,115.0,0,0,1,1,0,1,1,0,4,19.87,Job-Ready Mid-Level
CP-3057,1.2,M.Tech/M.S,Tier 2 (Top State/Private),Cloud & DevOps,Remote Global,0,3,22.0,1,1,1,1,1,0,0,1,5,21.05,Job-Ready Mid-Level
CP-3058,2.3,B.Tech/B.E,Tier 2 (Top State/Private),Backend Systems,Tier 1 Tech Hub (Bengaluru/NCR/Hyd),1,7,110.0,0,1,1,0,0,0,0,0,2,16.77,Job-Ready Mid-Level
CP-3059,1.7,BCA/B.Sc CS,Tier 2 (Top State/Private),Cloud & DevOps,Tier 1 Tech Hub (Bengaluru/NCR/Hyd),0,2,339.0,1,1,1,1,1,0,0,0,4,19.69,Job-Ready Mid-Level
CP-3060,0.1,B.Tech/B.E,Tier 3 (Affiliated Colleges),Data Analytics & BI,Tier 1 Tech Hub (Bengaluru/NCR/Hyd),1,5,0.0,0,0,0,1,1,1,0,1,4,18.17,Job-Ready Mid-Level
CP-3061,1.6,Non-CS Degree,Tier 3 (Affiliated Colleges),Data Science & AI/ML,Tier 1 Tech Hub (Bengaluru/NCR/Hyd),0,2,353.0,0,1,1,1,0,1,0,0,4,16.27,Job-Ready Mid-Level
CP-3062,3.6,B.Tech/B.E,Tier 3 (Affiliated Colleges),Cloud & DevOps,Tier 1 Tech Hub (Bengaluru/NCR/Hyd),0,3,27.0,1,1,0,1,1,0,1,1,5,23.87,Job-Ready Mid-Level
CP-3063,1.4,B.Tech/B.E,Tier 2 (Top State/Private),Backend Systems,Tier 1 Tech Hub (Bengaluru/NCR/Hyd),0,7,30.0,0,0,1,0,1,1,1,1,5,22.18,Job-Ready Mid-Level
CP-3064,0.1,Non-CS Degree,Tier 2 (Top State/Private),Full Stack Web,Tier 1 Tech Hub (Bengaluru/NCR/Hyd),0,2,129.0,0,1,0,1,0,1,0,0,3,8.47,Entry-Level Learner
CP-3065,3.4,B.Tech/B.E,Tier 2 (Top State/Private),Data Analytics & BI,Tier 2 City,2,6,113.0,2,1,0,0,1,1,0,0,3,19.0,Job-Ready Mid-Level
CP-3066,0.5,BCA/B.Sc CS,Tier 2 (Top State/Private),Data Analytics & BI,Tier 1 Tech Hub (Bengaluru/NCR/Hyd),1,2,124.0,0,0,1,0,0,0,0,0,1,10.03,Junior Associate
CP-3067,0.7,M.Tech/M.S,Tier 2 (Top State/Private),Data Science & AI/ML,Tier 1 Tech Hub (Bengaluru/NCR/Hyd),1,5,49.0,0,0,1,0,0,0,0,0,1,12.05,Junior Associate
CP-3068,0.4,MCA,Tier 1 (IIT/NIT/BITS),Cloud & DevOps,Tier 1 Tech Hub (Bengaluru/NCR/Hyd),0,1,154.0,0,1,0,0,0,1,0,0,2,14.02,Junior Associate
CP-3069,0.9,Non-CS Degree,Tier 1 (IIT/NIT/BITS),Data Science & AI/ML,Tier 1 Tech Hub (Bengaluru/NCR/Hyd),1,2,112.0,3,1,1,0,0,1,0,0,3,15.49,Job-Ready Mid-Level
CP-3070,3.1,Non-CS Degree,Tier 3 (Affiliated Colleges),Backend Systems,Tier 1 Tech Hub (Bengaluru/NCR/Hyd),1,5,74.0,0,1,1,1,1,0,0,1,5,23.12,Job-Ready Mid-Level
CP-3071,1.6,B.Tech/B.E,Tier 3 (Affiliated Colleges),Data Analytics & BI,Tier 1 Tech Hub (Bengaluru/NCR/Hyd),3,7,61.0,0,1,1,0,0,0,0,0,2,15.62,Job-Ready Mid-Level
CP-3072,0.5,MCA,Tier 2 (Top State/Private),Data Science & AI/ML,Remote Global,2,8,242.0,0,1,1,1,0,0,1,0,4,21.34,Job-Ready Mid-Level
CP-3073,4.6,BCA/B.Sc CS,Tier 2 (Top State/Private),Data Science & AI/ML,Remote Global,1,4,26.0,1,1,0,1,0,1,0,0,3,25.5,High-Demand Specialist
CP-3074,4.7,BCA/B.Sc CS,Tier 2 (Top State/Private),Cloud & DevOps,Remote Global,2,5,46.0,1,0,0,1,0,0,1,0,2,27.06,High-Demand Specialist
CP-3075,4.5,B.Tech/B.E,Tier 3 (Affiliated Colleges),Full Stack Web,Tier 1 Tech Hub (Bengaluru/NCR/Hyd),0,4,20.0,1,0,0,1,0,0,1,1,3,24.77,High-Demand Specialist
CP-3076,0.6,BCA/B.Sc CS,Tier 3 (Affiliated Colleges),Data Science & AI/ML,Tier 1 Tech Hub (Bengaluru/NCR/Hyd),1,9,108.0,2,0,1,0,1,0,1,0,3,16.84,Job-Ready Mid-Level
CP-3077,1.3,Non-CS Degree,Tier 3 (Affiliated Colleges),Full Stack Web,Tier 1 Tech Hub (Bengaluru/NCR/Hyd),0,5,32.0,1,0,1,0,0,0,0,0,1,8.72,Entry-Level Learner
CP-3078,9.2,MCA,Tier 3 (Affiliated Colleges),Full Stack Web,Tier 2 City,0,6,25.0,3,1,1,1,0,0,0,0,3,23.92,Job-Ready Mid-Level
CP-3079,3.3,B.Tech/B.E,Tier 2 (Top State/Private),Data Science & AI/ML,Tier 1 Tech Hub (Bengaluru/NCR/Hyd),0,3,32.0,1,1,0,1,0,0,1,0,3,20.41,Job-Ready Mid-Level
CP-3080,0.1,B.Tech/B.E,Tier 2 (Top State/Private),Data Analytics & BI,Tier 1 Tech Hub (Bengaluru/NCR/Hyd),1,5,17.0,0,1,1,1,1,0,1,0,5,16.71,Job-Ready Mid-Level
CP-3081,0.1,B.Tech/B.E,Tier 2 (Top State/Private),Backend Systems,Tier 1 Tech Hub (Bengaluru/NCR/Hyd),1,4,48.0,0,1,0,1,1,0,1,1,5,17.38,Job-Ready Mid-Level
CP-3082,1.4,MCA,Tier 2 (Top State/Private),Data Analytics & BI,Tier 1 Tech Hub (Bengaluru/NCR/Hyd),2,4,73.0,1,0,0,1,0,1,0,0,2,18.43,Job-Ready Mid-Level
CP-3083,5.3,M.Tech/M.S,Tier 3 (Affiliated Colleges),Data Analytics & BI,Remote Global,1,4,29.0,0,1,1,1,0,0,0,0,3,26.5,High-Demand Specialist
CP-3084,1.7,B.Tech/B.E,Tier 2 (Top State/Private),Data Science & AI/ML,Tier 2 City,0,1,32.0,1,1,1,0,0,1,1,0,4,12.15,Junior Associate
CP-3085,1.5,B.Tech/B.E,Tier 1 (IIT/NIT/BITS),Data Science & AI/ML,Tier 2 City,1,4,369.0,2,1,1,1,1,0,0,0,4,20.14,Job-Ready Mid-Level
CP-3086,0.2,B.Tech/B.E,Tier 2 (Top State/Private),Data Science & AI/ML,Tier 1 Tech Hub (Bengaluru/NCR/Hyd),2,5,26.0,0,0,1,1,0,0,1,0,3,18.22,Job-Ready Mid-Level
CP-3087,2.4,B.Tech/B.E,Tier 3 (Affiliated Colleges),Data Analytics & BI,Remote Global,2,10,254.0,1,1,0,0,1,1,0,0,3,25.08,High-Demand Specialist
CP-3088,3.8,Non-CS Degree,Tier 2 (Top State/Private),Backend Systems,Tier 2 City,1,3,154.0,0,0,1,1,0,0,1,0,3,18.72,Job-Ready Mid-Level
CP-3089,1.1,BCA/B.Sc CS,Tier 3 (Affiliated Colleges),Data Analytics & BI,Remote Global,2,3,10.0,0,1,0,0,1,0,0,0,2,14.02,Junior Associate
CP-3090,3.3,B.Tech/B.E,Tier 2 (Top State/Private),Backend Systems,Tier 1 Tech Hub (Bengaluru/NCR/Hyd),2,7,73.0,1,1,1,1,1,0,0,0,4,25.51,High-Demand Specialist
CP-3091,7.3,B.Tech/B.E,Tier 1 (IIT/NIT/BITS),Cloud & DevOps,Tier 1 Tech Hub (Bengaluru/NCR/Hyd),0,1,377.0,1,1,1,0,1,1,0,0,4,35.96,High-Demand Specialist
CP-3092,0.5,B.Tech/B.E,Tier 2 (Top State/Private),Full Stack Web,Tier 2 City,0,8,145.0,2,1,0,1,0,0,0,0,2,9.73,Junior Associate
CP-3093,1.6,Non-CS Degree,Tier 3 (Affiliated Colleges),Full Stack Web,Tier 1 Tech Hub (Bengaluru/NCR/Hyd),0,1,27.0,1,0,1,0,0,0,0,0,1,7.64,Entry-Level Learner
CP-3094,0.7,B.Tech/B.E,Tier 2 (Top State/Private),Data Science & AI/ML,Remote Global,0,1,50.0,2,0,1,0,1,0,1,0,3,17.89,Job-Ready Mid-Level
CP-3095,3.5,B.Tech/B.E,Tier 3 (Affiliated Colleges),Data Science & AI/ML,Remote Global,1,6,65.0,1,1,0,0,0,1,1,0,3,23.86,Job-Ready Mid-Level
CP-3096,1.9,B.Tech/B.E,Tier 2 (Top State/Private),Cloud & DevOps,Tier 1 Tech Hub (Bengaluru/NCR/Hyd),3,6,153.0,0,1,0,1,1,0,0,0,3,21.62,Job-Ready Mid-Level
CP-3097,2.2,BCA/B.Sc CS,Tier 1 (IIT/NIT/BITS),Full Stack Web,Tier 1 Tech Hub (Bengaluru/NCR/Hyd),1,2,209.0,0,1,1,0,0,0,1,1,4,25.34,High-Demand Specialist
CP-3098,3.5,BCA/B.Sc CS,Tier 3 (Affiliated Colleges),Cloud & DevOps,Tier 1 Tech Hub (Bengaluru/NCR/Hyd),1,7,28.0,0,0,1,0,0,0,0,0,1,15.49,Job-Ready Mid-Level
CP-3099,1.1,M.Tech/M.S,Tier 2 (Top State/Private),Cloud & DevOps,Remote Global,1,7,42.0,1,1,1,1,0,0,0,1,4,21.39,Job-Ready Mid-Level
CP-3100,5.4,B.Tech/B.E,Tier 2 (Top State/Private),Data Science & AI/ML,Tier 2 City,0,3,49.0,1,1,1,0,0,0,0,0,2,16.12,Job-Ready Mid-Level
CP-3101,1.7,B.Tech/B.E,Tier 3 (Affiliated Colleges),Full Stack Web,Tier 1 Tech Hub (Bengaluru/NCR/Hyd),0,4,382.0,3,1,1,1,0,1,0,1,5,21.29,Job-Ready Mid-Level
CP-3102,0.4,B.Tech/B.E,Tier 2 (Top State/Private),Full Stack Web,Tier 1 Tech Hub (Bengaluru/NCR/Hyd),1,4,65.0,0,1,1,1,0,1,1,0,5,17.25,Job-Ready Mid-Level
CP-3103,2.6,BCA/B.Sc CS,Tier 3 (Affiliated Colleges),Full Stack Web,Tier 1 Tech Hub (Bengaluru/NCR/Hyd),1,5,244.0,0,1,1,0,1,0,1,0,4,21.56,Job-Ready Mid-Level
CP-3104,3.5,B.Tech/B.E,Tier 1 (IIT/NIT/BITS),Data Analytics & BI,Tier 2 City,3,5,62.0,0,1,1,0,1,1,1,1,6,25.71,High-Demand Specialist
CP-3105,0.8,BCA/B.Sc CS,Tier 2 (Top State/Private),Full Stack Web,Tier 1 Tech Hub (Bengaluru/NCR/Hyd),1,4,153.0,1,0,0,0,0,1,0,1,2,16.11,Job-Ready Mid-Level
CP-3106,4.3,MCA,Tier 1 (IIT/NIT/BITS),Cloud & DevOps,Tier 1 Tech Hub (Bengaluru/NCR/Hyd),2,2,70.0,2,0,0,0,0,0,1,0,1,27.39,High-Demand Specialist
CP-3107,5.2,MCA,Tier 3 (Affiliated Colleges),Backend Systems,Tier 2 City,1,4,225.0,0,1,1,0,0,0,0,0,2,17.59,Job-Ready Mid-Level
CP-3108,0.7,B.Tech/B.E,Tier 2 (Top State/Private),Backend Systems,Tier 1 Tech Hub (Bengaluru/NCR/Hyd),1,4,48.0,0,0,1,0,0,0,0,0,1,13.18,Junior Associate
CP-3109,9.0,B.Tech/B.E,Tier 3 (Affiliated Colleges),Backend Systems,Tier 1 Tech Hub (Bengaluru/NCR/Hyd),1,3,132.0,1,1,1,0,0,1,0,1,4,36.88,High-Demand Specialist
CP-3110,0.3,B.Tech/B.E,Tier 3 (Affiliated Colleges),Data Science & AI/ML,Tier 1 Tech Hub (Bengaluru/NCR/Hyd),0,4,70.0,0,1,1,1,1,0,0,0,4,12.04,Junior Associate
CP-3111,0.5,BCA/B.Sc CS,Tier 2 (Top State/Private),Data Science & AI/ML,Tier 1 Tech Hub (Bengaluru/NCR/Hyd),0,3,108.0,0,1,0,1,1,0,1,0,4,14.64,Junior Associate
CP-3112,0.4,MCA,Tier 2 (Top State/Private),Data Science & AI/ML,Tier 1 Tech Hub (Bengaluru/NCR/Hyd),0,2,32.0,1,0,1,0,0,0,1,1,3,14.1,Junior Associate
CP-3113,4.9,B.Tech/B.E,Tier 2 (Top State/Private),Data Science & AI/ML,Remote Global,1,2,33.0,0,0,1,1,0,0,0,1,3,30.52,High-Demand Specialist
CP-3114,2.3,B.Tech/B.E,Tier 2 (Top State/Private),Backend Systems,Tier 2 City,1,3,57.0,0,1,1,0,0,0,0,0,2,10.52,Junior Associate
CP-3115,0.4,MCA,Tier 2 (Top State/Private),Cloud & DevOps,Remote Global,0,2,27.0,1,0,1,0,0,0,1,0,2,12.03,Junior Associate
CP-3116,1.3,MCA,Tier 3 (Affiliated Colleges),Data Science & AI/ML,Remote Global,1,2,33.0,0,1,1,1,0,0,0,0,3,14.34,Junior Associate
CP-3117,2.1,B.Tech/B.E,Tier 3 (Affiliated Colleges),Data Science & AI/ML,Tier 1 Tech Hub (Bengaluru/NCR/Hyd),0,3,4.0,0,0,0,0,0,0,0,0,0,10.14,Junior Associate
CP-3118,0.2,BCA/B.Sc CS,Tier 3 (Affiliated Colleges),Data Science & AI/ML,Tier 1 Tech Hub (Bengaluru/NCR/Hyd),2,6,59.0,0,1,1,1,0,0,0,1,4,14.77,Junior Associate
CP-3119,4.7,B.Tech/B.E,Tier 3 (Affiliated Colleges),Cloud & DevOps,Tier 1 Tech Hub (Bengaluru/NCR/Hyd),2,4,63.0,0,0,1,1,0,0,0,0,2,21.02,Job-Ready Mid-Level
CP-3120,3.6,B.Tech/B.E,Tier 3 (Affiliated Colleges),Data Analytics & BI,Tier 2 City,2,5,67.0,1,1,1,0,0,1,1,0,4,18.72,Job-Ready Mid-Level
CP-3121,1.5,MCA,Tier 2 (Top State/Private),Data Analytics & BI,Tier 2 City,1,6,71.0,1,1,1,1,0,0,0,1,4,14.73,Junior Associate
CP-3122,7.5,MCA,Tier 3 (Affiliated Colleges),Backend Systems,Tier 1 Tech Hub (Bengaluru/NCR/Hyd),0,5,0.0,0,0,1,0,1,0,0,1,3,30.1,High-Demand Specialist
CP-3123,1.2,M.Tech/M.S,Tier 3 (Affiliated Colleges),Data Science & AI/ML,Tier 1 Tech Hub (Bengaluru/NCR/Hyd),2,5,11.0,1,0,1,1,1,1,0,0,4,19.36,Job-Ready Mid-Level
CP-3124,9.1,B.Tech/B.E,Tier 2 (Top State/Private),Full Stack Web,Tier 1 Tech Hub (Bengaluru/NCR/Hyd),0,4,209.0,0,0,1,0,0,1,1,0,3,38.9,High-Demand Specialist
CP-3125,2.4,MCA,Tier 3 (Affiliated Colleges),Data Science & AI/ML,Tier 1 Tech Hub (Bengaluru/NCR/Hyd),0,3,33.0,1,0,1,0,1,0,0,1,3,18.13,Job-Ready Mid-Level
CP-3126,2.2,B.Tech/B.E,Tier 2 (Top State/Private),Full Stack Web,Remote Global,0,6,141.0,1,1,1,0,0,0,1,0,3,21.31,Job-Ready Mid-Level
CP-3127,0.4,B.Tech/B.E,Tier 3 (Affiliated Colleges),Backend Systems,Tier 1 Tech Hub (Bengaluru/NCR/Hyd),1,3,25.0,0,0,1,0,1,0,0,0,2,13.11,Junior Associate
CP-3128,4.7,B.Tech/B.E,Tier 3 (Affiliated Colleges),Cloud & DevOps,Remote Global,1,3,356.0,0,0,1,1,1,0,0,0,3,30.83,High-Demand Specialist
CP-3129,1.2,B.Tech/B.E,Tier 3 (Affiliated Colleges),Data Analytics & BI,Tier 1 Tech Hub (Bengaluru/NCR/Hyd),1,6,0.0,2,1,1,0,1,0,0,1,4,16.61,Job-Ready Mid-Level
CP-3130,0.4,M.Tech/M.S,Tier 2 (Top State/Private),Full Stack Web,Tier 2 City,1,4,253.0,1,0,0,1,0,0,1,0,2,15.77,Job-Ready Mid-Level
CP-3131,0.0,BCA/B.Sc CS,Tier 3 (Affiliated Colleges),Data Science & AI/ML,Remote Global,0,4,32.0,2,0,0,0,0,1,0,1,2,11.21,Junior Associate
CP-3132,1.8,B.Tech/B.E,Tier 2 (Top State/Private),Data Science & AI/ML,Remote Global,2,9,28.0,0,0,1,0,0,0,0,0,1,19.47,Job-Ready Mid-Level
CP-3133,1.6,B.Tech/B.E,Tier 2 (Top State/Private),Full Stack Web,Tier 1 Tech Hub (Bengaluru/NCR/Hyd),1,5,54.0,1,1,1,0,0,0,1,0,3,16.89,Job-Ready Mid-Level
CP-3134,2.8,B.Tech/B.E,Tier 3 (Affiliated Colleges),Data Analytics & BI,Tier 1 Tech Hub (Bengaluru/NCR/Hyd),1,6,52.0,0,0,1,1,0,1,0,0,3,20.35,Job-Ready Mid-Level
CP-3135,4.9,B.Tech/B.E,Tier 2 (Top State/Private),Data Science & AI/ML,Tier 1 Tech Hub (Bengaluru/NCR/Hyd),1,2,50.0,1,0,0,1,0,1,0,1,3,27.3,High-Demand Specialist
CP-3136,0.2,BCA/B.Sc CS,Tier 3 (Affiliated Colleges),Data Analytics & BI,Tier 1 Tech Hub (Bengaluru/NCR/Hyd),0,2,58.0,1,1,0,1,0,1,1,0,4,10.75,Junior Associate
CP-3137,2.9,MCA,Tier 2 (Top State/Private),Data Analytics & BI,Tier 2 City,0,5,253.0,2,0,1,1,0,0,0,0,2,16.07,Job-Ready Mid-Level
CP-3138,0.5,B.Tech/B.E,Tier 2 (Top State/Private),Full Stack Web,Remote Global,1,4,56.0,0,1,0,0,0,0,0,0,1,12.02,Junior Associate
CP-3139,4.3,B.Tech/B.E,Tier 3 (Affiliated Colleges),Data Analytics & BI,Tier 1 Tech Hub (Bengaluru/NCR/Hyd),0,1,46.0,0,1,1,1,0,0,0,0,3,18.46,Job-Ready Mid-Level
CP-3140,3.8,BCA/B.Sc CS,Tier 2 (Top State/Private),Full Stack Web,Tier 1 Tech Hub (Bengaluru/NCR/Hyd),0,2,124.0,1,1,0,1,0,1,0,0,3,21.75,Job-Ready Mid-Level
CP-3141,1.7,M.Tech/M.S,Tier 2 (Top State/Private),Cloud & DevOps,Tier 1 Tech Hub (Bengaluru/NCR/Hyd),2,4,118.0,1,1,1,0,0,1,0,0,3,20.04,Job-Ready Mid-Level
CP-3142,2.7,B.Tech/B.E,Tier 3 (Affiliated Colleges),Data Analytics & BI,Remote Global,1,4,7.0,1,1,1,0,1,1,0,1,5,24.81,High-Demand Specialist
CP-3143,0.8,B.Tech/B.E,Tier 2 (Top State/Private),Backend Systems,Remote Global,1,4,107.0,2,1,1,0,1,0,0,0,3,16.24,Job-Ready Mid-Level
CP-3144,1.4,BCA/B.Sc CS,Tier 3 (Affiliated Colleges),Full Stack Web,Tier 1 Tech Hub (Bengaluru/NCR/Hyd),1,4,43.0,2,1,1,1,0,1,0,1,5,17.66,Job-Ready Mid-Level
CP-3145,3.8,B.Tech/B.E,Tier 2 (Top State/Private),Full Stack Web,Tier 1 Tech Hub (Bengaluru/NCR/Hyd),3,6,0.0,0,1,0,1,0,0,0,0,2,21.44,Job-Ready Mid-Level
CP-3146,1.4,B.Tech/B.E,Tier 2 (Top State/Private),Data Science & AI/ML,Tier 2 City,0,2,,1,1,1,1,0,1,0,0,4,10.78,Junior Associate
CP-3147,1.0,M.Tech/M.S,Tier 2 (Top State/Private),Data Science & AI/ML,Tier 2 City,2,6,23.0,1,0,1,0,1,0,0,0,2,13.15,Junior Associate
CP-3148,1.5,BCA/B.Sc CS,Tier 2 (Top State/Private),Cloud & DevOps,Tier 1 Tech Hub (Bengaluru/NCR/Hyd),1,2,61.0,0,0,1,0,0,0,1,0,2,13.51,Junior Associate
CP-3149,3.9,BCA/B.Sc CS,Tier 2 (Top State/Private),Backend Systems,Remote Global,0,2,59.0,0,1,1,0,1,0,0,0,3,19.69,Job-Ready Mid-Level
CP-3150,0.9,M.Tech/M.S,Tier 2 (Top State/Private),Full Stack Web,Remote Global,0,3,25.0,0,0,0,0,0,0,0,0,0,11.72,Junior Associate
CP-3151,0.4,BCA/B.Sc CS,Tier 2 (Top State/Private),Data Science & AI/ML,Tier 1 Tech Hub (Bengaluru/NCR/Hyd),1,6,43.0,3,0,0,0,1,0,1,1,3,19.7,Job-Ready Mid-Level
CP-3152,2.7,B.Tech/B.E,Tier 1 (IIT/NIT/BITS),Full Stack Web,Tier 1 Tech Hub (Bengaluru/NCR/Hyd),1,7,119.0,1,1,1,1,0,0,1,0,4,25.88,High-Demand Specialist
CP-3153,3.8,B.Tech/B.E,Tier 2 (Top State/Private),Full Stack Web,Tier 1 Tech Hub (Bengaluru/NCR/Hyd),0,1,129.0,1,1,0,1,0,1,0,1,4,22.67,Job-Ready Mid-Level
CP-3154,0.2,B.Tech/B.E,Tier 2 (Top State/Private),Full Stack Web,Tier 1 Tech Hub (Bengaluru/NCR/Hyd),1,3,105.0,1,1,1,1,0,0,0,0,3,13.17,Junior Associate
CP-3155,0.6,B.Tech/B.E,Tier 1 (IIT/NIT/BITS),Data Science & AI/ML,Tier 1 Tech Hub (Bengaluru/NCR/Hyd),1,7,235.0,0,0,0,0,0,0,0,1,1,21.97,Job-Ready Mid-Level
CP-3156,0.3,BCA/B.Sc CS,Tier 3 (Affiliated Colleges),Data Analytics & BI,Tier 1 Tech Hub (Bengaluru/NCR/Hyd),1,4,241.0,1,1,1,0,1,0,1,0,4,16.1,Job-Ready Mid-Level
CP-3157,0.9,MCA,Tier 3 (Affiliated Colleges),Data Science & AI/ML,Tier 1 Tech Hub (Bengaluru/NCR/Hyd),2,6,247.0,1,1,0,0,1,0,0,0,2,15.45,Job-Ready Mid-Level
CP-3158,1.3,Non-CS Degree,Tier 3 (Affiliated Colleges),Full Stack Web,Tier 1 Tech Hub (Bengaluru/NCR/Hyd),2,4,30.0,1,1,1,1,0,1,0,0,4,15.27,Job-Ready Mid-Level
CP-3159,3.0,BCA/B.Sc CS,Tier 2 (Top State/Private),Data Analytics & BI,Tier 1 Tech Hub (Bengaluru/NCR/Hyd),1,1,46.0,0,1,0,1,0,0,0,0,2,17.4,Job-Ready Mid-Level
CP-3160,2.3,B.Tech/B.E,Tier 3 (Affiliated Colleges),Data Science & AI/ML,Tier 1 Tech Hub (Bengaluru/NCR/Hyd),3,4,74.0,3,1,1,1,1,0,0,1,5,24.49,High-Demand Specialist
CP-3161,2.1,B.Tech/B.E,Tier 3 (Affiliated Colleges),Cloud & DevOps,Tier 2 City,0,3,44.0,0,1,1,0,1,0,0,1,4,13.38,Junior Associate
CP-3162,1.0,M.Tech/M.S,Tier 3 (Affiliated Colleges),Cloud & DevOps,Tier 2 City,0,4,25.0,0,1,0,1,0,1,1,0,4,11.68,Junior Associate
CP-3163,4.1,BCA/B.Sc CS,Tier 2 (Top State/Private),Cloud & DevOps,Tier 1 Tech Hub (Bengaluru/NCR/Hyd),1,4,71.0,1,1,1,0,0,1,0,0,3,20.36,Job-Ready Mid-Level
CP-3164,1.4,BCA/B.Sc CS,Tier 3 (Affiliated Colleges),Full Stack Web,Tier 1 Tech Hub (Bengaluru/NCR/Hyd),1,3,377.0,1,1,0,1,0,0,0,0,2,14.5,Junior Associate
CP-3165,8.5,M.Tech/M.S,Tier 3 (Affiliated Colleges),Full Stack Web,Tier 2 City,1,4,29.0,1,1,1,0,1,0,0,0,3,24.85,High-Demand Specialist
CP-3166,2.2,M.Tech/M.S,Tier 3 (Affiliated Colleges),Data Analytics & BI,Tier 1 Tech Hub (Bengaluru/NCR/Hyd),1,3,39.0,1,1,0,0,0,0,0,1,2,18.28,Job-Ready Mid-Level
CP-3167,0.3,MCA,Tier 2 (Top State/Private),Data Analytics & BI,Remote Global,0,1,0.0,1,1,1,0,0,0,0,1,3,9.25,Junior Associate
CP-3168,2.5,B.Tech/B.E,Tier 2 (Top State/Private),Full Stack Web,Tier 1 Tech Hub (Bengaluru/NCR/Hyd),0,3,116.0,0,1,1,0,0,1,0,0,3,19.41,Job-Ready Mid-Level
CP-3169,0.9,M.Tech/M.S,Tier 2 (Top State/Private),Data Science & AI/ML,Tier 2 City,2,5,31.0,2,0,1,1,1,1,0,0,4,16.8,Job-Ready Mid-Level
CP-3170,2.6,MCA,Tier 2 (Top State/Private),Data Science & AI/ML,Tier 1 Tech Hub (Bengaluru/NCR/Hyd),2,5,0.0,0,0,0,0,0,0,1,0,1,18.28,Job-Ready Mid-Level
CP-3171,0.2,B.Tech/B.E,Tier 3 (Affiliated Colleges),Data Science & AI/ML,Tier 2 City,1,7,342.0,0,1,0,0,0,0,0,0,1,10.0,Junior Associate
CP-3172,0.4,BCA/B.Sc CS,Tier 1 (IIT/NIT/BITS),Cloud & DevOps,Remote Global,1,7,113.0,0,1,0,0,0,1,0,0,2,16.55,Job-Ready Mid-Level
CP-3173,4.3,B.Tech/B.E,Tier 1 (IIT/NIT/BITS),Data Science & AI/ML,Remote Global,1,5,131.0,1,1,0,0,1,0,0,0,2,31.69,High-Demand Specialist
CP-3174,0.6,Non-CS Degree,Tier 2 (Top State/Private),Full Stack Web,Remote Global,0,3,362.0,0,1,0,1,0,0,0,0,2,12.95,Junior Associate
CP-3175,4.0,B.Tech/B.E,Tier 2 (Top State/Private),Data Analytics & BI,Tier 1 Tech Hub (Bengaluru/NCR/Hyd),1,2,61.0,0,0,0,0,0,0,0,0,0,16.67,Job-Ready Mid-Level
CP-3176,0.7,BCA/B.Sc CS,Tier 2 (Top State/Private),Full Stack Web,Tier 1 Tech Hub (Bengaluru/NCR/Hyd),1,3,119.0,1,1,0,1,0,0,0,0,2,12.57,Junior Associate
CP-3177,2.3,B.Tech/B.E,Tier 3 (Affiliated Colleges),Data Analytics & BI,Tier 1 Tech Hub (Bengaluru/NCR/Hyd),1,3,3.0,0,1,0,0,0,1,1,0,3,16.9,Job-Ready Mid-Level
CP-3178,2.6,M.Tech/M.S,Tier 2 (Top State/Private),Data Analytics & BI,Tier 1 Tech Hub (Bengaluru/NCR/Hyd),0,1,134.0,0,1,0,1,0,0,1,1,4,22.57,Job-Ready Mid-Level
CP-3179,1.6,B.Tech/B.E,Tier 1 (IIT/NIT/BITS),Data Science & AI/ML,Tier 1 Tech Hub (Bengaluru/NCR/Hyd),3,5,0.0,0,0,1,1,1,0,0,0,3,22.59,Job-Ready Mid-Level
CP-3180,0.8,B.Tech/B.E,Tier 2 (Top State/Private),Data Analytics & BI,Remote Global,2,3,29.0,1,0,1,0,1,0,0,0,2,16.25,Job-Ready Mid-Level
CP-3181,0.5,B.Tech/B.E,Tier 2 (Top State/Private),Data Analytics & BI,Remote Global,0,1,30.0,3,1,1,0,0,1,1,0,4,14.54,Junior Associate
CP-3182,0.1,MCA,Tier 1 (IIT/NIT/BITS),Full Stack Web,Tier 1 Tech Hub (Bengaluru/NCR/Hyd),1,3,14.0,0,1,1,0,0,0,0,0,2,12.82,Junior Associate
CP-3183,0.8,B.Tech/B.E,Tier 3 (Affiliated Colleges),Data Science & AI/ML,Tier 1 Tech Hub (Bengaluru/NCR/Hyd),2,5,25.0,1,1,1,0,0,0,0,0,2,12.99,Junior Associate
CP-3184,2.3,B.Tech/B.E,Tier 3 (Affiliated Colleges),Full Stack Web,Tier 1 Tech Hub (Bengaluru/NCR/Hyd),0,3,66.0,2,0,0,1,1,0,0,0,2,16.48,Job-Ready Mid-Level
CP-3185,6.1,M.Tech/M.S,Tier 3 (Affiliated Colleges),Backend Systems,Tier 2 City,1,2,142.0,0,1,1,1,0,0,0,1,4,22.4,Job-Ready Mid-Level
CP-3186,4.5,B.Tech/B.E,Tier 3 (Affiliated Colleges),Cloud & DevOps,Tier 1 Tech Hub (Bengaluru/NCR/Hyd),1,8,9.0,2,1,1,1,1,1,0,1,6,27.19,High-Demand Specialist
CP-3187,3.2,MCA,Tier 1 (IIT/NIT/BITS),Data Science & AI/ML,Remote Global,1,6,19.0,2,0,1,1,0,0,0,0,2,26.2,High-Demand Specialist
CP-3188,3.4,B.Tech/B.E,Tier 3 (Affiliated Colleges),Cloud & DevOps,Tier 2 City,2,4,130.0,0,0,1,1,0,0,0,0,2,14.68,Junior Associate
CP-3189,2.4,BCA/B.Sc CS,Tier 3 (Affiliated Colleges),Full Stack Web,Tier 2 City,1,2,117.0,0,1,1,1,0,0,1,0,4,13.76,Junior Associate
CP-3190,0.7,B.Tech/B.E,Tier 3 (Affiliated Colleges),Cloud & DevOps,Tier 1 Tech Hub (Bengaluru/NCR/Hyd),0,3,3.0,2,1,1,1,1,0,1,0,5,14.71,Junior Associate
CP-3191,5.2,B.Tech/B.E,Tier 1 (IIT/NIT/BITS),Data Analytics & BI,Tier 1 Tech Hub (Bengaluru/NCR/Hyd),0,3,34.0,0,0,1,0,0,0,1,0,2,29.02,High-Demand Specialist
CP-3192,2.4,BCA/B.Sc CS,Tier 3 (Affiliated Colleges),Full Stack Web,Remote Global,0,1,149.0,0,0,1,0,1,1,0,1,4,22.78,Job-Ready Mid-Level
CP-3193,1.8,BCA/B.Sc CS,Tier 3 (Affiliated Colleges),Data Analytics & BI,Tier 2 City,1,6,0.0,1,0,1,1,0,0,1,0,3,12.96,Junior Associate
CP-3194,0.3,M.Tech/M.S,Tier 3 (Affiliated Colleges),Data Analytics & BI,Remote Global,1,7,39.0,0,1,1,1,0,0,0,0,3,14.31,Junior Associate
CP-3195,1.3,B.Tech/B.E,Tier 1 (IIT/NIT/BITS),Cloud & DevOps,Tier 1 Tech Hub (Bengaluru/NCR/Hyd),0,2,47.0,2,0,1,1,0,0,1,0,3,19.25,Job-Ready Mid-Level
CP-3196,1.4,B.Tech/B.E,Tier 3 (Affiliated Colleges),Data Science & AI/ML,Tier 2 City,1,4,240.0,0,1,1,1,0,0,0,1,4,15.92,Job-Ready Mid-Level
CP-3197,4.4,B.Tech/B.E,Tier 3 (Affiliated Colleges),Data Analytics & BI,Tier 1 Tech Hub (Bengaluru/NCR/Hyd),1,3,27.0,0,1,1,1,1,1,0,1,6,28.07,High-Demand Specialist
CP-3198,1.7,Non-CS Degree,Tier 3 (Affiliated Colleges),Backend Systems,Tier 2 City,0,2,55.0,1,1,1,1,1,1,1,0,6,14.11,Junior Associate
CP-3199,1.1,B.Tech/B.E,Tier 2 (Top State/Private),Data Science & AI/ML,Tier 2 City,1,5,212.0,2,1,1,1,1,0,0,0,4,15.68,Job-Ready Mid-Level
CP-3200,8.3,B.Tech/B.E,Tier 3 (Affiliated Colleges),Full Stack Web,Tier 2 City,1,10,54.0,2,1,0,0,0,0,0,0,1,21.44,Job-Ready Mid-Level
CP-3201,0.3,B.Tech/B.E,Tier 2 (Top State/Private),Data Science & AI/ML,Tier 2 City,1,4,58.0,1,1,0,1,1,1,0,1,5,11.97,Junior Associate
CP-3202,1.2,BCA/B.Sc CS,Tier 2 (Top State/Private),Data Analytics & BI,Tier 1 Tech Hub (Bengaluru/NCR/Hyd),0,5,17.0,3,1,0,1,0,0,0,0,2,10.42,Junior Associate
CP-3203,0.1,B.Tech/B.E,Tier 2 (Top State/Private),Data Analytics & BI,Remote Global,1,4,335.0,1,1,0,1,0,1,0,0,3,19.27,Job-Ready Mid-Level
CP-3204,3.0,MCA,Tier 3 (Affiliated Colleges),Data Science & AI/ML,Remote Global,3,4,,1,0,1,1,0,1,0,0,3,27.01,High-Demand Specialist
CP-3205,5.5,B.Tech/B.E,Tier 1 (IIT/NIT/BITS),Backend Systems,Tier 1 Tech Hub (Bengaluru/NCR/Hyd),1,4,154.0,0,1,1,1,0,0,1,1,5,34.98,High-Demand Specialist
CP-3206,0.7,MCA,Tier 2 (Top State/Private),Data Science & AI/ML,Remote Global,1,3,0.0,2,1,1,1,1,1,0,0,5,18.02,Job-Ready Mid-Level
CP-3207,4.3,B.Tech/B.E,Tier 3 (Affiliated Colleges),Data Analytics & BI,Tier 1 Tech Hub (Bengaluru/NCR/Hyd),1,5,11.0,1,1,0,1,0,0,0,0,2,19.0,Job-Ready Mid-Level
CP-3208,0.8,BCA/B.Sc CS,Tier 3 (Affiliated Colleges),Full Stack Web,Tier 2 City,0,5,46.0,0,0,1,0,0,1,1,1,4,13.33,Junior Associate
CP-3209,5.3,MCA,Tier 2 (Top State/Private),Full Stack Web,Tier 1 Tech Hub (Bengaluru/NCR/Hyd),1,3,64.0,0,1,1,0,0,1,1,0,4,27.15,High-Demand Specialist
CP-3210,3.1,B.Tech/B.E,Tier 3 (Affiliated Colleges),Data Science & AI/ML,Remote Global,0,2,123.0,2,0,1,1,0,0,0,0,2,18.93,Job-Ready Mid-Level
CP-3211,3.6,Non-CS Degree,Tier 3 (Affiliated Colleges),Data Science & AI/ML,Tier 1 Tech Hub (Bengaluru/NCR/Hyd),0,6,68.0,2,1,1,0,0,0,1,0,3,15.78,Job-Ready Mid-Level
CP-3212,0.0,B.Tech/B.E,Tier 1 (IIT/NIT/BITS),Cloud & DevOps,Tier 1 Tech Hub (Bengaluru/NCR/Hyd),1,3,210.0,0,1,1,1,0,1,0,0,4,16.84,Job-Ready Mid-Level
CP-3213,7.2,Non-CS Degree,Tier 2 (Top State/Private),Cloud & DevOps,Tier 1 Tech Hub (Bengaluru/NCR/Hyd),0,6,72.0,1,0,0,0,0,0,1,1,2,30.53,High-Demand Specialist
CP-3214,2.9,BCA/B.Sc CS,Tier 1 (IIT/NIT/BITS),Data Science & AI/ML,Tier 1 Tech Hub (Bengaluru/NCR/Hyd),1,4,64.0,2,1,0,1,0,1,1,0,4,23.48,Job-Ready Mid-Level
CP-3215,0.8,B.Tech/B.E,Tier 2 (Top State/Private),Data Science & AI/ML,Tier 2 City,0,2,143.0,0,1,1,1,0,1,1,0,5,14.09,Junior Associate
CP-3216,3.9,B.Tech/B.E,Tier 2 (Top State/Private),Data Science & AI/ML,Tier 1 Tech Hub (Bengaluru/NCR/Hyd),0,3,44.0,0,1,1,1,0,1,1,0,5,23.32,Job-Ready Mid-Level
CP-3217,0.7,B.Tech/B.E,Tier 3 (Affiliated Colleges),Data Analytics & BI,Tier 2 City,2,4,207.0,1,0,1,1,1,0,0,0,3,13.37,Junior Associate
CP-3218,4.5,B.Tech/B.E,Tier 3 (Affiliated Colleges),Data Analytics & BI,Remote Global,2,7,0.0,0,0,1,0,1,0,0,1,3,27.95,High-Demand Specialist
CP-3219,0.3,B.Tech/B.E,Tier 1 (IIT/NIT/BITS),Data Science & AI/ML,Tier 2 City,0,1,127.0,0,1,0,1,0,1,0,0,3,11.26,Junior Associate
CP-3220,2.7,B.Tech/B.E,Tier 1 (IIT/NIT/BITS),Cloud & DevOps,Remote Global,1,5,372.0,0,1,1,0,1,0,0,0,3,27.7,High-Demand Specialist
CP-3221,1.7,B.Tech/B.E,Tier 2 (Top State/Private),Data Science & AI/ML,Tier 1 Tech Hub (Bengaluru/NCR/Hyd),0,4,27.0,1,0,1,0,1,0,0,1,3,16.87,Job-Ready Mid-Level
CP-3222,0.2,M.Tech/M.S,Tier 2 (Top State/Private),Backend Systems,Tier 1 Tech Hub (Bengaluru/NCR/Hyd),1,6,58.0,0,1,1,1,1,0,0,1,5,18.59,Job-Ready Mid-Level
CP-3223,0.6,B.Tech/B.E,Tier 2 (Top State/Private),Backend Systems,Tier 1 Tech Hub (Bengaluru/NCR/Hyd),1,5,1.0,0,1,1,1,0,1,1,0,5,17.77,Job-Ready Mid-Level
CP-3224,0.0,B.Tech/B.E,Tier 3 (Affiliated Colleges),Cloud & DevOps,Tier 1 Tech Hub (Bengaluru/NCR/Hyd),0,3,152.0,0,1,0,0,1,0,0,0,2,10.08,Junior Associate
CP-3225,1.4,BCA/B.Sc CS,Tier 3 (Affiliated Colleges),Backend Systems,Remote Global,1,4,51.0,0,1,0,1,1,0,0,1,4,19.4,Job-Ready Mid-Level
CP-3226,0.8,B.Tech/B.E,Tier 2 (Top State/Private),Data Analytics & BI,Tier 1 Tech Hub (Bengaluru/NCR/Hyd),0,2,23.0,0,0,1,0,1,1,0,0,3,14.4,Junior Associate
CP-3227,2.0,B.Tech/B.E,Tier 3 (Affiliated Colleges),Data Analytics & BI,Remote Global,0,1,127.0,0,0,0,0,1,1,0,0,2,17.08,Job-Ready Mid-Level
CP-3228,0.8,B.Tech/B.E,Tier 2 (Top State/Private),Cloud & DevOps,Tier 1 Tech Hub (Bengaluru/NCR/Hyd),2,5,242.0,0,1,1,0,0,0,0,0,2,16.73,Job-Ready Mid-Level
CP-3229,0.8,Non-CS Degree,Tier 3 (Affiliated Colleges),Full Stack Web,Tier 2 City,1,5,215.0,0,1,0,0,0,0,0,1,2,9.85,Junior Associate
CP-3230,3.0,MCA,Tier 2 (Top State/Private),Data Science & AI/ML,Tier 1 Tech Hub (Bengaluru/NCR/Hyd),1,5,39.0,0,0,0,0,0,0,0,1,1,18.97,Job-Ready Mid-Level
CP-3231,0.1,B.Tech/B.E,Tier 1 (IIT/NIT/BITS),Full Stack Web,Tier 1 Tech Hub (Bengaluru/NCR/Hyd),1,3,50.0,1,1,0,0,1,0,0,1,3,16.38,Job-Ready Mid-Level
CP-3232,5.1,BCA/B.Sc CS,Tier 3 (Affiliated Colleges),Cloud & DevOps,Tier 2 City,1,4,215.0,3,1,0,0,0,0,0,0,1,16.8,Job-Ready Mid-Level
CP-3233,4.2,B.Tech/B.E,Tier 2 (Top State/Private),Data Science & AI/ML,Tier 1 Tech Hub (Bengaluru/NCR/Hyd),1,3,31.0,1,1,0,1,0,1,1,0,4,25.04,High-Demand Specialist
CP-3234,2.4,BCA/B.Sc CS,Tier 3 (Affiliated Colleges),Data Science & AI/ML,Tier 2 City,1,7,151.0,1,1,1,0,1,0,0,0,3,14.33,Junior Associate
CP-3235,2.0,BCA/B.Sc CS,Tier 2 (Top State/Private),Full Stack Web,Tier 1 Tech Hub (Bengaluru/NCR/Hyd),1,5,152.0,3,1,1,1,0,0,0,0,3,16.86,Job-Ready Mid-Level
CP-3236,4.9,BCA/B.Sc CS,Tier 1 (IIT/NIT/BITS),Data Science & AI/ML,Tier 1 Tech Hub (Bengaluru/NCR/Hyd),1,7,32.0,0,0,0,0,1,1,1,0,3,30.53,High-Demand Specialist
CP-3237,0.5,B.Tech/B.E,Tier 1 (IIT/NIT/BITS),Cloud & DevOps,Remote Global,1,4,0.0,1,0,1,0,1,0,0,0,2,17.94,Job-Ready Mid-Level
CP-3238,0.2,B.Tech/B.E,Tier 2 (Top State/Private),Backend Systems,Tier 1 Tech Hub (Bengaluru/NCR/Hyd),1,1,1.0,1,1,1,0,0,0,0,1,3,11.17,Junior Associate
CP-3239,0.6,B.Tech/B.E,Tier 3 (Affiliated Colleges),Data Analytics & BI,Tier 2 City,1,3,47.0,0,1,0,1,1,0,0,0,3,9.43,Junior Associate
CP-3240,3.5,MCA,Tier 2 (Top State/Private),Cloud & DevOps,Tier 1 Tech Hub (Bengaluru/NCR/Hyd),1,6,26.0,1,1,1,1,1,0,0,1,5,25.73,High-Demand Specialist
CP-3241,0.1,BCA/B.Sc CS,Tier 3 (Affiliated Colleges),Cloud & DevOps,Tier 2 City,1,5,231.0,1,1,1,0,0,0,1,1,4,13.3,Junior Associate
CP-3242,1.9,MCA,Tier 3 (Affiliated Colleges),Full Stack Web,Tier 1 Tech Hub (Bengaluru/NCR/Hyd),1,4,45.0,2,0,1,0,0,0,0,0,1,12.37,Junior Associate
CP-3243,9.5,Non-CS Degree,Tier 3 (Affiliated Colleges),Data Science & AI/ML,Tier 1 Tech Hub (Bengaluru/NCR/Hyd),1,5,31.0,2,1,1,0,0,0,0,1,3,34.46,High-Demand Specialist
CP-3244,4.3,B.Tech/B.E,Tier 2 (Top State/Private),Backend Systems,Tier 1 Tech Hub (Bengaluru/NCR/Hyd),2,4,62.0,0,1,1,0,0,0,0,0,2,20.13,Job-Ready Mid-Level
CP-3245,1.6,BCA/B.Sc CS,Tier 3 (Affiliated Colleges),Data Science & AI/ML,Tier 1 Tech Hub (Bengaluru/NCR/Hyd),1,10,10.0,0,1,1,0,1,0,0,1,4,16.16,Job-Ready Mid-Level
CP-3246,0.1,BCA/B.Sc CS,Tier 2 (Top State/Private),Data Science & AI/ML,Tier 1 Tech Hub (Bengaluru/NCR/Hyd),2,5,14.0,0,1,1,1,1,1,1,0,6,18.3,Job-Ready Mid-Level
CP-3247,3.9,Non-CS Degree,Tier 2 (Top State/Private),Data Analytics & BI,Tier 2 City,1,3,0.0,0,0,0,0,0,1,0,0,1,12.59,Junior Associate
CP-3248,2.0,Non-CS Degree,Tier 2 (Top State/Private),Data Science & AI/ML,Tier 2 City,3,5,72.0,1,1,0,1,0,0,0,0,2,12.77,Junior Associate
CP-3249,0.3,BCA/B.Sc CS,Tier 2 (Top State/Private),Full Stack Web,Tier 1 Tech Hub (Bengaluru/NCR/Hyd),1,3,0.0,0,1,0,1,0,0,1,1,4,16.39,Job-Ready Mid-Level
CP-3250,0.2,B.Tech/B.E,Tier 1 (IIT/NIT/BITS),Data Science & AI/ML,Tier 1 Tech Hub (Bengaluru/NCR/Hyd),3,5,1.0,3,1,1,0,0,0,0,0,2,14.54,Junior Associate
CP-3251,5.3,M.Tech/M.S,Tier 3 (Affiliated Colleges),Data Science & AI/ML,Tier 1 Tech Hub (Bengaluru/NCR/Hyd),0,4,114.0,0,0,1,0,0,0,0,0,1,22.48,Job-Ready Mid-Level
CP-3252,2.4,B.Tech/B.E,Tier 2 (Top State/Private),Data Science & AI/ML,Tier 1 Tech Hub (Bengaluru/NCR/Hyd),0,2,32.0,0,0,0,1,0,0,0,0,1,14.09,Junior Associate
CP-3253,3.9,M.Tech/M.S,Tier 2 (Top State/Private),Data Science & AI/ML,Tier 1 Tech Hub (Bengaluru/NCR/Hyd),1,7,0.0,2,0,1,1,0,0,0,0,2,22.73,Job-Ready Mid-Level
CP-3254,4.6,MCA,Tier 3 (Affiliated Colleges),Cloud & DevOps,Tier 1 Tech Hub (Bengaluru/NCR/Hyd),3,5,349.0,1,1,0,0,0,0,0,0,1,25.76,High-Demand Specialist
CP-3255,1.9,B.Tech/B.E,Tier 2 (Top State/Private),Data Analytics & BI,Remote Global,1,1,119.0,1,1,0,0,0,0,0,0,1,15.99,Job-Ready Mid-Level
CP-3256,1.6,BCA/B.Sc CS,Tier 2 (Top State/Private),Full Stack Web,Tier 2 City,0,4,4.0,1,1,0,1,1,0,0,0,3,12.32,Junior Associate
CP-3257,1.2,B.Tech/B.E,Tier 2 (Top State/Private),Backend Systems,Tier 1 Tech Hub (Bengaluru/NCR/Hyd),1,4,,0,1,0,0,0,0,1,0,2,13.15,Junior Associate
CP-3258,0.8,B.Tech/B.E,Tier 3 (Affiliated Colleges),Data Science & AI/ML,Tier 1 Tech Hub (Bengaluru/NCR/Hyd),1,5,,1,1,1,0,0,0,0,0,2,12.14,Junior Associate
CP-3259,1.3,B.Tech/B.E,Tier 1 (IIT/NIT/BITS),Full Stack Web,Tier 2 City,0,2,46.0,1,0,1,1,0,0,0,1,3,13.59,Junior Associate
CP-3260,3.3,M.Tech/M.S,Tier 2 (Top State/Private),Data Science & AI/ML,Tier 1 Tech Hub (Bengaluru/NCR/Hyd),1,5,19.0,0,0,1,0,1,0,0,1,3,22.63,Job-Ready Mid-Level
CP-3261,2.0,Non-CS Degree,Tier 2 (Top State/Private),Cloud & DevOps,Tier 2 City,3,8,0.0,0,1,0,0,0,0,0,0,1,9.75,Junior Associate
CP-3262,4.9,Non-CS Degree,Tier 3 (Affiliated Colleges),Full Stack Web,Remote Global,2,6,234.0,2,1,1,0,0,0,1,0,3,29.73,High-Demand Specialist
CP-3263,1.3,B.Tech/B.E,Tier 3 (Affiliated Colleges),Cloud & DevOps,Tier 1 Tech Hub (Bengaluru/NCR/Hyd),0,1,55.0,0,1,0,0,1,0,0,0,2,9.83,Junior Associate
CP-3264,2.1,MCA,Tier 3 (Affiliated Colleges),Data Analytics & BI,Tier 1 Tech Hub (Bengaluru/NCR/Hyd),0,4,34.0,1,1,1,0,0,0,0,0,2,11.08,Junior Associate
CP-3265,2.2,M.Tech/M.S,Tier 1 (IIT/NIT/BITS),Full Stack Web,Tier 2 City,1,5,30.0,1,0,0,0,1,0,0,1,2,19.38,Job-Ready Mid-Level
CP-3266,2.0,B.Tech/B.E,Tier 2 (Top State/Private),Cloud & DevOps,Remote Global,1,3,11.0,0,0,1,0,1,0,0,0,2,18.68,Job-Ready Mid-Level
CP-3267,2.7,B.Tech/B.E,Tier 2 (Top State/Private),Backend Systems,Tier 1 Tech Hub (Bengaluru/NCR/Hyd),0,6,35.0,0,1,1,0,0,1,1,0,4,21.12,Job-Ready Mid-Level
CP-3268,0.6,B.Tech/B.E,Tier 1 (IIT/NIT/BITS),Full Stack Web,Tier 2 City,2,3,240.0,2,1,0,1,0,0,1,0,3,16.99,Job-Ready Mid-Level
CP-3269,1.6,MCA,Tier 2 (Top State/Private),Full Stack Web,Tier 1 Tech Hub (Bengaluru/NCR/Hyd),1,6,0.0,1,1,1,0,1,1,0,1,5,20.8,Job-Ready Mid-Level
CP-3270,0.2,BCA/B.Sc CS,Tier 2 (Top State/Private),Data Analytics & BI,Tier 1 Tech Hub (Bengaluru/NCR/Hyd),2,7,350.0,0,1,1,1,0,1,1,0,5,22.42,Job-Ready Mid-Level
CP-3271,1.1,M.Tech/M.S,Tier 2 (Top State/Private),Cloud & DevOps,Tier 2 City,2,5,8.0,1,1,0,1,1,0,1,0,4,15.74,Job-Ready Mid-Level
CP-3272,1.5,B.Tech/B.E,Tier 3 (Affiliated Colleges),Data Science & AI/ML,Remote Global,0,3,45.0,1,0,1,0,0,1,0,0,2,14.44,Junior Associate
CP-3273,2.3,M.Tech/M.S,Tier 2 (Top State/Private),Full Stack Web,Tier 2 City,3,5,24.0,0,1,1,1,1,1,1,0,6,21.11,Job-Ready Mid-Level
CP-3274,6.6,B.Tech/B.E,Tier 3 (Affiliated Colleges),Full Stack Web,Tier 2 City,1,5,65.0,1,1,0,0,1,0,0,1,3,22.94,Job-Ready Mid-Level
CP-3275,2.0,B.Tech/B.E,Tier 2 (Top State/Private),Full Stack Web,Tier 1 Tech Hub (Bengaluru/NCR/Hyd),1,1,60.0,1,1,0,0,0,0,1,1,3,18.19,Job-Ready Mid-Level
CP-3276,3.0,BCA/B.Sc CS,Tier 2 (Top State/Private),Data Science & AI/ML,Tier 1 Tech Hub (Bengaluru/NCR/Hyd),1,2,153.0,0,0,1,0,0,0,0,0,1,17.36,Job-Ready Mid-Level
CP-3277,1.6,B.Tech/B.E,Tier 2 (Top State/Private),Backend Systems,Tier 1 Tech Hub (Bengaluru/NCR/Hyd),1,5,66.0,1,1,0,1,0,0,0,0,2,13.76,Junior Associate
CP-3278,2.2,MCA,Tier 1 (IIT/NIT/BITS),Data Analytics & BI,Tier 1 Tech Hub (Bengaluru/NCR/Hyd),0,2,69.0,2,0,1,0,0,1,0,0,2,17.65,Job-Ready Mid-Level
CP-3279,0.2,B.Tech/B.E,Tier 1 (IIT/NIT/BITS),Full Stack Web,Tier 2 City,1,6,127.0,0,1,1,0,0,0,1,1,4,16.6,Job-Ready Mid-Level
CP-3280,0.6,BCA/B.Sc CS,Tier 2 (Top State/Private),Cloud & DevOps,Tier 1 Tech Hub (Bengaluru/NCR/Hyd),0,3,5.0,0,1,1,1,0,0,0,0,3,8.51,Entry-Level Learner
CP-3281,1.0,B.Tech/B.E,Tier 3 (Affiliated Colleges),Backend Systems,Tier 2 City,1,7,56.0,1,0,1,1,1,0,0,0,3,12.38,Junior Associate
CP-3282,1.4,BCA/B.Sc CS,Tier 3 (Affiliated Colleges),Data Science & AI/ML,Tier 2 City,0,3,1.0,0,1,1,1,0,0,1,1,5,13.25,Junior Associate
CP-3283,0.1,B.Tech/B.E,Tier 1 (IIT/NIT/BITS),Data Science & AI/ML,Tier 1 Tech Hub (Bengaluru/NCR/Hyd),0,3,41.0,2,0,0,1,0,0,1,0,2,15.75,Job-Ready Mid-Level
CP-3284,0.3,B.Tech/B.E,Tier 3 (Affiliated Colleges),Full Stack Web,Tier 1 Tech Hub (Bengaluru/NCR/Hyd),1,5,125.0,1,1,1,0,0,0,0,1,3,12.78,Junior Associate
CP-3285,0.7,MCA,Tier 3 (Affiliated Colleges),Data Analytics & BI,Tier 2 City,1,3,0.0,2,1,0,0,1,1,0,0,3,8.95,Entry-Level Learner
CP-3286,7.8,B.Tech/B.E,Tier 3 (Affiliated Colleges),Data Science & AI/ML,Remote Global,1,5,227.0,1,1,1,0,0,1,0,0,3,37.64,High-Demand Specialist
CP-3287,0.9,M.Tech/M.S,Tier 3 (Affiliated Colleges),Backend Systems,Tier 2 City,0,5,229.0,0,0,1,1,0,0,0,0,2,11.23,Junior Associate
CP-3288,1.4,Non-CS Degree,Tier 2 (Top State/Private),Full Stack Web,Tier 1 Tech Hub (Bengaluru/NCR/Hyd),2,4,56.0,1,0,1,1,0,0,0,1,3,17.14,Job-Ready Mid-Level
CP-3289,0.5,B.Tech/B.E,Tier 2 (Top State/Private),Full Stack Web,Tier 1 Tech Hub (Bengaluru/NCR/Hyd),1,1,0.0,1,1,1,0,1,0,0,0,3,11.57,Junior Associate
CP-3290,2.1,B.Tech/B.E,Tier 2 (Top State/Private),Full Stack Web,Tier 1 Tech Hub (Bengaluru/NCR/Hyd),0,9,118.0,2,1,0,0,0,0,0,0,1,13.74,Junior Associate
CP-3291,0.7,BCA/B.Sc CS,Tier 2 (Top State/Private),Data Science & AI/ML,Tier 1 Tech Hub (Bengaluru/NCR/Hyd),1,4,245.0,2,1,0,0,0,0,0,0,1,13.12,Junior Associate
CP-3292,0.5,Non-CS Degree,Tier 2 (Top State/Private),Data Analytics & BI,Tier 2 City,1,7,22.0,1,1,0,0,0,0,0,1,2,8.28,Entry-Level Learner
CP-3293,1.6,MCA,Tier 2 (Top State/Private),Backend Systems,Tier 2 City,0,1,246.0,0,1,1,0,0,0,0,0,2,10.5,Junior Associate
CP-3294,0.0,B.Tech/B.E,Tier 3 (Affiliated Colleges),Full Stack Web,Tier 1 Tech Hub (Bengaluru/NCR/Hyd),1,4,,1,1,1,1,0,0,1,0,4,15.83,Job-Ready Mid-Level
CP-3295,0.0,M.Tech/M.S,Tier 3 (Affiliated Colleges),Backend Systems,Tier 1 Tech Hub (Bengaluru/NCR/Hyd),2,6,65.0,0,1,1,1,0,0,0,0,3,12.89,Junior Associate
CP-3296,0.5,B.Tech/B.E,Tier 3 (Affiliated Colleges),Data Analytics & BI,Tier 1 Tech Hub (Bengaluru/NCR/Hyd),1,6,149.0,0,0,1,0,1,0,0,0,2,13.31,Junior Associate
CP-3297,0.1,Non-CS Degree,Tier 3 (Affiliated Colleges),Full Stack Web,Remote Global,0,2,40.0,0,1,0,1,0,1,0,0,3,7.37,Entry-Level Learner
CP-3298,0.3,Non-CS Degree,Tier 3 (Affiliated Colleges),Cloud & DevOps,Tier 1 Tech Hub (Bengaluru/NCR/Hyd),2,4,56.0,0,0,1,0,0,1,1,1,4,17.38,Job-Ready Mid-Level
CP-3299,0.9,B.Tech/B.E,Tier 1 (IIT/NIT/BITS),Full Stack Web,Tier 2 City,0,4,40.0,2,1,1,0,0,1,0,1,4,13.89,Junior Associate
CP-3300,3.6,B.Tech/B.E,Tier 2 (Top State/Private),Cloud & DevOps,Tier 1 Tech Hub (Bengaluru/NCR/Hyd),3,8,3.0,0,1,1,0,0,0,0,0,2,20.98,Job-Ready Mid-Level
CP-3301,1.9,B.Tech/B.E,Tier 2 (Top State/Private),Data Science & AI/ML,Tier 2 City,0,5,141.0,1,1,1,1,0,0,1,0,4,13.71,Junior Associate
CP-3302,1.6,B.Tech/B.E,Tier 3 (Affiliated Colleges),Cloud & DevOps,Tier 1 Tech Hub (Bengaluru/NCR/Hyd),1,3,27.0,1,1,0,0,0,0,0,1,2,14.55,Junior Associate
CP-3303,0.8,M.Tech/M.S,Tier 2 (Top State/Private),Data Science & AI/ML,Tier 1 Tech Hub (Bengaluru/NCR/Hyd),1,5,45.0,2,1,0,0,1,0,0,0,2,14.62,Junior Associate
CP-3304,5.9,B.Tech/B.E,Tier 3 (Affiliated Colleges),Data Analytics & BI,Tier 2 City,0,2,219.0,1,1,1,0,0,0,0,0,2,17.62,Job-Ready Mid-Level
CP-3305,1.1,B.Tech/B.E,Tier 1 (IIT/NIT/BITS),Data Analytics & BI,Tier 1 Tech Hub (Bengaluru/NCR/Hyd),2,4,10.0,1,1,0,0,0,0,0,0,1,16.6,Job-Ready Mid-Level
CP-3306,0.2,B.Tech/B.E,Tier 2 (Top State/Private),Data Science & AI/ML,Tier 1 Tech Hub (Bengaluru/NCR/Hyd),1,3,54.0,0,0,1,0,0,1,0,0,2,11.42,Junior Associate
CP-3307,2.1,Non-CS Degree,Tier 3 (Affiliated Colleges),Full Stack Web,Tier 1 Tech Hub (Bengaluru/NCR/Hyd),0,3,64.0,2,1,1,1,1,0,1,0,5,17.7,Job-Ready Mid-Level
CP-3308,0.3,BCA/B.Sc CS,Tier 2 (Top State/Private),Full Stack Web,Tier 1 Tech Hub (Bengaluru/NCR/Hyd),1,7,0.0,0,1,0,1,0,0,0,0,2,10.15,Junior Associate
CP-3309,0.9,B.Tech/B.E,Tier 2 (Top State/Private),Cloud & DevOps,Tier 1 Tech Hub (Bengaluru/NCR/Hyd),1,3,247.0,0,1,1,0,1,0,0,0,3,16.59,Job-Ready Mid-Level
CP-3310,1.6,B.Tech/B.E,Tier 2 (Top State/Private),Full Stack Web,Tier 2 City,0,2,37.0,3,0,1,0,0,0,0,0,1,8.79,Entry-Level Learner
CP-3311,4.6,Non-CS Degree,Tier 2 (Top State/Private),Cloud & DevOps,Remote Global,3,7,51.0,2,0,1,1,1,1,1,0,5,35.6,High-Demand Specialist
CP-3312,1.5,MCA,Tier 3 (Affiliated Colleges),Full Stack Web,Tier 1 Tech Hub (Bengaluru/NCR/Hyd),2,5,7.0,0,0,1,0,1,1,1,0,4,20.49,Job-Ready Mid-Level
CP-3313,2.7,B.Tech/B.E,Tier 2 (Top State/Private),Data Science & AI/ML,Tier 1 Tech Hub (Bengaluru/NCR/Hyd),0,6,18.0,1,1,1,0,0,0,0,1,3,18.01,Job-Ready Mid-Level
CP-3314,9.5,B.Tech/B.E,Tier 2 (Top State/Private),Data Science & AI/ML,Tier 1 Tech Hub (Bengaluru/NCR/Hyd),1,4,18.0,0,1,0,0,1,1,1,0,4,38.67,High-Demand Specialist
CP-3315,0.3,B.Tech/B.E,Tier 1 (IIT/NIT/BITS),Data Science & AI/ML,Tier 1 Tech Hub (Bengaluru/NCR/Hyd),0,4,7.0,1,1,0,1,0,1,0,0,3,14.29,Junior Associate
CP-3316,0.7,B.Tech/B.E,Tier 3 (Affiliated Colleges),Data Analytics & BI,Tier 1 Tech Hub (Bengaluru/NCR/Hyd),2,4,68.0,1,1,0,1,1,0,1,0,4,15.54,Job-Ready Mid-Level
CP-3317,1.1,BCA/B.Sc CS,Tier 2 (Top State/Private),Backend Systems,Tier 2 City,3,8,44.0,0,1,1,0,1,1,0,0,4,14.28,Junior Associate
CP-3318,1.2,Non-CS Degree,Tier 3 (Affiliated Colleges),Full Stack Web,Tier 1 Tech Hub (Bengaluru/NCR/Hyd),1,5,,2,1,1,0,1,0,0,1,4,15.16,Job-Ready Mid-Level
CP-3319,1.2,B.Tech/B.E,Tier 3 (Affiliated Colleges),Full Stack Web,Tier 1 Tech Hub (Bengaluru/NCR/Hyd),2,6,4.0,0,0,1,0,0,0,0,0,1,10.26,Junior Associate
CP-3320,5.2,MCA,Tier 2 (Top State/Private),Data Science & AI/ML,Remote Global,1,5,71.0,3,1,0,0,0,1,0,0,2,27.21,High-Demand Specialist
CP-3321,2.8,B.Tech/B.E,Tier 3 (Affiliated Colleges),Cloud & DevOps,Remote Global,1,6,143.0,2,1,0,1,1,0,0,1,4,28.17,High-Demand Specialist
CP-3322,2.1,M.Tech/M.S,Tier 3 (Affiliated Colleges),Data Science & AI/ML,Remote Global,3,3,118.0,0,1,1,1,1,0,0,0,4,25.7,High-Demand Specialist
CP-3323,0.8,M.Tech/M.S,Tier 2 (Top State/Private),Cloud & DevOps,Tier 2 City,1,3,33.0,1,1,0,0,0,1,0,0,2,9.54,Junior Associate
CP-3324,3.8,B.Tech/B.E,Tier 2 (Top State/Private),Backend Systems,Remote Global,1,7,230.0,0,1,1,1,0,0,0,0,3,29.04,High-Demand Specialist
CP-3325,6.8,B.Tech/B.E,Tier 3 (Affiliated Colleges),Data Science & AI/ML,Tier 1 Tech Hub (Bengaluru/NCR/Hyd),1,5,231.0,0,1,1,0,0,1,0,0,3,28.9,High-Demand Specialist
CP-3326,3.8,BCA/B.Sc CS,Tier 3 (Affiliated Colleges),Data Analytics & BI,Tier 1 Tech Hub (Bengaluru/NCR/Hyd),0,3,58.0,2,0,1,0,0,1,0,0,2,16.79,Job-Ready Mid-Level
CP-3327,0.0,B.Tech/B.E,Tier 2 (Top State/Private),Data Science & AI/ML,Tier 1 Tech Hub (Bengaluru/NCR/Hyd),0,2,133.0,0,0,0,1,0,1,0,0,2,12.81,Junior Associate
CP-3328,2.2,B.Tech/B.E,Tier 2 (Top State/Private),Full Stack Web,Tier 2 City,3,8,56.0,0,1,1,0,0,0,0,0,2,14.19,Junior Associate
CP-3329,0.1,B.Tech/B.E,Tier 3 (Affiliated Colleges),Data Science & AI/ML,Remote Global,1,3,,2,0,0,1,0,0,1,0,2,18.41,Job-Ready Mid-Level
CP-3330,0.7,Non-CS Degree,Tier 3 (Affiliated Colleges),Full Stack Web,Tier 1 Tech Hub (Bengaluru/NCR/Hyd),2,3,69.0,0,0,1,0,0,1,0,1,3,15.94,Job-Ready Mid-Level
CP-3331,0.1,B.Tech/B.E,Tier 3 (Affiliated Colleges),Data Science & AI/ML,Tier 2 City,0,1,339.0,1,1,1,0,0,1,0,0,3,10.14,Junior Associate
CP-3332,2.0,M.Tech/M.S,Tier 2 (Top State/Private),Full Stack Web,Tier 2 City,1,5,0.0,1,1,1,1,1,0,0,0,4,13.8,Junior Associate
CP-3333,2.6,B.Tech/B.E,Tier 3 (Affiliated Colleges),Full Stack Web,Remote Global,3,6,47.0,1,0,1,0,1,0,0,0,2,22.36,Job-Ready Mid-Level
CP-3334,0.3,M.Tech/M.S,Tier 2 (Top State/Private),Full Stack Web,Tier 2 City,0,3,125.0,2,1,1,0,0,1,0,0,3,9.96,Junior Associate
CP-3335,1.1,BCA/B.Sc CS,Tier 2 (Top State/Private),Cloud & DevOps,Remote Global,0,3,137.0,0,0,1,1,0,0,0,0,2,15.07,Job-Ready Mid-Level
CP-3336,1.3,MCA,Tier 3 (Affiliated Colleges),Backend Systems,Tier 1 Tech Hub (Bengaluru/NCR/Hyd),1,3,145.0,1,1,1,1,1,0,0,0,4,16.42,Job-Ready Mid-Level
CP-3337,1.0,B.Tech/B.E,Tier 3 (Affiliated Colleges),Full Stack Web,Tier 1 Tech Hub (Bengaluru/NCR/Hyd),1,3,228.0,2,1,1,1,1,1,1,1,7,24.23,High-Demand Specialist
CP-3338,0.3,BCA/B.Sc CS,Tier 2 (Top State/Private),Data Science & AI/ML,Tier 1 Tech Hub (Bengaluru/NCR/Hyd),0,4,120.0,2,1,1,1,0,0,0,0,3,10.55,Junior Associate
CP-3339,1.2,BCA/B.Sc CS,Tier 2 (Top State/Private),Data Science & AI/ML,Tier 1 Tech Hub (Bengaluru/NCR/Hyd),2,3,136.0,1,0,1,0,1,0,1,1,4,23.17,Job-Ready Mid-Level
CP-3340,3.1,B.Tech/B.E,Tier 3 (Affiliated Colleges),Data Analytics & BI,Tier 1 Tech Hub (Bengaluru/NCR/Hyd),3,7,43.0,1,1,1,0,0,0,1,0,3,19.71,Job-Ready Mid-Level
CP-3341,0.2,B.Tech/B.E,Tier 2 (Top State/Private),Cloud & DevOps,Tier 2 City,1,3,50.0,1,0,0,0,0,1,1,1,3,12.9,Junior Associate
CP-3342,0.2,B.Tech/B.E,Tier 3 (Affiliated Colleges),Full Stack Web,Tier 2 City,2,5,27.0,2,1,0,1,0,0,1,0,3,11.44,Junior Associate
CP-3343,1.0,B.Tech/B.E,Tier 3 (Affiliated Colleges),Data Science & AI/ML,Tier 2 City,2,3,139.0,1,0,1,0,0,1,0,1,3,15.21,Job-Ready Mid-Level
CP-3344,6.3,MCA,Tier 1 (IIT/NIT/BITS),Full Stack Web,Tier 1 Tech Hub (Bengaluru/NCR/Hyd),1,5,63.0,0,1,0,1,0,0,0,0,2,27.14,High-Demand Specialist
CP-3345,2.4,B.Tech/B.E,Tier 3 (Affiliated Colleges),Data Science & AI/ML,Tier 1 Tech Hub (Bengaluru/NCR/Hyd),0,2,2.0,0,0,0,1,0,0,0,0,1,11.42,Junior Associate
CP-3346,2.5,B.Tech/B.E,Tier 3 (Affiliated Colleges),Backend Systems,Tier 1 Tech Hub (Bengaluru/NCR/Hyd),0,4,0.0,1,0,1,0,0,0,0,0,1,14.08,Junior Associate
CP-3347,1.0,M.Tech/M.S,Tier 3 (Affiliated Colleges),Backend Systems,Tier 1 Tech Hub (Bengaluru/NCR/Hyd),0,3,236.0,1,1,1,1,0,0,1,0,4,16.19,Job-Ready Mid-Level
CP-3348,2.0,B.Tech/B.E,Tier 3 (Affiliated Colleges),Data Science & AI/ML,Tier 1 Tech Hub (Bengaluru/NCR/Hyd),0,4,8.0,1,1,0,0,1,1,0,0,3,15.26,Job-Ready Mid-Level
CP-3349,0.0,B.Tech/B.E,Tier 3 (Affiliated Colleges),Full Stack Web,Tier 1 Tech Hub (Bengaluru/NCR/Hyd),0,5,0.0,1,1,1,0,0,0,0,0,2,7.73,Entry-Level Learner
CP-3350,2.2,B.Tech/B.E,Tier 1 (IIT/NIT/BITS),Data Science & AI/ML,Tier 1 Tech Hub (Bengaluru/NCR/Hyd),1,6,48.0,0,1,1,0,0,0,0,1,3,22.15,Job-Ready Mid-Level
CP-3351,5.4,Non-CS Degree,Tier 2 (Top State/Private),Full Stack Web,Tier 2 City,0,3,28.0,0,1,1,1,0,1,1,1,6,22.67,Job-Ready Mid-Level
CP-3352,2.1,MCA,Tier 3 (Affiliated Colleges),Backend Systems,Tier 1 Tech Hub (Bengaluru/NCR/Hyd),0,2,69.0,1,0,1,0,0,1,1,0,3,16.26,Job-Ready Mid-Level
CP-3353,4.6,MCA,Tier 2 (Top State/Private),Full Stack Web,Remote Global,1,3,16.0,0,1,1,1,0,0,0,0,3,24.41,High-Demand Specialist
CP-3354,2.8,B.Tech/B.E,Tier 1 (IIT/NIT/BITS),Full Stack Web,Tier 1 Tech Hub (Bengaluru/NCR/Hyd),0,1,26.0,3,1,0,0,0,0,0,0,1,14.84,Junior Associate
CP-3355,0.3,M.Tech/M.S,Tier 3 (Affiliated Colleges),Data Science & AI/ML,Remote Global,2,5,138.0,0,1,1,0,1,1,0,0,4,20.39,Job-Ready Mid-Level
CP-3356,5.1,B.Tech/B.E,Tier 3 (Affiliated Colleges),Data Analytics & BI,Tier 1 Tech Hub (Bengaluru/NCR/Hyd),0,3,123.0,1,1,1,1,1,0,1,0,5,28.06,High-Demand Specialist
CP-3357,0.2,B.Tech/B.E,Tier 2 (Top State/Private),Cloud & DevOps,Tier 1 Tech Hub (Bengaluru/NCR/Hyd),2,3,0.0,0,1,1,0,1,0,1,1,5,17.37,Job-Ready Mid-Level
CP-3358,1.7,B.Tech/B.E,Tier 3 (Affiliated Colleges),Full Stack Web,Tier 1 Tech Hub (Bengaluru/NCR/Hyd),3,3,142.0,0,1,0,0,0,0,1,0,2,17.81,Job-Ready Mid-Level
CP-3359,0.3,BCA/B.Sc CS,Tier 3 (Affiliated Colleges),Data Science & AI/ML,Tier 2 City,1,4,117.0,0,0,0,0,1,0,0,0,1,7.7,Entry-Level Learner
CP-3360,0.0,B.Tech/B.E,Tier 2 (Top State/Private),Full Stack Web,Tier 1 Tech Hub (Bengaluru/NCR/Hyd),1,3,126.0,1,1,1,0,1,0,1,0,4,16.83,Job-Ready Mid-Level
CP-3361,1.2,B.Tech/B.E,Tier 3 (Affiliated Colleges),Backend Systems,Tier 1 Tech Hub (Bengaluru/NCR/Hyd),3,8,55.0,1,1,0,1,1,0,1,0,4,19.83,Job-Ready Mid-Level
CP-3362,0.8,B.Tech/B.E,Tier 2 (Top State/Private),Full Stack Web,Remote Global,0,6,,0,1,1,1,0,1,0,0,4,18.81,Job-Ready Mid-Level
CP-3363,1.5,B.Tech/B.E,Tier 2 (Top State/Private),Full Stack Web,Tier 1 Tech Hub (Bengaluru/NCR/Hyd),3,10,148.0,0,1,0,1,0,0,1,0,3,22.82,Job-Ready Mid-Level
CP-3364,1.9,M.Tech/M.S,Tier 2 (Top State/Private),Full Stack Web,Tier 1 Tech Hub (Bengaluru/NCR/Hyd),2,6,54.0,1,1,1,1,0,0,0,1,4,21.11,Job-Ready Mid-Level
CP-3365,0.1,B.Tech/B.E,Tier 2 (Top State/Private),Data Analytics & BI,Tier 1 Tech Hub (Bengaluru/NCR/Hyd),1,4,7.0,1,0,0,1,1,0,0,0,2,11.43,Junior Associate
CP-3366,0.3,M.Tech/M.S,Tier 2 (Top State/Private),Full Stack Web,Tier 2 City,1,7,36.0,0,1,0,0,0,0,1,0,2,11.74,Junior Associate
CP-3367,1.8,B.Tech/B.E,Tier 3 (Affiliated Colleges),Data Science & AI/ML,Tier 1 Tech Hub (Bengaluru/NCR/Hyd),1,6,147.0,2,1,0,1,0,1,0,0,3,17.16,Job-Ready Mid-Level
CP-3368,0.9,M.Tech/M.S,Tier 3 (Affiliated Colleges),Cloud & DevOps,Tier 1 Tech Hub (Bengaluru/NCR/Hyd),1,3,38.0,0,1,1,0,0,0,1,0,3,13.01,Junior Associate
CP-3369,2.9,BCA/B.Sc CS,Tier 2 (Top State/Private),Cloud & DevOps,Tier 1 Tech Hub (Bengaluru/NCR/Hyd),1,7,60.0,2,1,0,0,0,0,0,0,1,14.53,Junior Associate
CP-3370,2.3,B.Tech/B.E,Tier 3 (Affiliated Colleges),Data Analytics & BI,Tier 1 Tech Hub (Bengaluru/NCR/Hyd),1,7,249.0,0,1,1,0,0,0,0,1,3,21.74,Job-Ready Mid-Level
CP-3371,4.1,B.Tech/B.E,Tier 2 (Top State/Private),Backend Systems,Tier 2 City,0,1,212.0,1,1,1,0,0,0,0,0,2,15.55,Job-Ready Mid-Level
CP-3372,2.6,BCA/B.Sc CS,Tier 1 (IIT/NIT/BITS),Full Stack Web,Tier 1 Tech Hub (Bengaluru/NCR/Hyd),1,3,48.0,0,1,0,0,1,0,0,0,2,18.21,Job-Ready Mid-Level
CP-3373,1.2,MCA,Tier 3 (Affiliated Colleges),Data Science & AI/ML,Tier 1 Tech Hub (Bengaluru/NCR/Hyd),1,5,27.0,1,1,0,1,0,0,1,0,3,14.5,Junior Associate
CP-3374,2.5,B.Tech/B.E,Tier 1 (IIT/NIT/BITS),Backend Systems,Tier 1 Tech Hub (Bengaluru/NCR/Hyd),0,4,118.0,1,0,1,1,1,0,0,0,3,22.44,Job-Ready Mid-Level
CP-3375,0.7,B.Tech/B.E,Tier 2 (Top State/Private),Full Stack Web,Tier 1 Tech Hub (Bengaluru/NCR/Hyd),0,1,34.0,0,1,1,1,1,0,0,0,4,13.6,Junior Associate
CP-3376,0.8,MCA,Tier 3 (Affiliated Colleges),Cloud & DevOps,Tier 1 Tech Hub (Bengaluru/NCR/Hyd),0,1,115.0,0,1,0,0,0,0,0,0,1,6.94,Entry-Level Learner
CP-3377,3.4,BCA/B.Sc CS,Tier 2 (Top State/Private),Cloud & DevOps,Tier 1 Tech Hub (Bengaluru/NCR/Hyd),1,4,,0,0,0,0,1,0,1,0,2,22.29,Job-Ready Mid-Level
CP-3378,1.3,B.Tech/B.E,Tier 3 (Affiliated Colleges),Full Stack Web,Tier 1 Tech Hub (Bengaluru/NCR/Hyd),1,3,62.0,1,1,1,1,0,1,0,1,5,17.67,Job-Ready Mid-Level
CP-3379,3.5,B.Tech/B.E,Tier 2 (Top State/Private),Data Science & AI/ML,Remote Global,0,6,12.0,2,1,0,0,1,0,0,0,2,21.14,Job-Ready Mid-Level
CP-3380,3.8,B.Tech/B.E,Tier 1 (IIT/NIT/BITS),Data Analytics & BI,Tier 1 Tech Hub (Bengaluru/NCR/Hyd),3,5,7.0,0,1,0,0,0,0,0,1,2,25.26,High-Demand Specialist
CP-3381,4.3,BCA/B.Sc CS,Tier 2 (Top State/Private),Data Analytics & BI,Tier 1 Tech Hub (Bengaluru/NCR/Hyd),2,4,122.0,1,0,1,0,0,0,1,1,3,28.41,High-Demand Specialist
CP-3382,5.5,B.Tech/B.E,Tier 2 (Top State/Private),Cloud & DevOps,Tier 1 Tech Hub (Bengaluru/NCR/Hyd),1,4,44.0,0,1,1,0,1,1,0,0,4,27.17,High-Demand Specialist
CP-3383,1.2,Non-CS Degree,Tier 2 (Top State/Private),Full Stack Web,Tier 1 Tech Hub (Bengaluru/NCR/Hyd),0,4,57.0,0,1,0,0,0,0,0,0,1,10.02,Junior Associate
CP-3384,0.8,B.Tech/B.E,Tier 2 (Top State/Private),Data Science & AI/ML,Remote Global,1,5,26.0,0,1,1,0,1,0,0,0,3,15.21,Job-Ready Mid-Level
CP-3385,1.9,B.Tech/B.E,Tier 3 (Affiliated Colleges),Data Science & AI/ML,Tier 1 Tech Hub (Bengaluru/NCR/Hyd),1,2,23.0,0,1,1,0,0,0,1,0,3,14.55,Junior Associate
CP-3386,1.0,BCA/B.Sc CS,Tier 3 (Affiliated Colleges),Full Stack Web,Tier 1 Tech Hub (Bengaluru/NCR/Hyd),3,5,61.0,0,0,1,1,0,1,0,0,3,16.36,Job-Ready Mid-Level
CP-3387,2.0,MCA,Tier 2 (Top State/Private),Full Stack Web,Tier 2 City,1,9,50.0,2,0,0,1,0,1,1,1,4,19.93,Job-Ready Mid-Level
CP-3388,2.7,M.Tech/M.S,Tier 2 (Top State/Private),Backend Systems,Tier 1 Tech Hub (Bengaluru/NCR/Hyd),1,4,106.0,3,1,0,1,0,0,0,0,2,19.01,Job-Ready Mid-Level
CP-3389,2.6,B.Tech/B.E,Tier 2 (Top State/Private),Data Analytics & BI,Tier 1 Tech Hub (Bengaluru/NCR/Hyd),2,5,27.0,2,1,0,0,1,1,1,0,4,22.73,Job-Ready Mid-Level
CP-3390,1.0,M.Tech/M.S,Tier 3 (Affiliated Colleges),Cloud & DevOps,Tier 1 Tech Hub (Bengaluru/NCR/Hyd),0,3,4.0,3,0,1,1,0,1,1,0,4,14.29,Junior Associate
CP-3391,0.4,BCA/B.Sc CS,Tier 3 (Affiliated Colleges),Full Stack Web,Tier 1 Tech Hub (Bengaluru/NCR/Hyd),0,2,114.0,1,1,0,0,0,0,0,1,2,9.98,Junior Associate
CP-3392,1.2,B.Tech/B.E,Tier 2 (Top State/Private),Data Science & AI/ML,Tier 2 City,1,4,,0,0,1,0,1,0,0,0,2,12.25,Junior Associate
CP-3393,0.3,B.Tech/B.E,Tier 3 (Affiliated Colleges),Backend Systems,Tier 1 Tech Hub (Bengaluru/NCR/Hyd),0,3,125.0,1,1,1,0,0,0,0,0,2,7.81,Entry-Level Learner
CP-3394,4.9,B.Tech/B.E,Tier 2 (Top State/Private),Full Stack Web,Tier 1 Tech Hub (Bengaluru/NCR/Hyd),0,5,24.0,1,1,0,1,0,1,1,0,4,26.29,High-Demand Specialist
CP-3395,0.9,B.Tech/B.E,Tier 1 (IIT/NIT/BITS),Data Science & AI/ML,Tier 1 Tech Hub (Bengaluru/NCR/Hyd),1,8,0.0,1,1,1,1,0,0,0,0,3,15.95,Job-Ready Mid-Level
CP-3396,0.4,MCA,Tier 1 (IIT/NIT/BITS),Full Stack Web,Tier 1 Tech Hub (Bengaluru/NCR/Hyd),0,5,26.0,1,1,1,1,0,1,0,1,5,18.86,Job-Ready Mid-Level
CP-3397,0.1,B.Tech/B.E,Tier 2 (Top State/Private),Backend Systems,Remote Global,1,4,232.0,1,1,1,0,1,1,0,0,4,19.77,Job-Ready Mid-Level
CP-3398,2.3,Non-CS Degree,Tier 2 (Top State/Private),Backend Systems,Tier 1 Tech Hub (Bengaluru/NCR/Hyd),2,4,207.0,1,0,0,1,0,0,0,0,1,18.01,Job-Ready Mid-Level
CP-3399,2.2,B.Tech/B.E,Tier 1 (IIT/NIT/BITS),Data Science & AI/ML,Remote Global,0,3,220.0,0,1,1,1,1,0,1,1,6,33.81,High-Demand Specialist
CP-3400,0.9,BCA/B.Sc CS,Tier 3 (Affiliated Colleges),Backend Systems,Tier 1 Tech Hub (Bengaluru/NCR/Hyd),0,4,0.0,1,1,0,0,1,1,0,0,3,9.48,Junior Associate
CP-3401,0.2,B.Tech/B.E,Tier 2 (Top State/Private),Data Science & AI/ML,Tier 2 City,0,3,227.0,0,1,1,0,1,1,0,0,4,10.68,Junior Associate
CP-3402,1.2,B.Tech/B.E,Tier 2 (Top State/Private),Data Science & AI/ML,Tier 1 Tech Hub (Bengaluru/NCR/Hyd),0,5,234.0,0,1,1,0,1,1,0,0,4,18.58,Job-Ready Mid-Level
CP-3403,0.8,B.Tech/B.E,Tier 2 (Top State/Private),Data Analytics & BI,Tier 1 Tech Hub (Bengaluru/NCR/Hyd),0,4,22.0,2,1,1,0,1,0,0,0,3,12.8,Junior Associate
CP-3404,2.5,B.Tech/B.E,Tier 2 (Top State/Private),Backend Systems,Remote Global,0,3,37.0,1,0,1,0,1,1,0,0,3,21.52,Job-Ready Mid-Level
CP-3405,2.0,BCA/B.Sc CS,Tier 2 (Top State/Private),Cloud & DevOps,Remote Global,1,7,30.0,2,1,0,1,0,1,0,0,3,17.36,Job-Ready Mid-Level
CP-3406,1.0,B.Tech/B.E,Tier 2 (Top State/Private),Cloud & DevOps,Tier 1 Tech Hub (Bengaluru/NCR/Hyd),0,4,0.0,1,0,1,1,0,0,1,1,4,18.66,Job-Ready Mid-Level
CP-3407,0.5,M.Tech/M.S,Tier 2 (Top State/Private),Data Analytics & BI,Tier 1 Tech Hub (Bengaluru/NCR/Hyd),1,5,41.0,0,1,1,1,0,0,0,0,3,15.93,Job-Ready Mid-Level
CP-3408,9.5,B.Tech/B.E,Tier 2 (Top State/Private),Data Analytics & BI,Tier 1 Tech Hub (Bengaluru/NCR/Hyd),2,4,212.0,2,1,0,1,1,0,0,0,3,39.99,High-Demand Specialist
CP-3409,1.3,B.Tech/B.E,Tier 2 (Top State/Private),Backend Systems,Remote Global,2,5,213.0,0,1,1,1,1,0,1,0,5,26.78,High-Demand Specialist
CP-3410,2.6,B.Tech/B.E,Tier 1 (IIT/NIT/BITS),Cloud & DevOps,Tier 1 Tech Hub (Bengaluru/NCR/Hyd),1,8,238.0,2,0,1,0,1,0,0,0,2,25.65,High-Demand Specialist
CP-3411,0.3,Non-CS Degree,Tier 3 (Affiliated Colleges),Backend Systems,Tier 2 City,0,5,41.0,1,1,1,0,0,1,0,1,4,10.13,Junior Associate
CP-3412,1.5,M.Tech/M.S,Tier 3 (Affiliated Colleges),Backend Systems,Tier 2 City,1,3,67.0,2,0,1,1,0,0,1,1,4,15.59,Job-Ready Mid-Level
CP-3413,0.1,B.Tech/B.E,Tier 1 (IIT/NIT/BITS),Data Science & AI/ML,Tier 2 City,1,7,154.0,2,1,1,0,1,0,1,0,4,15.18,Job-Ready Mid-Level
CP-3414,1.5,B.Tech/B.E,Tier 2 (Top State/Private),Data Analytics & BI,Tier 1 Tech Hub (Bengaluru/NCR/Hyd),0,3,46.0,0,0,1,1,0,1,1,0,4,18.0,Job-Ready Mid-Level
CP-3415,7.3,B.Tech/B.E,Tier 1 (IIT/NIT/BITS),Full Stack Web,Tier 1 Tech Hub (Bengaluru/NCR/Hyd),2,6,0.0,2,1,1,1,1,0,0,0,4,36.12,High-Demand Specialist
CP-3416,1.1,Non-CS Degree,Tier 2 (Top State/Private),Full Stack Web,Remote Global,0,7,145.0,1,1,1,0,0,1,0,0,3,16.29,Job-Ready Mid-Level
CP-3417,0.1,BCA/B.Sc CS,Tier 2 (Top State/Private),Cloud & DevOps,Tier 2 City,0,4,64.0,0,1,0,0,0,0,0,0,1,5.34,Entry-Level Learner
CP-3418,0.1,B.Tech/B.E,Tier 2 (Top State/Private),Data Science & AI/ML,Tier 2 City,2,5,13.0,2,1,1,0,1,0,0,0,3,11.36,Junior Associate
CP-3419,1.1,BCA/B.Sc CS,Tier 2 (Top State/Private),Full Stack Web,Tier 1 Tech Hub (Bengaluru/NCR/Hyd),2,3,23.0,2,1,0,0,0,0,1,0,2,13.47,Junior Associate
CP-3420,0.4,B.Tech/B.E,Tier 3 (Affiliated Colleges),Backend Systems,Tier 2 City,0,3,231.0,0,1,1,1,0,0,0,0,3,11.26,Junior Associate
CP-3421,0.1,Non-CS Degree,Tier 2 (Top State/Private),Data Science & AI/ML,Tier 1 Tech Hub (Bengaluru/NCR/Hyd),1,2,63.0,2,1,1,0,0,0,0,1,3,10.22,Junior Associate
CP-3422,3.1,B.Tech/B.E,Tier 2 (Top State/Private),Full Stack Web,Tier 1 Tech Hub (Bengaluru/NCR/Hyd),1,6,64.0,1,1,0,1,0,1,0,0,3,21.16,Job-Ready Mid-Level
CP-3423,1.3,BCA/B.Sc CS,Tier 2 (Top State/Private),Backend Systems,Tier 2 City,1,3,371.0,0,1,0,1,1,0,0,1,4,16.55,Job-Ready Mid-Level
CP-3424,0.8,B.Tech/B.E,Tier 3 (Affiliated Colleges),Full Stack Web,Tier 1 Tech Hub (Bengaluru/NCR/Hyd),0,3,27.0,1,0,0,1,1,0,1,0,3,13.99,Junior Associate
CP-3425,5.1,M.Tech/M.S,Tier 3 (Affiliated Colleges),Full Stack Web,Tier 2 City,1,4,3.0,1,1,1,0,1,0,1,1,5,22.58,Job-Ready Mid-Level
CP-3426,0.3,M.Tech/M.S,Tier 2 (Top State/Private),Full Stack Web,Tier 1 Tech Hub (Bengaluru/NCR/Hyd),3,6,58.0,1,0,1,0,1,1,1,1,5,24.52,High-Demand Specialist
CP-3427,6.9,BCA/B.Sc CS,Tier 3 (Affiliated Colleges),Full Stack Web,Tier 1 Tech Hub (Bengaluru/NCR/Hyd),0,3,0.0,1,0,1,0,1,0,1,1,4,29.45,High-Demand Specialist
CP-3428,0.8,BCA/B.Sc CS,Tier 2 (Top State/Private),Cloud & DevOps,Tier 1 Tech Hub (Bengaluru/NCR/Hyd),2,8,5.0,2,1,0,1,0,0,0,0,2,11.61,Junior Associate
CP-3429,4.8,MCA,Tier 3 (Affiliated Colleges),Data Analytics & BI,Tier 1 Tech Hub (Bengaluru/NCR/Hyd),3,4,206.0,2,1,1,1,1,0,0,0,4,28.76,High-Demand Specialist
CP-3430,2.0,B.Tech/B.E,Tier 3 (Affiliated Colleges),Full Stack Web,Tier 1 Tech Hub (Bengaluru/NCR/Hyd),0,7,34.0,0,1,0,1,1,0,0,0,3,15.28,Job-Ready Mid-Level
CP-3431,3.9,B.Tech/B.E,Tier 2 (Top State/Private),Data Analytics & BI,Tier 2 City,2,8,146.0,0,1,1,0,1,0,1,0,4,20.92,Job-Ready Mid-Level
CP-3432,9.1,B.Tech/B.E,Tier 3 (Affiliated Colleges),Full Stack Web,Tier 2 City,0,2,41.0,0,1,0,1,1,1,1,1,6,28.33,High-Demand Specialist
CP-3433,0.7,Non-CS Degree,Tier 2 (Top State/Private),Full Stack Web,Tier 1 Tech Hub (Bengaluru/NCR/Hyd),1,4,0.0,1,0,1,1,0,0,0,0,2,10.85,Junior Associate
CP-3434,7.1,B.Tech/B.E,Tier 2 (Top State/Private),Cloud & DevOps,Tier 1 Tech Hub (Bengaluru/NCR/Hyd),2,3,51.0,3,0,1,1,0,0,0,0,2,29.43,High-Demand Specialist
CP-3435,1.1,M.Tech/M.S,Tier 2 (Top State/Private),Data Analytics & BI,Tier 2 City,0,2,0.0,0,0,1,1,0,1,0,0,3,11.93,Junior Associate
CP-3436,1.1,BCA/B.Sc CS,Tier 3 (Affiliated Colleges),Cloud & DevOps,Tier 2 City,1,3,74.0,0,1,1,1,1,0,0,0,4,10.94,Junior Associate
CP-3437,0.9,B.Tech/B.E,Tier 2 (Top State/Private),Data Science & AI/ML,Tier 2 City,2,5,60.0,3,0,0,1,0,1,1,0,3,15.14,Job-Ready Mid-Level
CP-3438,1.7,B.Tech/B.E,Tier 1 (IIT/NIT/BITS),Data Science & AI/ML,Tier 2 City,1,5,17.0,1,1,1,0,1,0,0,1,4,18.26,Job-Ready Mid-Level
CP-3439,0.4,B.Tech/B.E,Tier 3 (Affiliated Colleges),Full Stack Web,Tier 1 Tech Hub (Bengaluru/NCR/Hyd),0,3,126.0,0,0,1,0,1,1,0,1,4,18.28,Job-Ready Mid-Level
CP-3440,1.8,B.Tech/B.E,Tier 2 (Top State/Private),Full Stack Web,Tier 1 Tech Hub (Bengaluru/NCR/Hyd),0,1,33.0,0,1,1,0,0,0,1,0,3,14.25,Junior Associate
CP-3441,1.7,B.Tech/B.E,Tier 1 (IIT/NIT/BITS),Cloud & DevOps,Tier 1 Tech Hub (Bengaluru/NCR/Hyd),1,2,59.0,3,1,1,0,0,0,1,1,4,20.94,Job-Ready Mid-Level
CP-3442,3.2,B.Tech/B.E,Tier 2 (Top State/Private),Data Science & AI/ML,Tier 1 Tech Hub (Bengaluru/NCR/Hyd),3,6,138.0,1,1,0,1,1,0,0,0,3,26.28,High-Demand Specialist
CP-3443,3.9,MCA,Tier 2 (Top State/Private),Data Analytics & BI,Tier 2 City,2,6,42.0,1,1,1,1,0,0,1,0,4,16.16,Job-Ready Mid-Level
CP-3444,1.3,Non-CS Degree,Tier 2 (Top State/Private),Data Science & AI/ML,Tier 1 Tech Hub (Bengaluru/NCR/Hyd),1,2,240.0,1,1,1,1,0,0,0,1,4,17.34,Job-Ready Mid-Level
CP-3445,0.8,B.Tech/B.E,Tier 1 (IIT/NIT/BITS),Full Stack Web,Remote Global,1,3,107.0,1,0,1,1,0,1,0,0,3,20.54,Job-Ready Mid-Level
CP-3446,0.7,B.Tech/B.E,Tier 3 (Affiliated Colleges),Full Stack Web,Tier 2 City,0,2,378.0,1,1,1,0,0,1,1,0,4,13.63,Junior Associate
CP-3447,0.5,B.Tech/B.E,Tier 3 (Affiliated Colleges),Data Science & AI/ML,Remote Global,0,3,40.0,0,1,0,0,1,0,0,0,2,10.5,Junior Associate
CP-3448,0.1,BCA/B.Sc CS,Tier 2 (Top State/Private),Backend Systems,Remote Global,1,5,215.0,1,1,1,1,1,0,0,1,5,20.83,Job-Ready Mid-Level
CP-3449,0.9,MCA,Tier 2 (Top State/Private),Data Science & AI/ML,Tier 1 Tech Hub (Bengaluru/NCR/Hyd),1,5,114.0,2,1,1,1,0,1,1,0,5,21.64,Job-Ready Mid-Level
CP-3450,0.7,B.Tech/B.E,Tier 2 (Top State/Private),Full Stack Web,Tier 2 City,1,4,146.0,2,1,0,0,0,1,1,0,3,12.65,Junior Associate
CP-3451,7.5,B.Tech/B.E,Tier 3 (Affiliated Colleges),Data Analytics & BI,Tier 1 Tech Hub (Bengaluru/NCR/Hyd),3,11,225.0,1,0,1,1,1,0,0,0,3,35.38,High-Demand Specialist
CP-3452,1.8,M.Tech/M.S,Tier 1 (IIT/NIT/BITS),Cloud & DevOps,Tier 1 Tech Hub (Bengaluru/NCR/Hyd),1,6,49.0,1,1,1,0,1,0,0,1,4,22.98,Job-Ready Mid-Level
CP-3453,0.9,BCA/B.Sc CS,Tier 2 (Top State/Private),Full Stack Web,Tier 2 City,1,6,239.0,0,0,0,0,0,0,0,0,0,9.34,Junior Associate
CP-3454,1.9,B.Tech/B.E,Tier 3 (Affiliated Colleges),Full Stack Web,Tier 1 Tech Hub (Bengaluru/NCR/Hyd),0,1,30.0,0,1,1,0,0,1,0,0,3,12.41,Junior Associate
CP-3455,0.3,BCA/B.Sc CS,Tier 2 (Top State/Private),Cloud & DevOps,Remote Global,3,4,70.0,2,0,1,0,0,0,0,1,2,17.47,Job-Ready Mid-Level
CP-3456,1.3,B.Tech/B.E,Tier 2 (Top State/Private),Backend Systems,Tier 2 City,2,3,68.0,0,1,1,1,0,0,1,1,5,16.25,Job-Ready Mid-Level
CP-3457,2.2,B.Tech/B.E,Tier 3 (Affiliated Colleges),Backend Systems,Tier 2 City,2,7,0.0,0,1,1,1,1,1,0,1,6,18.55,Job-Ready Mid-Level
CP-3458,1.5,M.Tech/M.S,Tier 3 (Affiliated Colleges),Full Stack Web,Tier 1 Tech Hub (Bengaluru/NCR/Hyd),1,7,58.0,1,1,0,0,0,0,0,0,1,12.62,Junior Associate
CP-3459,1.1,M.Tech/M.S,Tier 2 (Top State/Private),Backend Systems,Tier 2 City,1,5,375.0,1,1,1,0,1,0,1,1,5,20.47,Job-Ready Mid-Level
CP-3460,9.5,B.Tech/B.E,Tier 3 (Affiliated Colleges),Data Science & AI/ML,Tier 1 Tech Hub (Bengaluru/NCR/Hyd),1,2,150.0,1,1,1,0,0,1,0,0,3,34.05,High-Demand Specialist
CP-3461,4.7,Non-CS Degree,Tier 1 (IIT/NIT/BITS),Data Science & AI/ML,Tier 2 City,0,2,105.0,1,1,0,1,0,1,1,1,5,22.66,Job-Ready Mid-Level
CP-3462,2.1,B.Tech/B.E,Tier 3 (Affiliated Colleges),Data Analytics & BI,Tier 1 Tech Hub (Bengaluru/NCR/Hyd),1,4,107.0,1,0,1,0,1,0,1,0,3,19.0,Job-Ready Mid-Level
CP-3463,1.9,M.Tech/M.S,Tier 2 (Top State/Private),Data Science & AI/ML,Tier 2 City,2,6,62.0,0,1,1,1,1,1,0,0,5,17.97,Job-Ready Mid-Level
CP-3464,2.1,B.Tech/B.E,Tier 3 (Affiliated Colleges),Data Science & AI/ML,Tier 1 Tech Hub (Bengaluru/NCR/Hyd),0,2,11.0,3,1,1,0,0,0,0,0,2,11.45,Junior Associate
CP-3465,0.5,MCA,Tier 3 (Affiliated Colleges),Data Science & AI/ML,Tier 1 Tech Hub (Bengaluru/NCR/Hyd),0,3,0.0,2,1,1,0,1,1,0,0,4,12.25,Junior Associate
CP-3466,1.1,MCA,Tier 3 (Affiliated Colleges),Full Stack Web,Tier 1 Tech Hub (Bengaluru/NCR/Hyd),1,3,27.0,0,0,0,0,1,0,0,0,1,11.67,Junior Associate
CP-3467,0.1,B.Tech/B.E,Tier 3 (Affiliated Colleges),Data Analytics & BI,Tier 1 Tech Hub (Bengaluru/NCR/Hyd),0,3,151.0,1,1,0,0,1,1,1,0,4,11.77,Junior Associate
CP-3468,1.4,Non-CS Degree,Tier 2 (Top State/Private),Cloud & DevOps,Tier 2 City,1,6,154.0,0,1,1,0,0,1,0,1,4,15.96,Job-Ready Mid-Level
CP-3469,1.7,MCA,Tier 2 (Top State/Private),Data Science & AI/ML,Tier 1 Tech Hub (Bengaluru/NCR/Hyd),1,5,43.0,1,1,1,0,0,0,0,0,2,13.34,Junior Associate
CP-3470,0.6,M.Tech/M.S,Tier 2 (Top State/Private),Full Stack Web,Tier 1 Tech Hub (Bengaluru/NCR/Hyd),0,4,3.0,1,1,0,0,0,0,0,0,1,9.48,Junior Associate
CP-3471,7.3,B.Tech/B.E,Tier 3 (Affiliated Colleges),Backend Systems,Tier 1 Tech Hub (Bengaluru/NCR/Hyd),2,7,30.0,0,1,0,0,0,1,1,0,3,31.92,High-Demand Specialist
CP-3472,5.3,M.Tech/M.S,Tier 3 (Affiliated Colleges),Data Analytics & BI,Tier 1 Tech Hub (Bengaluru/NCR/Hyd),1,4,71.0,0,1,0,0,0,0,0,1,2,25.77,High-Demand Specialist
CP-3473,2.8,MCA,Tier 2 (Top State/Private),Full Stack Web,Tier 1 Tech Hub (Bengaluru/NCR/Hyd),2,3,38.0,1,0,0,0,0,0,0,0,0,18.51,Job-Ready Mid-Level
CP-3474,1.7,B.Tech/B.E,Tier 3 (Affiliated Colleges),Backend Systems,Tier 2 City,2,4,29.0,3,1,1,0,0,0,0,1,3,13.18,Junior Associate
CP-3475,4.5,Non-CS Degree,Tier 3 (Affiliated Colleges),Cloud & DevOps,Tier 1 Tech Hub (Bengaluru/NCR/Hyd),2,7,67.0,0,1,1,1,0,0,1,1,5,27.92,High-Demand Specialist
CP-3476,0.3,B.Tech/B.E,Tier 3 (Affiliated Colleges),Data Science & AI/ML,Tier 1 Tech Hub (Bengaluru/NCR/Hyd),0,7,249.0,1,0,1,1,0,0,1,0,3,15.93,Job-Ready Mid-Level
CP-3477,3.4,B.Tech/B.E,Tier 3 (Affiliated Colleges),Data Science & AI/ML,Tier 1 Tech Hub (Bengaluru/NCR/Hyd),0,5,69.0,0,1,0,0,1,0,0,0,2,18.5,Job-Ready Mid-Level
CP-3478,0.3,B.Tech/B.E,Tier 2 (Top State/Private),Data Science & AI/ML,Tier 1 Tech Hub (Bengaluru/NCR/Hyd),0,3,140.0,0,1,1,1,0,0,0,1,4,15.85,Job-Ready Mid-Level
CP-3479,3.5,BCA/B.Sc CS,Tier 1 (IIT/NIT/BITS),Data Analytics & BI,Tier 1 Tech Hub (Bengaluru/NCR/Hyd),1,5,113.0,1,1,1,0,0,1,0,0,3,24.86,High-Demand Specialist
CP-3480,0.7,BCA/B.Sc CS,Tier 1 (IIT/NIT/BITS),Data Science & AI/ML,Tier 1 Tech Hub (Bengaluru/NCR/Hyd),2,4,47.0,1,1,0,1,1,0,0,0,3,16.83,Job-Ready Mid-Level
CP-3481,4.6,B.Tech/B.E,Tier 2 (Top State/Private),Full Stack Web,Tier 2 City,1,4,136.0,1,1,1,0,1,1,0,1,5,22.89,Job-Ready Mid-Level
CP-3482,6.3,Non-CS Degree,Tier 3 (Affiliated Colleges),Data Science & AI/ML,Tier 1 Tech Hub (Bengaluru/NCR/Hyd),2,6,53.0,1,1,1,1,1,1,1,0,6,33.65,High-Demand Specialist
CP-3483,0.4,B.Tech/B.E,Tier 3 (Affiliated Colleges),Backend Systems,Tier 1 Tech Hub (Bengaluru/NCR/Hyd),0,1,29.0,2,1,1,0,0,1,0,1,4,11.62,Junior Associate
CP-3484,1.4,B.Tech/B.E,Tier 3 (Affiliated Colleges),Full Stack Web,Tier 1 Tech Hub (Bengaluru/NCR/Hyd),0,4,12.0,1,1,1,1,1,0,0,0,4,14.44,Junior Associate
CP-3485,8.7,B.Tech/B.E,Tier 3 (Affiliated Colleges),Backend Systems,Tier 2 City,2,6,144.0,2,1,0,0,0,1,0,0,2,26.25,High-Demand Specialist
CP-3486,1.5,BCA/B.Sc CS,Tier 1 (IIT/NIT/BITS),Backend Systems,Remote Global,1,2,35.0,0,0,1,1,1,0,0,0,3,20.78,Job-Ready Mid-Level
CP-3487,4.4,Non-CS Degree,Tier 2 (Top State/Private),Data Science & AI/ML,Tier 1 Tech Hub (Bengaluru/NCR/Hyd),2,2,43.0,2,1,1,0,0,0,0,0,2,17.85,Job-Ready Mid-Level
CP-3488,2.0,BCA/B.Sc CS,Tier 1 (IIT/NIT/BITS),Full Stack Web,Remote Global,0,2,0.0,0,1,1,0,1,0,0,0,3,17.97,Job-Ready Mid-Level
CP-3489,1.0,MCA,Tier 2 (Top State/Private),Data Science & AI/ML,Tier 1 Tech Hub (Bengaluru/NCR/Hyd),3,6,0.0,0,1,0,1,0,1,1,0,4,19.88,Job-Ready Mid-Level
CP-3490,0.7,B.Tech/B.E,Tier 2 (Top State/Private),Backend Systems,Tier 1 Tech Hub (Bengaluru/NCR/Hyd),1,5,106.0,0,1,1,1,0,0,0,1,4,17.68,Job-Ready Mid-Level
CP-3491,0.5,B.Tech/B.E,Tier 1 (IIT/NIT/BITS),Full Stack Web,Tier 1 Tech Hub (Bengaluru/NCR/Hyd),2,6,208.0,1,0,0,1,0,1,0,1,3,23.37,Job-Ready Mid-Level
CP-3492,3.2,B.Tech/B.E,Tier 2 (Top State/Private),Data Science & AI/ML,Tier 1 Tech Hub (Bengaluru/NCR/Hyd),0,5,53.0,0,1,0,1,0,0,1,0,3,19.84,Job-Ready Mid-Level
CP-3493,1.1,B.Tech/B.E,Tier 2 (Top State/Private),Data Science & AI/ML,Tier 1 Tech Hub (Bengaluru/NCR/Hyd),1,4,28.0,0,1,1,1,0,1,0,0,4,17.62,Job-Ready Mid-Level
CP-3494,1.6,B.Tech/B.E,Tier 3 (Affiliated Colleges),Full Stack Web,Tier 1 Tech Hub (Bengaluru/NCR/Hyd),2,9,205.0,1,1,1,1,0,1,0,0,4,20.23,Job-Ready Mid-Level
CP-3495,1.5,BCA/B.Sc CS,Tier 2 (Top State/Private),Backend Systems,Tier 1 Tech Hub (Bengaluru/NCR/Hyd),2,7,132.0,1,0,1,0,0,1,1,0,3,19.8,Job-Ready Mid-Level
CP-3496,1.9,B.Tech/B.E,Tier 2 (Top State/Private),Cloud & DevOps,Tier 1 Tech Hub (Bengaluru/NCR/Hyd),0,3,122.0,1,1,0,1,0,1,1,0,4,18.07,Job-Ready Mid-Level
CP-3497,4.4,M.Tech/M.S,Tier 2 (Top State/Private),Backend Systems,Tier 1 Tech Hub (Bengaluru/NCR/Hyd),0,6,30.0,1,1,1,0,0,0,0,0,2,21.34,Job-Ready Mid-Level
CP-3498,8.7,B.Tech/B.E,Tier 3 (Affiliated Colleges),Full Stack Web,Tier 1 Tech Hub (Bengaluru/NCR/Hyd),1,4,37.0,2,0,1,1,0,0,0,0,2,30.98,High-Demand Specialist
CP-3499,1.2,B.Tech/B.E,Tier 2 (Top State/Private),Data Science & AI/ML,Remote Global,0,3,244.0,2,1,0,0,0,1,0,0,2,16.33,Job-Ready Mid-Level
CP-3500,3.9,BCA/B.Sc CS,Tier 2 (Top State/Private),Backend Systems,Tier 1 Tech Hub (Bengaluru/NCR/Hyd),1,4,30.0,0,1,0,0,0,0,0,0,1,15.47,Job-Ready Mid-Level
CP-3501,3.2,B.Tech/B.E,Tier 3 (Affiliated Colleges),Data Science & AI/ML,Tier 2 City,0,2,153.0,2,1,1,1,1,0,0,1,5,17.55,Job-Ready Mid-Level
CP-3502,1.9,MCA,Tier 2 (Top State/Private),Backend Systems,Tier 2 City,0,2,147.0,0,0,1,0,0,0,0,0,1,12.31,Junior Associate
CP-3503,6.9,BCA/B.Sc CS,Tier 3 (Affiliated Colleges),Full Stack Web,Tier 1 Tech Hub (Bengaluru/NCR/Hyd),1,6,31.0,1,1,0,0,1,0,1,0,3,29.74,High-Demand Specialist
CP-3504,0.5,B.Tech/B.E,Tier 2 (Top State/Private),Data Science & AI/ML,Tier 1 Tech Hub (Bengaluru/NCR/Hyd),1,5,143.0,2,1,0,1,0,1,0,0,3,15.0,Job-Ready Mid-Level
CP-3505,0.3,Non-CS Degree,Tier 2 (Top State/Private),Cloud & DevOps,Tier 1 Tech Hub (Bengaluru/NCR/Hyd),1,1,6.0,1,0,1,0,1,1,0,0,3,12.1,Junior Associate
CP-3506,4.2,B.Tech/B.E,Tier 1 (IIT/NIT/BITS),Backend Systems,Tier 1 Tech Hub (Bengaluru/NCR/Hyd),3,6,134.0,2,1,1,0,0,0,1,0,3,28.7,High-Demand Specialist
CP-3507,1.3,B.Tech/B.E,Tier 3 (Affiliated Colleges),Backend Systems,Tier 1 Tech Hub (Bengaluru/NCR/Hyd),0,3,361.0,2,1,0,1,1,0,1,1,5,22.49,Job-Ready Mid-Level
CP-3508,4.1,BCA/B.Sc CS,Tier 2 (Top State/Private),Data Science & AI/ML,Tier 1 Tech Hub (Bengaluru/NCR/Hyd),1,6,342.0,3,0,0,0,1,1,0,0,2,26.61,High-Demand Specialist
CP-3509,4.9,B.Tech/B.E,Tier 2 (Top State/Private),Data Science & AI/ML,Tier 1 Tech Hub (Bengaluru/NCR/Hyd),0,2,147.0,0,1,1,0,0,0,0,0,2,19.93,Job-Ready Mid-Level
CP-3510,0.1,M.Tech/M.S,Tier 2 (Top State/Private),Cloud & DevOps,Remote Global,1,3,52.0,3,0,1,0,0,1,0,1,3,17.31,Job-Ready Mid-Level
CP-3511,4.7,M.Tech/M.S,Tier 2 (Top State/Private),Cloud & DevOps,Tier 1 Tech Hub (Bengaluru/NCR/Hyd),0,4,106.0,0,0,1,0,1,1,0,0,3,25.69,High-Demand Specialist
CP-3512,1.3,Non-CS Degree,Tier 1 (IIT/NIT/BITS),Data Analytics & BI,Tier 2 City,0,4,124.0,1,0,0,1,0,0,0,0,1,11.75,Junior Associate
CP-3513,1.6,B.Tech/B.E,Tier 3 (Affiliated Colleges),Data Science & AI/ML,Tier 1 Tech Hub (Bengaluru/NCR/Hyd),0,4,0.0,1,1,1,0,0,0,1,0,3,13.34,Junior Associate
CP-3514,2.2,B.Tech/B.E,Tier 3 (Affiliated Colleges),Backend Systems,Remote Global,0,1,0.0,3,1,0,1,0,1,0,1,4,17.66,Job-Ready Mid-Level
CP-3515,5.7,M.Tech/M.S,Tier 2 (Top State/Private),Cloud & DevOps,Tier 1 Tech Hub (Bengaluru/NCR/Hyd),2,6,48.0,0,1,1,1,1,0,0,1,5,34.06,High-Demand Specialist
CP-3516,0.0,B.Tech/B.E,Tier 2 (Top State/Private),Data Analytics & BI,Tier 1 Tech Hub (Bengaluru/NCR/Hyd),1,3,0.0,2,1,1,0,1,1,0,0,4,13.16,Junior Associate
CP-3517,1.4,B.Tech/B.E,Tier 3 (Affiliated Colleges),Full Stack Web,Remote Global,3,4,212.0,3,1,1,1,0,0,0,0,3,22.74,Job-Ready Mid-Level
CP-3518,2.6,B.Tech/B.E,Tier 2 (Top State/Private),Full Stack Web,Tier 2 City,1,4,68.0,2,1,1,0,0,0,0,0,2,11.59,Junior Associate
CP-3519,2.8,B.Tech/B.E,Tier 2 (Top State/Private),Backend Systems,Tier 1 Tech Hub (Bengaluru/NCR/Hyd),0,6,45.0,0,1,1,0,1,1,1,0,5,24.27,High-Demand Specialist
CP-3520,2.6,B.Tech/B.E,Tier 2 (Top State/Private),Cloud & DevOps,Tier 1 Tech Hub (Bengaluru/NCR/Hyd),0,7,46.0,2,1,0,1,1,1,0,0,4,19.71,Job-Ready Mid-Level
CP-3521,0.3,MCA,Tier 3 (Affiliated Colleges),Backend Systems,Tier 2 City,0,3,213.0,1,1,1,0,0,0,0,0,2,8.98,Entry-Level Learner
CP-3522,0.8,MCA,Tier 3 (Affiliated Colleges),Backend Systems,Tier 2 City,0,10,246.0,0,0,0,1,0,1,1,0,3,14.14,Junior Associate
CP-3523,1.0,B.Tech/B.E,Tier 3 (Affiliated Colleges),Cloud & DevOps,Tier 1 Tech Hub (Bengaluru/NCR/Hyd),1,4,27.0,3,0,0,1,0,0,0,0,1,9.98,Junior Associate
CP-3524,3.6,B.Tech/B.E,Tier 1 (IIT/NIT/BITS),Full Stack Web,Tier 1 Tech Hub (Bengaluru/NCR/Hyd),1,2,115.0,0,1,1,1,0,1,0,0,4,25.35,High-Demand Specialist
CP-3525,0.7,B.Tech/B.E,Tier 2 (Top State/Private),Data Science & AI/ML,Tier 2 City,1,6,40.0,0,1,1,0,0,0,0,0,2,10.44,Junior Associate
CP-3526,0.5,MCA,Tier 3 (Affiliated Colleges),Data Science & AI/ML,Tier 1 Tech Hub (Bengaluru/NCR/Hyd),0,3,74.0,0,1,0,1,0,1,0,0,3,9.99,Junior Associate
CP-3527,6.9,B.Tech/B.E,Tier 1 (IIT/NIT/BITS),Data Science & AI/ML,Tier 2 City,0,2,113.0,0,1,1,0,0,0,0,0,2,22.97,Job-Ready Mid-Level
CP-3528,0.0,M.Tech/M.S,Tier 3 (Affiliated Colleges),Data Science & AI/ML,Tier 1 Tech Hub (Bengaluru/NCR/Hyd),0,3,0.0,1,1,1,1,1,0,0,0,4,12.23,Junior Associate
CP-3529,9.5,B.Tech/B.E,Tier 3 (Affiliated Colleges),Data Science & AI/ML,Remote Global,0,6,60.0,2,1,1,1,1,0,0,0,4,40.89,High-Demand Specialist
CP-3530,2.5,BCA/B.Sc CS,Tier 1 (IIT/NIT/BITS),Full Stack Web,Tier 2 City,2,5,66.0,3,0,1,1,0,0,0,0,2,17.04,Job-Ready Mid-Level
CP-3531,3.9,B.Tech/B.E,Tier 3 (Affiliated Colleges),Full Stack Web,Tier 2 City,0,6,0.0,0,1,0,1,0,1,1,1,5,18.4,Job-Ready Mid-Level
CP-3532,0.8,M.Tech/M.S,Tier 2 (Top State/Private),Full Stack Web,Tier 1 Tech Hub (Bengaluru/NCR/Hyd),1,5,0.0,0,0,1,1,0,0,0,1,3,17.83,Job-Ready Mid-Level
CP-3533,0.0,B.Tech/B.E,Tier 3 (Affiliated Colleges),Data Science & AI/ML,Tier 1 Tech Hub (Bengaluru/NCR/Hyd),1,2,28.0,0,1,1,0,1,1,0,1,5,16.04,Job-Ready Mid-Level
CP-3534,2.9,BCA/B.Sc CS,Tier 2 (Top State/Private),Data Science & AI/ML,Tier 1 Tech Hub (Bengaluru/NCR/Hyd),0,3,115.0,1,1,1,0,0,0,0,1,3,19.16,Job-Ready Mid-Level
CP-3535,4.0,B.Tech/B.E,Tier 2 (Top State/Private),Cloud & DevOps,Tier 2 City,2,5,8.0,2,1,1,0,0,0,0,0,2,13.99,Junior Associate
CP-3536,3.0,M.Tech/M.S,Tier 3 (Affiliated Colleges),Full Stack Web,Tier 2 City,1,4,29.0,0,1,1,0,1,0,0,1,4,17.3,Job-Ready Mid-Level
CP-3537,0.3,MCA,Tier 3 (Affiliated Colleges),Full Stack Web,Tier 1 Tech Hub (Bengaluru/NCR/Hyd),0,1,26.0,0,1,0,1,1,0,0,0,3,9.75,Junior Associate
CP-3538,3.1,B.Tech/B.E,Tier 1 (IIT/NIT/BITS),Cloud & DevOps,Tier 2 City,2,3,221.0,2,0,1,0,1,0,1,0,3,23.77,Job-Ready Mid-Level
CP-3539,3.2,MCA,Tier 2 (Top State/Private),Data Analytics & BI,Tier 2 City,0,4,121.0,1,1,0,0,0,1,1,0,3,14.69,Junior Associate
CP-3540,2.4,BCA/B.Sc CS,Tier 2 (Top State/Private),Full Stack Web,Tier 1 Tech Hub (Bengaluru/NCR/Hyd),0,4,354.0,0,1,1,1,0,0,0,0,3,17.9,Job-Ready Mid-Level
CP-3541,3.2,B.Tech/B.E,Tier 2 (Top State/Private),Cloud & DevOps,Tier 1 Tech Hub (Bengaluru/NCR/Hyd),2,4,0.0,2,1,1,0,1,0,0,0,3,20.57,Job-Ready Mid-Level
CP-3542,4.1,B.Tech/B.E,Tier 2 (Top State/Private),Backend Systems,Tier 2 City,1,6,108.0,0,1,0,1,1,0,0,0,3,20.89,Job-Ready Mid-Level
CP-3543,2.1,B.Tech/B.E,Tier 2 (Top State/Private),Data Analytics & BI,Tier 1 Tech Hub (Bengaluru/NCR/Hyd),0,2,0.0,2,1,1,0,0,1,1,0,4,17.55,Job-Ready Mid-Level
CP-3544,0.2,M.Tech/M.S,Tier 2 (Top State/Private),Full Stack Web,Tier 2 City,0,1,127.0,1,1,1,0,0,0,0,0,2,7.23,Entry-Level Learner
CP-3545,1.5,M.Tech/M.S,Tier 1 (IIT/NIT/BITS),Cloud & DevOps,Tier 1 Tech Hub (Bengaluru/NCR/Hyd),2,5,25.0,1,1,0,1,0,0,1,0,3,22.08,Job-Ready Mid-Level
CP-3546,0.2,B.Tech/B.E,Tier 1 (IIT/NIT/BITS),Data Science & AI/ML,Remote Global,0,3,146.0,1,1,1,0,0,1,1,0,4,20.81,Job-Ready Mid-Level
CP-3547,1.2,B.Tech/B.E,Tier 1 (IIT/NIT/BITS),Cloud & DevOps,Tier 1 Tech Hub (Bengaluru/NCR/Hyd),0,2,74.0,0,1,1,0,0,1,1,0,4,18.98,Job-Ready Mid-Level
CP-3548,1.2,M.Tech/M.S,Tier 2 (Top State/Private),Backend Systems,Tier 1 Tech Hub (Bengaluru/NCR/Hyd),1,3,31.0,1,1,0,0,1,1,0,0,3,16.86,Job-Ready Mid-Level
CP-3549,0.2,Non-CS Degree,Tier 3 (Affiliated Colleges),Full Stack Web,Tier 1 Tech Hub (Bengaluru/NCR/Hyd),2,4,108.0,0,0,0,1,1,0,0,0,2,12.31,Junior Associate
CP-3550,0.9,B.Tech/B.E,Tier 1 (IIT/NIT/BITS),Backend Systems,Tier 1 Tech Hub (Bengaluru/NCR/Hyd),0,1,242.0,0,1,1,0,0,1,0,1,4,20.13,Job-Ready Mid-Level
CP-3551,0.3,Non-CS Degree,Tier 3 (Affiliated Colleges),Full Stack Web,Tier 1 Tech Hub (Bengaluru/NCR/Hyd),2,4,0.0,1,0,1,0,0,0,0,0,1,8.65,Entry-Level Learner
CP-3552,3.6,B.Tech/B.E,Tier 3 (Affiliated Colleges),Backend Systems,Tier 1 Tech Hub (Bengaluru/NCR/Hyd),1,4,249.0,0,1,0,0,0,0,0,0,1,19.94,Job-Ready Mid-Level
CP-3553,6.5,B.Tech/B.E,Tier 3 (Affiliated Colleges),Cloud & DevOps,Remote Global,1,2,11.0,1,1,0,0,1,0,0,0,2,26.08,High-Demand Specialist
CP-3554,0.2,MCA,Tier 3 (Affiliated Colleges),Data Science & AI/ML,Remote Global,1,4,138.0,1,1,1,0,1,1,1,0,5,19.44,Job-Ready Mid-Level
CP-3555,6.8,B.Tech/B.E,Tier 3 (Affiliated Colleges),Cloud & DevOps,Tier 1 Tech Hub (Bengaluru/NCR/Hyd),3,4,347.0,0,1,1,0,0,1,1,0,4,37.44,High-Demand Specialist
CP-3556,1.6,B.Tech/B.E,Tier 1 (IIT/NIT/BITS),Data Science & AI/ML,Tier 2 City,0,1,31.0,0,0,1,1,1,1,1,0,5,19.4,Job-Ready Mid-Level
CP-3557,0.8,B.Tech/B.E,Tier 2 (Top State/Private),Data Science & AI/ML,Tier 1 Tech Hub (Bengaluru/NCR/Hyd),0,3,42.0,2,1,1,1,0,1,1,0,5,17.05,Job-Ready Mid-Level
CP-3558,0.2,MCA,Tier 3 (Affiliated Colleges),Data Analytics & BI,Tier 2 City,2,6,35.0,0,1,0,1,0,1,0,0,3,10.37,Junior Associate
CP-3559,1.5,MCA,Tier 2 (Top State/Private),Data Science & AI/ML,Tier 2 City,1,8,29.0,1,1,1,1,1,1,0,1,6,18.26,Job-Ready Mid-Level
CP-3560,3.5,B.Tech/B.E,Tier 3 (Affiliated Colleges),Data Analytics & BI,Tier 1 Tech Hub (Bengaluru/NCR/Hyd),1,3,133.0,0,0,1,0,0,0,0,0,1,18.26,Job-Ready Mid-Level
CP-3561,2.7,B.Tech/B.E,Tier 1 (IIT/NIT/BITS),Full Stack Web,Tier 2 City,1,4,129.0,0,1,1,0,1,1,0,1,5,20.58,Job-Ready Mid-Level
CP-3562,0.1,B.Tech/B.E,Tier 3 (Affiliated Colleges),Data Science & AI/ML,Tier 2 City,1,5,348.0,1,1,1,0,0,0,1,0,3,11.93,Junior Associate
CP-3563,0.2,BCA/B.Sc CS,Tier 2 (Top State/Private),Backend Systems,Tier 1 Tech Hub (Bengaluru/NCR/Hyd),2,4,32.0,2,1,0,1,0,1,0,0,3,11.8,Junior Associate
CP-3564,1.1,B.Tech/B.E,Tier 2 (Top State/Private),Full Stack Web,Remote Global,2,3,70.0,1,1,1,0,1,1,1,1,6,28.11,High-Demand Specialist
CP-3565,0.8,M.Tech/M.S,Tier 2 (Top State/Private),Cloud & DevOps,Remote Global,1,4,65.0,1,1,1,0,0,0,1,0,3,16.29,Job-Ready Mid-Level
CP-3566,0.6,B.Tech/B.E,Tier 3 (Affiliated Colleges),Cloud & DevOps,Tier 1 Tech Hub (Bengaluru/NCR/Hyd),0,6,242.0,1,1,0,0,0,0,0,0,1,11.36,Junior Associate
CP-3567,0.7,B.Tech/B.E,Tier 3 (Affiliated Colleges),Cloud & DevOps,Tier 2 City,1,2,25.0,1,1,0,0,1,1,1,0,4,12.2,Junior Associate
CP-3568,3.6,B.Tech/B.E,Tier 2 (Top State/Private),Backend Systems,Remote Global,1,6,371.0,1,1,1,0,1,0,1,0,4,31.81,High-Demand Specialist
CP-3569,5.8,B.Tech/B.E,Tier 3 (Affiliated Colleges),Cloud & DevOps,Tier 1 Tech Hub (Bengaluru/NCR/Hyd),1,4,35.0,0,0,1,0,0,0,0,0,1,19.91,Job-Ready Mid-Level
CP-3570,1.1,Non-CS Degree,Tier 2 (Top State/Private),Full Stack Web,Tier 1 Tech Hub (Bengaluru/NCR/Hyd),1,6,148.0,1,0,1,1,0,0,0,1,3,16.26,Job-Ready Mid-Level
CP-3571,5.2,B.Tech/B.E,Tier 1 (IIT/NIT/BITS),Backend Systems,Tier 1 Tech Hub (Bengaluru/NCR/Hyd),0,3,56.0,0,1,0,1,0,0,1,1,4,30.23,High-Demand Specialist
CP-3572,0.9,B.Tech/B.E,Tier 1 (IIT/NIT/BITS),Data Science & AI/ML,Remote Global,1,5,253.0,1,1,1,0,0,1,0,0,3,23.93,Job-Ready Mid-Level
CP-3573,1.4,B.Tech/B.E,Tier 1 (IIT/NIT/BITS),Full Stack Web,Tier 2 City,1,2,30.0,1,1,1,1,0,0,0,0,3,12.83,Junior Associate
CP-3574,0.6,B.Tech/B.E,Tier 2 (Top State/Private),Backend Systems,Tier 1 Tech Hub (Bengaluru/NCR/Hyd),2,5,110.0,2,1,1,1,0,0,0,0,3,16.73,Job-Ready Mid-Level
CP-3575,2.3,B.Tech/B.E,Tier 2 (Top State/Private),Cloud & DevOps,Remote Global,1,5,151.0,0,1,0,1,1,1,0,1,5,29.4,High-Demand Specialist
CP-3576,8.5,B.Tech/B.E,Tier 3 (Affiliated Colleges),Data Analytics & BI,Tier 2 City,0,5,73.0,1,1,0,0,1,0,1,0,3,25.32,High-Demand Specialist
CP-3577,2.0,B.Tech/B.E,Tier 3 (Affiliated Colleges),Cloud & DevOps,Remote Global,1,3,6.0,1,1,0,1,0,0,0,0,2,14.62,Junior Associate
CP-3578,1.0,BCA/B.Sc CS,Tier 1 (IIT/NIT/BITS),Data Analytics & BI,Tier 1 Tech Hub (Bengaluru/NCR/Hyd),2,4,107.0,1,1,0,0,1,0,1,0,3,20.06,Job-Ready Mid-Level
CP-3579,2.3,B.Tech/B.E,Tier 2 (Top State/Private),Backend Systems,Tier 1 Tech Hub (Bengaluru/NCR/Hyd),1,5,43.0,0,1,1,0,0,1,0,0,3,19.9,Job-Ready Mid-Level
CP-3580,0.3,B.Tech/B.E,Tier 2 (Top State/Private),Data Science & AI/ML,Tier 2 City,1,7,238.0,0,0,0,1,0,1,0,0,2,13.44,Junior Associate
CP-3581,4.8,Non-CS Degree,Tier 2 (Top State/Private),Data Science & AI/ML,Tier 1 Tech Hub (Bengaluru/NCR/Hyd),1,4,145.0,1,1,0,0,0,1,0,1,3,25.87,High-Demand Specialist
CP-3582,1.5,B.Tech/B.E,Tier 1 (IIT/NIT/BITS),Full Stack Web,Tier 2 City,0,7,65.0,2,1,1,0,1,0,1,0,4,16.01,Job-Ready Mid-Level
CP-3583,1.3,B.Tech/B.E,Tier 1 (IIT/NIT/BITS),Cloud & DevOps,Tier 2 City,2,6,31.0,1,1,1,0,0,0,0,1,3,15.94,Job-Ready Mid-Level
CP-3584,1.9,B.Tech/B.E,Tier 3 (Affiliated Colleges),Data Science & AI/ML,Tier 1 Tech Hub (Bengaluru/NCR/Hyd),0,1,120.0,1,1,0,0,1,1,0,1,4,16.54,Job-Ready Mid-Level
CP-3585,2.2,B.Tech/B.E,Tier 3 (Affiliated Colleges),Data Science & AI/ML,Tier 2 City,1,3,142.0,0,0,0,0,1,0,1,0,2,14.81,Junior Associate
CP-3586,0.2,M.Tech/M.S,Tier 2 (Top State/Private),Full Stack Web,Tier 1 Tech Hub (Bengaluru/NCR/Hyd),0,5,213.0,1,1,1,1,0,0,0,0,3,14.56,Junior Associate
CP-3587,2.5,B.Tech/B.E,Tier 2 (Top State/Private),Backend Systems,Tier 1 Tech Hub (Bengaluru/NCR/Hyd),0,4,0.0,2,1,1,1,1,0,1,0,5,18.14,Job-Ready Mid-Level
CP-3588,0.6,M.Tech/M.S,Tier 2 (Top State/Private),Cloud & DevOps,Tier 1 Tech Hub (Bengaluru/NCR/Hyd),1,3,368.0,0,0,1,0,0,1,0,0,2,19.1,Job-Ready Mid-Level
CP-3589,2.8,B.Tech/B.E,Tier 3 (Affiliated Colleges),Full Stack Web,Tier 1 Tech Hub (Bengaluru/NCR/Hyd),1,4,70.0,1,0,0,0,0,1,0,0,1,16.92,Job-Ready Mid-Level
CP-3590,3.8,B.Tech/B.E,Tier 2 (Top State/Private),Data Science & AI/ML,Tier 1 Tech Hub (Bengaluru/NCR/Hyd),1,3,241.0,0,1,1,1,1,1,0,0,5,27.76,High-Demand Specialist
CP-3591,3.6,M.Tech/M.S,Tier 1 (IIT/NIT/BITS),Full Stack Web,Tier 2 City,1,4,27.0,2,1,0,0,0,0,0,0,1,15.78,Job-Ready Mid-Level
CP-3592,1.8,B.Tech/B.E,Tier 3 (Affiliated Colleges),Data Science & AI/ML,Tier 2 City,1,5,31.0,1,1,1,1,1,1,0,0,5,15.94,Job-Ready Mid-Level
CP-3593,1.6,BCA/B.Sc CS,Tier 2 (Top State/Private),Data Science & AI/ML,Tier 1 Tech Hub (Bengaluru/NCR/Hyd),1,1,30.0,0,1,1,1,0,0,1,0,4,16.07,Job-Ready Mid-Level
CP-3594,0.3,B.Tech/B.E,Tier 2 (Top State/Private),Backend Systems,Tier 2 City,1,5,62.0,0,1,1,1,1,0,1,1,6,15.26,Job-Ready Mid-Level
CP-3595,3.3,M.Tech/M.S,Tier 2 (Top State/Private),Backend Systems,Tier 1 Tech Hub (Bengaluru/NCR/Hyd),1,2,382.0,1,1,0,0,0,1,0,0,2,21.83,Job-Ready Mid-Level
CP-3596,0.7,B.Tech/B.E,Tier 2 (Top State/Private),Data Science & AI/ML,Tier 1 Tech Hub (Bengaluru/NCR/Hyd),1,3,0.0,1,1,1,0,0,0,0,0,2,9.51,Junior Associate
CP-3597,1.5,MCA,Tier 2 (Top State/Private),Data Science & AI/ML,Tier 2 City,1,7,0.0,1,1,1,1,0,0,0,0,3,10.68,Junior Associate
CP-3598,0.7,B.Tech/B.E,Tier 2 (Top State/Private),Full Stack Web,Tier 2 City,3,6,0.0,1,1,1,1,1,1,0,0,5,14.75,Junior Associate
CP-3599,0.3,MCA,Tier 2 (Top State/Private),Full Stack Web,Tier 2 City,0,3,0.0,1,0,0,1,0,0,0,0,1,5.95,Entry-Level Learner
CP-3600,2.2,B.Tech/B.E,Tier 1 (IIT/NIT/BITS),Data Science & AI/ML,Tier 1 Tech Hub (Bengaluru/NCR/Hyd),2,7,70.0,2,1,0,1,0,1,0,0,3,23.0,Job-Ready Mid-Level
CP-3601,0.1,M.Tech/M.S,Tier 3 (Affiliated Colleges),Full Stack Web,Tier 2 City,0,1,,3,1,1,0,0,1,0,0,3,6.78,Entry-Level Learner
CP-3602,3.0,B.Tech/B.E,Tier 2 (Top State/Private),Data Science & AI/ML,Tier 2 City,0,2,52.0,0,1,1,0,0,1,0,0,3,14.31,Junior Associate
CP-3603,0.8,MCA,Tier 1 (IIT/NIT/BITS),Data Analytics & BI,Remote Global,0,1,0.0,1,0,0,0,0,0,0,1,1,16.78,Job-Ready Mid-Level
CP-3604,0.0,B.Tech/B.E,Tier 3 (Affiliated Colleges),Data Analytics & BI,Tier 1 Tech Hub (Bengaluru/NCR/Hyd),1,3,26.0,0,1,1,1,1,1,0,0,5,12.73,Junior Associate
CP-3605,1.6,B.Tech/B.E,Tier 3 (Affiliated Colleges),Cloud & DevOps,Tier 1 Tech Hub (Bengaluru/NCR/Hyd),0,2,33.0,0,1,0,1,1,1,1,0,5,18.98,Job-Ready Mid-Level
CP-3606,0.1,B.Tech/B.E,Tier 3 (Affiliated Colleges),Full Stack Web,Tier 2 City,2,6,122.0,1,0,1,0,0,0,0,1,2,10.54,Junior Associate
CP-3607,0.7,B.Tech/B.E,Tier 2 (Top State/Private),Backend Systems,Remote Global,2,4,111.0,0,1,0,0,1,1,0,1,4,23.97,Job-Ready Mid-Level
CP-3608,2.7,B.Tech/B.E,Tier 2 (Top State/Private),Backend Systems,Tier 1 Tech Hub (Bengaluru/NCR/Hyd),1,10,108.0,0,0,1,1,0,1,0,0,3,21.62,Job-Ready Mid-Level
CP-3609,0.1,Non-CS Degree,Tier 3 (Affiliated Colleges),Data Science & AI/ML,Tier 1 Tech Hub (Bengaluru/NCR/Hyd),1,3,,2,1,0,0,1,1,0,0,3,15.22,Job-Ready Mid-Level
CP-3610,4.0,Non-CS Degree,Tier 3 (Affiliated Colleges),Data Science & AI/ML,Tier 1 Tech Hub (Bengaluru/NCR/Hyd),3,7,228.0,0,1,1,0,0,1,1,0,4,26.19,High-Demand Specialist
CP-3611,0.0,B.Tech/B.E,Tier 2 (Top State/Private),Full Stack Web,Tier 1 Tech Hub (Bengaluru/NCR/Hyd),2,5,46.0,2,1,1,1,1,0,0,0,4,16.14,Job-Ready Mid-Level
CP-3612,0.6,Non-CS Degree,Tier 3 (Affiliated Colleges),Data Science & AI/ML,Tier 1 Tech Hub (Bengaluru/NCR/Hyd),1,5,45.0,0,0,0,1,0,1,0,0,2,10.37,Junior Associate
CP-3613,3.0,B.Tech/B.E,Tier 1 (IIT/NIT/BITS),Full Stack Web,Tier 1 Tech Hub (Bengaluru/NCR/Hyd),1,10,252.0,0,1,0,1,1,0,0,1,4,29.31,High-Demand Specialist
CP-3614,0.8,B.Tech/B.E,Tier 3 (Affiliated Colleges),Cloud & DevOps,Tier 1 Tech Hub (Bengaluru/NCR/Hyd),1,3,146.0,0,1,0,1,1,0,0,0,3,13.83,Junior Associate
CP-3615,0.2,M.Tech/M.S,Tier 3 (Affiliated Colleges),Full Stack Web,Tier 1 Tech Hub (Bengaluru/NCR/Hyd),1,4,50.0,2,0,1,0,0,0,0,1,2,12.23,Junior Associate
CP-3616,1.0,BCA/B.Sc CS,Tier 3 (Affiliated Colleges),Full Stack Web,Tier 1 Tech Hub (Bengaluru/NCR/Hyd),0,3,54.0,2,1,1,0,0,0,0,0,2,8.56,Entry-Level Learner
CP-3617,0.7,Non-CS Degree,Tier 3 (Affiliated Colleges),Full Stack Web,Tier 1 Tech Hub (Bengaluru/NCR/Hyd),1,9,369.0,1,1,1,1,0,0,0,0,3,15.22,Job-Ready Mid-Level
CP-3618,4.1,B.Tech/B.E,Tier 3 (Affiliated Colleges),Backend Systems,Tier 1 Tech Hub (Bengaluru/NCR/Hyd),0,4,227.0,0,1,1,0,1,0,0,0,3,22.43,Job-Ready Mid-Level
CP-3619,0.8,BCA/B.Sc CS,Tier 2 (Top State/Private),Data Science & AI/ML,Remote Global,1,5,,1,1,1,0,1,1,0,1,5,21.73,Job-Ready Mid-Level
CP-3620,3.4,B.Tech/B.E,Tier 2 (Top State/Private),Cloud & DevOps,Tier 1 Tech Hub (Bengaluru/NCR/Hyd),1,1,374.0,1,0,1,0,0,0,1,0,2,23.37,Job-Ready Mid-Level
CP-3621,4.9,B.Tech/B.E,Tier 1 (IIT/NIT/BITS),Data Science & AI/ML,Tier 2 City,3,3,384.0,3,0,1,0,1,1,0,0,3,27.99,High-Demand Specialist
CP-3622,1.3,B.Tech/B.E,Tier 2 (Top State/Private),Data Science & AI/ML,Tier 1 Tech Hub (Bengaluru/NCR/Hyd),3,7,14.0,3,1,1,0,0,1,0,0,3,16.77,Job-Ready Mid-Level
CP-3623,5.3,Non-CS Degree,Tier 3 (Affiliated Colleges),Cloud & DevOps,Remote Global,1,4,223.0,2,1,1,0,1,0,1,0,4,32.28,High-Demand Specialist
CP-3624,1.0,M.Tech/M.S,Tier 2 (Top State/Private),Data Science & AI/ML,Tier 1 Tech Hub (Bengaluru/NCR/Hyd),1,2,236.0,1,0,1,0,1,1,0,0,3,19.89,Job-Ready Mid-Level
CP-3625,7.3,M.Tech/M.S,Tier 2 (Top State/Private),Data Science & AI/ML,Tier 1 Tech Hub (Bengaluru/NCR/Hyd),0,6,34.0,0,1,1,1,0,0,0,0,3,31.9,High-Demand Specialist
CP-3626,0.2,B.Tech/B.E,Tier 2 (Top State/Private),Data Science & AI/ML,Tier 1 Tech Hub (Bengaluru/NCR/Hyd),1,2,123.0,0,1,0,1,0,0,1,0,3,14.14,Junior Associate
CP-3627,2.6,B.Tech/B.E,Tier 3 (Affiliated Colleges),Cloud & DevOps,Tier 2 City,0,1,46.0,1,1,1,0,1,0,1,0,4,13.42,Junior Associate
CP-3628,1.5,B.Tech/B.E,Tier 1 (IIT/NIT/BITS),Cloud & DevOps,Tier 1 Tech Hub (Bengaluru/NCR/Hyd),0,2,108.0,0,0,1,1,1,0,0,0,3,17.51,Job-Ready Mid-Level
CP-3629,1.1,B.Tech/B.E,Tier 2 (Top State/Private),Data Science & AI/ML,Tier 1 Tech Hub (Bengaluru/NCR/Hyd),1,2,249.0,0,1,1,1,1,0,0,0,4,19.97,Job-Ready Mid-Level
CP-3630,2.2,B.Tech/B.E,Tier 1 (IIT/NIT/BITS),Cloud & DevOps,Tier 1 Tech Hub (Bengaluru/NCR/Hyd),0,7,36.0,1,0,1,1,0,1,0,0,3,19.62,Job-Ready Mid-Level
CP-3631,2.7,M.Tech/M.S,Tier 3 (Affiliated Colleges),Data Science & AI/ML,Tier 2 City,0,3,39.0,1,1,1,0,1,1,0,0,4,14.49,Junior Associate
CP-3632,0.0,B.Tech/B.E,Tier 1 (IIT/NIT/BITS),Cloud & DevOps,Tier 1 Tech Hub (Bengaluru/NCR/Hyd),2,4,219.0,1,1,1,0,1,0,0,0,3,18.84,Job-Ready Mid-Level
CP-3633,0.4,B.Tech/B.E,Tier 3 (Affiliated Colleges),Full Stack Web,Tier 1 Tech Hub (Bengaluru/NCR/Hyd),0,7,344.0,0,1,1,1,1,0,0,1,5,20.01,Job-Ready Mid-Level
CP-3634,2.7,B.Tech/B.E,Tier 2 (Top State/Private),Cloud & DevOps,Tier 1 Tech Hub (Bengaluru/NCR/Hyd),0,3,3.0,1,1,0,1,1,1,0,0,4,18.7,Job-Ready Mid-Level
CP-3635,2.4,B.Tech/B.E,Tier 2 (Top State/Private),Backend Systems,Tier 1 Tech Hub (Bengaluru/NCR/Hyd),0,1,212.0,1,1,0,0,0,1,0,0,2,15.6,Job-Ready Mid-Level
CP-3636,7.4,B.Tech/B.E,Tier 3 (Affiliated Colleges),Backend Systems,Tier 2 City,0,2,15.0,3,1,1,1,1,0,0,1,5,23.0,Job-Ready Mid-Level
CP-3637,3.1,Non-CS Degree,Tier 1 (IIT/NIT/BITS),Data Science & AI/ML,Tier 1 Tech Hub (Bengaluru/NCR/Hyd),0,3,33.0,0,1,1,1,0,0,0,1,4,20.38,Job-Ready Mid-Level
CP-3638,6.6,BCA/B.Sc CS,Tier 2 (Top State/Private),Backend Systems,Tier 1 Tech Hub (Bengaluru/NCR/Hyd),2,3,133.0,1,1,1,1,1,0,0,0,4,31.33,High-Demand Specialist
CP-3639,2.7,M.Tech/M.S,Tier 1 (IIT/NIT/BITS),Data Science & AI/ML,Tier 2 City,0,1,111.0,0,0,1,0,0,0,0,0,1,15.73,Job-Ready Mid-Level
CP-3640,0.8,B.Tech/B.E,Tier 2 (Top State/Private),Backend Systems,Tier 2 City,2,4,112.0,0,0,1,0,0,0,0,0,1,10.63,Junior Associate
CP-3641,0.2,B.Tech/B.E,Tier 2 (Top State/Private),Full Stack Web,Tier 1 Tech Hub (Bengaluru/NCR/Hyd),0,3,25.0,0,1,1,1,1,0,1,0,5,15.54,Job-Ready Mid-Level
CP-3642,3.3,B.Tech/B.E,Tier 2 (Top State/Private),Full Stack Web,Tier 2 City,1,4,1.0,0,1,1,1,0,1,0,0,4,16.77,Job-Ready Mid-Level
CP-3643,2.3,MCA,Tier 1 (IIT/NIT/BITS),Data Science & AI/ML,Tier 1 Tech Hub (Bengaluru/NCR/Hyd),1,7,219.0,2,1,1,0,0,0,1,0,3,24.01,High-Demand Specialist
CP-3644,0.1,M.Tech/M.S,Tier 2 (Top State/Private),Data Science & AI/ML,Tier 1 Tech Hub (Bengaluru/NCR/Hyd),1,10,0.0,2,0,0,0,1,1,0,0,2,13.51,Junior Associate
CP-3645,1.0,B.Tech/B.E,Tier 3 (Affiliated Colleges),Data Analytics & BI,Remote Global,1,2,0.0,0,1,1,0,0,1,1,0,4,17.27,Job-Ready Mid-Level
CP-3646,6.9,B.Tech/B.E,Tier 3 (Affiliated Colleges),Backend Systems,Remote Global,2,5,246.0,0,1,1,0,0,1,1,0,4,38.75,High-Demand Specialist
CP-3647,1.5,B.Tech/B.E,Tier 2 (Top State/Private),Cloud & DevOps,Tier 1 Tech Hub (Bengaluru/NCR/Hyd),0,1,123.0,0,1,1,0,1,0,0,0,3,14.89,Junior Associate
CP-3648,1.2,BCA/B.Sc CS,Tier 2 (Top State/Private),Data Analytics & BI,Tier 1 Tech Hub (Bengaluru/NCR/Hyd),1,2,62.0,0,1,1,0,1,0,0,0,3,13.76,Junior Associate
CP-3649,1.3,Non-CS Degree,Tier 2 (Top State/Private),Data Analytics & BI,Tier 1 Tech Hub (Bengaluru/NCR/Hyd),2,5,9.0,0,1,1,0,0,0,0,1,3,16.09,Job-Ready Mid-Level
CP-3650,0.5,BCA/B.Sc CS,Tier 2 (Top State/Private),Data Science & AI/ML,Tier 1 Tech Hub (Bengaluru/NCR/Hyd),0,1,216.0,0,1,1,0,1,0,0,1,4,16.15,Job-Ready Mid-Level
CP-3651,1.0,B.Tech/B.E,Tier 2 (Top State/Private),Data Science & AI/ML,Tier 1 Tech Hub (Bengaluru/NCR/Hyd),0,4,366.0,0,1,1,1,0,1,0,0,4,19.1,Job-Ready Mid-Level
CP-3652,1.0,B.Tech/B.E,Tier 2 (Top State/Private),Data Science & AI/ML,Tier 1 Tech Hub (Bengaluru/NCR/Hyd),0,4,31.0,1,1,1,0,1,0,0,0,3,13.21,Junior Associate
CP-3653,0.1,B.Tech/B.E,Tier 2 (Top State/Private),Full Stack Web,Remote Global,1,5,34.0,0,1,0,0,0,0,0,1,2,14.59,Junior Associate
CP-3654,3.2,B.Tech/B.E,Tier 2 (Top State/Private),Data Science & AI/ML,Remote Global,0,2,48.0,1,1,0,1,0,0,1,0,3,22.2,Job-Ready Mid-Level
CP-3655,1.2,B.Tech/B.E,Tier 2 (Top State/Private),Data Science & AI/ML,Tier 1 Tech Hub (Bengaluru/NCR/Hyd),0,1,254.0,0,1,0,0,0,0,1,1,3,16.92,Job-Ready Mid-Level
CP-3656,3.8,M.Tech/M.S,Tier 3 (Affiliated Colleges),Data Science & AI/ML,Tier 1 Tech Hub (Bengaluru/NCR/Hyd),1,3,28.0,2,1,0,1,0,0,0,0,2,19.89,Job-Ready Mid-Level
CP-3657,4.2,M.Tech/M.S,Tier 2 (Top State/Private),Data Science & AI/ML,Tier 1 Tech Hub (Bengaluru/NCR/Hyd),1,3,147.0,0,1,0,0,0,0,0,1,2,24.19,High-Demand Specialist
CP-3658,0.5,B.Tech/B.E,Tier 3 (Affiliated Colleges),Backend Systems,Tier 1 Tech Hub (Bengaluru/NCR/Hyd),0,5,61.0,0,1,1,1,1,1,0,0,5,15.27,Job-Ready Mid-Level
CP-3659,2.4,MCA,Tier 3 (Affiliated Colleges),Data Science & AI/ML,Tier 1 Tech Hub (Bengaluru/NCR/Hyd),0,3,69.0,1,1,1,0,1,1,0,1,5,20.26,Job-Ready Mid-Level
CP-3660,1.4,B.Tech/B.E,Tier 2 (Top State/Private),Full Stack Web,Tier 2 City,1,3,246.0,3,0,1,0,0,0,0,0,1,11.95,Junior Associate
CP-3661,4.7,B.Tech/B.E,Tier 2 (Top State/Private),Cloud & DevOps,Tier 1 Tech Hub (Bengaluru/NCR/Hyd),3,9,63.0,2,1,1,0,0,1,1,0,4,29.12,High-Demand Specialist
CP-3662,0.5,B.Tech/B.E,Tier 2 (Top State/Private),Full Stack Web,Remote Global,1,5,247.0,1,1,1,1,1,1,0,0,5,23.38,Job-Ready Mid-Level
CP-3663,2.5,B.Tech/B.E,Tier 1 (IIT/NIT/BITS),Data Science & AI/ML,Tier 2 City,2,7,28.0,0,1,1,1,0,0,1,0,4,18.72,Job-Ready Mid-Level
CP-3664,2.1,B.Tech/B.E,Tier 2 (Top State/Private),Full Stack Web,Tier 1 Tech Hub (Bengaluru/NCR/Hyd),1,3,20.0,0,1,1,1,1,1,0,0,5,21.06,Job-Ready Mid-Level
CP-3665,0.8,B.Tech/B.E,Tier 3 (Affiliated Colleges),Data Science & AI/ML,Tier 1 Tech Hub (Bengaluru/NCR/Hyd),0,1,61.0,2,1,0,1,0,0,0,0,2,9.57,Junior Associate
CP-3666,0.3,B.Tech/B.E,Tier 1 (IIT/NIT/BITS),Full Stack Web,Tier 2 City,1,5,49.0,1,0,0,1,1,0,0,0,2,12.54,Junior Associate
CP-3667,2.3,Non-CS Degree,Tier 2 (Top State/Private),Data Science & AI/ML,Remote Global,2,6,65.0,1,1,1,0,0,0,1,0,3,22.95,Job-Ready Mid-Level
CP-3668,3.0,B.Tech/B.E,Tier 3 (Affiliated Colleges),Cloud & DevOps,Tier 2 City,1,5,134.0,0,1,1,1,0,0,0,0,3,13.38,Junior Associate
CP-3669,0.8,B.Tech/B.E,Tier 3 (Affiliated Colleges),Cloud & DevOps,Tier 1 Tech Hub (Bengaluru/NCR/Hyd),2,4,25.0,1,1,0,0,1,0,1,0,3,14.67,Junior Associate
CP-3670,2.3,B.Tech/B.E,Tier 2 (Top State/Private),Full Stack Web,Tier 1 Tech Hub (Bengaluru/NCR/Hyd),3,7,233.0,1,1,1,0,0,1,0,0,3,23.23,Job-Ready Mid-Level
CP-3671,1.1,BCA/B.Sc CS,Tier 3 (Affiliated Colleges),Full Stack Web,Tier 1 Tech Hub (Bengaluru/NCR/Hyd),0,1,40.0,0,0,1,1,1,0,0,0,3,11.97,Junior Associate
CP-3672,2.7,B.Tech/B.E,Tier 2 (Top State/Private),Full Stack Web,Remote Global,0,5,21.0,0,0,0,1,0,0,1,1,3,23.69,Job-Ready Mid-Level
CP-3673,0.5,MCA,Tier 1 (IIT/NIT/BITS),Data Analytics & BI,Tier 2 City,0,3,21.0,0,0,1,0,1,1,1,0,4,14.09,Junior Associate
CP-3674,4.9,B.Tech/B.E,Tier 2 (Top State/Private),Data Science & AI/ML,Tier 2 City,1,2,211.0,1,1,0,1,0,0,1,0,3,19.75,Job-Ready Mid-Level
CP-3675,0.7,B.Tech/B.E,Tier 2 (Top State/Private),Data Analytics & BI,Tier 1 Tech Hub (Bengaluru/NCR/Hyd),0,4,24.0,2,1,1,0,1,0,1,0,4,14.78,Junior Associate
CP-3676,1.0,BCA/B.Sc CS,Tier 3 (Affiliated Colleges),Data Analytics & BI,Tier 2 City,2,6,17.0,1,1,1,1,0,1,1,1,6,14.59,Junior Associate
CP-3677,0.1,B.Tech/B.E,Tier 1 (IIT/NIT/BITS),Full Stack Web,Tier 1 Tech Hub (Bengaluru/NCR/Hyd),0,2,34.0,1,0,1,0,0,1,0,0,2,12.32,Junior Associate
CP-3678,0.3,B.Tech/B.E,Tier 2 (Top State/Private),Full Stack Web,Tier 1 Tech Hub (Bengaluru/NCR/Hyd),0,3,46.0,2,1,1,1,1,0,1,0,5,15.2,Job-Ready Mid-Level
CP-3679,1.6,B.Tech/B.E,Tier 2 (Top State/Private),Full Stack Web,Tier 1 Tech Hub (Bengaluru/NCR/Hyd),0,3,67.0,0,0,1,0,1,1,0,0,3,15.71,Job-Ready Mid-Level
CP-3680,0.7,BCA/B.Sc CS,Tier 2 (Top State/Private),Data Science & AI/ML,Remote Global,3,5,11.0,0,1,1,1,1,1,1,0,6,26.14,High-Demand Specialist
CP-3681,4.0,B.Tech/B.E,Tier 1 (IIT/NIT/BITS),Data Science & AI/ML,Tier 2 City,1,3,53.0,0,1,1,0,0,0,1,1,4,22.13,Job-Ready Mid-Level
CP-3682,0.0,B.Tech/B.E,Tier 2 (Top State/Private),Data Science & AI/ML,Tier 1 Tech Hub (Bengaluru/NCR/Hyd),2,6,40.0,3,1,0,1,0,0,1,1,4,18.93,Job-Ready Mid-Level
CP-3683,1.0,Non-CS Degree,Tier 3 (Affiliated Colleges),Data Science & AI/ML,Remote Global,3,5,125.0,1,0,0,1,0,1,0,0,2,18.43,Job-Ready Mid-Level
CP-3684,0.9,B.Tech/B.E,Tier 2 (Top State/Private),Full Stack Web,Tier 1 Tech Hub (Bengaluru/NCR/Hyd),1,5,215.0,2,0,1,1,1,0,0,0,3,19.4,Job-Ready Mid-Level
CP-3685,0.0,M.Tech/M.S,Tier 2 (Top State/Private),Data Analytics & BI,Tier 1 Tech Hub (Bengaluru/NCR/Hyd),0,1,125.0,1,1,0,1,1,0,1,0,4,15.27,Job-Ready Mid-Level
CP-3686,0.3,M.Tech/M.S,Tier 2 (Top State/Private),Data Science & AI/ML,Tier 1 Tech Hub (Bengaluru/NCR/Hyd),0,3,33.0,0,1,0,0,1,0,1,0,3,13.8,Junior Associate
CP-3687,1.2,B.Tech/B.E,Tier 2 (Top State/Private),Backend Systems,Tier 1 Tech Hub (Bengaluru/NCR/Hyd),0,3,11.0,0,1,0,1,0,0,0,0,2,11.72,Junior Associate
CP-3688,1.5,B.Tech/B.E,Tier 2 (Top State/Private),Backend Systems,Tier 1 Tech Hub (Bengaluru/NCR/Hyd),1,3,243.0,2,1,1,1,1,0,0,1,5,22.47,Job-Ready Mid-Level
CP-3689,1.1,B.Tech/B.E,Tier 3 (Affiliated Colleges),Backend Systems,Tier 1 Tech Hub (Bengaluru/NCR/Hyd),0,2,46.0,0,0,1,1,1,1,0,0,4,14.9,Junior Associate
CP-3690,1.7,BCA/B.Sc CS,Tier 3 (Affiliated Colleges),Data Analytics & BI,Tier 2 City,0,4,39.0,2,0,1,1,1,1,0,0,4,14.19,Junior Associate
CP-3691,2.0,BCA/B.Sc CS,Tier 2 (Top State/Private),Full Stack Web,Tier 1 Tech Hub (Bengaluru/NCR/Hyd),1,5,247.0,0,1,1,1,1,1,0,0,5,23.15,Job-Ready Mid-Level
CP-3692,0.0,M.Tech/M.S,Tier 2 (Top State/Private),Data Science & AI/ML,Tier 2 City,1,2,357.0,0,0,0,0,0,0,0,0,0,10.28,Junior Associate
CP-3693,1.4,Non-CS Degree,Tier 3 (Affiliated Colleges),Cloud & DevOps,Tier 1 Tech Hub (Bengaluru/NCR/Hyd),1,3,233.0,0,1,1,1,0,0,0,1,4,18.38,Job-Ready Mid-Level
CP-3694,7.3,BCA/B.Sc CS,Tier 2 (Top State/Private),Cloud & DevOps,Tier 2 City,1,4,373.0,2,1,1,1,1,0,1,0,5,29.82,High-Demand Specialist
CP-3695,1.6,B.Tech/B.E,Tier 2 (Top State/Private),Data Analytics & BI,Tier 2 City,2,2,220.0,0,1,1,0,1,0,0,0,3,15.86,Job-Ready Mid-Level
CP-3696,2.5,B.Tech/B.E,Tier 2 (Top State/Private),Backend Systems,Tier 2 City,1,2,107.0,0,0,1,1,0,0,1,0,3,14.74,Junior Associate
CP-3697,0.8,MCA,Tier 3 (Affiliated Colleges),Full Stack Web,Tier 1 Tech Hub (Bengaluru/NCR/Hyd),0,7,40.0,0,1,1,1,1,1,1,0,6,17.36,Job-Ready Mid-Level
CP-3698,3.3,B.Tech/B.E,Tier 2 (Top State/Private),Full Stack Web,Tier 2 City,2,5,342.0,0,1,1,0,1,0,0,1,4,23.92,Job-Ready Mid-Level
CP-3699,3.3,B.Tech/B.E,Tier 3 (Affiliated Colleges),Data Science & AI/ML,Tier 1 Tech Hub (Bengaluru/NCR/Hyd),3,5,230.0,1,0,1,0,1,1,0,0,3,26.59,High-Demand Specialist
CP-3700,1.6,M.Tech/M.S,Tier 3 (Affiliated Colleges),Data Science & AI/ML,Remote Global,0,8,26.0,3,0,1,0,1,0,0,1,3,20.66,Job-Ready Mid-Level
CP-3701,8.2,B.Tech/B.E,Tier 2 (Top State/Private),Full Stack Web,Tier 1 Tech Hub (Bengaluru/NCR/Hyd),1,4,33.0,2,1,0,0,1,1,1,0,4,36.37,High-Demand Specialist
CP-3702,0.3,Non-CS Degree,Tier 3 (Affiliated Colleges),Cloud & DevOps,Tier 1 Tech Hub (Bengaluru/NCR/Hyd),1,2,19.0,0,1,0,0,0,0,0,0,1,7.01,Entry-Level Learner
CP-3703,0.0,BCA/B.Sc CS,Tier 3 (Affiliated Colleges),Data Analytics & BI,Tier 1 Tech Hub (Bengaluru/NCR/Hyd),0,4,,2,0,1,1,1,0,1,0,4,16.13,Job-Ready Mid-Level
CP-3704,3.2,B.Tech/B.E,Tier 2 (Top State/Private),Full Stack Web,Tier 2 City,2,5,32.0,1,0,1,1,1,0,0,1,4,20.41,Job-Ready Mid-Level
CP-3705,3.6,Non-CS Degree,Tier 2 (Top State/Private),Backend Systems,Tier 1 Tech Hub (Bengaluru/NCR/Hyd),0,2,19.0,0,0,1,0,0,1,0,0,2,16.45,Job-Ready Mid-Level
CP-3706,0.3,B.Tech/B.E,Tier 1 (IIT/NIT/BITS),Cloud & DevOps,Remote Global,2,12,72.0,1,1,0,0,1,0,1,0,3,24.79,High-Demand Specialist
CP-3707,0.7,B.Tech/B.E,Tier 2 (Top State/Private),Data Analytics & BI,Remote Global,1,6,380.0,0,1,0,1,1,0,0,0,3,20.84,Job-Ready Mid-Level
CP-3708,0.0,B.Tech/B.E,Tier 2 (Top State/Private),Data Science & AI/ML,Tier 2 City,1,2,143.0,2,1,1,1,0,0,1,0,4,10.62,Junior Associate
CP-3709,0.8,B.Tech/B.E,Tier 2 (Top State/Private),Data Analytics & BI,Tier 1 Tech Hub (Bengaluru/NCR/Hyd),0,5,60.0,1,1,0,0,0,1,1,0,3,16.57,Job-Ready Mid-Level
CP-3710,3.3,B.Tech/B.E,Tier 2 (Top State/Private),Cloud & DevOps,Tier 2 City,0,3,30.0,0,0,0,0,0,0,1,1,2,18.4,Job-Ready Mid-Level
CP-3711,1.6,B.Tech/B.E,Tier 3 (Affiliated Colleges),Data Science & AI/ML,Tier 1 Tech Hub (Bengaluru/NCR/Hyd),0,4,0.0,1,1,1,0,0,0,0,0,2,11.44,Junior Associate
CP-3712,0.9,B.Tech/B.E,Tier 2 (Top State/Private),Data Science & AI/ML,Tier 1 Tech Hub (Bengaluru/NCR/Hyd),0,2,0.0,1,1,1,0,1,0,0,0,3,10.22,Junior Associate
CP-3713,1.0,B.Tech/B.E,Tier 2 (Top State/Private),Backend Systems,Remote Global,0,2,63.0,1,1,1,1,0,1,0,0,4,14.97,Junior Associate
CP-3714,0.0,M.Tech/M.S,Tier 2 (Top State/Private),Data Science & AI/ML,Remote Global,2,9,25.0,0,1,1,1,1,0,0,0,4,17.71,Job-Ready Mid-Level
CP-3715,0.8,M.Tech/M.S,Tier 2 (Top State/Private),Full Stack Web,Remote Global,1,5,74.0,1,1,1,1,0,0,0,0,3,19.14,Job-Ready Mid-Level
CP-3716,2.3,B.Tech/B.E,Tier 2 (Top State/Private),Full Stack Web,Tier 1 Tech Hub (Bengaluru/NCR/Hyd),2,7,67.0,1,1,1,0,1,1,0,0,4,21.76,Job-Ready Mid-Level
CP-3717,8.0,B.Tech/B.E,Tier 2 (Top State/Private),Cloud & DevOps,Tier 1 Tech Hub (Bengaluru/NCR/Hyd),1,4,27.0,1,1,0,0,1,0,0,1,3,33.68,High-Demand Specialist
CP-3718,4.1,B.Tech/B.E,Tier 2 (Top State/Private),Data Analytics & BI,Tier 1 Tech Hub (Bengaluru/NCR/Hyd),2,6,383.0,2,1,0,0,1,1,1,1,5,34.33,High-Demand Specialist
CP-3719,0.1,B.Tech/B.E,Tier 3 (Affiliated Colleges),Full Stack Web,Tier 1 Tech Hub (Bengaluru/NCR/Hyd),3,4,,0,0,1,1,0,0,0,0,2,11.79,Junior Associate
CP-3720,5.0,M.Tech/M.S,Tier 3 (Affiliated Colleges),Full Stack Web,Tier 1 Tech Hub (Bengaluru/NCR/Hyd),0,3,0.0,1,1,1,0,0,1,0,0,3,20.63,Job-Ready Mid-Level
CP-3721,3.4,M.Tech/M.S,Tier 2 (Top State/Private),Backend Systems,Tier 1 Tech Hub (Bengaluru/NCR/Hyd),2,6,11.0,1,1,0,0,0,0,0,0,1,21.11,Job-Ready Mid-Level
CP-3722,3.3,B.Tech/B.E,Tier 3 (Affiliated Colleges),Data Analytics & BI,Tier 2 City,1,8,7.0,0,1,0,0,0,0,0,1,2,14.16,Junior Associate
CP-3723,1.3,B.Tech/B.E,Tier 3 (Affiliated Colleges),Backend Systems,Tier 2 City,2,7,3.0,2,0,1,0,1,0,0,0,2,10.03,Junior Associate
CP-3724,1.1,B.Tech/B.E,Tier 1 (IIT/NIT/BITS),Full Stack Web,Tier 2 City,1,8,45.0,0,1,1,1,0,1,1,0,5,17.6,Job-Ready Mid-Level
CP-3725,0.8,BCA/B.Sc CS,Tier 3 (Affiliated Colleges),Data Science & AI/ML,Tier 2 City,1,4,154.0,2,1,0,0,1,0,0,0,2,9.72,Junior Associate
CP-3726,0.1,B.Tech/B.E,Tier 3 (Affiliated Colleges),Full Stack Web,Tier 1 Tech Hub (Bengaluru/NCR/Hyd),0,5,45.0,1,1,1,0,1,1,0,1,5,15.24,Job-Ready Mid-Level
CP-3727,0.6,Non-CS Degree,Tier 2 (Top State/Private),Data Analytics & BI,Tier 1 Tech Hub (Bengaluru/NCR/Hyd),0,1,48.0,1,1,1,1,1,1,0,0,5,13.03,Junior Associate
CP-3728,0.6,M.Tech/M.S,Tier 2 (Top State/Private),Data Science & AI/ML,Tier 2 City,1,5,217.0,2,0,0,0,0,0,0,0,0,10.1,Junior Associate
CP-3729,1.5,B.Tech/B.E,Tier 1 (IIT/NIT/BITS),Data Science & AI/ML,Tier 1 Tech Hub (Bengaluru/NCR/Hyd),3,6,66.0,3,1,0,1,1,0,1,0,4,24.78,High-Demand Specialist
CP-3730,3.0,BCA/B.Sc CS,Tier 1 (IIT/NIT/BITS),Data Science & AI/ML,Tier 1 Tech Hub (Bengaluru/NCR/Hyd),1,4,140.0,3,0,1,0,0,1,0,1,3,27.56,High-Demand Specialist
CP-3731,1.4,MCA,Tier 3 (Affiliated Colleges),Full Stack Web,Tier 1 Tech Hub (Bengaluru/NCR/Hyd),0,1,,1,1,0,1,1,0,0,0,3,12.16,Junior Associate
CP-3732,0.1,BCA/B.Sc CS,Tier 2 (Top State/Private),Data Analytics & BI,Tier 1 Tech Hub (Bengaluru/NCR/Hyd),2,5,34.0,0,1,1,0,0,0,0,0,2,11.35,Junior Associate
CP-3733,7.0,B.Tech/B.E,Tier 3 (Affiliated Colleges),Data Science & AI/ML,Tier 2 City,2,3,25.0,2,0,1,1,1,0,0,0,3,23.03,Job-Ready Mid-Level
CP-3734,6.3,B.Tech/B.E,Tier 3 (Affiliated Colleges),Cloud & DevOps,Remote Global,0,2,18.0,1,1,1,0,0,1,1,0,4,29.6,High-Demand Specialist
CP-3735,3.4,MCA,Tier 3 (Affiliated Colleges),Backend Systems,Remote Global,0,3,246.0,0,1,0,0,1,0,1,1,4,29.99,High-Demand Specialist
CP-3736,9.5,BCA/B.Sc CS,Tier 3 (Affiliated Colleges),Data Science & AI/ML,Tier 1 Tech Hub (Bengaluru/NCR/Hyd),0,1,15.0,2,1,1,1,1,1,0,0,5,33.72,High-Demand Specialist
CP-3737,1.7,BCA/B.Sc CS,Tier 1 (IIT/NIT/BITS),Cloud & DevOps,Tier 1 Tech Hub (Bengaluru/NCR/Hyd),2,6,74.0,1,1,1,0,0,1,0,0,3,20.3,Job-Ready Mid-Level
CP-3738,7.2,MCA,Tier 2 (Top State/Private),Backend Systems,Tier 2 City,2,6,136.0,1,1,1,1,1,1,0,0,5,28.29,High-Demand Specialist
CP-3739,0.2,MCA,Tier 3 (Affiliated Colleges),Backend Systems,Tier 1 Tech Hub (Bengaluru/NCR/Hyd),0,3,20.0,1,1,1,0,1,0,0,0,3,7.88,Entry-Level Learner
CP-3740,1.0,MCA,Tier 1 (IIT/NIT/BITS),Data Science & AI/ML,Tier 1 Tech Hub (Bengaluru/NCR/Hyd),0,3,133.0,3,1,1,0,1,1,0,1,5,21.79,Job-Ready Mid-Level
CP-3741,0.6,B.Tech/B.E,Tier 1 (IIT/NIT/BITS),Data Science & AI/ML,Remote Global,2,6,34.0,0,1,0,1,0,1,0,0,3,19.57,Job-Ready Mid-Level
CP-3742,0.5,B.Tech/B.E,Tier 3 (Affiliated Colleges),Data Science & AI/ML,Tier 2 City,3,5,125.0,0,1,1,0,1,1,0,0,4,11.7,Junior Associate
CP-3743,0.3,M.Tech/M.S,Tier 3 (Affiliated Colleges),Cloud & DevOps,Remote Global,2,3,240.0,1,1,1,0,0,0,0,0,2,14.87,Junior Associate
CP-3744,2.1,M.Tech/M.S,Tier 2 (Top State/Private),Data Analytics & BI,Tier 1 Tech Hub (Bengaluru/NCR/Hyd),1,2,,2,1,1,1,0,0,0,0,3,16.78,Job-Ready Mid-Level
CP-3745,3.3,BCA/B.Sc CS,Tier 3 (Affiliated Colleges),Cloud & DevOps,Tier 1 Tech Hub (Bengaluru/NCR/Hyd),0,2,51.0,1,1,1,0,1,0,1,1,5,23.05,Job-Ready Mid-Level
CP-3746,1.9,B.Tech/B.E,Tier 3 (Affiliated Colleges),Full Stack Web,Tier 2 City,1,3,45.0,1,1,0,1,1,0,0,0,3,12.43,Junior Associate
CP-3747,0.3,M.Tech/M.S,Tier 2 (Top State/Private),Data Science & AI/ML,Tier 1 Tech Hub (Bengaluru/NCR/Hyd),0,4,2.0,0,1,0,0,0,0,0,0,1,9.1,Junior Associate
CP-3748,3.7,M.Tech/M.S,Tier 1 (IIT/NIT/BITS),Cloud & DevOps,Tier 2 City,2,8,0.0,1,1,1,1,1,0,0,1,5,24.71,High-Demand Specialist
CP-3749,2.2,B.Tech/B.E,Tier 3 (Affiliated Colleges),Full Stack Web,Tier 1 Tech Hub (Bengaluru/NCR/Hyd),1,3,381.0,0,0,0,1,0,0,0,1,2,22.67,Job-Ready Mid-Level
CP-3750,1.1,B.Tech/B.E,Tier 2 (Top State/Private),Data Analytics & BI,Tier 2 City,2,7,42.0,1,1,1,0,0,0,0,1,3,13.98,Junior Associate
CP-3751,2.5,B.Tech/B.E,Tier 1 (IIT/NIT/BITS),Full Stack Web,Tier 2 City,1,1,0.0,1,1,0,0,1,1,0,0,3,15.01,Job-Ready Mid-Level
CP-3752,0.7,B.Tech/B.E,Tier 2 (Top State/Private),Full Stack Web,Tier 1 Tech Hub (Bengaluru/NCR/Hyd),2,4,33.0,2,1,0,1,0,1,1,0,4,17.89,Job-Ready Mid-Level
CP-3753,0.9,B.Tech/B.E,Tier 3 (Affiliated Colleges),Full Stack Web,Tier 1 Tech Hub (Bengaluru/NCR/Hyd),0,5,54.0,0,0,1,0,0,0,1,0,2,13.9,Junior Associate
CP-3754,5.5,B.Tech/B.E,Tier 2 (Top State/Private),Data Science & AI/ML,Tier 2 City,1,5,19.0,0,1,1,0,0,0,1,0,3,20.62,Job-Ready Mid-Level
CP-3755,0.8,B.Tech/B.E,Tier 2 (Top State/Private),Data Science & AI/ML,Tier 2 City,1,3,69.0,0,0,0,1,0,1,0,0,2,10.35,Junior Associate
CP-3756,1.4,BCA/B.Sc CS,Tier 2 (Top State/Private),Data Science & AI/ML,Tier 1 Tech Hub (Bengaluru/NCR/Hyd),0,2,14.0,0,1,1,0,1,0,0,0,3,12.46,Junior Associate
CP-3757,4.9,BCA/B.Sc CS,Tier 3 (Affiliated Colleges),Full Stack Web,Remote Global,3,7,23.0,0,1,1,0,0,1,0,0,3,28.66,High-Demand Specialist
CP-3758,2.7,MCA,Tier 2 (Top State/Private),Data Science & AI/ML,Tier 1 Tech Hub (Bengaluru/NCR/Hyd),1,1,150.0,2,1,1,0,0,0,1,0,3,20.16,Job-Ready Mid-Level
CP-3759,0.1,B.Tech/B.E,Tier 2 (Top State/Private),Data Science & AI/ML,Tier 1 Tech Hub (Bengaluru/NCR/Hyd),1,4,210.0,0,0,1,0,1,1,0,0,3,17.67,Job-Ready Mid-Level
CP-3760,0.4,B.Tech/B.E,Tier 3 (Affiliated Colleges),Data Analytics & BI,Tier 1 Tech Hub (Bengaluru/NCR/Hyd),2,8,38.0,2,0,0,1,0,0,1,1,3,16.52,Job-Ready Mid-Level
CP-3761,0.0,MCA,Tier 1 (IIT/NIT/BITS),Full Stack Web,Remote Global,2,4,250.0,0,1,1,0,0,0,0,0,2,18.24,Job-Ready Mid-Level
CP-3762,2.2,B.Tech/B.E,Tier 3 (Affiliated Colleges),Cloud & DevOps,Tier 1 Tech Hub (Bengaluru/NCR/Hyd),1,4,13.0,2,1,0,0,1,0,0,1,3,17.94,Job-Ready Mid-Level
CP-3763,1.3,Non-CS Degree,Tier 3 (Affiliated Colleges),Data Analytics & BI,Tier 1 Tech Hub (Bengaluru/NCR/Hyd),2,3,136.0,0,1,1,1,1,1,0,0,5,20.07,Job-Ready Mid-Level
CP-3764,0.3,MCA,Tier 3 (Affiliated Colleges),Cloud & DevOps,Tier 2 City,0,1,0.0,2,1,1,1,0,0,0,0,3,6.15,Entry-Level Learner
CP-3765,7.0,B.Tech/B.E,Tier 2 (Top State/Private),Backend Systems,Tier 1 Tech Hub (Bengaluru/NCR/Hyd),0,3,224.0,1,1,0,0,1,0,0,0,2,29.26,High-Demand Specialist
CP-3766,1.7,Non-CS Degree,Tier 3 (Affiliated Colleges),Data Science & AI/ML,Tier 1 Tech Hub (Bengaluru/NCR/Hyd),1,4,254.0,0,1,1,1,0,0,1,1,5,21.09,Job-Ready Mid-Level
CP-3767,0.6,B.Tech/B.E,Tier 3 (Affiliated Colleges),Data Analytics & BI,Tier 1 Tech Hub (Bengaluru/NCR/Hyd),1,6,113.0,1,0,1,1,0,0,1,1,4,19.47,Job-Ready Mid-Level
CP-3768,1.5,B.Tech/B.E,Tier 3 (Affiliated Colleges),Backend Systems,Tier 2 City,1,4,216.0,2,1,1,0,0,0,0,1,3,14.85,Junior Associate
CP-3769,2.5,BCA/B.Sc CS,Tier 2 (Top State/Private),Backend Systems,Tier 1 Tech Hub (Bengaluru/NCR/Hyd),0,4,38.0,1,1,1,1,0,0,0,0,3,14.8,Junior Associate
CP-3770,0.2,B.Tech/B.E,Tier 3 (Affiliated Colleges),Data Science & AI/ML,Remote Global,1,4,47.0,0,1,0,0,0,0,0,0,1,8.93,Entry-Level Learner
CP-3771,0.7,Non-CS Degree,Tier 2 (Top State/Private),Full Stack Web,Remote Global,2,6,152.0,1,0,1,1,1,0,1,0,4,22.31,Job-Ready Mid-Level
CP-3772,3.6,B.Tech/B.E,Tier 2 (Top State/Private),Data Science & AI/ML,Tier 2 City,1,5,58.0,2,1,0,0,0,0,0,0,1,13.02,Junior Associate
CP-3773,1.4,B.Tech/B.E,Tier 2 (Top State/Private),Cloud & DevOps,Tier 2 City,3,7,0.0,3,1,0,1,1,0,1,1,5,17.37,Job-Ready Mid-Level
CP-3774,1.7,BCA/B.Sc CS,Tier 3 (Affiliated Colleges),Data Analytics & BI,Tier 1 Tech Hub (Bengaluru/NCR/Hyd),2,6,42.0,1,1,1,1,0,0,0,0,3,15.63,Job-Ready Mid-Level
CP-3775,1.2,BCA/B.Sc CS,Tier 2 (Top State/Private),Full Stack Web,Tier 1 Tech Hub (Bengaluru/NCR/Hyd),0,2,145.0,0,0,1,0,0,1,0,0,2,12.09,Junior Associate
CP-3776,0.1,B.Tech/B.E,Tier 2 (Top State/Private),Full Stack Web,Tier 2 City,0,2,24.0,1,1,1,0,1,0,0,0,3,8.6,Entry-Level Learner
CP-3777,0.4,B.Tech/B.E,Tier 3 (Affiliated Colleges),Cloud & DevOps,Remote Global,0,4,137.0,3,1,0,0,0,1,0,0,2,9.96,Junior Associate
CP-3778,1.3,MCA,Tier 2 (Top State/Private),Full Stack Web,Tier 1 Tech Hub (Bengaluru/NCR/Hyd),2,2,109.0,1,1,0,0,1,1,0,0,3,18.19,Job-Ready Mid-Level
CP-3779,0.5,B.Tech/B.E,Tier 3 (Affiliated Colleges),Data Analytics & BI,Tier 1 Tech Hub (Bengaluru/NCR/Hyd),0,6,23.0,0,1,1,0,0,0,0,0,2,8.06,Entry-Level Learner
CP-3780,0.1,MCA,Tier 2 (Top State/Private),Data Analytics & BI,Tier 1 Tech Hub (Bengaluru/NCR/Hyd),0,5,34.0,1,0,1,1,0,1,0,0,3,12.45,Junior Associate
CP-3781,4.1,BCA/B.Sc CS,Tier 2 (Top State/Private),Data Science & AI/ML,Tier 1 Tech Hub (Bengaluru/NCR/Hyd),2,5,356.0,0,0,1,0,0,1,0,0,2,26.24,High-Demand Specialist
CP-3782,8.7,M.Tech/M.S,Tier 3 (Affiliated Colleges),Cloud & DevOps,Tier 1 Tech Hub (Bengaluru/NCR/Hyd),1,3,247.0,3,1,1,0,0,1,0,0,3,34.95,High-Demand Specialist
CP-3783,3.5,M.Tech/M.S,Tier 3 (Affiliated Colleges),Data Science & AI/ML,Tier 1 Tech Hub (Bengaluru/NCR/Hyd),0,4,68.0,2,1,1,1,1,0,0,1,5,23.14,Job-Ready Mid-Level
CP-3784,4.2,B.Tech/B.E,Tier 2 (Top State/Private),Cloud & DevOps,Tier 1 Tech Hub (Bengaluru/NCR/Hyd),0,3,57.0,0,1,0,0,1,0,0,1,3,22.94,Job-Ready Mid-Level
CP-3785,0.6,BCA/B.Sc CS,Tier 3 (Affiliated Colleges),Backend Systems,Tier 1 Tech Hub (Bengaluru/NCR/Hyd),2,7,15.0,2,0,1,0,1,0,0,0,2,14.11,Junior Associate
CP-3786,7.1,MCA,Tier 1 (IIT/NIT/BITS),Backend Systems,Tier 1 Tech Hub (Bengaluru/NCR/Hyd),2,4,0.0,2,1,1,1,1,0,1,0,5,37.53,High-Demand Specialist
CP-3787,0.5,B.Tech/B.E,Tier 2 (Top State/Private),Full Stack Web,Tier 2 City,0,3,60.0,0,1,0,1,0,0,1,0,3,8.88,Entry-Level Learner
CP-3788,6.7,Non-CS Degree,Tier 2 (Top State/Private),Full Stack Web,Remote Global,1,6,337.0,1,1,0,1,0,0,1,1,4,39.71,High-Demand Specialist
CP-3789,9.5,B.Tech/B.E,Tier 1 (IIT/NIT/BITS),Data Science & AI/ML,Remote Global,2,5,338.0,0,1,1,0,0,0,0,1,3,50.07,High-Demand Specialist
CP-3790,2.7,B.Tech/B.E,Tier 2 (Top State/Private),Full Stack Web,Tier 1 Tech Hub (Bengaluru/NCR/Hyd),2,8,131.0,0,0,0,0,0,1,0,0,1,20.86,Job-Ready Mid-Level
CP-3791,8.7,B.Tech/B.E,Tier 2 (Top State/Private),Data Science & AI/ML,Tier 1 Tech Hub (Bengaluru/NCR/Hyd),2,4,62.0,1,0,1,0,1,1,0,0,3,35.47,High-Demand Specialist
CP-3792,1.9,Non-CS Degree,Tier 1 (IIT/NIT/BITS),Full Stack Web,Remote Global,1,5,9.0,0,1,0,0,0,0,1,0,2,20.63,Job-Ready Mid-Level
CP-3793,0.7,B.Tech/B.E,Tier 2 (Top State/Private),Data Science & AI/ML,Tier 2 City,2,5,61.0,2,1,0,1,0,0,0,0,2,13.33,Junior Associate
CP-3794,1.3,MCA,Tier 2 (Top State/Private),Full Stack Web,Tier 1 Tech Hub (Bengaluru/NCR/Hyd),0,5,131.0,2,1,0,0,0,0,0,0,1,12.18,Junior Associate
CP-3795,2.0,MCA,Tier 2 (Top State/Private),Data Science & AI/ML,Tier 1 Tech Hub (Bengaluru/NCR/Hyd),0,2,,0,1,1,0,0,0,0,1,3,15.43,Job-Ready Mid-Level
CP-3796,0.2,B.Tech/B.E,Tier 3 (Affiliated Colleges),Backend Systems,Tier 1 Tech Hub (Bengaluru/NCR/Hyd),1,2,140.0,0,1,1,0,0,0,1,0,3,13.38,Junior Associate
CP-3797,2.1,B.Tech/B.E,Tier 3 (Affiliated Colleges),Data Analytics & BI,Tier 1 Tech Hub (Bengaluru/NCR/Hyd),1,3,150.0,0,1,1,0,0,0,0,0,2,13.85,Junior Associate
CP-3798,8.7,M.Tech/M.S,Tier 2 (Top State/Private),Full Stack Web,Tier 1 Tech Hub (Bengaluru/NCR/Hyd),2,4,151.0,2,1,1,0,0,0,0,0,2,36.03,High-Demand Specialist
CP-3799,0.5,B.Tech/B.E,Tier 3 (Affiliated Colleges),Data Science & AI/ML,Remote Global,0,5,60.0,1,1,1,1,0,1,0,1,5,16.9,Job-Ready Mid-Level
CP-3800,3.5,M.Tech/M.S,Tier 3 (Affiliated Colleges),Full Stack Web,Tier 1 Tech Hub (Bengaluru/NCR/Hyd),2,3,150.0,1,1,1,1,0,1,0,1,5,29.65,High-Demand Specialist
CP-3801,5.2,B.Tech/B.E,Tier 2 (Top State/Private),Data Science & AI/ML,Tier 2 City,0,6,26.0,1,0,1,1,0,0,0,1,3,18.23,Job-Ready Mid-Level
CP-3802,6.3,B.Tech/B.E,Tier 1 (IIT/NIT/BITS),Full Stack Web,Tier 2 City,1,4,,0,1,0,0,1,0,0,0,2,22.85,Job-Ready Mid-Level
CP-3803,7.1,M.Tech/M.S,Tier 3 (Affiliated Colleges),Data Analytics & BI,Tier 2 City,0,4,14.0,0,1,0,1,1,1,0,0,4,23.5,Job-Ready Mid-Level
CP-3804,1.6,B.Tech/B.E,Tier 2 (Top State/Private),Cloud & DevOps,Remote Global,1,8,74.0,0,1,1,0,0,1,0,1,4,22.91,Job-Ready Mid-Level
CP-3805,8.3,B.Tech/B.E,Tier 3 (Affiliated Colleges),Cloud & DevOps,Remote Global,1,5,31.0,1,1,0,1,0,0,0,1,3,36.36,High-Demand Specialist
CP-3806,3.1,B.Tech/B.E,Tier 3 (Affiliated Colleges),Full Stack Web,Tier 1 Tech Hub (Bengaluru/NCR/Hyd),1,3,13.0,1,0,1,0,0,0,0,0,1,16.27,Job-Ready Mid-Level
CP-3807,0.4,B.Tech/B.E,Tier 3 (Affiliated Colleges),Backend Systems,Remote Global,0,4,374.0,0,0,1,0,0,0,0,0,1,12.77,Junior Associate
CP-3808,1.4,B.Tech/B.E,Tier 3 (Affiliated Colleges),Backend Systems,Tier 2 City,1,5,65.0,0,1,1,0,1,1,0,0,4,12.14,Junior Associate
CP-3809,2.8,M.Tech/M.S,Tier 2 (Top State/Private),Full Stack Web,Tier 1 Tech Hub (Bengaluru/NCR/Hyd),2,10,209.0,1,1,1,1,1,1,0,0,5,26.69,High-Demand Specialist
CP-3810,0.6,B.Tech/B.E,Tier 1 (IIT/NIT/BITS),Full Stack Web,Tier 2 City,0,5,0.0,0,0,1,1,0,0,0,0,2,11.04,Junior Associate
CP-3811,2.3,B.Tech/B.E,Tier 3 (Affiliated Colleges),Full Stack Web,Tier 2 City,0,2,28.0,0,1,1,1,0,0,0,0,3,10.12,Junior Associate
CP-3812,2.4,BCA/B.Sc CS,Tier 2 (Top State/Private),Data Science & AI/ML,Remote Global,0,1,31.0,0,1,1,1,0,0,0,0,3,14.36,Junior Associate
CP-3813,0.4,B.Tech/B.E,Tier 3 (Affiliated Colleges),Cloud & DevOps,Tier 1 Tech Hub (Bengaluru/NCR/Hyd),3,9,63.0,0,0,0,0,0,1,1,0,2,16.67,Job-Ready Mid-Level
CP-3814,1.8,B.Tech/B.E,Tier 3 (Affiliated Colleges),Full Stack Web,Tier 1 Tech Hub (Bengaluru/NCR/Hyd),1,4,136.0,1,1,1,1,0,1,0,0,4,16.74,Job-Ready Mid-Level
CP-3815,3.2,Non-CS Degree,Tier 3 (Affiliated Colleges),Data Science & AI/ML,Tier 1 Tech Hub (Bengaluru/NCR/Hyd),0,1,39.0,0,1,1,1,1,1,0,0,5,18.33,Job-Ready Mid-Level
CP-3816,1.5,M.Tech/M.S,Tier 2 (Top State/Private),Data Science & AI/ML,Tier 1 Tech Hub (Bengaluru/NCR/Hyd),2,5,117.0,2,1,1,0,1,0,1,0,4,23.37,Job-Ready Mid-Level
CP-3817,0.0,BCA/B.Sc CS,Tier 2 (Top State/Private),Full Stack Web,Tier 1 Tech Hub (Bengaluru/NCR/Hyd),1,2,42.0,0,1,0,1,0,0,0,1,3,10.78,Junior Associate
CP-3818,0.0,BCA/B.Sc CS,Tier 2 (Top State/Private),Backend Systems,Tier 1 Tech Hub (Bengaluru/NCR/Hyd),0,4,34.0,1,1,1,1,0,0,1,0,4,11.39,Junior Associate
CP-3819,1.0,B.Tech/B.E,Tier 2 (Top State/Private),Cloud & DevOps,Tier 2 City,3,6,64.0,2,0,1,0,0,0,1,1,3,17.91,Job-Ready Mid-Level
CP-3820,5.7,BCA/B.Sc CS,Tier 3 (Affiliated Colleges),Cloud & DevOps,Tier 1 Tech Hub (Bengaluru/NCR/Hyd),1,3,115.0,0,1,1,0,0,0,0,1,3,24.77,High-Demand Specialist
CP-3821,0.6,B.Tech/B.E,Tier 3 (Affiliated Colleges),Full Stack Web,Tier 1 Tech Hub (Bengaluru/NCR/Hyd),1,5,144.0,0,1,1,0,0,0,0,0,2,11.38,Junior Associate
CP-3822,2.2,B.Tech/B.E,Tier 3 (Affiliated Colleges),Cloud & DevOps,Tier 1 Tech Hub (Bengaluru/NCR/Hyd),1,6,64.0,0,1,1,1,1,1,1,0,6,25.3,High-Demand Specialist
CP-3823,0.6,B.Tech/B.E,Tier 2 (Top State/Private),Full Stack Web,Tier 1 Tech Hub (Bengaluru/NCR/Hyd),2,5,71.0,0,0,1,1,1,0,0,0,3,18.28,Job-Ready Mid-Level
CP-3824,0.9,B.Tech/B.E,Tier 2 (Top State/Private),Cloud & DevOps,Tier 1 Tech Hub (Bengaluru/NCR/Hyd),0,2,106.0,1,1,1,0,0,0,1,1,4,16.32,Job-Ready Mid-Level
CP-3825,4.1,B.Tech/B.E,Tier 3 (Affiliated Colleges),Data Science & AI/ML,Tier 1 Tech Hub (Bengaluru/NCR/Hyd),0,6,361.0,0,1,1,1,0,0,0,0,3,23.52,Job-Ready Mid-Level
CP-3826,2.9,Non-CS Degree,Tier 2 (Top State/Private),Full Stack Web,Tier 1 Tech Hub (Bengaluru/NCR/Hyd),0,1,29.0,0,1,1,1,1,0,1,0,5,17.13,Job-Ready Mid-Level
CP-3827,0.2,B.Tech/B.E,Tier 2 (Top State/Private),Full Stack Web,Tier 1 Tech Hub (Bengaluru/NCR/Hyd),2,4,154.0,3,1,0,0,0,0,1,0,2,14.46,Junior Associate
CP-3828,1.2,B.Tech/B.E,Tier 3 (Affiliated Colleges),Full Stack Web,Tier 1 Tech Hub (Bengaluru/NCR/Hyd),1,7,68.0,1,0,1,0,0,0,0,0,1,11.87,Junior Associate
CP-3829,0.1,B.Tech/B.E,Tier 3 (Affiliated Colleges),Backend Systems,Tier 1 Tech Hub (Bengaluru/NCR/Hyd),1,4,32.0,0,1,1,0,1,1,0,0,4,12.48,Junior Associate
CP-3830,1.4,B.Tech/B.E,Tier 2 (Top State/Private),Data Science & AI/ML,Tier 1 Tech Hub (Bengaluru/NCR/Hyd),0,4,383.0,1,1,1,0,0,0,1,0,3,17.87,Job-Ready Mid-Level
CP-3831,2.4,M.Tech/M.S,Tier 3 (Affiliated Colleges),Full Stack Web,Tier 1 Tech Hub (Bengaluru/NCR/Hyd),1,2,142.0,0,1,1,1,1,1,0,0,5,22.59,Job-Ready Mid-Level
CP-3832,0.3,B.Tech/B.E,Tier 2 (Top State/Private),Full Stack Web,Tier 1 Tech Hub (Bengaluru/NCR/Hyd),2,7,220.0,0,1,1,0,0,0,1,0,3,17.42,Job-Ready Mid-Level
CP-3833,0.8,B.Tech/B.E,Tier 3 (Affiliated Colleges),Backend Systems,Tier 2 City,1,2,,0,1,0,0,0,0,0,0,1,6.61,Entry-Level Learner
CP-3834,1.1,B.Tech/B.E,Tier 1 (IIT/NIT/BITS),Full Stack Web,Tier 2 City,2,4,7.0,1,1,0,1,0,0,1,0,3,14.63,Junior Associate
CP-3835,5.5,M.Tech/M.S,Tier 1 (IIT/NIT/BITS),Data Analytics & BI,Tier 1 Tech Hub (Bengaluru/NCR/Hyd),0,5,118.0,0,1,1,0,0,0,0,0,2,26.84,High-Demand Specialist
CP-3836,9.5,B.Tech/B.E,Tier 3 (Affiliated Colleges),Data Analytics & BI,Tier 1 Tech Hub (Bengaluru/NCR/Hyd),2,5,231.0,2,0,1,1,1,1,0,0,4,42.57,High-Demand Specialist
CP-3837,0.1,B.Tech/B.E,Tier 2 (Top State/Private),Full Stack Web,Tier 2 City,0,4,214.0,0,1,1,1,1,0,0,0,4,12.42,Junior Associate
CP-3838,3.1,B.Tech/B.E,Tier 3 (Affiliated Colleges),Full Stack Web,Tier 1 Tech Hub (Bengaluru/NCR/Hyd),1,6,12.0,1,1,1,0,0,0,0,0,2,16.57,Job-Ready Mid-Level
CP-3839,1.0,B.Tech/B.E,Tier 3 (Affiliated Colleges),Full Stack Web,Remote Global,3,6,49.0,0,1,1,0,0,1,1,0,4,21.29,Job-Ready Mid-Level
CP-3840,1.1,B.Tech/B.E,Tier 3 (Affiliated Colleges),Data Analytics & BI,Remote Global,3,8,26.0,1,1,0,1,0,0,1,1,4,23.04,Job-Ready Mid-Level
CP-3841,3.1,BCA/B.Sc CS,Tier 3 (Affiliated Colleges),Data Science & AI/ML,Remote Global,0,1,69.0,0,1,0,1,0,0,0,0,2,15.12,Job-Ready Mid-Level
CP-3842,5.5,BCA/B.Sc CS,Tier 2 (Top State/Private),Full Stack Web,Tier 2 City,1,2,17.0,0,0,0,1,1,1,0,0,3,20.84,Job-Ready Mid-Level
CP-3843,6.6,MCA,Tier 3 (Affiliated Colleges),Cloud & DevOps,Tier 2 City,0,2,34.0,2,1,0,0,0,0,1,0,2,17.56,Job-Ready Mid-Level
CP-3844,1.9,B.Tech/B.E,Tier 1 (IIT/NIT/BITS),Cloud & DevOps,Tier 2 City,2,6,150.0,0,1,1,0,0,1,0,0,3,17.55,Job-Ready Mid-Level
CP-3845,1.0,B.Tech/B.E,Tier 2 (Top State/Private),Full Stack Web,Tier 2 City,1,6,139.0,2,1,1,0,0,0,0,0,2,10.79,Junior Associate
CP-3846,3.4,B.Tech/B.E,Tier 3 (Affiliated Colleges),Full Stack Web,Tier 2 City,1,9,251.0,1,1,1,1,0,0,0,1,4,18.32,Job-Ready Mid-Level
CP-3847,0.6,Non-CS Degree,Tier 2 (Top State/Private),Data Science & AI/ML,Tier 2 City,0,4,245.0,0,0,0,1,1,1,0,0,3,12.47,Junior Associate
CP-3848,1.8,BCA/B.Sc CS,Tier 2 (Top State/Private),Full Stack Web,Tier 1 Tech Hub (Bengaluru/NCR/Hyd),3,7,37.0,3,0,1,1,1,1,1,0,5,24.64,High-Demand Specialist
CP-3849,1.0,M.Tech/M.S,Tier 2 (Top State/Private),Full Stack Web,Tier 1 Tech Hub (Bengaluru/NCR/Hyd),1,6,209.0,0,0,1,0,0,0,0,1,2,20.19,Job-Ready Mid-Level
CP-3850,2.4,B.Tech/B.E,Tier 3 (Affiliated Colleges),Backend Systems,Remote Global,0,2,109.0,0,1,1,0,0,0,0,0,2,15.24,Job-Ready Mid-Level
CP-3851,0.6,B.Tech/B.E,Tier 3 (Affiliated Colleges),Data Science & AI/ML,Tier 1 Tech Hub (Bengaluru/NCR/Hyd),1,12,356.0,2,1,1,0,0,0,0,0,2,14.92,Junior Associate
CP-3852,0.5,B.Tech/B.E,Tier 1 (IIT/NIT/BITS),Backend Systems,Tier 2 City,0,3,58.0,3,1,1,0,0,0,1,1,4,12.7,Junior Associate
CP-3853,5.5,BCA/B.Sc CS,Tier 2 (Top State/Private),Cloud & DevOps,Remote Global,1,5,25.0,0,1,0,0,0,0,1,0,2,26.56,High-Demand Specialist
CP-3854,0.2,Non-CS Degree,Tier 3 (Affiliated Colleges),Data Science & AI/ML,Tier 2 City,2,3,121.0,1,1,1,0,0,0,0,0,2,8.48,Entry-Level Learner
CP-3855,1.6,Non-CS Degree,Tier 2 (Top State/Private),Data Analytics & BI,Remote Global,2,7,253.0,0,1,1,0,1,1,0,0,4,23.62,Job-Ready Mid-Level
CP-3856,0.5,B.Tech/B.E,Tier 1 (IIT/NIT/BITS),Data Science & AI/ML,Tier 2 City,1,3,213.0,1,1,0,0,1,0,1,0,3,15.8,Job-Ready Mid-Level
CP-3857,0.1,B.Tech/B.E,Tier 2 (Top State/Private),Backend Systems,Tier 1 Tech Hub (Bengaluru/NCR/Hyd),2,5,114.0,0,0,1,0,1,0,0,0,2,14.71,Junior Associate
CP-3858,0.1,Non-CS Degree,Tier 2 (Top State/Private),Backend Systems,Tier 2 City,1,3,39.0,0,0,0,0,0,0,0,0,0,6.16,Entry-Level Learner
CP-3859,0.4,BCA/B.Sc CS,Tier 1 (IIT/NIT/BITS),Full Stack Web,Tier 1 Tech Hub (Bengaluru/NCR/Hyd),0,3,149.0,0,1,1,0,1,0,1,0,4,17.53,Job-Ready Mid-Level
CP-3860,4.4,B.Tech/B.E,Tier 3 (Affiliated Colleges),Data Science & AI/ML,Tier 1 Tech Hub (Bengaluru/NCR/Hyd),3,7,133.0,1,1,0,0,0,0,0,0,1,22.43,Job-Ready Mid-Level
CP-3861,0.7,B.Tech/B.E,Tier 2 (Top State/Private),Full Stack Web,Tier 1 Tech Hub (Bengaluru/NCR/Hyd),0,2,129.0,1,1,0,1,0,0,0,0,2,10.55,Junior Associate
CP-3862,6.6,B.Tech/B.E,Tier 3 (Affiliated Colleges),Full Stack Web,Tier 1 Tech Hub (Bengaluru/NCR/Hyd),0,6,125.0,0,1,0,0,0,1,0,0,2,25.38,High-Demand Specialist
CP-3863,1.9,B.Tech/B.E,Tier 3 (Affiliated Colleges),Full Stack Web,Tier 1 Tech Hub (Bengaluru/NCR/Hyd),3,6,1.0,1,1,1,0,1,0,0,1,4,21.71,Job-Ready Mid-Level
CP-3864,1.3,B.Tech/B.E,Tier 3 (Affiliated Colleges),Full Stack Web,Tier 1 Tech Hub (Bengaluru/NCR/Hyd),0,3,131.0,1,1,1,0,0,0,0,1,3,14.29,Junior Associate
CP-3865,1.9,BCA/B.Sc CS,Tier 1 (IIT/NIT/BITS),Cloud & DevOps,Tier 2 City,2,7,52.0,0,1,1,1,0,0,0,0,3,14.31,Junior Associate
CP-3866,1.6,B.Tech/B.E,Tier 2 (Top State/Private),Data Science & AI/ML,Tier 2 City,3,9,357.0,1,1,0,0,1,0,1,0,3,19.85,Job-Ready Mid-Level
CP-3867,3.1,B.Tech/B.E,Tier 2 (Top State/Private),Data Analytics & BI,Tier 1 Tech Hub (Bengaluru/NCR/Hyd),1,2,143.0,0,1,1,0,0,1,0,0,3,19.37,Job-Ready Mid-Level
CP-3868,0.7,B.Tech/B.E,Tier 3 (Affiliated Colleges),Data Analytics & BI,Tier 1 Tech Hub (Bengaluru/NCR/Hyd),0,3,140.0,1,1,1,0,1,0,0,1,4,15.67,Job-Ready Mid-Level
CP-3869,1.0,MCA,Tier 2 (Top State/Private),Full Stack Web,Tier 2 City,1,6,337.0,1,1,0,0,0,1,0,0,2,12.99,Junior Associate
CP-3870,4.9,BCA/B.Sc CS,Tier 2 (Top State/Private),Data Analytics & BI,Tier 2 City,0,3,17.0,0,1,1,0,0,1,0,0,3,16.93,Job-Ready Mid-Level
CP-3871,6.4,B.Tech/B.E,Tier 2 (Top State/Private),Data Science & AI/ML,Remote Global,1,4,31.0,1,0,0,1,0,0,0,0,1,30.45,High-Demand Specialist
CP-3872,4.9,Non-CS Degree,Tier 2 (Top State/Private),Data Science & AI/ML,Tier 1 Tech Hub (Bengaluru/NCR/Hyd),2,5,109.0,1,1,1,1,0,0,0,0,3,24.43,High-Demand Specialist
CP-3873,1.2,MCA,Tier 2 (Top State/Private),Cloud & DevOps,Remote Global,1,6,50.0,1,1,1,0,0,0,1,0,3,15.17,Job-Ready Mid-Level
CP-3874,3.3,B.Tech/B.E,Tier 2 (Top State/Private),Full Stack Web,Tier 1 Tech Hub (Bengaluru/NCR/Hyd),1,4,41.0,1,1,1,1,0,0,1,0,4,21.78,Job-Ready Mid-Level
CP-3875,1.4,B.Tech/B.E,Tier 1 (IIT/NIT/BITS),Cloud & DevOps,Tier 2 City,1,3,221.0,1,1,0,0,1,0,1,0,3,17.0,Job-Ready Mid-Level
CP-3876,1.5,M.Tech/M.S,Tier 1 (IIT/NIT/BITS),Backend Systems,Tier 1 Tech Hub (Bengaluru/NCR/Hyd),1,3,71.0,1,1,1,0,0,0,0,1,3,20.4,Job-Ready Mid-Level
CP-3877,0.5,MCA,Tier 2 (Top State/Private),Backend Systems,Tier 1 Tech Hub (Bengaluru/NCR/Hyd),2,6,0.0,1,0,1,1,1,0,1,1,5,22.26,Job-Ready Mid-Level
CP-3878,2.0,Non-CS Degree,Tier 3 (Affiliated Colleges),Cloud & DevOps,Tier 1 Tech Hub (Bengaluru/NCR/Hyd),0,1,27.0,0,0,0,0,0,0,0,0,0,7.57,Entry-Level Learner
CP-3879,0.5,MCA,Tier 2 (Top State/Private),Data Analytics & BI,Tier 1 Tech Hub (Bengaluru/NCR/Hyd),2,8,18.0,2,1,1,0,0,0,0,0,2,11.89,Junior Associate
CP-3880,0.9,BCA/B.Sc CS,Tier 2 (Top State/Private),Data Science & AI/ML,Tier 1 Tech Hub (Bengaluru/NCR/Hyd),1,2,32.0,0,0,1,1,0,0,0,0,2,11.98,Junior Associate
CP-3881,4.2,B.Tech/B.E,Tier 2 (Top State/Private),Data Science & AI/ML,Tier 2 City,0,1,29.0,0,0,1,1,0,0,0,0,2,14.96,Junior Associate
CP-3882,0.5,B.Tech/B.E,Tier 2 (Top State/Private),Data Analytics & BI,Tier 2 City,0,4,210.0,1,0,0,1,0,1,0,0,2,11.73,Junior Associate
CP-3883,0.2,B.Tech/B.E,Tier 3 (Affiliated Colleges),Full Stack Web,Tier 1 Tech Hub (Bengaluru/NCR/Hyd),1,3,61.0,2,1,1,0,1,0,0,1,4,13.59,Junior Associate
CP-3884,0.2,B.Tech/B.E,Tier 1 (IIT/NIT/BITS),Full Stack Web,Tier 1 Tech Hub (Bengaluru/NCR/Hyd),1,4,29.0,0,0,1,1,1,1,0,0,4,19.8,Job-Ready Mid-Level
CP-3885,6.2,BCA/B.Sc CS,Tier 3 (Affiliated Colleges),Full Stack Web,Tier 1 Tech Hub (Bengaluru/NCR/Hyd),0,1,46.0,0,1,0,1,1,0,0,0,3,23.32,Job-Ready Mid-Level
CP-3886,1.6,BCA/B.Sc CS,Tier 3 (Affiliated Colleges),Cloud & DevOps,Remote Global,2,5,137.0,0,1,1,0,0,1,0,1,4,20.69,Job-Ready Mid-Level
CP-3887,1.2,M.Tech/M.S,Tier 3 (Affiliated Colleges),Data Science & AI/ML,Tier 1 Tech Hub (Bengaluru/NCR/Hyd),1,4,74.0,0,0,1,1,0,0,0,0,2,13.54,Junior Associate
CP-3888,3.7,B.Tech/B.E,Tier 2 (Top State/Private),Cloud & DevOps,Tier 1 Tech Hub (Bengaluru/NCR/Hyd),2,5,31.0,2,1,0,0,0,0,0,0,1,19.15,Job-Ready Mid-Level
CP-3889,4.0,BCA/B.Sc CS,Tier 2 (Top State/Private),Data Science & AI/ML,Tier 1 Tech Hub (Bengaluru/NCR/Hyd),0,3,253.0,3,1,1,0,0,0,1,0,3,23.21,Job-Ready Mid-Level
CP-3890,0.9,B.Tech/B.E,Tier 3 (Affiliated Colleges),Data Science & AI/ML,Tier 2 City,0,6,64.0,0,0,1,0,0,0,0,1,2,10.86,Junior Associate
CP-3891,2.6,B.Tech/B.E,Tier 1 (IIT/NIT/BITS),Full Stack Web,Tier 1 Tech Hub (Bengaluru/NCR/Hyd),0,1,43.0,0,0,1,1,1,0,0,0,3,21.95,Job-Ready Mid-Level
CP-3892,3.2,M.Tech/M.S,Tier 3 (Affiliated Colleges),Data Science & AI/ML,Tier 1 Tech Hub (Bengaluru/NCR/Hyd),0,3,152.0,2,0,0,0,1,0,1,0,2,21.38,Job-Ready Mid-Level
CP-3893,2.3,BCA/B.Sc CS,Tier 3 (Affiliated Colleges),Backend Systems,Tier 2 City,2,8,70.0,0,0,1,1,0,0,0,0,2,13.04,Junior Associate
CP-3894,0.4,Non-CS Degree,Tier 3 (Affiliated Colleges),Data Science & AI/ML,Tier 2 City,0,1,0.0,0,1,0,1,0,1,1,0,4,6.66,Entry-Level Learner
CP-3895,4.6,B.Tech/B.E,Tier 1 (IIT/NIT/BITS),Data Science & AI/ML,Tier 2 City,1,4,7.0,0,1,1,0,1,1,0,1,5,23.91,Job-Ready Mid-Level
CP-3896,1.7,B.Tech/B.E,Tier 3 (Affiliated Colleges),Full Stack Web,Tier 1 Tech Hub (Bengaluru/NCR/Hyd),0,1,336.0,0,0,1,0,0,0,0,0,1,14.39,Junior Associate
CP-3897,0.7,B.Tech/B.E,Tier 3 (Affiliated Colleges),Full Stack Web,Tier 1 Tech Hub (Bengaluru/NCR/Hyd),1,4,225.0,0,1,1,1,0,0,1,0,4,18.06,Job-Ready Mid-Level
CP-3898,1.2,B.Tech/B.E,Tier 3 (Affiliated Colleges),Data Science & AI/ML,Remote Global,2,6,8.0,0,0,1,0,0,1,1,0,3,20.42,Job-Ready Mid-Level
CP-3899,0.1,MCA,Tier 1 (IIT/NIT/BITS),Data Science & AI/ML,Remote Global,1,5,72.0,1,1,1,1,0,1,0,0,4,19.48,Job-Ready Mid-Level
CP-3900,0.3,BCA/B.Sc CS,Tier 1 (IIT/NIT/BITS),Backend Systems,Tier 1 Tech Hub (Bengaluru/NCR/Hyd),1,4,0.0,1,0,1,1,0,0,0,0,2,13.7,Junior Associate
CP-3901,3.2,MCA,Tier 2 (Top State/Private),Cloud & DevOps,Tier 1 Tech Hub (Bengaluru/NCR/Hyd),0,3,109.0,1,1,0,0,0,0,0,0,1,15.71,Job-Ready Mid-Level
CP-3902,0.0,B.Tech/B.E,Tier 1 (IIT/NIT/BITS),Full Stack Web,Tier 1 Tech Hub (Bengaluru/NCR/Hyd),3,6,2.0,2,1,1,0,1,1,0,0,4,19.34,Job-Ready Mid-Level
CP-3903,1.2,MCA,Tier 2 (Top State/Private),Full Stack Web,Tier 1 Tech Hub (Bengaluru/NCR/Hyd),1,2,0.0,2,0,1,1,1,0,0,0,3,15.21,Job-Ready Mid-Level
CP-3904,1.6,B.Tech/B.E,Tier 3 (Affiliated Colleges),Data Science & AI/ML,Tier 2 City,1,3,241.0,0,1,1,1,0,1,0,0,4,13.9,Junior Associate
CP-3905,0.1,MCA,Tier 2 (Top State/Private),Full Stack Web,Remote Global,1,6,56.0,1,1,1,0,1,1,0,0,4,15.58,Job-Ready Mid-Level
CP-3906,8.0,B.Tech/B.E,Tier 3 (Affiliated Colleges),Cloud & DevOps,Tier 1 Tech Hub (Bengaluru/NCR/Hyd),2,4,12.0,1,1,1,0,1,0,0,0,3,30.39,High-Demand Specialist
CP-3907,0.6,B.Tech/B.E,Tier 1 (IIT/NIT/BITS),Backend Systems,Tier 1 Tech Hub (Bengaluru/NCR/Hyd),1,5,226.0,2,1,1,0,1,0,0,0,3,19.88,Job-Ready Mid-Level
CP-3908,0.8,B.Tech/B.E,Tier 2 (Top State/Private),Data Science & AI/ML,Remote Global,1,1,149.0,0,1,1,1,0,1,1,1,6,24.94,High-Demand Specialist
CP-3909,0.8,Non-CS Degree,Tier 1 (IIT/NIT/BITS),Data Analytics & BI,Tier 1 Tech Hub (Bengaluru/NCR/Hyd),1,4,132.0,1,0,1,0,0,0,0,0,1,15.29,Job-Ready Mid-Level
CP-3910,0.6,B.Tech/B.E,Tier 2 (Top State/Private),Data Science & AI/ML,Remote Global,0,2,205.0,1,1,0,1,0,1,0,0,3,18.16,Job-Ready Mid-Level
CP-3911,0.0,B.Tech/B.E,Tier 3 (Affiliated Colleges),Data Science & AI/ML,Tier 2 City,1,6,30.0,1,1,1,1,0,1,0,1,5,12.14,Junior Associate
CP-3912,2.9,MCA,Tier 1 (IIT/NIT/BITS),Data Science & AI/ML,Remote Global,1,7,0.0,0,1,1,0,0,0,0,0,2,20.76,Job-Ready Mid-Level
CP-3913,7.5,B.Tech/B.E,Tier 3 (Affiliated Colleges),Data Science & AI/ML,Tier 1 Tech Hub (Bengaluru/NCR/Hyd),1,5,26.0,0,1,0,0,0,1,1,0,3,30.05,High-Demand Specialist
CP-3914,0.6,B.Tech/B.E,Tier 2 (Top State/Private),Backend Systems,Tier 1 Tech Hub (Bengaluru/NCR/Hyd),1,1,57.0,1,1,1,0,0,0,1,0,3,14.14,Junior Associate
CP-3915,2.4,B.Tech/B.E,Tier 3 (Affiliated Colleges),Full Stack Web,Tier 1 Tech Hub (Bengaluru/NCR/Hyd),0,5,0.0,0,1,1,0,0,1,0,1,4,18.6,Job-Ready Mid-Level
CP-3916,3.0,B.Tech/B.E,Tier 1 (IIT/NIT/BITS),Data Science & AI/ML,Tier 1 Tech Hub (Bengaluru/NCR/Hyd),2,4,37.0,0,1,1,1,0,1,0,0,4,24.95,High-Demand Specialist
CP-3917,4.2,MCA,Tier 2 (Top State/Private),Backend Systems,Tier 1 Tech Hub (Bengaluru/NCR/Hyd),3,7,5.0,2,1,1,0,1,1,0,1,5,28.59,High-Demand Specialist
CP-3918,1.2,M.Tech/M.S,Tier 1 (IIT/NIT/BITS),Backend Systems,Remote Global,2,6,72.0,0,0,0,1,0,0,0,0,1,22.65,Job-Ready Mid-Level
CP-3919,0.8,B.Tech/B.E,Tier 2 (Top State/Private),Data Analytics & BI,Tier 2 City,0,1,31.0,0,1,1,1,1,0,0,0,4,10.04,Junior Associate
CP-3920,0.9,Non-CS Degree,Tier 2 (Top State/Private),Backend Systems,Tier 2 City,1,6,63.0,2,0,1,1,0,1,0,1,4,13.93,Junior Associate
CP-3921,2.7,B.Tech/B.E,Tier 3 (Affiliated Colleges),Data Science & AI/ML,Tier 1 Tech Hub (Bengaluru/NCR/Hyd),2,4,150.0,0,1,1,1,0,0,1,0,4,24.14,High-Demand Specialist
CP-3922,3.7,B.Tech/B.E,Tier 3 (Affiliated Colleges),Data Analytics & BI,Tier 2 City,1,7,48.0,0,1,0,0,0,0,0,0,1,12.77,Junior Associate
CP-3923,0.4,B.Tech/B.E,Tier 3 (Affiliated Colleges),Cloud & DevOps,Tier 2 City,1,5,67.0,1,1,1,1,0,0,0,0,3,7.46,Entry-Level Learner
CP-3924,1.0,B.Tech/B.E,Tier 2 (Top State/Private),Backend Systems,Tier 1 Tech Hub (Bengaluru/NCR/Hyd),2,5,361.0,0,1,0,0,0,0,0,0,1,17.6,Job-Ready Mid-Level
CP-3925,5.1,B.Tech/B.E,Tier 1 (IIT/NIT/BITS),Data Analytics & BI,Remote Global,1,2,149.0,0,1,0,0,0,0,0,0,1,27.24,High-Demand Specialist
CP-3926,3.6,Non-CS Degree,Tier 2 (Top State/Private),Full Stack Web,Tier 1 Tech Hub (Bengaluru/NCR/Hyd),1,9,61.0,0,1,1,1,0,0,0,0,3,17.7,Job-Ready Mid-Level
CP-3927,9.2,M.Tech/M.S,Tier 3 (Affiliated Colleges),Data Analytics & BI,Tier 1 Tech Hub (Bengaluru/NCR/Hyd),0,3,74.0,0,0,1,1,1,0,1,1,5,41.07,High-Demand Specialist
CP-3928,3.1,B.Tech/B.E,Tier 3 (Affiliated Colleges),Data Science & AI/ML,Tier 1 Tech Hub (Bengaluru/NCR/Hyd),0,3,107.0,2,1,1,1,0,0,1,0,4,19.61,Job-Ready Mid-Level
CP-3929,1.1,BCA/B.Sc CS,Tier 3 (Affiliated Colleges),Full Stack Web,Tier 2 City,0,6,0.0,2,0,1,0,0,1,0,0,2,7.64,Entry-Level Learner
CP-3930,2.0,M.Tech/M.S,Tier 3 (Affiliated Colleges),Data Science & AI/ML,Tier 2 City,2,3,0.0,0,0,1,1,0,1,0,0,3,14.39,Junior Associate
CP-3931,2.4,Non-CS Degree,Tier 1 (IIT/NIT/BITS),Backend Systems,Tier 1 Tech Hub (Bengaluru/NCR/Hyd),1,4,124.0,0,0,1,1,1,0,0,0,3,23.05,Job-Ready Mid-Level
CP-3932,0.2,MCA,Tier 2 (Top State/Private),Full Stack Web,Tier 1 Tech Hub (Bengaluru/NCR/Hyd),1,6,39.0,0,1,1,1,0,0,1,1,5,19.1,Job-Ready Mid-Level
CP-3933,1.7,B.Tech/B.E,Tier 1 (IIT/NIT/BITS),Full Stack Web,Tier 1 Tech Hub (Bengaluru/NCR/Hyd),2,5,0.0,0,1,1,1,0,0,0,1,4,23.02,Job-Ready Mid-Level
CP-3934,2.7,M.Tech/M.S,Tier 2 (Top State/Private),Full Stack Web,Tier 1 Tech Hub (Bengaluru/NCR/Hyd),1,4,34.0,2,1,0,0,1,0,0,1,3,20.99,Job-Ready Mid-Level
CP-3935,0.4,BCA/B.Sc CS,Tier 1 (IIT/NIT/BITS),Backend Systems,Tier 1 Tech Hub (Bengaluru/NCR/Hyd),1,2,0.0,2,0,1,1,0,0,0,0,2,11.44,Junior Associate
CP-3936,3.3,BCA/B.Sc CS,Tier 2 (Top State/Private),Full Stack Web,Tier 1 Tech Hub (Bengaluru/NCR/Hyd),0,4,219.0,0,1,1,1,1,1,0,0,5,24.94,High-Demand Specialist
CP-3937,1.9,B.Tech/B.E,Tier 3 (Affiliated Colleges),Data Analytics & BI,Tier 1 Tech Hub (Bengaluru/NCR/Hyd),2,6,18.0,0,1,1,0,0,0,0,1,3,16.94,Job-Ready Mid-Level
CP-3938,6.7,B.Tech/B.E,Tier 3 (Affiliated Colleges),Data Analytics & BI,Remote Global,0,5,33.0,0,1,1,0,0,1,0,1,4,31.65,High-Demand Specialist
CP-3939,0.1,B.Tech/B.E,Tier 3 (Affiliated Colleges),Full Stack Web,Tier 1 Tech Hub (Bengaluru/NCR/Hyd),0,2,129.0,2,1,1,1,0,0,0,0,3,9.77,Junior Associate
CP-3940,0.7,B.Tech/B.E,Tier 3 (Affiliated Colleges),Full Stack Web,Tier 2 City,0,2,55.0,1,1,0,0,1,0,0,0,2,7.19,Entry-Level Learner
CP-3941,2.0,B.Tech/B.E,Tier 1 (IIT/NIT/BITS),Data Analytics & BI,Tier 1 Tech Hub (Bengaluru/NCR/Hyd),0,2,34.0,0,1,1,1,0,1,0,0,4,18.74,Job-Ready Mid-Level
CP-3942,0.8,M.Tech/M.S,Tier 1 (IIT/NIT/BITS),Backend Systems,Tier 1 Tech Hub (Bengaluru/NCR/Hyd),0,3,61.0,3,0,1,0,0,0,1,0,2,16.85,Job-Ready Mid-Level
CP-3943,2.8,B.Tech/B.E,Tier 3 (Affiliated Colleges),Data Analytics & BI,Tier 1 Tech Hub (Bengaluru/NCR/Hyd),1,4,30.0,2,1,1,1,0,0,1,0,4,20.59,Job-Ready Mid-Level
CP-3944,3.1,BCA/B.Sc CS,Tier 2 (Top State/Private),Data Science & AI/ML,Tier 1 Tech Hub (Bengaluru/NCR/Hyd),0,2,110.0,0,1,0,1,0,1,0,0,3,18.72,Job-Ready Mid-Level
CP-3945,0.2,B.Tech/B.E,Tier 2 (Top State/Private),Backend Systems,Tier 1 Tech Hub (Bengaluru/NCR/Hyd),1,4,12.0,0,1,0,0,1,0,0,0,2,10.54,Junior Associate
CP-3946,1.6,Non-CS Degree,Tier 2 (Top State/Private),Full Stack Web,Remote Global,0,1,62.0,0,1,0,1,1,1,0,0,4,16.85,Job-Ready Mid-Level
CP-3947,1.6,B.Tech/B.E,Tier 2 (Top State/Private),Cloud & DevOps,Remote Global,0,5,348.0,0,1,0,0,0,0,1,0,2,21.32,Job-Ready Mid-Level
CP-3948,1.0,B.Tech/B.E,Tier 2 (Top State/Private),Data Analytics & BI,Tier 1 Tech Hub (Bengaluru/NCR/Hyd),1,3,0.0,1,1,1,0,0,0,0,0,2,10.49,Junior Associate
CP-3949,5.9,BCA/B.Sc CS,Tier 2 (Top State/Private),Data Science & AI/ML,Tier 1 Tech Hub (Bengaluru/NCR/Hyd),2,6,37.0,1,0,0,1,0,1,0,0,2,28.33,High-Demand Specialist
CP-3950,3.9,MCA,Tier 2 (Top State/Private),Data Analytics & BI,Remote Global,2,7,0.0,1,1,1,1,1,0,1,0,5,29.18,High-Demand Specialist
CP-3951,2.6,Non-CS Degree,Tier 3 (Affiliated Colleges),Cloud & DevOps,Tier 1 Tech Hub (Bengaluru/NCR/Hyd),3,4,0.0,0,1,1,1,0,0,0,0,3,17.38,Job-Ready Mid-Level
CP-3952,2.8,B.Tech/B.E,Tier 2 (Top State/Private),Backend Systems,Tier 2 City,1,4,63.0,1,0,1,0,0,0,0,0,1,13.81,Junior Associate
CP-3953,1.4,B.Tech/B.E,Tier 2 (Top State/Private),Data Science & AI/ML,Remote Global,1,5,19.0,1,1,1,1,0,0,0,1,4,20.67,Job-Ready Mid-Level
CP-3954,5.6,MCA,Tier 2 (Top State/Private),Full Stack Web,Remote Global,1,4,0.0,0,1,0,1,1,0,1,0,4,33.43,High-Demand Specialist
CP-3955,2.6,B.Tech/B.E,Tier 2 (Top State/Private),Data Analytics & BI,Tier 1 Tech Hub (Bengaluru/NCR/Hyd),1,4,47.0,1,1,1,0,0,0,0,1,3,18.02,Job-Ready Mid-Level
CP-3956,2.9,BCA/B.Sc CS,Tier 3 (Affiliated Colleges),Data Science & AI/ML,Tier 1 Tech Hub (Bengaluru/NCR/Hyd),0,3,21.0,3,0,0,1,1,0,0,0,2,15.27,Job-Ready Mid-Level
CP-3957,4.4,B.Tech/B.E,Tier 3 (Affiliated Colleges),Data Science & AI/ML,Tier 1 Tech Hub (Bengaluru/NCR/Hyd),1,4,112.0,0,1,0,0,1,0,1,0,3,22.9,Job-Ready Mid-Level
CP-3958,0.7,B.Tech/B.E,Tier 3 (Affiliated Colleges),Backend Systems,Remote Global,1,7,130.0,0,0,0,0,1,1,0,0,2,17.68,Job-Ready Mid-Level
CP-3959,3.6,B.Tech/B.E,Tier 2 (Top State/Private),Full Stack Web,Remote Global,1,2,46.0,0,1,1,1,1,0,0,0,4,24.41,High-Demand Specialist
CP-3960,0.5,B.Tech/B.E,Tier 2 (Top State/Private),Backend Systems,Tier 2 City,1,6,339.0,0,1,1,1,1,0,0,0,4,17.1,Job-Ready Mid-Level
CP-3961,0.9,BCA/B.Sc CS,Tier 2 (Top State/Private),Data Science & AI/ML,Tier 2 City,0,5,138.0,1,1,0,0,1,1,0,0,3,12.52,Junior Associate
CP-3962,0.9,Non-CS Degree,Tier 2 (Top State/Private),Full Stack Web,Tier 2 City,1,6,131.0,1,1,1,0,0,0,0,0,2,9.97,Junior Associate
CP-3963,8.4,B.Tech/B.E,Tier 2 (Top State/Private),Data Analytics & BI,Tier 2 City,0,7,3.0,1,1,0,0,0,0,0,0,1,22.4,Job-Ready Mid-Level
CP-3964,4.3,M.Tech/M.S,Tier 2 (Top State/Private),Cloud & DevOps,Tier 2 City,3,6,247.0,1,1,0,0,0,0,0,0,1,19.84,Job-Ready Mid-Level
CP-3965,2.7,B.Tech/B.E,Tier 2 (Top State/Private),Cloud & DevOps,Tier 2 City,0,6,377.0,3,1,1,1,1,0,1,0,5,20.57,Job-Ready Mid-Level
CP-3966,2.9,B.Tech/B.E,Tier 3 (Affiliated Colleges),Full Stack Web,Tier 1 Tech Hub (Bengaluru/NCR/Hyd),0,2,19.0,0,0,1,1,1,0,0,0,3,15.16,Job-Ready Mid-Level
CP-3967,1.8,B.Tech/B.E,Tier 1 (IIT/NIT/BITS),Data Analytics & BI,Tier 1 Tech Hub (Bengaluru/NCR/Hyd),2,4,149.0,1,1,1,0,1,1,1,1,6,29.51,High-Demand Specialist
CP-3968,6.5,Non-CS Degree,Tier 3 (Affiliated Colleges),Data Science & AI/ML,Tier 2 City,1,2,124.0,0,1,0,0,0,0,0,1,2,20.19,Job-Ready Mid-Level
CP-3969,1.5,M.Tech/M.S,Tier 1 (IIT/NIT/BITS),Full Stack Web,Tier 1 Tech Hub (Bengaluru/NCR/Hyd),0,4,71.0,0,0,1,0,0,1,0,1,3,23.03,Job-Ready Mid-Level
CP-3970,1.1,BCA/B.Sc CS,Tier 1 (IIT/NIT/BITS),Data Science & AI/ML,Tier 1 Tech Hub (Bengaluru/NCR/Hyd),1,2,62.0,2,1,1,1,0,0,0,0,3,17.22,Job-Ready Mid-Level
CP-3971,0.4,MCA,Tier 3 (Affiliated Colleges),Cloud & DevOps,Tier 2 City,0,5,0.0,1,1,1,1,0,0,0,0,3,6.76,Entry-Level Learner
CP-3972,3.4,BCA/B.Sc CS,Tier 3 (Affiliated Colleges),Data Science & AI/ML,Tier 2 City,0,1,2.0,0,1,1,0,0,0,0,0,2,10.42,Junior Associate
CP-3973,2.9,Non-CS Degree,Tier 1 (IIT/NIT/BITS),Full Stack Web,Remote Global,0,3,2.0,0,1,1,0,1,1,0,0,4,22.76,Job-Ready Mid-Level
CP-3974,1.1,M.Tech/M.S,Tier 2 (Top State/Private),Full Stack Web,Tier 1 Tech Hub (Bengaluru/NCR/Hyd),1,3,25.0,1,0,1,0,1,0,0,0,2,14.76,Junior Associate
CP-3975,0.1,Non-CS Degree,Tier 2 (Top State/Private),Data Science & AI/ML,Tier 2 City,2,2,136.0,2,1,1,1,0,0,0,0,3,11.41,Junior Associate
CP-3976,4.0,B.Tech/B.E,Tier 2 (Top State/Private),Data Science & AI/ML,Tier 1 Tech Hub (Bengaluru/NCR/Hyd),1,3,229.0,1,1,1,1,0,0,1,0,4,25.45,High-Demand Specialist
CP-3977,0.0,B.Tech/B.E,Tier 3 (Affiliated Colleges),Cloud & DevOps,Remote Global,1,4,45.0,0,1,1,1,1,1,0,0,5,16.14,Job-Ready Mid-Level
CP-3978,2.7,B.Tech/B.E,Tier 3 (Affiliated Colleges),Full Stack Web,Tier 1 Tech Hub (Bengaluru/NCR/Hyd),0,1,51.0,0,1,0,1,1,0,0,0,3,16.67,Job-Ready Mid-Level
CP-3979,7.7,B.Tech/B.E,Tier 3 (Affiliated Colleges),Backend Systems,Tier 2 City,0,2,,0,1,0,1,1,0,1,0,4,21.49,Job-Ready Mid-Level
CP-3980,1.3,BCA/B.Sc CS,Tier 2 (Top State/Private),Cloud & DevOps,Tier 2 City,2,5,252.0,1,1,0,0,0,0,1,1,3,15.97,Job-Ready Mid-Level
CP-3981,0.6,B.Tech/B.E,Tier 3 (Affiliated Colleges),Data Science & AI/ML,Tier 1 Tech Hub (Bengaluru/NCR/Hyd),0,1,25.0,0,1,1,1,1,0,0,0,4,10.59,Junior Associate
CP-3982,2.7,BCA/B.Sc CS,Tier 2 (Top State/Private),Cloud & DevOps,Remote Global,2,8,123.0,0,1,1,1,1,0,0,0,4,25.08,High-Demand Specialist
CP-3983,3.7,B.Tech/B.E,Tier 3 (Affiliated Colleges),Data Science & AI/ML,Remote Global,1,4,16.0,1,0,1,0,0,0,1,0,2,23.09,Job-Ready Mid-Level
CP-3984,1.7,B.Tech/B.E,Tier 3 (Affiliated Colleges),Data Analytics & BI,Tier 1 Tech Hub (Bengaluru/NCR/Hyd),2,3,32.0,1,0,0,1,0,0,0,0,1,13.93,Junior Associate
CP-3985,7.5,B.Tech/B.E,Tier 2 (Top State/Private),Backend Systems,Tier 1 Tech Hub (Bengaluru/NCR/Hyd),0,3,43.0,1,1,1,0,0,1,0,0,3,27.91,High-Demand Specialist
CP-3986,0.1,Non-CS Degree,Tier 2 (Top State/Private),Full Stack Web,Tier 1 Tech Hub (Bengaluru/NCR/Hyd),0,4,0.0,2,1,1,1,0,1,1,0,5,12.12,Junior Associate
CP-3987,1.5,B.Tech/B.E,Tier 2 (Top State/Private),Cloud & DevOps,Tier 1 Tech Hub (Bengaluru/NCR/Hyd),2,8,139.0,1,1,0,1,0,0,0,0,2,16.85,Job-Ready Mid-Level
CP-3988,2.8,B.Tech/B.E,Tier 1 (IIT/NIT/BITS),Data Science & AI/ML,Remote Global,2,7,26.0,0,1,1,0,1,0,0,1,4,29.41,High-Demand Specialist
CP-3989,4.4,M.Tech/M.S,Tier 3 (Affiliated Colleges),Full Stack Web,Remote Global,0,1,36.0,2,1,1,0,1,0,0,1,4,27.3,High-Demand Specialist
CP-3990,0.4,BCA/B.Sc CS,Tier 2 (Top State/Private),Data Analytics & BI,Tier 1 Tech Hub (Bengaluru/NCR/Hyd),3,6,133.0,0,0,1,0,1,0,1,0,3,19.81,Job-Ready Mid-Level
CP-3991,3.5,B.Tech/B.E,Tier 2 (Top State/Private),Data Science & AI/ML,Tier 1 Tech Hub (Bengaluru/NCR/Hyd),0,1,34.0,0,0,1,0,1,1,1,0,4,23.77,Job-Ready Mid-Level
CP-3992,1.8,B.Tech/B.E,Tier 2 (Top State/Private),Data Science & AI/ML,Tier 1 Tech Hub (Bengaluru/NCR/Hyd),0,4,6.0,1,1,0,0,0,0,0,0,1,9.51,Junior Associate
CP-3993,1.1,B.Tech/B.E,Tier 3 (Affiliated Colleges),Full Stack Web,Tier 1 Tech Hub (Bengaluru/NCR/Hyd),1,3,368.0,0,1,0,0,0,0,1,0,2,17.98,Job-Ready Mid-Level
CP-3994,0.3,Non-CS Degree,Tier 1 (IIT/NIT/BITS),Data Analytics & BI,Tier 1 Tech Hub (Bengaluru/NCR/Hyd),1,4,45.0,0,0,0,1,0,1,1,0,3,17.33,Job-Ready Mid-Level
CP-3995,4.4,B.Tech/B.E,Tier 3 (Affiliated Colleges),Full Stack Web,Tier 1 Tech Hub (Bengaluru/NCR/Hyd),3,7,241.0,1,1,1,1,0,0,0,1,4,29.5,High-Demand Specialist
CP-3996,0.4,B.Tech/B.E,Tier 3 (Affiliated Colleges),Backend Systems,Tier 1 Tech Hub (Bengaluru/NCR/Hyd),1,8,109.0,3,1,1,0,0,1,1,1,5,17.67,Job-Ready Mid-Level
CP-3997,0.8,B.Tech/B.E,Tier 3 (Affiliated Colleges),Data Science & AI/ML,Tier 2 City,0,3,0.0,1,1,1,1,1,1,0,1,6,12.67,Junior Associate
CP-3998,0.8,B.Tech/B.E,Tier 2 (Top State/Private),Full Stack Web,Tier 2 City,1,4,56.0,0,1,0,0,1,0,0,0,2,11.45,Junior Associate
CP-3999,4.5,M.Tech/M.S,Tier 2 (Top State/Private),Cloud & DevOps,Tier 1 Tech Hub (Bengaluru/NCR/Hyd),0,3,0.0,0,0,1,0,0,1,1,0,3,24.06,High-Demand Specialist
CP-4000,2.5,B.Tech/B.E,Tier 2 (Top State/Private),Data Science & AI/ML,Tier 2 City,1,4,34.0,0,1,0,0,1,0,1,1,4,17.78,Job-Ready Mid-Level
CP-4001,3.5,B.Tech/B.E,Tier 2 (Top State/Private),Cloud & DevOps,Tier 2 City,1,6,109.0,0,0,1,0,0,1,0,0,2,15.74,Job-Ready Mid-Level
CP-4002,0.6,B.Tech/B.E,Tier 2 (Top State/Private),Data Science & AI/ML,Remote Global,0,2,8.0,1,1,1,0,0,1,0,0,3,12.7,Junior Associate
CP-4003,2.2,B.Tech/B.E,Tier 3 (Affiliated Colleges),Data Science & AI/ML,Tier 1 Tech Hub (Bengaluru/NCR/Hyd),1,2,4.0,1,0,0,0,1,1,0,0,2,13.84,Junior Associate
CP-4004,1.9,B.Tech/B.E,Tier 2 (Top State/Private),Data Science & AI/ML,Remote Global,1,4,61.0,1,1,0,1,0,0,0,0,2,17.34,Job-Ready Mid-Level
CP-4005,3.9,M.Tech/M.S,Tier 3 (Affiliated Colleges),Backend Systems,Remote Global,1,6,55.0,2,0,0,1,0,1,0,0,2,24.5,High-Demand Specialist
CP-4006,5.2,M.Tech/M.S,Tier 1 (IIT/NIT/BITS),Cloud & DevOps,Tier 1 Tech Hub (Bengaluru/NCR/Hyd),1,5,151.0,1,0,1,0,1,0,1,0,3,34.52,High-Demand Specialist
CP-4007,0.0,MCA,Tier 3 (Affiliated Colleges),Data Analytics & BI,Tier 1 Tech Hub (Bengaluru/NCR/Hyd),0,3,121.0,1,1,1,0,0,0,0,0,2,7.77,Entry-Level Learner
CP-4008,2.5,MCA,Tier 3 (Affiliated Colleges),Full Stack Web,Remote Global,0,4,153.0,0,1,0,1,1,1,0,1,5,26.16,High-Demand Specialist
CP-4009,0.1,BCA/B.Sc CS,Tier 3 (Affiliated Colleges),Cloud & DevOps,Tier 2 City,0,2,228.0,2,0,1,1,1,0,1,0,4,11.36,Junior Associate
CP-4010,1.8,B.Tech/B.E,Tier 3 (Affiliated Colleges),Full Stack Web,Remote Global,0,1,2.0,2,1,0,1,0,0,0,0,2,11.94,Junior Associate
CP-4011,0.7,M.Tech/M.S,Tier 3 (Affiliated Colleges),Backend Systems,Tier 2 City,1,4,50.0,3,1,1,1,0,1,0,0,4,11.67,Junior Associate
CP-4012,0.8,MCA,Tier 3 (Affiliated Colleges),Data Analytics & BI,Tier 2 City,3,4,66.0,3,0,1,0,1,0,0,1,3,14.48,Junior Associate
CP-4013,1.0,M.Tech/M.S,Tier 2 (Top State/Private),Data Analytics & BI,Tier 1 Tech Hub (Bengaluru/NCR/Hyd),1,2,341.0,3,1,0,1,1,0,1,0,4,22.42,Job-Ready Mid-Level
CP-4014,2.1,B.Tech/B.E,Tier 2 (Top State/Private),Data Science & AI/ML,Tier 1 Tech Hub (Bengaluru/NCR/Hyd),1,4,67.0,1,0,1,0,1,0,0,1,3,20.61,Job-Ready Mid-Level
CP-4015,0.9,B.Tech/B.E,Tier 1 (IIT/NIT/BITS),Full Stack Web,Remote Global,1,4,348.0,1,1,1,0,1,0,0,0,3,24.34,High-Demand Specialist
CP-4016,2.9,MCA,Tier 1 (IIT/NIT/BITS),Full Stack Web,Tier 1 Tech Hub (Bengaluru/NCR/Hyd),0,3,145.0,0,1,1,0,0,1,0,0,3,20.75,Job-Ready Mid-Level
CP-4017,1.1,M.Tech/M.S,Tier 2 (Top State/Private),Backend Systems,Tier 1 Tech Hub (Bengaluru/NCR/Hyd),2,8,153.0,1,1,1,0,0,0,0,0,2,16.27,Job-Ready Mid-Level
CP-4018,0.2,Non-CS Degree,Tier 1 (IIT/NIT/BITS),Data Science & AI/ML,Tier 2 City,3,5,26.0,1,0,1,1,0,0,0,0,2,11.85,Junior Associate
CP-4019,3.4,B.Tech/B.E,Tier 2 (Top State/Private),Data Science & AI/ML,Tier 2 City,1,6,54.0,2,1,0,0,0,0,0,0,1,14.38,Junior Associate
CP-4020,0.7,B.Tech/B.E,Tier 2 (Top State/Private),Full Stack Web,Tier 1 Tech Hub (Bengaluru/NCR/Hyd),0,6,73.0,1,0,1,1,0,0,0,0,2,12.14,Junior Associate
CP-4021,1.2,B.Tech/B.E,Tier 1 (IIT/NIT/BITS),Data Science & AI/ML,Tier 1 Tech Hub (Bengaluru/NCR/Hyd),2,6,41.0,2,1,1,0,0,0,0,0,2,18.25,Job-Ready Mid-Level
CP-4022,2.5,M.Tech/M.S,Tier 3 (Affiliated Colleges),Data Science & AI/ML,Tier 1 Tech Hub (Bengaluru/NCR/Hyd),0,3,224.0,1,0,1,1,1,0,0,1,4,24.15,High-Demand Specialist
CP-4023,0.9,B.Tech/B.E,Tier 1 (IIT/NIT/BITS),Data Analytics & BI,Tier 1 Tech Hub (Bengaluru/NCR/Hyd),2,5,114.0,0,1,0,0,0,0,1,0,2,19.73,Job-Ready Mid-Level
CP-4024,0.1,B.Tech/B.E,Tier 3 (Affiliated Colleges),Cloud & DevOps,Tier 2 City,2,4,128.0,0,1,1,1,0,0,0,1,4,11.52,Junior Associate
CP-4025,1.0,Non-CS Degree,Tier 1 (IIT/NIT/BITS),Backend Systems,Tier 1 Tech Hub (Bengaluru/NCR/Hyd),0,4,68.0,2,1,1,1,0,1,0,1,5,19.94,Job-Ready Mid-Level
CP-4026,6.4,B.Tech/B.E,Tier 3 (Affiliated Colleges),Data Analytics & BI,Remote Global,3,10,0.0,0,1,0,1,0,0,0,0,2,30.22,High-Demand Specialist
CP-4027,2.3,MCA,Tier 3 (Affiliated Colleges),Full Stack Web,Tier 2 City,3,7,131.0,0,1,0,1,0,0,0,1,3,14.23,Junior Associate
CP-4028,2.4,B.Tech/B.E,Tier 3 (Affiliated Colleges),Full Stack Web,Tier 2 City,3,4,39.0,0,0,1,0,0,0,1,0,2,15.84,Job-Ready Mid-Level
CP-4029,2.2,MCA,Tier 3 (Affiliated Colleges),Data Science & AI/ML,Tier 1 Tech Hub (Bengaluru/NCR/Hyd),1,3,213.0,0,0,1,0,1,0,1,0,3,21.59,Job-Ready Mid-Level
CP-4030,0.5,BCA/B.Sc CS,Tier 1 (IIT/NIT/BITS),Backend Systems,Tier 1 Tech Hub (Bengaluru/NCR/Hyd),0,6,122.0,2,1,0,0,0,0,0,0,1,11.85,Junior Associate
CP-4031,1.2,MCA,Tier 3 (Affiliated Colleges),Full Stack Web,Tier 1 Tech Hub (Bengaluru/NCR/Hyd),1,3,32.0,0,1,1,0,0,0,0,0,2,11.05,Junior Associate
CP-4032,3.1,Non-CS Degree,Tier 3 (Affiliated Colleges),Full Stack Web,Tier 1 Tech Hub (Bengaluru/NCR/Hyd),1,4,111.0,0,1,1,0,1,1,1,0,5,21.3,Job-Ready Mid-Level
CP-4033,0.2,B.Tech/B.E,Tier 3 (Affiliated Colleges),Full Stack Web,Tier 2 City,0,3,132.0,1,0,0,1,1,0,0,0,2,8.87,Entry-Level Learner
CP-4034,0.7,B.Tech/B.E,Tier 3 (Affiliated Colleges),Full Stack Web,Tier 1 Tech Hub (Bengaluru/NCR/Hyd),1,4,70.0,2,1,1,0,0,1,0,0,3,14.3,Junior Associate
CP-4035,0.7,B.Tech/B.E,Tier 2 (Top State/Private),Data Science & AI/ML,Tier 2 City,1,3,60.0,1,1,0,0,0,0,0,0,1,7.25,Entry-Level Learner
CP-4036,1.2,BCA/B.Sc CS,Tier 3 (Affiliated Colleges),Full Stack Web,Tier 1 Tech Hub (Bengaluru/NCR/Hyd),0,1,0.0,0,1,1,1,0,0,0,0,3,7.41,Entry-Level Learner
CP-4037,8.6,MCA,Tier 2 (Top State/Private),Data Analytics & BI,Tier 1 Tech Hub (Bengaluru/NCR/Hyd),0,5,28.0,2,1,1,1,0,0,1,0,4,33.35,High-Demand Specialist
CP-4038,0.2,B.Tech/B.E,Tier 2 (Top State/Private),Data Analytics & BI,Remote Global,0,1,120.0,1,1,1,0,1,1,1,1,6,23.11,Job-Ready Mid-Level
CP-4039,1.6,BCA/B.Sc CS,Tier 1 (IIT/NIT/BITS),Full Stack Web,Tier 1 Tech Hub (Bengaluru/NCR/Hyd),1,4,20.0,0,1,1,1,1,0,0,1,5,20.8,Job-Ready Mid-Level
CP-4040,0.4,B.Tech/B.E,Tier 3 (Affiliated Colleges),Full Stack Web,Tier 1 Tech Hub (Bengaluru/NCR/Hyd),1,6,108.0,1,0,0,1,1,0,0,0,2,13.64,Junior Associate
CP-4041,7.8,M.Tech/M.S,Tier 1 (IIT/NIT/BITS),Backend Systems,Tier 1 Tech Hub (Bengaluru/NCR/Hyd),0,3,59.0,2,0,0,1,0,1,0,0,2,34.51,High-Demand Specialist
CP-4042,0.3,Non-CS Degree,Tier 2 (Top State/Private),Data Science & AI/ML,Tier 1 Tech Hub (Bengaluru/NCR/Hyd),3,8,213.0,1,0,1,1,1,1,0,0,4,21.31,Job-Ready Mid-Level
CP-4043,1.1,B.Tech/B.E,Tier 2 (Top State/Private),Backend Systems,Tier 2 City,0,3,,3,1,1,0,1,0,0,0,3,13.37,Junior Associate
CP-4044,2.9,B.Tech/B.E,Tier 3 (Affiliated Colleges),Data Science & AI/ML,Tier 1 Tech Hub (Bengaluru/NCR/Hyd),1,2,116.0,1,0,1,0,1,0,1,0,3,20.68,Job-Ready Mid-Level
CP-4045,2.7,B.Tech/B.E,Tier 3 (Affiliated Colleges),Cloud & DevOps,Tier 1 Tech Hub (Bengaluru/NCR/Hyd),2,4,34.0,1,0,0,1,1,1,1,1,5,27.33,High-Demand Specialist
CP-4046,1.2,BCA/B.Sc CS,Tier 2 (Top State/Private),Cloud & DevOps,Tier 1 Tech Hub (Bengaluru/NCR/Hyd),2,6,70.0,0,1,0,0,1,1,1,1,5,24.26,High-Demand Specialist
CP-4047,0.9,B.Tech/B.E,Tier 1 (IIT/NIT/BITS),Cloud & DevOps,Remote Global,0,2,28.0,2,0,0,1,0,1,0,0,2,16.57,Job-Ready Mid-Level
CP-4048,1.1,B.Tech/B.E,Tier 3 (Affiliated Colleges),Data Analytics & BI,Tier 1 Tech Hub (Bengaluru/NCR/Hyd),2,7,,1,0,0,0,1,0,0,0,1,14.84,Junior Associate
CP-4049,0.7,B.Tech/B.E,Tier 3 (Affiliated Colleges),Data Science & AI/ML,Tier 1 Tech Hub (Bengaluru/NCR/Hyd),2,4,26.0,1,0,1,0,1,0,0,1,3,17.42,Job-Ready Mid-Level
CP-4050,0.5,B.Tech/B.E,Tier 3 (Affiliated Colleges),Full Stack Web,Tier 1 Tech Hub (Bengaluru/NCR/Hyd),1,5,123.0,1,0,1,1,0,0,1,0,3,15.46,Job-Ready Mid-Level
CP-4051,1.5,B.Tech/B.E,Tier 2 (Top State/Private),Full Stack Web,Tier 1 Tech Hub (Bengaluru/NCR/Hyd),1,3,37.0,1,0,1,1,0,0,0,0,2,13.39,Junior Associate
CP-4052,0.7,BCA/B.Sc CS,Tier 3 (Affiliated Colleges),Data Analytics & BI,Tier 1 Tech Hub (Bengaluru/NCR/Hyd),0,1,66.0,1,0,1,1,0,0,1,0,3,10.74,Junior Associate
CP-4053,0.7,B.Tech/B.E,Tier 2 (Top State/Private),Data Science & AI/ML,Tier 1 Tech Hub (Bengaluru/NCR/Hyd),1,4,,1,1,1,1,1,0,0,0,4,17.14,Job-Ready Mid-Level
CP-4054,2.4,M.Tech/M.S,Tier 2 (Top State/Private),Data Analytics & BI,Tier 1 Tech Hub (Bengaluru/NCR/Hyd),1,4,205.0,1,0,1,0,1,0,0,0,2,23.0,Job-Ready Mid-Level
CP-4055,7.6,M.Tech/M.S,Tier 2 (Top State/Private),Full Stack Web,Tier 1 Tech Hub (Bengaluru/NCR/Hyd),2,6,12.0,0,0,1,1,0,0,1,0,3,35.14,High-Demand Specialist
CP-4056,2.0,B.Tech/B.E,Tier 2 (Top State/Private),Data Science & AI/ML,Tier 1 Tech Hub (Bengaluru/NCR/Hyd),1,8,24.0,1,1,1,1,1,0,0,0,4,20.9,Job-Ready Mid-Level
CP-4057,0.2,B.Tech/B.E,Tier 3 (Affiliated Colleges),Data Analytics & BI,Remote Global,1,2,210.0,1,1,1,0,1,1,0,0,4,17.3,Job-Ready Mid-Level
CP-4058,0.2,M.Tech/M.S,Tier 2 (Top State/Private),Data Science & AI/ML,Tier 2 City,0,5,0.0,1,1,0,0,0,0,0,0,1,5.69,Entry-Level Learner
CP-4059,6.7,Non-CS Degree,Tier 2 (Top State/Private),Full Stack Web,Tier 1 Tech Hub (Bengaluru/NCR/Hyd),0,1,149.0,1,0,0,0,1,1,1,0,3,28.5,High-Demand Specialist
CP-4060,0.8,B.Tech/B.E,Tier 2 (Top State/Private),Data Science & AI/ML,Tier 1 Tech Hub (Bengaluru/NCR/Hyd),0,3,129.0,0,1,1,0,0,0,1,1,4,16.06,Job-Ready Mid-Level
CP-4061,0.2,B.Tech/B.E,Tier 1 (IIT/NIT/BITS),Full Stack Web,Tier 2 City,0,3,68.0,0,1,1,0,1,0,0,1,4,13.77,Junior Associate
CP-4062,2.0,B.Tech/B.E,Tier 2 (Top State/Private),Cloud & DevOps,Remote Global,1,2,40.0,1,1,1,0,1,0,1,1,5,24.64,High-Demand Specialist
CP-4063,2.1,BCA/B.Sc CS,Tier 2 (Top State/Private),Cloud & DevOps,Tier 1 Tech Hub (Bengaluru/NCR/Hyd),2,2,247.0,1,0,0,0,0,0,0,0,0,16.16,Job-Ready Mid-Level
CP-4064,2.3,B.Tech/B.E,Tier 1 (IIT/NIT/BITS),Full Stack Web,Tier 2 City,1,4,0.0,0,0,1,1,0,0,0,0,2,14.75,Junior Associate
CP-4065,0.7,B.Tech/B.E,Tier 3 (Affiliated Colleges),Full Stack Web,Tier 1 Tech Hub (Bengaluru/NCR/Hyd),1,1,0.0,0,1,1,0,0,0,0,0,2,9.99,Junior Associate
CP-4066,0.0,BCA/B.Sc CS,Tier 3 (Affiliated Colleges),Data Science & AI/ML,Tier 1 Tech Hub (Bengaluru/NCR/Hyd),1,4,63.0,0,1,1,0,1,1,0,1,5,17.08,Job-Ready Mid-Level
CP-4067,7.4,BCA/B.Sc CS,Tier 3 (Affiliated Colleges),Full Stack Web,Remote Global,0,1,40.0,0,0,0,0,1,0,0,1,2,31.55,High-Demand Specialist
CP-4068,0.6,B.Tech/B.E,Tier 2 (Top State/Private),Backend Systems,Tier 2 City,1,7,68.0,0,1,1,1,1,0,0,0,4,13.17,Junior Associate
CP-4069,2.5,B.Tech/B.E,Tier 3 (Affiliated Colleges),Data Analytics & BI,Remote Global,0,2,242.0,0,1,1,0,0,1,1,0,4,23.76,Job-Ready Mid-Level
CP-4070,2.7,BCA/B.Sc CS,Tier 3 (Affiliated Colleges),Data Science & AI/ML,Tier 1 Tech Hub (Bengaluru/NCR/Hyd),1,4,227.0,0,1,1,0,1,0,1,1,5,25.62,High-Demand Specialist
CP-4071,2.1,B.Tech/B.E,Tier 3 (Affiliated Colleges),Data Science & AI/ML,Tier 1 Tech Hub (Bengaluru/NCR/Hyd),0,3,0.0,1,1,1,1,0,1,0,0,4,13.72,Junior Associate
CP-4072,0.8,B.Tech/B.E,Tier 3 (Affiliated Colleges),Backend Systems,Tier 2 City,0,1,67.0,1,1,1,0,0,1,0,0,3,8.5,Entry-Level Learner
CP-4073,0.7,MCA,Tier 2 (Top State/Private),Full Stack Web,Tier 1 Tech Hub (Bengaluru/NCR/Hyd),1,4,28.0,1,0,0,0,0,0,0,0,0,9.47,Junior Associate
CP-4074,2.0,B.Tech/B.E,Tier 3 (Affiliated Colleges),Full Stack Web,Tier 1 Tech Hub (Bengaluru/NCR/Hyd),3,6,220.0,1,1,0,1,1,0,0,0,3,21.45,Job-Ready Mid-Level
CP-4075,4.4,M.Tech/M.S,Tier 2 (Top State/Private),Data Analytics & BI,Tier 1 Tech Hub (Bengaluru/NCR/Hyd),1,3,40.0,0,1,1,1,1,0,0,0,4,25.55,High-Demand Specialist
CP-4076,6.5,Non-CS Degree,Tier 2 (Top State/Private),Full Stack Web,Tier 1 Tech Hub (Bengaluru/NCR/Hyd),2,5,47.0,1,1,0,0,1,0,0,0,2,28.74,High-Demand Specialist
CP-4077,0.2,B.Tech/B.E,Tier 2 (Top State/Private),Full Stack Web,Tier 1 Tech Hub (Bengaluru/NCR/Hyd),1,2,120.0,1,1,1,1,1,1,0,0,5,16.99,Job-Ready Mid-Level
CP-4078,0.4,B.Tech/B.E,Tier 1 (IIT/NIT/BITS),Backend Systems,Tier 2 City,1,4,60.0,2,1,1,0,1,0,0,0,3,12.36,Junior Associate
CP-4079,6.4,BCA/B.Sc CS,Tier 3 (Affiliated Colleges),Cloud & DevOps,Remote Global,1,4,0.0,3,1,0,1,0,0,1,0,3,29.0,High-Demand Specialist
CP-4080,2.9,MCA,Tier 2 (Top State/Private),Data Science & AI/ML,Tier 1 Tech Hub (Bengaluru/NCR/Hyd),2,9,61.0,2,1,1,1,0,1,0,0,4,22.62,Job-Ready Mid-Level
CP-4081,4.7,Non-CS Degree,Tier 2 (Top State/Private),Data Science & AI/ML,Tier 2 City,0,1,113.0,1,1,1,0,1,0,1,0,4,17.89,Job-Ready Mid-Level
CP-4082,0.5,M.Tech/M.S,Tier 3 (Affiliated Colleges),Data Science & AI/ML,Tier 1 Tech Hub (Bengaluru/NCR/Hyd),0,7,122.0,2,0,1,0,1,1,0,1,4,18.37,Job-Ready Mid-Level
CP-4083,1.9,B.Tech/B.E,Tier 2 (Top State/Private),Data Analytics & BI,Remote Global,0,2,113.0,0,0,1,1,1,0,1,0,4,22.3,Job-Ready Mid-Level
CP-4084,2.7,BCA/B.Sc CS,Tier 1 (IIT/NIT/BITS),Full Stack Web,Tier 1 Tech Hub (Bengaluru/NCR/Hyd),1,5,32.0,1,0,0,0,0,1,0,1,2,22.09,Job-Ready Mid-Level
CP-4085,2.5,B.Tech/B.E,Tier 3 (Affiliated Colleges),Data Science & AI/ML,Tier 2 City,2,5,45.0,1,1,0,1,0,1,0,0,3,15.5,Job-Ready Mid-Level
CP-4086,1.2,B.Tech/B.E,Tier 3 (Affiliated Colleges),Backend Systems,Tier 2 City,0,8,105.0,0,1,1,0,0,1,1,0,4,12.6,Junior Associate
CP-4087,0.0,B.Tech/B.E,Tier 2 (Top State/Private),Data Science & AI/ML,Tier 1 Tech Hub (Bengaluru/NCR/Hyd),1,3,227.0,0,0,1,1,0,0,1,0,3,16.06,Job-Ready Mid-Level
CP-4088,1.9,B.Tech/B.E,Tier 3 (Affiliated Colleges),Data Science & AI/ML,Tier 1 Tech Hub (Bengaluru/NCR/Hyd),2,5,0.0,1,1,0,1,0,0,0,0,2,14.75,Junior Associate
CP-4089,0.6,M.Tech/M.S,Tier 2 (Top State/Private),Data Science & AI/ML,Remote Global,1,6,3.0,0,1,1,1,1,1,0,0,5,20.99,Job-Ready Mid-Level
CP-4090,1.3,B.Tech/B.E,Tier 2 (Top State/Private),Data Science & AI/ML,Tier 1 Tech Hub (Bengaluru/NCR/Hyd),1,4,139.0,0,1,1,0,1,0,0,0,3,16.0,Job-Ready Mid-Level
CP-4091,7.0,B.Tech/B.E,Tier 2 (Top State/Private),Full Stack Web,Tier 2 City,2,4,,0,0,0,1,0,0,0,0,1,22.65,Job-Ready Mid-Level
CP-4092,1.1,B.Tech/B.E,Tier 2 (Top State/Private),Backend Systems,Remote Global,1,6,30.0,1,0,0,0,0,0,1,0,1,16.92,Job-Ready Mid-Level
CP-4093,4.0,MCA,Tier 3 (Affiliated Colleges),Backend Systems,Tier 1 Tech Hub (Bengaluru/NCR/Hyd),1,4,42.0,0,1,1,0,0,0,0,0,2,19.39,Job-Ready Mid-Level
CP-4094,0.5,M.Tech/M.S,Tier 3 (Affiliated Colleges),Full Stack Web,Remote Global,0,5,374.0,1,0,1,0,0,1,1,1,4,24.95,High-Demand Specialist
CP-4095,2.5,B.Tech/B.E,Tier 2 (Top State/Private),Full Stack Web,Remote Global,0,1,,1,0,1,0,0,1,0,0,2,17.49,Job-Ready Mid-Level
CP-4096,8.3,B.Tech/B.E,Tier 2 (Top State/Private),Cloud & DevOps,Tier 2 City,1,3,44.0,1,1,0,1,1,0,1,0,4,27.82,High-Demand Specialist
CP-4097,0.2,B.Tech/B.E,Tier 3 (Affiliated Colleges),Data Science & AI/ML,Tier 1 Tech Hub (Bengaluru/NCR/Hyd),1,2,217.0,0,1,0,1,1,1,0,0,4,16.08,Job-Ready Mid-Level
CP-4098,0.0,Non-CS Degree,Tier 2 (Top State/Private),Data Science & AI/ML,Tier 1 Tech Hub (Bengaluru/NCR/Hyd),3,6,0.0,0,1,0,1,0,0,0,0,2,11.3,Junior Associate
CP-4099,1.3,BCA/B.Sc CS,Tier 2 (Top State/Private),Backend Systems,Tier 1 Tech Hub (Bengaluru/NCR/Hyd),3,6,65.0,0,0,1,0,1,0,0,0,2,18.94,Job-Ready Mid-Level
CP-4100,0.2,B.Tech/B.E,Tier 3 (Affiliated Colleges),Data Science & AI/ML,Tier 2 City,2,5,55.0,2,1,0,0,0,1,0,0,2,9.57,Junior Associate
CP-4101,3.0,BCA/B.Sc CS,Tier 3 (Affiliated Colleges),Data Science & AI/ML,Tier 2 City,0,3,63.0,0,1,1,0,1,0,0,0,3,12.93,Junior Associate
CP-4102,5.4,B.Tech/B.E,Tier 3 (Affiliated Colleges),Full Stack Web,Tier 2 City,3,9,239.0,1,0,0,0,0,1,0,0,1,21.46,Job-Ready Mid-Level
CP-4103,1.3,M.Tech/M.S,Tier 2 (Top State/Private),Full Stack Web,Tier 1 Tech Hub (Bengaluru/NCR/Hyd),1,7,44.0,1,1,1,1,0,0,1,0,4,19.16,Job-Ready Mid-Level
CP-4104,0.7,B.Tech/B.E,Tier 3 (Affiliated Colleges),Data Science & AI/ML,Tier 1 Tech Hub (Bengaluru/NCR/Hyd),1,5,0.0,2,1,0,1,1,0,0,0,3,12.46,Junior Associate
CP-4105,1.3,B.Tech/B.E,Tier 2 (Top State/Private),Data Science & AI/ML,Tier 2 City,1,2,244.0,0,0,1,0,0,1,0,0,2,12.92,Junior Associate
CP-4106,2.8,B.Tech/B.E,Tier 2 (Top State/Private),Full Stack Web,Tier 2 City,0,2,30.0,1,1,0,1,0,0,0,0,2,11.11,Junior Associate
CP-4107,0.0,B.Tech/B.E,Tier 2 (Top State/Private),Cloud & DevOps,Remote Global,0,7,37.0,1,1,1,1,1,1,1,1,7,22.11,Job-Ready Mid-Level
CP-4108,2.0,Non-CS Degree,Tier 2 (Top State/Private),Data Science & AI/ML,Tier 2 City,2,5,31.0,0,1,1,0,0,0,0,0,2,11.02,Junior Associate
CP-4109,2.1,B.Tech/B.E,Tier 2 (Top State/Private),Full Stack Web,Tier 2 City,1,5,379.0,0,0,1,1,0,0,0,0,2,15.93,Job-Ready Mid-Level
CP-4110,2.2,MCA,Tier 2 (Top State/Private),Cloud & DevOps,Tier 2 City,1,3,46.0,0,1,1,0,1,0,0,0,3,12.43,Junior Associate
CP-4111,0.6,M.Tech/M.S,Tier 1 (IIT/NIT/BITS),Backend Systems,Tier 2 City,1,3,31.0,1,1,1,1,1,0,0,0,4,15.77,Job-Ready Mid-Level
CP-4112,2.8,B.Tech/B.E,Tier 3 (Affiliated Colleges),Full Stack Web,Tier 1 Tech Hub (Bengaluru/NCR/Hyd),2,4,44.0,1,1,1,1,0,0,1,0,4,20.91,Job-Ready Mid-Level
CP-4113,0.2,B.Tech/B.E,Tier 2 (Top State/Private),Data Science & AI/ML,Remote Global,1,9,371.0,0,1,1,1,0,0,0,1,4,21.54,Job-Ready Mid-Level
CP-4114,0.5,B.Tech/B.E,Tier 1 (IIT/NIT/BITS),Full Stack Web,Tier 2 City,1,9,140.0,0,1,1,0,0,0,0,1,3,13.95,Junior Associate
CP-4115,4.6,M.Tech/M.S,Tier 2 (Top State/Private),Data Analytics & BI,Tier 1 Tech Hub (Bengaluru/NCR/Hyd),0,5,0.0,0,1,1,0,1,0,0,0,3,24.05,High-Demand Specialist
CP-4116,3.0,B.Tech/B.E,Tier 1 (IIT/NIT/BITS),Data Science & AI/ML,Tier 1 Tech Hub (Bengaluru/NCR/Hyd),0,4,110.0,0,1,1,1,0,1,1,0,5,25.35,High-Demand Specialist
CP-4117,0.0,B.Tech/B.E,Tier 3 (Affiliated Colleges),Full Stack Web,Tier 1 Tech Hub (Bengaluru/NCR/Hyd),3,9,250.0,0,1,1,1,0,0,0,0,3,16.31,Job-Ready Mid-Level
CP-4118,0.6,B.Tech/B.E,Tier 1 (IIT/NIT/BITS),Data Science & AI/ML,Tier 1 Tech Hub (Bengaluru/NCR/Hyd),1,3,107.0,0,0,0,0,0,0,1,1,2,20.2,Job-Ready Mid-Level
CP-4119,0.5,M.Tech/M.S,Tier 3 (Affiliated Colleges),Data Science & AI/ML,Tier 1 Tech Hub (Bengaluru/NCR/Hyd),1,6,107.0,0,0,1,0,0,0,0,0,1,11.09,Junior Associate
CP-4120,0.7,B.Tech/B.E,Tier 1 (IIT/NIT/BITS),Full Stack Web,Tier 1 Tech Hub (Bengaluru/NCR/Hyd),1,4,27.0,1,1,1,0,0,0,0,0,2,13.83,Junior Associate
CP-4121,0.6,B.Tech/B.E,Tier 2 (Top State/Private),Full Stack Web,Tier 1 Tech Hub (Bengaluru/NCR/Hyd),2,6,140.0,1,1,1,0,1,1,0,0,4,19.05,Job-Ready Mid-Level
CP-4122,0.1,B.Tech/B.E,Tier 3 (Affiliated Colleges),Data Analytics & BI,Tier 1 Tech Hub (Bengaluru/NCR/Hyd),1,6,113.0,0,1,0,1,0,0,0,0,2,10.64,Junior Associate
CP-4123,1.4,B.Tech/B.E,Tier 3 (Affiliated Colleges),Cloud & DevOps,Tier 2 City,1,5,0.0,0,0,1,0,0,1,0,0,2,10.85,Junior Associate
CP-4124,2.9,M.Tech/M.S,Tier 1 (IIT/NIT/BITS),Full Stack Web,Tier 1 Tech Hub (Bengaluru/NCR/Hyd),1,7,40.0,2,0,0,0,1,0,1,0,2,25.36,High-Demand Specialist
CP-4125,2.1,B.Tech/B.E,Tier 3 (Affiliated Colleges),Full Stack Web,Tier 1 Tech Hub (Bengaluru/NCR/Hyd),0,3,0.0,0,0,1,1,0,1,0,1,4,18.5,Job-Ready Mid-Level
CP-4126,2.5,M.Tech/M.S,Tier 2 (Top State/Private),Full Stack Web,Tier 1 Tech Hub (Bengaluru/NCR/Hyd),3,7,242.0,0,1,0,0,1,0,0,0,2,23.5,Job-Ready Mid-Level
CP-4127,0.2,BCA/B.Sc CS,Tier 3 (Affiliated Colleges),Data Science & AI/ML,Tier 1 Tech Hub (Bengaluru/NCR/Hyd),3,7,124.0,0,1,0,0,0,1,0,0,2,13.77,Junior Associate
CP-4128,6.7,BCA/B.Sc CS,Tier 3 (Affiliated Colleges),Backend Systems,Tier 1 Tech Hub (Bengaluru/NCR/Hyd),3,6,55.0,1,1,1,0,1,1,0,0,4,31.4,High-Demand Specialist
CP-4129,4.0,BCA/B.Sc CS,Tier 3 (Affiliated Colleges),Backend Systems,Tier 2 City,3,5,234.0,0,1,1,1,0,1,0,0,4,20.74,Job-Ready Mid-Level
CP-4130,3.6,B.Tech/B.E,Tier 3 (Affiliated Colleges),Data Science & AI/ML,Tier 2 City,2,6,125.0,3,1,0,0,1,0,0,0,2,17.0,Job-Ready Mid-Level
CP-4131,3.8,B.Tech/B.E,Tier 2 (Top State/Private),Data Science & AI/ML,Tier 1 Tech Hub (Bengaluru/NCR/Hyd),1,2,207.0,0,1,0,0,1,0,1,0,3,23.91,Job-Ready Mid-Level
CP-4132,5.9,BCA/B.Sc CS,Tier 3 (Affiliated Colleges),Data Science & AI/ML,Tier 2 City,2,3,5.0,0,0,1,1,1,0,0,1,4,22.35,Job-Ready Mid-Level
CP-4133,1.7,B.Tech/B.E,Tier 2 (Top State/Private),Cloud & DevOps,Tier 1 Tech Hub (Bengaluru/NCR/Hyd),1,4,52.0,1,0,0,0,0,1,1,0,2,18.69,Job-Ready Mid-Level
CP-4134,0.5,BCA/B.Sc CS,Tier 1 (IIT/NIT/BITS),Cloud & DevOps,Remote Global,0,5,132.0,0,1,0,0,1,1,0,0,3,18.36,Job-Ready Mid-Level
CP-4135,2.1,B.Tech/B.E,Tier 1 (IIT/NIT/BITS),Data Analytics & BI,Remote Global,1,4,0.0,0,0,1,0,1,1,0,0,3,24.55,High-Demand Specialist
CP-4136,3.0,MCA,Tier 1 (IIT/NIT/BITS),Data Analytics & BI,Tier 1 Tech Hub (Bengaluru/NCR/Hyd),3,5,31.0,1,0,1,0,0,1,1,0,3,27.3,High-Demand Specialist
CP-4137,2.9,BCA/B.Sc CS,Tier 3 (Affiliated Colleges),Full Stack Web,Tier 2 City,1,6,29.0,0,1,1,0,1,0,0,1,4,15.89,Job-Ready Mid-Level
CP-4138,1.6,B.Tech/B.E,Tier 2 (Top State/Private),Cloud & DevOps,Tier 2 City,2,4,113.0,2,0,1,0,1,0,0,0,2,12.07,Junior Associate
CP-4139,0.2,B.Tech/B.E,Tier 2 (Top State/Private),Cloud & DevOps,Tier 2 City,0,3,71.0,1,1,1,0,0,0,0,0,2,8.31,Entry-Level Learner
CP-4140,1.0,M.Tech/M.S,Tier 1 (IIT/NIT/BITS),Full Stack Web,Tier 2 City,0,2,45.0,0,1,0,0,0,1,0,1,3,13.21,Junior Associate
CP-4141,5.6,M.Tech/M.S,Tier 2 (Top State/Private),Full Stack Web,Remote Global,1,4,44.0,0,0,0,0,1,0,1,0,2,33.8,High-Demand Specialist
CP-4142,1.9,B.Tech/B.E,Tier 3 (Affiliated Colleges),Cloud & DevOps,Tier 1 Tech Hub (Bengaluru/NCR/Hyd),0,1,22.0,0,0,1,0,1,0,0,0,2,11.84,Junior Associate
CP-4143,1.7,MCA,Tier 2 (Top State/Private),Cloud & DevOps,Tier 2 City,0,5,244.0,1,0,1,0,1,0,1,0,3,16.53,Job-Ready Mid-Level
CP-4144,0.7,B.Tech/B.E,Tier 3 (Affiliated Colleges),Cloud & DevOps,Tier 2 City,0,5,61.0,1,1,0,1,0,0,1,0,3,9.51,Junior Associate
CP-4145,1.0,B.Tech/B.E,Tier 3 (Affiliated Colleges),Cloud & DevOps,Tier 2 City,2,3,41.0,2,1,0,0,0,0,0,0,1,7.62,Entry-Level Learner
CP-4146,5.0,MCA,Tier 3 (Affiliated Colleges),Data Analytics & BI,Tier 2 City,0,4,26.0,1,1,1,0,0,0,0,1,3,19.18,Job-Ready Mid-Level
CP-4147,2.4,MCA,Tier 2 (Top State/Private),Cloud & DevOps,Tier 1 Tech Hub (Bengaluru/NCR/Hyd),0,5,52.0,2,1,1,0,0,1,0,0,3,16.23,Job-Ready Mid-Level
CP-4148,3.4,BCA/B.Sc CS,Tier 3 (Affiliated Colleges),Full Stack Web,Tier 1 Tech Hub (Bengaluru/NCR/Hyd),0,3,235.0,0,1,0,0,0,0,0,0,1,14.8,Junior Associate
CP-4149,1.3,MCA,Tier 2 (Top State/Private),Cloud & DevOps,Tier 1 Tech Hub (Bengaluru/NCR/Hyd),1,2,367.0,0,1,1,0,0,0,0,0,2,17.09,Job-Ready Mid-Level
CP-4150,2.2,B.Tech/B.E,Tier 3 (Affiliated Colleges),Full Stack Web,Tier 1 Tech Hub (Bengaluru/NCR/Hyd),1,6,56.0,2,1,1,1,1,0,1,0,5,21.85,Job-Ready Mid-Level
CP-4151,0.6,MCA,Tier 2 (Top State/Private),Data Science & AI/ML,Tier 1 Tech Hub (Bengaluru/NCR/Hyd),1,6,16.0,0,0,0,1,1,0,1,0,3,18.01,Job-Ready Mid-Level
CP-4152,2.7,B.Tech/B.E,Tier 2 (Top State/Private),Data Science & AI/ML,Remote Global,1,5,72.0,2,1,1,0,0,0,1,1,4,24.92,High-Demand Specialist
CP-4153,1.2,B.Tech/B.E,Tier 1 (IIT/NIT/BITS),Cloud & DevOps,Tier 2 City,0,3,47.0,0,1,0,0,1,0,0,0,2,11.04,Junior Associate
CP-4154,1.3,B.Tech/B.E,Tier 3 (Affiliated Colleges),Cloud & DevOps,Tier 2 City,1,4,125.0,0,1,0,0,0,1,1,0,3,13.18,Junior Associate
CP-4155,2.3,B.Tech/B.E,Tier 2 (Top State/Private),Backend Systems,Tier 1 Tech Hub (Bengaluru/NCR/Hyd),2,5,49.0,1,0,1,0,1,0,0,0,2,19.25,Job-Ready Mid-Level
CP-4156,6.1,B.Tech/B.E,Tier 2 (Top State/Private),Full Stack Web,Tier 2 City,0,4,137.0,1,1,1,1,0,1,0,1,5,23.64,Job-Ready Mid-Level
CP-4157,0.1,B.Tech/B.E,Tier 2 (Top State/Private),Full Stack Web,Tier 2 City,1,5,107.0,2,1,1,0,0,1,1,0,4,13.1,Junior Associate
CP-4158,3.8,B.Tech/B.E,Tier 3 (Affiliated Colleges),Data Science & AI/ML,Tier 2 City,0,2,30.0,2,1,1,1,0,1,1,1,6,18.01,Job-Ready Mid-Level
CP-4159,0.8,B.Tech/B.E,Tier 3 (Affiliated Colleges),Data Science & AI/ML,Tier 1 Tech Hub (Bengaluru/NCR/Hyd),0,3,153.0,1,1,1,1,0,0,0,0,3,10.86,Junior Associate
CP-4160,1.3,BCA/B.Sc CS,Tier 2 (Top State/Private),Data Analytics & BI,Tier 1 Tech Hub (Bengaluru/NCR/Hyd),1,4,232.0,0,1,0,1,0,0,1,1,4,21.61,Job-Ready Mid-Level
CP-4161,0.0,B.Tech/B.E,Tier 3 (Affiliated Colleges),Data Science & AI/ML,Tier 2 City,1,3,26.0,1,1,0,0,0,1,0,1,3,8.31,Entry-Level Learner
CP-4162,0.8,B.Tech/B.E,Tier 2 (Top State/Private),Cloud & DevOps,Tier 1 Tech Hub (Bengaluru/NCR/Hyd),0,2,236.0,1,1,1,0,0,0,0,0,2,12.19,Junior Associate
CP-4163,1.5,M.Tech/M.S,Tier 2 (Top State/Private),Cloud & DevOps,Remote Global,0,2,130.0,3,1,0,0,0,0,1,1,3,21.34,Job-Ready Mid-Level
CP-4164,0.1,MCA,Tier 3 (Affiliated Colleges),Full Stack Web,Remote Global,3,7,29.0,0,1,0,1,0,0,1,0,3,15.86,Job-Ready Mid-Level
CP-4165,1.5,M.Tech/M.S,Tier 1 (IIT/NIT/BITS),Backend Systems,Remote Global,2,5,215.0,0,1,0,1,0,1,1,1,5,33.43,High-Demand Specialist
CP-4166,5.8,B.Tech/B.E,Tier 2 (Top State/Private),Full Stack Web,Tier 2 City,2,3,114.0,1,1,0,0,0,1,0,0,2,21.9,Job-Ready Mid-Level
CP-4167,0.2,M.Tech/M.S,Tier 2 (Top State/Private),Full Stack Web,Remote Global,1,6,39.0,0,1,1,1,0,1,0,0,4,17.1,Job-Ready Mid-Level
CP-4168,3.2,B.Tech/B.E,Tier 2 (Top State/Private),Backend Systems,Tier 2 City,1,5,,0,0,1,0,0,0,0,0,1,14.42,Junior Associate
CP-4169,1.2,B.Tech/B.E,Tier 2 (Top State/Private),Backend Systems,Tier 1 Tech Hub (Bengaluru/NCR/Hyd),1,6,253.0,1,1,1,1,1,0,1,0,5,22.5,Job-Ready Mid-Level
CP-4170,2.3,B.Tech/B.E,Tier 2 (Top State/Private),Data Science & AI/ML,Tier 1 Tech Hub (Bengaluru/NCR/Hyd),0,3,0.0,2,1,0,0,0,1,0,0,2,13.84,Junior Associate
CP-4171,0.7,M.Tech/M.S,Tier 1 (IIT/NIT/BITS),Data Science & AI/ML,Tier 1 Tech Hub (Bengaluru/NCR/Hyd),1,5,52.0,0,1,1,0,0,0,0,0,2,16.16,Job-Ready Mid-Level
CP-4172,0.4,B.Tech/B.E,Tier 2 (Top State/Private),Data Science & AI/ML,Tier 1 Tech Hub (Bengaluru/NCR/Hyd),1,2,54.0,0,1,0,0,1,0,1,0,3,14.35,Junior Associate
CP-4173,0.4,B.Tech/B.E,Tier 2 (Top State/Private),Full Stack Web,Tier 1 Tech Hub (Bengaluru/NCR/Hyd),0,2,37.0,2,0,0,1,1,0,0,0,2,11.76,Junior Associate
CP-4174,0.2,B.Tech/B.E,Tier 2 (Top State/Private),Backend Systems,Tier 1 Tech Hub (Bengaluru/NCR/Hyd),2,5,124.0,2,0,1,1,0,0,0,0,2,16.69,Job-Ready Mid-Level
CP-4175,0.5,MCA,Tier 1 (IIT/NIT/BITS),Cloud & DevOps,Tier 2 City,0,1,26.0,0,1,0,0,0,0,1,1,3,12.94,Junior Associate
CP-4176,2.4,BCA/B.Sc CS,Tier 3 (Affiliated Colleges),Full Stack Web,Tier 1 Tech Hub (Bengaluru/NCR/Hyd),1,3,49.0,1,0,0,0,0,0,0,1,1,15.7,Job-Ready Mid-Level
CP-4177,4.7,B.Tech/B.E,Tier 2 (Top State/Private),Backend Systems,Tier 1 Tech Hub (Bengaluru/NCR/Hyd),0,7,248.0,0,1,1,0,1,0,1,0,4,29.56,High-Demand Specialist
CP-4178,3.7,BCA/B.Sc CS,Tier 3 (Affiliated Colleges),Full Stack Web,Tier 2 City,1,3,147.0,2,1,1,0,0,1,1,0,4,17.0,Job-Ready Mid-Level
CP-4179,2.5,B.Tech/B.E,Tier 3 (Affiliated Colleges),Full Stack Web,Tier 2 City,0,3,216.0,1,1,1,1,0,1,0,0,4,16.17,Job-Ready Mid-Level
CP-4180,0.3,BCA/B.Sc CS,Tier 3 (Affiliated Colleges),Backend Systems,Remote Global,0,3,49.0,1,1,0,1,0,0,0,0,2,6.91,Entry-Level Learner
CP-4181,0.8,B.Tech/B.E,Tier 2 (Top State/Private),Data Analytics & BI,Tier 2 City,1,5,108.0,2,1,0,1,0,0,0,1,3,13.41,Junior Associate
CP-4182,0.8,MCA,Tier 2 (Top State/Private),Data Analytics & BI,Tier 1 Tech Hub (Bengaluru/NCR/Hyd),1,4,146.0,3,1,1,1,0,0,0,0,3,15.75,Job-Ready Mid-Level
CP-4183,0.6,B.Tech/B.E,Tier 2 (Top State/Private),Full Stack Web,Tier 1 Tech Hub (Bengaluru/NCR/Hyd),1,4,36.0,0,0,1,1,1,0,0,0,3,13.82,Junior Associate
CP-4184,1.6,BCA/B.Sc CS,Tier 3 (Affiliated Colleges),Data Analytics & BI,Tier 1 Tech Hub (Bengaluru/NCR/Hyd),0,5,111.0,0,1,1,1,1,1,1,0,6,20.35,Job-Ready Mid-Level
CP-4185,1.7,B.Tech/B.E,Tier 2 (Top State/Private),Data Science & AI/ML,Tier 1 Tech Hub (Bengaluru/NCR/Hyd),1,2,22.0,1,1,1,0,0,0,0,0,2,12.34,Junior Associate
CP-4186,1.0,B.Tech/B.E,Tier 3 (Affiliated Colleges),Cloud & DevOps,Tier 1 Tech Hub (Bengaluru/NCR/Hyd),1,4,64.0,1,0,1,1,0,0,0,1,3,14.64,Junior Associate
CP-4187,1.0,B.Tech/B.E,Tier 3 (Affiliated Colleges),Backend Systems,Remote Global,0,1,136.0,1,0,1,0,0,1,0,0,2,13.64,Junior Associate
CP-4188,3.9,B.Tech/B.E,Tier 2 (Top State/Private),Full Stack Web,Tier 1 Tech Hub (Bengaluru/NCR/Hyd),2,6,67.0,1,1,1,1,0,0,0,0,3,22.54,Job-Ready Mid-Level
CP-4189,3.4,B.Tech/B.E,Tier 1 (IIT/NIT/BITS),Data Analytics & BI,Tier 1 Tech Hub (Bengaluru/NCR/Hyd),1,2,110.0,0,1,1,0,0,0,0,1,3,25.23,High-Demand Specialist
CP-4190,0.8,M.Tech/M.S,Tier 3 (Affiliated Colleges),Full Stack Web,Tier 1 Tech Hub (Bengaluru/NCR/Hyd),0,2,11.0,2,1,0,1,0,0,0,0,2,9.42,Junior Associate
CP-4191,5.4,B.Tech/B.E,Tier 2 (Top State/Private),Data Science & AI/ML,Tier 2 City,3,4,139.0,3,1,1,1,1,0,0,1,5,25.33,High-Demand Specialist
CP-4192,6.7,BCA/B.Sc CS,Tier 1 (IIT/NIT/BITS),Data Analytics & BI,Tier 1 Tech Hub (Bengaluru/NCR/Hyd),2,5,45.0,2,1,0,1,1,0,1,1,5,38.38,High-Demand Specialist
CP-4193,0.9,M.Tech/M.S,Tier 3 (Affiliated Colleges),Data Science & AI/ML,Tier 1 Tech Hub (Bengaluru/NCR/Hyd),3,5,44.0,1,1,1,0,1,0,1,1,5,22.6,Job-Ready Mid-Level
CP-4194,1.0,BCA/B.Sc CS,Tier 2 (Top State/Private),Cloud & DevOps,Tier 1 Tech Hub (Bengaluru/NCR/Hyd),1,2,43.0,0,1,1,0,0,0,0,0,2,11.88,Junior Associate
CP-4195,1.5,M.Tech/M.S,Tier 3 (Affiliated Colleges),Data Science & AI/ML,Tier 1 Tech Hub (Bengaluru/NCR/Hyd),1,5,57.0,1,0,0,0,1,1,0,0,2,17.55,Job-Ready Mid-Level
CP-4196,6.2,BCA/B.Sc CS,Tier 3 (Affiliated Colleges),Backend Systems,Tier 1 Tech Hub (Bengaluru/NCR/Hyd),0,4,108.0,0,1,0,0,1,1,0,0,3,25.69,High-Demand Specialist
CP-4197,4.6,B.Tech/B.E,Tier 3 (Affiliated Colleges),Full Stack Web,Tier 1 Tech Hub (Bengaluru/NCR/Hyd),1,2,223.0,1,1,1,0,0,0,1,1,4,29.2,High-Demand Specialist
CP-4198,0.2,M.Tech/M.S,Tier 2 (Top State/Private),Data Science & AI/ML,Tier 1 Tech Hub (Bengaluru/NCR/Hyd),3,3,73.0,1,1,1,1,1,0,0,0,4,18.33,Job-Ready Mid-Level
CP-4199,1.1,B.Tech/B.E,Tier 2 (Top State/Private),Data Science & AI/ML,Tier 2 City,1,2,52.0,0,1,1,1,0,0,0,1,4,12.33,Junior Associate
CP-4200,1.8,BCA/B.Sc CS,Tier 2 (Top State/Private),Backend Systems,Tier 1 Tech Hub (Bengaluru/NCR/Hyd),2,5,46.0,1,1,1,0,0,0,1,0,3,17.48,Job-Ready Mid-Level
CP-4201,1.5,M.Tech/M.S,Tier 2 (Top State/Private),Data Analytics & BI,Tier 2 City,0,1,128.0,0,1,0,0,0,0,1,0,2,12.16,Junior Associate
CP-4202,0.5,B.Tech/B.E,Tier 2 (Top State/Private),Data Analytics & BI,Tier 1 Tech Hub (Bengaluru/NCR/Hyd),1,5,70.0,2,1,1,1,0,1,1,0,5,17.4,Job-Ready Mid-Level
CP-4203,4.3,B.Tech/B.E,Tier 2 (Top State/Private),Full Stack Web,Tier 1 Tech Hub (Bengaluru/NCR/Hyd),2,5,54.0,0,0,1,0,1,0,0,0,2,27.26,High-Demand Specialist
CP-4204,2.5,B.Tech/B.E,Tier 1 (IIT/NIT/BITS),Full Stack Web,Tier 1 Tech Hub (Bengaluru/NCR/Hyd),2,5,53.0,1,0,1,0,0,0,0,1,2,23.91,Job-Ready Mid-Level
CP-4205,4.0,M.Tech/M.S,Tier 2 (Top State/Private),Data Science & AI/ML,Tier 1 Tech Hub (Bengaluru/NCR/Hyd),3,6,34.0,0,1,0,0,0,1,0,0,2,24.6,High-Demand Specialist
CP-4206,4.3,Non-CS Degree,Tier 3 (Affiliated Colleges),Cloud & DevOps,Tier 1 Tech Hub (Bengaluru/NCR/Hyd),2,4,16.0,1,1,1,0,1,0,0,0,3,19.03,Job-Ready Mid-Level
CP-4207,3.0,B.Tech/B.E,Tier 2 (Top State/Private),Data Science & AI/ML,Tier 1 Tech Hub (Bengaluru/NCR/Hyd),1,4,0.0,1,1,1,1,1,0,0,0,4,18.3,Job-Ready Mid-Level
CP-4208,1.3,BCA/B.Sc CS,Tier 1 (IIT/NIT/BITS),Backend Systems,Tier 2 City,1,4,49.0,0,1,1,0,0,0,0,1,3,13.41,Junior Associate
CP-4209,2.1,MCA,Tier 3 (Affiliated Colleges),Data Analytics & BI,Tier 2 City,2,4,0.0,1,1,1,0,0,0,0,1,3,12.62,Junior Associate
CP-4210,0.4,B.Tech/B.E,Tier 3 (Affiliated Colleges),Full Stack Web,Tier 2 City,1,8,39.0,1,1,1,1,0,1,0,0,4,9.63,Junior Associate
CP-4211,2.5,B.Tech/B.E,Tier 2 (Top State/Private),Data Science & AI/ML,Tier 1 Tech Hub (Bengaluru/NCR/Hyd),0,3,32.0,1,1,0,1,0,1,0,1,4,19.43,Job-Ready Mid-Level
CP-4212,0.4,M.Tech/M.S,Tier 1 (IIT/NIT/BITS),Data Analytics & BI,Tier 2 City,1,2,42.0,0,0,1,0,1,0,0,0,2,10.86,Junior Associate
CP-4213,2.6,MCA,Tier 2 (Top State/Private),Data Science & AI/ML,Tier 1 Tech Hub (Bengaluru/NCR/Hyd),1,5,47.0,1,0,0,1,0,0,1,1,3,23.13,Job-Ready Mid-Level
CP-4214,0.6,MCA,Tier 3 (Affiliated Colleges),Data Science & AI/ML,Tier 2 City,0,3,146.0,0,0,0,1,0,0,1,0,2,9.83,Junior Associate
CP-4215,0.3,B.Tech/B.E,Tier 3 (Affiliated Colleges),Data Science & AI/ML,Tier 1 Tech Hub (Bengaluru/NCR/Hyd),1,6,207.0,1,1,1,0,0,0,0,0,2,12.52,Junior Associate
CP-4216,0.4,B.Tech/B.E,Tier 3 (Affiliated Colleges),Cloud & DevOps,Tier 1 Tech Hub (Bengaluru/NCR/Hyd),0,5,111.0,0,1,1,1,0,0,1,0,4,14.09,Junior Associate
CP-4217,0.0,B.Tech/B.E,Tier 2 (Top State/Private),Data Analytics & BI,Remote Global,1,2,63.0,0,0,0,1,0,0,0,0,1,10.52,Junior Associate
CP-4218,2.8,B.Tech/B.E,Tier 2 (Top State/Private),Full Stack Web,Tier 2 City,2,4,115.0,0,0,1,1,0,1,0,0,3,17.74,Job-Ready Mid-Level
CP-4219,2.9,B.Tech/B.E,Tier 1 (IIT/NIT/BITS),Data Science & AI/ML,Tier 1 Tech Hub (Bengaluru/NCR/Hyd),1,5,8.0,2,1,0,1,0,1,1,1,5,29.1,High-Demand Specialist
CP-4220,1.6,M.Tech/M.S,Tier 3 (Affiliated Colleges),Full Stack Web,Tier 1 Tech Hub (Bengaluru/NCR/Hyd),2,4,19.0,2,0,1,1,0,1,0,0,3,17.26,Job-Ready Mid-Level
CP-4221,0.4,B.Tech/B.E,Tier 3 (Affiliated Colleges),Data Analytics & BI,Tier 1 Tech Hub (Bengaluru/NCR/Hyd),0,3,34.0,3,1,1,1,0,1,0,0,4,12.02,Junior Associate
CP-4222,0.2,MCA,Tier 3 (Affiliated Colleges),Data Science & AI/ML,Remote Global,3,7,9.0,1,1,1,0,1,0,1,0,4,19.68,Job-Ready Mid-Level
CP-4223,0.0,B.Tech/B.E,Tier 2 (Top State/Private),Data Science & AI/ML,Tier 1 Tech Hub (Bengaluru/NCR/Hyd),0,2,52.0,2,1,0,0,0,0,1,0,2,9.71,Junior Associate
CP-4224,0.4,BCA/B.Sc CS,Tier 1 (IIT/NIT/BITS),Backend Systems,Remote Global,0,8,36.0,1,1,0,0,0,1,0,0,2,14.28,Junior Associate
CP-4225,4.9,B.Tech/B.E,Tier 2 (Top State/Private),Backend Systems,Tier 1 Tech Hub (Bengaluru/NCR/Hyd),2,5,7.0,1,0,0,1,1,1,0,1,4,30.59,High-Demand Specialist
CP-4226,0.6,B.Tech/B.E,Tier 3 (Affiliated Colleges),Backend Systems,Tier 1 Tech Hub (Bengaluru/NCR/Hyd),2,7,221.0,2,1,0,0,1,0,0,1,3,18.98,Job-Ready Mid-Level
CP-4227,1.0,B.Tech/B.E,Tier 3 (Affiliated Colleges),Data Analytics & BI,Tier 2 City,0,3,245.0,1,1,0,1,1,0,1,0,4,16.03,Job-Ready Mid-Level
CP-4228,0.2,Non-CS Degree,Tier 2 (Top State/Private),Data Science & AI/ML,Tier 1 Tech Hub (Bengaluru/NCR/Hyd),3,7,371.0,1,0,1,1,0,0,1,0,3,19.43,Job-Ready Mid-Level
CP-4229,0.6,M.Tech/M.S,Tier 2 (Top State/Private),Data Science & AI/ML,Tier 1 Tech Hub (Bengaluru/NCR/Hyd),1,4,,2,0,0,0,1,0,1,0,2,16.38,Job-Ready Mid-Level
CP-4230,1.6,B.Tech/B.E,Tier 2 (Top State/Private),Full Stack Web,Tier 1 Tech Hub (Bengaluru/NCR/Hyd),3,5,213.0,2,1,0,0,0,1,0,0,2,20.62,Job-Ready Mid-Level
CP-4231,2.1,B.Tech/B.E,Tier 2 (Top State/Private),Full Stack Web,Tier 2 City,1,3,149.0,0,1,1,0,1,1,0,1,5,19.18,Job-Ready Mid-Level
CP-4232,0.6,Non-CS Degree,Tier 3 (Affiliated Colleges),Backend Systems,Tier 2 City,1,5,239.0,0,1,1,0,1,0,1,0,4,13.07,Junior Associate
CP-4233,0.1,B.Tech/B.E,Tier 2 (Top State/Private),Data Analytics & BI,Tier 2 City,1,5,60.0,1,0,0,0,0,1,1,1,3,13.83,Junior Associate
CP-4234,1.1,B.Tech/B.E,Tier 3 (Affiliated Colleges),Data Analytics & BI,Tier 2 City,0,1,122.0,0,0,1,0,1,0,1,1,4,13.3,Junior Associate
CP-4235,0.6,BCA/B.Sc CS,Tier 2 (Top State/Private),Data Science & AI/ML,Tier 2 City,1,1,4.0,2,0,1,0,0,0,0,0,1,6.14,Entry-Level Learner
CP-4236,0.5,Non-CS Degree,Tier 3 (Affiliated Colleges),Backend Systems,Tier 1 Tech Hub (Bengaluru/NCR/Hyd),1,5,5.0,3,1,1,1,0,0,0,0,3,9.42,Junior Associate
CP-4237,7.1,B.Tech/B.E,Tier 2 (Top State/Private),Data Analytics & BI,Tier 1 Tech Hub (Bengaluru/NCR/Hyd),0,5,31.0,1,1,1,0,0,0,0,1,3,27.46,High-Demand Specialist
CP-4238,2.1,B.Tech/B.E,Tier 3 (Affiliated Colleges),Data Science & AI/ML,Tier 2 City,0,4,224.0,1,0,1,1,0,1,0,1,4,16.37,Job-Ready Mid-Level
CP-4239,1.8,Non-CS Degree,Tier 2 (Top State/Private),Backend Systems,Remote Global,0,4,0.0,0,0,1,0,0,0,1,1,3,19.11,Job-Ready Mid-Level
CP-4240,1.2,B.Tech/B.E,Tier 2 (Top State/Private),Data Science & AI/ML,Tier 1 Tech Hub (Bengaluru/NCR/Hyd),2,8,0.0,2,1,1,0,0,0,0,1,3,17.9,Job-Ready Mid-Level
CP-4241,1.2,B.Tech/B.E,Tier 2 (Top State/Private),Data Science & AI/ML,Tier 1 Tech Hub (Bengaluru/NCR/Hyd),1,3,247.0,2,1,1,1,0,0,0,0,3,16.51,Job-Ready Mid-Level
CP-4242,1.7,BCA/B.Sc CS,Tier 2 (Top State/Private),Cloud & DevOps,Tier 1 Tech Hub (Bengaluru/NCR/Hyd),2,5,13.0,0,1,1,1,0,0,0,1,4,18.82,Job-Ready Mid-Level
CP-4243,2.6,MCA,Tier 2 (Top State/Private),Cloud & DevOps,Tier 1 Tech Hub (Bengaluru/NCR/Hyd),3,5,233.0,0,1,0,1,0,0,0,0,2,22.28,Job-Ready Mid-Level
CP-4244,2.7,B.Tech/B.E,Tier 2 (Top State/Private),Data Science & AI/ML,Tier 1 Tech Hub (Bengaluru/NCR/Hyd),1,2,117.0,0,1,0,1,0,0,1,0,3,19.5,Job-Ready Mid-Level
CP-4245,0.4,Non-CS Degree,Tier 3 (Affiliated Colleges),Full Stack Web,Tier 2 City,3,12,20.0,1,0,1,0,1,0,0,0,2,9.71,Junior Associate
CP-4246,1.5,BCA/B.Sc CS,Tier 2 (Top State/Private),Backend Systems,Tier 1 Tech Hub (Bengaluru/NCR/Hyd),0,1,11.0,0,0,0,1,1,1,0,0,3,15.21,Job-Ready Mid-Level
CP-4247,1.2,B.Tech/B.E,Tier 3 (Affiliated Colleges),Cloud & DevOps,Tier 2 City,0,2,71.0,0,1,0,0,0,1,0,0,2,10.26,Junior Associate
CP-4248,4.5,Non-CS Degree,Tier 3 (Affiliated Colleges),Data Analytics & BI,Tier 2 City,1,6,383.0,0,1,0,0,1,0,0,0,2,18.47,Job-Ready Mid-Level
CP-4249,2.2,B.Tech/B.E,Tier 1 (IIT/NIT/BITS),Data Science & AI/ML,Remote Global,1,6,248.0,1,1,1,1,1,0,0,0,4,29.9,High-Demand Specialist
CP-4250,1.7,B.Tech/B.E,Tier 3 (Affiliated Colleges),Data Science & AI/ML,Tier 1 Tech Hub (Bengaluru/NCR/Hyd),2,8,30.0,3,1,0,1,1,0,0,0,3,15.85,Job-Ready Mid-Level
CP-4251,0.3,BCA/B.Sc CS,Tier 2 (Top State/Private),Data Science & AI/ML,Tier 1 Tech Hub (Bengaluru/NCR/Hyd),1,2,63.0,1,1,0,0,0,0,1,1,3,14.33,Junior Associate
CP-4252,2.0,B.Tech/B.E,Tier 1 (IIT/NIT/BITS),Data Science & AI/ML,Tier 1 Tech Hub (Bengaluru/NCR/Hyd),0,3,56.0,1,0,1,1,0,0,0,1,3,21.98,Job-Ready Mid-Level
CP-4253,0.3,B.Tech/B.E,Tier 2 (Top State/Private),Data Science & AI/ML,Tier 1 Tech Hub (Bengaluru/NCR/Hyd),1,8,153.0,0,0,1,1,0,0,0,0,2,15.12,Job-Ready Mid-Level
CP-4254,0.9,B.Tech/B.E,Tier 3 (Affiliated Colleges),Data Science & AI/ML,Tier 1 Tech Hub (Bengaluru/NCR/Hyd),1,8,67.0,1,1,0,0,0,1,0,1,3,15.3,Job-Ready Mid-Level
CP-4255,0.3,B.Tech/B.E,Tier 1 (IIT/NIT/BITS),Cloud & DevOps,Tier 2 City,0,2,28.0,0,1,0,1,0,0,1,0,3,11.98,Junior Associate
CP-4256,2.6,MCA,Tier 2 (Top State/Private),Full Stack Web,Tier 1 Tech Hub (Bengaluru/NCR/Hyd),1,3,132.0,0,0,1,0,1,1,0,0,3,21.43,Job-Ready Mid-Level
CP-4257,0.5,BCA/B.Sc CS,Tier 2 (Top State/Private),Data Analytics & BI,Remote Global,2,5,69.0,0,1,0,0,0,1,0,1,3,17.28,Job-Ready Mid-Level
CP-4258,1.1,Non-CS Degree,Tier 3 (Affiliated Colleges),Data Science & AI/ML,Tier 2 City,2,6,0.0,0,0,1,1,0,0,0,0,2,8.68,Entry-Level Learner
CP-4259,5.0,B.Tech/B.E,Tier 1 (IIT/NIT/BITS),Full Stack Web,Tier 2 City,1,3,154.0,0,0,1,1,0,0,1,0,3,24.1,High-Demand Specialist
CP-4260,0.5,B.Tech/B.E,Tier 3 (Affiliated Colleges),Data Science & AI/ML,Tier 2 City,1,6,67.0,1,1,1,1,0,0,0,1,4,11.43,Junior Associate
CP-4261,1.6,B.Tech/B.E,Tier 3 (Affiliated Colleges),Full Stack Web,Tier 1 Tech Hub (Bengaluru/NCR/Hyd),0,1,55.0,0,0,1,1,1,0,0,1,4,15.74,Job-Ready Mid-Level
CP-4262,1.2,B.Tech/B.E,Tier 3 (Affiliated Colleges),Data Science & AI/ML,Tier 2 City,1,1,134.0,1,1,1,1,1,0,0,1,5,14.62,Junior Associate
CP-4263,0.0,B.Tech/B.E,Tier 3 (Affiliated Colleges),Backend Systems,Tier 1 Tech Hub (Bengaluru/NCR/Hyd),2,6,,1,1,1,1,0,0,0,0,3,11.16,Junior Associate
CP-4264,3.5,M.Tech/M.S,Tier 3 (Affiliated Colleges),Data Analytics & BI,Remote Global,1,2,133.0,1,1,1,1,0,0,1,0,4,23.65,Job-Ready Mid-Level
CP-4265,0.2,MCA,Tier 1 (IIT/NIT/BITS),Full Stack Web,Tier 1 Tech Hub (Bengaluru/NCR/Hyd),0,2,246.0,1,0,1,0,0,1,0,0,2,15.72,Job-Ready Mid-Level
CP-4266,1.4,Non-CS Degree,Tier 2 (Top State/Private),Data Science & AI/ML,Tier 1 Tech Hub (Bengaluru/NCR/Hyd),3,5,142.0,3,1,1,1,1,0,0,0,4,18.56,Job-Ready Mid-Level
CP-4267,1.8,B.Tech/B.E,Tier 2 (Top State/Private),Cloud & DevOps,Tier 1 Tech Hub (Bengaluru/NCR/Hyd),2,4,127.0,0,0,1,1,0,0,0,0,2,18.23,Job-Ready Mid-Level
CP-4268,2.2,MCA,Tier 2 (Top State/Private),Data Analytics & BI,Tier 1 Tech Hub (Bengaluru/NCR/Hyd),1,3,126.0,1,0,0,0,1,0,0,0,1,17.01,Job-Ready Mid-Level
CP-4269,2.6,B.Tech/B.E,Tier 2 (Top State/Private),Data Science & AI/ML,Tier 1 Tech Hub (Bengaluru/NCR/Hyd),0,3,,0,0,0,0,0,0,0,0,0,15.24,Job-Ready Mid-Level
CP-4270,0.6,B.Tech/B.E,Tier 2 (Top State/Private),Cloud & DevOps,Tier 1 Tech Hub (Bengaluru/NCR/Hyd),0,3,0.0,0,1,0,0,0,0,0,0,1,8.42,Entry-Level Learner
CP-4271,0.0,MCA,Tier 2 (Top State/Private),Data Analytics & BI,Remote Global,0,3,66.0,0,1,1,0,0,1,0,0,3,11.75,Junior Associate
CP-4272,2.8,BCA/B.Sc CS,Tier 3 (Affiliated Colleges),Data Analytics & BI,Tier 1 Tech Hub (Bengaluru/NCR/Hyd),1,3,119.0,0,0,0,1,1,1,0,0,3,21.25,Job-Ready Mid-Level
CP-4273,1.7,B.Tech/B.E,Tier 1 (IIT/NIT/BITS),Data Analytics & BI,Tier 1 Tech Hub (Bengaluru/NCR/Hyd),0,4,56.0,1,0,1,0,0,0,0,1,2,18.35,Job-Ready Mid-Level
CP-4274,4.0,B.Tech/B.E,Tier 3 (Affiliated Colleges),Backend Systems,Tier 1 Tech Hub (Bengaluru/NCR/Hyd),2,3,70.0,0,0,1,0,0,1,1,0,3,23.86,Job-Ready Mid-Level
CP-4275,3.8,B.Tech/B.E,Tier 2 (Top State/Private),Backend Systems,Tier 1 Tech Hub (Bengaluru/NCR/Hyd),3,6,110.0,1,1,1,0,1,1,0,0,4,26.78,High-Demand Specialist
CP-4276,4.1,M.Tech/M.S,Tier 3 (Affiliated Colleges),Full Stack Web,Tier 1 Tech Hub (Bengaluru/NCR/Hyd),1,4,0.0,1,1,0,0,1,0,0,1,3,24.38,High-Demand Specialist
CP-4277,1.5,B.Tech/B.E,Tier 3 (Affiliated Colleges),Cloud & DevOps,Tier 2 City,1,4,128.0,3,0,1,0,0,0,0,0,1,10.53,Junior Associate
CP-4278,0.9,Non-CS Degree,Tier 2 (Top State/Private),Data Analytics & BI,Tier 1 Tech Hub (Bengaluru/NCR/Hyd),1,3,45.0,1,1,1,0,0,0,0,0,2,9.48,Junior Associate
CP-4279,3.4,B.Tech/B.E,Tier 2 (Top State/Private),Cloud & DevOps,Tier 1 Tech Hub (Bengaluru/NCR/Hyd),3,8,38.0,0,1,0,1,1,0,0,0,3,24.65,High-Demand Specialist
CP-4280,1.3,B.Tech/B.E,Tier 2 (Top State/Private),Backend Systems,Tier 1 Tech Hub (Bengaluru/NCR/Hyd),2,2,36.0,1,1,1,0,1,1,0,0,4,16.7,Job-Ready Mid-Level
CP-4281,0.4,B.Tech/B.E,Tier 2 (Top State/Private),Data Science & AI/ML,Tier 1 Tech Hub (Bengaluru/NCR/Hyd),0,2,0.0,1,1,1,0,0,0,0,1,3,10.32,Junior Associate
CP-4282,4.2,B.Tech/B.E,Tier 3 (Affiliated Colleges),Full Stack Web,Tier 1 Tech Hub (Bengaluru/NCR/Hyd),0,4,68.0,2,0,0,1,1,1,0,0,3,22.38,Job-Ready Mid-Level
CP-4283,4.7,B.Tech/B.E,Tier 3 (Affiliated Colleges),Full Stack Web,Tier 2 City,2,6,45.0,1,0,0,0,0,0,0,0,0,16.0,Job-Ready Mid-Level
CP-4284,1.4,M.Tech/M.S,Tier 1 (IIT/NIT/BITS),Data Science & AI/ML,Tier 1 Tech Hub (Bengaluru/NCR/Hyd),1,3,41.0,1,1,0,1,1,0,1,0,4,22.74,Job-Ready Mid-Level
CP-4285,0.2,MCA,Tier 1 (IIT/NIT/BITS),Data Science & AI/ML,Tier 1 Tech Hub (Bengaluru/NCR/Hyd),0,7,133.0,1,0,1,1,0,1,1,1,5,22.41,Job-Ready Mid-Level
CP-4286,1.1,Non-CS Degree,Tier 2 (Top State/Private),Cloud & DevOps,Tier 2 City,1,3,40.0,0,0,1,1,0,0,1,0,3,11.63,Junior Associate
CP-4287,3.6,M.Tech/M.S,Tier 1 (IIT/NIT/BITS),Data Science & AI/ML,Tier 1 Tech Hub (Bengaluru/NCR/Hyd),2,3,122.0,1,1,1,1,0,1,1,0,5,31.58,High-Demand Specialist
CP-4288,5.1,MCA,Tier 3 (Affiliated Colleges),Data Analytics & BI,Tier 2 City,0,1,142.0,1,1,1,0,1,0,1,1,5,22.86,Job-Ready Mid-Level
CP-4289,0.5,BCA/B.Sc CS,Tier 1 (IIT/NIT/BITS),Cloud & DevOps,Tier 1 Tech Hub (Bengaluru/NCR/Hyd),2,5,25.0,0,1,1,1,1,1,1,0,6,23.14,Job-Ready Mid-Level
CP-4290,0.2,MCA,Tier 2 (Top State/Private),Data Science & AI/ML,Tier 1 Tech Hub (Bengaluru/NCR/Hyd),0,2,68.0,1,1,1,0,0,0,0,1,3,12.84,Junior Associate
CP-4291,4.6,B.Tech/B.E,Tier 1 (IIT/NIT/BITS),Data Science & AI/ML,Tier 2 City,2,4,0.0,0,0,1,1,1,0,1,1,5,26.56,High-Demand Specialist
CP-4292,1.1,B.Tech/B.E,Tier 2 (Top State/Private),Cloud & DevOps,Tier 1 Tech Hub (Bengaluru/NCR/Hyd),1,6,366.0,2,1,1,0,1,0,0,0,3,18.98,Job-Ready Mid-Level
CP-4293,1.7,B.Tech/B.E,Tier 3 (Affiliated Colleges),Data Analytics & BI,Remote Global,0,1,232.0,2,1,0,0,1,1,0,0,3,18.22,Job-Ready Mid-Level
CP-4294,7.6,B.Tech/B.E,Tier 2 (Top State/Private),Backend Systems,Tier 1 Tech Hub (Bengaluru/NCR/Hyd),1,3,0.0,1,1,0,0,1,0,0,0,2,27.41,High-Demand Specialist
CP-4295,0.2,B.Tech/B.E,Tier 3 (Affiliated Colleges),Data Analytics & BI,Tier 2 City,2,4,58.0,1,0,1,0,0,0,0,0,1,7.7,Entry-Level Learner
CP-4296,2.3,Non-CS Degree,Tier 3 (Affiliated Colleges),Backend Systems,Remote Global,3,6,384.0,2,0,0,1,0,0,0,1,2,26.93,High-Demand Specialist
CP-4297,0.2,B.Tech/B.E,Tier 2 (Top State/Private),Cloud & DevOps,Tier 2 City,1,2,134.0,0,1,0,0,1,0,0,1,3,11.22,Junior Associate
CP-4298,1.0,B.Tech/B.E,Tier 1 (IIT/NIT/BITS),Backend Systems,Tier 2 City,1,4,62.0,0,1,1,0,0,1,0,1,4,15.09,Job-Ready Mid-Level
CP-4299,3.6,B.Tech/B.E,Tier 3 (Affiliated Colleges),Data Analytics & BI,Tier 2 City,1,4,6.0,1,0,1,1,1,0,0,0,3,15.45,Job-Ready Mid-Level
CP-4300,1.3,B.Tech/B.E,Tier 3 (Affiliated Colleges),Backend Systems,Tier 1 Tech Hub (Bengaluru/NCR/Hyd),1,6,29.0,0,1,1,1,0,1,0,0,4,15.86,Job-Ready Mid-Level
CP-4301,9.5,B.Tech/B.E,Tier 3 (Affiliated Colleges),Data Science & AI/ML,Tier 1 Tech Hub (Bengaluru/NCR/Hyd),2,6,113.0,3,1,1,0,0,1,0,0,3,35.65,High-Demand Specialist
CP-4302,1.8,B.Tech/B.E,Tier 1 (IIT/NIT/BITS),Backend Systems,Tier 1 Tech Hub (Bengaluru/NCR/Hyd),0,4,117.0,0,1,0,0,0,1,0,1,3,19.13,Job-Ready Mid-Level
CP-4303,0.9,B.Tech/B.E,Tier 3 (Affiliated Colleges),Full Stack Web,Tier 1 Tech Hub (Bengaluru/NCR/Hyd),0,2,63.0,1,1,1,0,1,0,1,1,5,15.54,Job-Ready Mid-Level
CP-4304,0.5,B.Tech/B.E,Tier 2 (Top State/Private),Data Analytics & BI,Tier 2 City,1,4,7.0,0,1,1,0,0,0,0,0,2,7.28,Entry-Level Learner
CP-4305,0.9,M.Tech/M.S,Tier 3 (Affiliated Colleges),Data Science & AI/ML,Tier 1 Tech Hub (Bengaluru/NCR/Hyd),0,7,231.0,0,1,1,0,1,0,0,0,3,16.18,Job-Ready Mid-Level
CP-4306,1.0,M.Tech/M.S,Tier 3 (Affiliated Colleges),Full Stack Web,Tier 1 Tech Hub (Bengaluru/NCR/Hyd),2,8,236.0,0,1,1,0,1,1,0,0,4,20.83,Job-Ready Mid-Level
CP-4307,0.2,B.Tech/B.E,Tier 2 (Top State/Private),Data Science & AI/ML,Tier 2 City,1,5,15.0,0,1,0,1,0,0,1,0,3,10.34,Junior Associate
CP-4308,1.0,B.Tech/B.E,Tier 3 (Affiliated Colleges),Full Stack Web,Tier 1 Tech Hub (Bengaluru/NCR/Hyd),1,4,17.0,0,1,1,0,1,1,0,0,4,16.11,Job-Ready Mid-Level
CP-4309,1.4,B.Tech/B.E,Tier 2 (Top State/Private),Data Science & AI/ML,Tier 1 Tech Hub (Bengaluru/NCR/Hyd),2,5,66.0,2,1,0,0,0,0,0,1,2,18.89,Job-Ready Mid-Level
CP-4310,2.8,M.Tech/M.S,Tier 3 (Affiliated Colleges),Data Analytics & BI,Tier 1 Tech Hub (Bengaluru/NCR/Hyd),1,5,50.0,0,0,1,0,0,1,1,0,3,20.6,Job-Ready Mid-Level
CP-4311,2.4,B.Tech/B.E,Tier 2 (Top State/Private),Data Science & AI/ML,Tier 1 Tech Hub (Bengaluru/NCR/Hyd),1,6,42.0,0,1,0,1,1,1,0,0,4,19.77,Job-Ready Mid-Level
CP-4312,2.7,B.Tech/B.E,Tier 3 (Affiliated Colleges),Full Stack Web,Tier 2 City,0,2,0.0,1,1,0,0,1,0,1,1,4,16.02,Job-Ready Mid-Level
CP-4313,0.0,M.Tech/M.S,Tier 1 (IIT/NIT/BITS),Data Science & AI/ML,Tier 1 Tech Hub (Bengaluru/NCR/Hyd),1,4,337.0,0,1,0,1,1,0,0,0,3,20.74,Job-Ready Mid-Level
CP-4314,0.5,B.Tech/B.E,Tier 3 (Affiliated Colleges),Cloud & DevOps,Tier 1 Tech Hub (Bengaluru/NCR/Hyd),0,3,209.0,2,1,1,0,0,1,1,0,4,15.29,Job-Ready Mid-Level
CP-4315,2.4,B.Tech/B.E,Tier 2 (Top State/Private),Data Science & AI/ML,Tier 2 City,1,2,0.0,2,1,0,1,0,0,0,0,2,10.48,Junior Associate
CP-4316,1.5,B.Tech/B.E,Tier 2 (Top State/Private),Data Science & AI/ML,Tier 1 Tech Hub (Bengaluru/NCR/Hyd),1,9,251.0,3,1,1,0,0,1,0,0,3,17.81,Job-Ready Mid-Level
CP-4317,0.0,Non-CS Degree,Tier 2 (Top State/Private),Full Stack Web,Tier 2 City,0,1,116.0,2,1,1,1,0,0,0,1,4,6.69,Entry-Level Learner
CP-4318,3.6,MCA,Tier 3 (Affiliated Colleges),Cloud & DevOps,Remote Global,1,6,28.0,0,1,1,0,1,0,0,0,3,22.16,Job-Ready Mid-Level
CP-4319,3.3,M.Tech/M.S,Tier 2 (Top State/Private),Data Science & AI/ML,Tier 1 Tech Hub (Bengaluru/NCR/Hyd),0,5,220.0,1,0,0,1,0,0,0,0,1,22.01,Job-Ready Mid-Level
CP-4320,1.7,B.Tech/B.E,Tier 2 (Top State/Private),Data Science & AI/ML,Tier 1 Tech Hub (Bengaluru/NCR/Hyd),2,7,35.0,1,1,1,0,0,1,1,1,5,23.79,Job-Ready Mid-Level
CP-4321,0.2,B.Tech/B.E,Tier 2 (Top State/Private),Data Science & AI/ML,Tier 1 Tech Hub (Bengaluru/NCR/Hyd),0,2,240.0,1,1,0,0,1,0,0,0,2,12.88,Junior Associate
CP-4322,3.2,Non-CS Degree,Tier 3 (Affiliated Colleges),Backend Systems,Tier 2 City,2,6,62.0,0,1,1,0,0,0,0,0,2,11.99,Junior Associate
CP-4323,1.9,Non-CS Degree,Tier 1 (IIT/NIT/BITS),Full Stack Web,Tier 1 Tech Hub (Bengaluru/NCR/Hyd),1,6,72.0,0,0,1,0,1,1,0,0,3,19.7,Job-Ready Mid-Level
CP-4324,3.4,B.Tech/B.E,Tier 2 (Top State/Private),Cloud & DevOps,Tier 1 Tech Hub (Bengaluru/NCR/Hyd),1,3,26.0,1,1,1,1,0,0,0,1,4,22.59,Job-Ready Mid-Level
CP-4325,3.1,M.Tech/M.S,Tier 2 (Top State/Private),Data Science & AI/ML,Tier 2 City,0,4,37.0,0,0,1,1,1,1,0,1,5,19.01,Job-Ready Mid-Level
CP-4326,3.6,B.Tech/B.E,Tier 2 (Top State/Private),Full Stack Web,Tier 1 Tech Hub (Bengaluru/NCR/Hyd),3,8,32.0,0,1,1,1,0,1,0,0,4,24.13,High-Demand Specialist
CP-4327,1.6,B.Tech/B.E,Tier 2 (Top State/Private),Data Science & AI/ML,Tier 1 Tech Hub (Bengaluru/NCR/Hyd),0,7,378.0,0,0,1,1,0,1,0,0,3,19.51,Job-Ready Mid-Level
CP-4328,0.3,BCA/B.Sc CS,Tier 2 (Top State/Private),Data Science & AI/ML,Tier 2 City,1,4,125.0,1,1,1,1,1,1,1,1,7,17.51,Job-Ready Mid-Level
CP-4329,2.4,B.Tech/B.E,Tier 3 (Affiliated Colleges),Full Stack Web,Tier 1 Tech Hub (Bengaluru/NCR/Hyd),3,5,10.0,2,1,0,1,1,0,0,0,3,19.8,Job-Ready Mid-Level
CP-4330,2.1,Non-CS Degree,Tier 3 (Affiliated Colleges),Full Stack Web,Tier 2 City,2,6,22.0,1,0,1,0,0,0,0,1,2,13.46,Junior Associate
CP-4331,3.0,B.Tech/B.E,Tier 2 (Top State/Private),Data Science & AI/ML,Tier 2 City,1,2,239.0,2,1,1,0,1,0,1,0,4,18.94,Job-Ready Mid-Level
CP-4332,0.4,B.Tech/B.E,Tier 1 (IIT/NIT/BITS),Cloud & DevOps,Tier 1 Tech Hub (Bengaluru/NCR/Hyd),3,5,39.0,0,1,1,0,0,0,1,0,3,19.24,Job-Ready Mid-Level
CP-4333,0.5,MCA,Tier 3 (Affiliated Colleges),Backend Systems,Remote Global,1,12,64.0,1,1,1,1,0,0,0,0,3,14.21,Junior Associate
CP-4334,4.9,MCA,Tier 2 (Top State/Private),Full Stack Web,Tier 1 Tech Hub (Bengaluru/NCR/Hyd),0,5,134.0,0,0,0,0,0,1,1,0,2,24.96,High-Demand Specialist
CP-4335,3.0,B.Tech/B.E,Tier 3 (Affiliated Colleges),Cloud & DevOps,Remote Global,1,4,336.0,1,1,0,0,1,1,0,0,3,26.27,High-Demand Specialist
CP-4336,5.3,B.Tech/B.E,Tier 2 (Top State/Private),Backend Systems,Tier 1 Tech Hub (Bengaluru/NCR/Hyd),0,2,120.0,2,1,1,0,1,1,1,0,5,27.94,High-Demand Specialist
CP-4337,3.1,BCA/B.Sc CS,Tier 2 (Top State/Private),Data Analytics & BI,Tier 1 Tech Hub (Bengaluru/NCR/Hyd),0,2,0.0,0,1,1,0,0,0,0,0,2,13.8,Junior Associate
CP-4338,2.0,B.Tech/B.E,Tier 2 (Top State/Private),Full Stack Web,Tier 1 Tech Hub (Bengaluru/NCR/Hyd),2,5,25.0,1,1,1,1,1,0,0,0,4,20.75,Job-Ready Mid-Level
CP-4339,2.3,Non-CS Degree,Tier 3 (Affiliated Colleges),Data Analytics & BI,Tier 1 Tech Hub (Bengaluru/NCR/Hyd),1,3,147.0,1,1,1,0,0,0,0,1,3,16.23,Job-Ready Mid-Level
CP-4340,4.8,MCA,Tier 1 (IIT/NIT/BITS),Data Science & AI/ML,Tier 2 City,0,5,232.0,1,1,1,0,0,1,0,0,3,23.04,Job-Ready Mid-Level
CP-4341,1.9,B.Tech/B.E,Tier 2 (Top State/Private),Full Stack Web,Tier 2 City,2,4,335.0,0,1,1,0,0,0,0,0,2,15.23,Job-Ready Mid-Level
CP-4342,2.2,B.Tech/B.E,Tier 1 (IIT/NIT/BITS),Data Science & AI/ML,Tier 2 City,0,5,64.0,0,1,1,1,0,1,0,1,5,19.02,Job-Ready Mid-Level
CP-4343,0.4,B.Tech/B.E,Tier 3 (Affiliated Colleges),Data Science & AI/ML,Tier 1 Tech Hub (Bengaluru/NCR/Hyd),3,6,238.0,0,0,0,1,0,0,0,0,1,14.63,Junior Associate
CP-4344,1.4,MCA,Tier 3 (Affiliated Colleges),Full Stack Web,Tier 1 Tech Hub (Bengaluru/NCR/Hyd),3,5,0.0,0,1,0,0,0,0,0,0,1,14.17,Junior Associate
CP-4345,2.8,B.Tech/B.E,Tier 2 (Top State/Private),Data Science & AI/ML,Tier 2 City,3,7,26.0,1,1,1,0,0,0,0,0,2,15.92,Job-Ready Mid-Level
CP-4346,0.7,B.Tech/B.E,Tier 2 (Top State/Private),Cloud & DevOps,Tier 1 Tech Hub (Bengaluru/NCR/Hyd),2,5,28.0,0,1,1,0,1,0,0,0,3,13.61,Junior Associate
CP-4347,0.5,B.Tech/B.E,Tier 3 (Affiliated Colleges),Full Stack Web,Tier 2 City,0,4,359.0,1,1,0,1,0,1,0,0,3,10.23,Junior Associate
CP-4348,0.8,BCA/B.Sc CS,Tier 2 (Top State/Private),Full Stack Web,Tier 2 City,1,4,18.0,0,1,1,0,0,0,0,0,2,8.8,Entry-Level Learner
CP-4349,0.6,B.Tech/B.E,Tier 2 (Top State/Private),Data Science & AI/ML,Tier 1 Tech Hub (Bengaluru/NCR/Hyd),0,2,37.0,0,1,0,1,0,1,0,0,3,12.44,Junior Associate
CP-4350,0.5,B.Tech/B.E,Tier 2 (Top State/Private),Data Science & AI/ML,Tier 2 City,0,5,240.0,1,1,1,1,1,1,0,0,5,13.04,Junior Associate
CP-4351,1.2,Non-CS Degree,Tier 3 (Affiliated Colleges),Cloud & DevOps,Tier 2 City,1,3,56.0,1,0,1,0,1,0,1,0,3,12.11,Junior Associate
CP-4352,5.2,MCA,Tier 1 (IIT/NIT/BITS),Backend Systems,Tier 2 City,0,1,5.0,0,1,1,0,0,1,0,0,3,17.81,Job-Ready Mid-Level
CP-4353,1.6,M.Tech/M.S,Tier 3 (Affiliated Colleges),Data Science & AI/ML,Tier 1 Tech Hub (Bengaluru/NCR/Hyd),3,7,130.0,2,1,0,0,1,0,0,1,3,22.23,Job-Ready Mid-Level
CP-4354,0.5,B.Tech/B.E,Tier 2 (Top State/Private),Full Stack Web,Tier 1 Tech Hub (Bengaluru/NCR/Hyd),2,4,119.0,0,1,0,1,0,1,0,0,3,15.83,Job-Ready Mid-Level
CP-4355,0.2,B.Tech/B.E,Tier 1 (IIT/NIT/BITS),Backend Systems,Tier 1 Tech Hub (Bengaluru/NCR/Hyd),1,6,53.0,1,1,1,1,0,0,0,1,4,17.6,Job-Ready Mid-Level
CP-4356,2.6,BCA/B.Sc CS,Tier 3 (Affiliated Colleges),Data Science & AI/ML,Tier 1 Tech Hub (Bengaluru/NCR/Hyd),1,4,360.0,0,1,1,1,1,0,0,0,4,21.58,Job-Ready Mid-Level
CP-4357,1.1,B.Tech/B.E,Tier 2 (Top State/Private),Backend Systems,Tier 1 Tech Hub (Bengaluru/NCR/Hyd),1,5,5.0,0,0,1,0,0,0,1,0,2,14.17,Junior Associate
CP-4358,3.8,MCA,Tier 1 (IIT/NIT/BITS),Full Stack Web,Tier 2 City,2,4,216.0,3,1,1,1,0,0,0,1,4,22.73,Job-Ready Mid-Level
CP-4359,2.4,BCA/B.Sc CS,Tier 3 (Affiliated Colleges),Full Stack Web,Tier 2 City,1,2,116.0,2,1,0,1,0,0,0,1,3,12.38,Junior Associate
CP-4360,3.5,B.Tech/B.E,Tier 3 (Affiliated Colleges),Full Stack Web,Tier 1 Tech Hub (Bengaluru/NCR/Hyd),0,3,29.0,0,0,1,0,0,0,0,0,1,16.14,Job-Ready Mid-Level
CP-4361,0.7,MCA,Tier 3 (Affiliated Colleges),Full Stack Web,Tier 1 Tech Hub (Bengaluru/NCR/Hyd),1,6,146.0,2,1,0,0,1,0,1,0,3,15.53,Job-Ready Mid-Level
CP-4362,2.6,Non-CS Degree,Tier 3 (Affiliated Colleges),Full Stack Web,Remote Global,1,4,10.0,0,0,0,0,0,1,1,0,2,19.57,Job-Ready Mid-Level
CP-4363,0.7,B.Tech/B.E,Tier 3 (Affiliated Colleges),Backend Systems,Tier 1 Tech Hub (Bengaluru/NCR/Hyd),3,8,16.0,2,0,1,1,0,0,0,1,3,17.91,Job-Ready Mid-Level
CP-4364,6.2,B.Tech/B.E,Tier 1 (IIT/NIT/BITS),Data Analytics & BI,Tier 2 City,0,1,206.0,1,0,0,1,0,0,0,0,1,22.81,Job-Ready Mid-Level
CP-4365,2.2,B.Tech/B.E,Tier 2 (Top State/Private),Cloud & DevOps,Remote Global,0,3,0.0,0,1,1,1,0,0,1,0,4,18.96,Job-Ready Mid-Level
CP-4366,0.9,B.Tech/B.E,Tier 3 (Affiliated Colleges),Data Analytics & BI,Tier 2 City,2,7,11.0,2,0,1,0,1,0,0,0,2,10.85,Junior Associate
CP-4367,0.7,B.Tech/B.E,Tier 2 (Top State/Private),Data Science & AI/ML,Remote Global,2,3,61.0,1,1,1,1,0,0,0,0,3,16.27,Job-Ready Mid-Level
CP-4368,0.5,BCA/B.Sc CS,Tier 3 (Affiliated Colleges),Cloud & DevOps,Tier 2 City,2,5,0.0,0,0,0,1,0,0,1,1,3,11.44,Junior Associate
CP-4369,2.6,Non-CS Degree,Tier 3 (Affiliated Colleges),Full Stack Web,Tier 1 Tech Hub (Bengaluru/NCR/Hyd),1,4,228.0,0,1,1,0,0,0,0,0,2,16.14,Job-Ready Mid-Level
CP-4370,0.5,B.Tech/B.E,Tier 2 (Top State/Private),Data Analytics & BI,Tier 1 Tech Hub (Bengaluru/NCR/Hyd),1,5,,2,0,0,0,1,0,0,0,1,15.22,Job-Ready Mid-Level
CP-4371,2.0,B.Tech/B.E,Tier 3 (Affiliated Colleges),Full Stack Web,Tier 1 Tech Hub (Bengaluru/NCR/Hyd),1,5,53.0,1,1,0,0,1,0,0,0,2,16.35,Job-Ready Mid-Level
CP-4372,0.7,BCA/B.Sc CS,Tier 2 (Top State/Private),Cloud & DevOps,Tier 1 Tech Hub (Bengaluru/NCR/Hyd),0,6,37.0,0,1,1,1,0,0,0,0,3,12.4,Junior Associate
CP-4373,2.4,B.Tech/B.E,Tier 2 (Top State/Private),Backend Systems,Tier 2 City,1,2,47.0,0,0,1,0,0,1,0,1,3,17.05,Job-Ready Mid-Level
CP-4374,3.7,MCA,Tier 3 (Affiliated Colleges),Full Stack Web,Tier 1 Tech Hub (Bengaluru/NCR/Hyd),0,1,31.0,0,1,0,0,0,0,0,0,1,11.83,Junior Associate
CP-4375,3.3,B.Tech/B.E,Tier 2 (Top State/Private),Data Science & AI/ML,Tier 2 City,0,2,39.0,0,1,0,1,1,0,0,1,4,17.37,Job-Ready Mid-Level
CP-4376,3.1,B.Tech/B.E,Tier 2 (Top State/Private),Full Stack Web,Tier 1 Tech Hub (Bengaluru/NCR/Hyd),3,7,8.0,0,1,1,0,0,1,0,0,3,21.46,Job-Ready Mid-Level
CP-4377,0.5,B.Tech/B.E,Tier 2 (Top State/Private),Full Stack Web,Tier 1 Tech Hub (Bengaluru/NCR/Hyd),0,5,67.0,1,1,1,0,1,1,1,0,5,16.97,Job-Ready Mid-Level
CP-4378,0.2,M.Tech/M.S,Tier 3 (Affiliated Colleges),Cloud & DevOps,Remote Global,3,11,127.0,0,1,0,1,0,0,1,0,3,21.45,Job-Ready Mid-Level
CP-4379,2.6,B.Tech/B.E,Tier 3 (Affiliated Colleges),Backend Systems,Tier 1 Tech Hub (Bengaluru/NCR/Hyd),0,4,214.0,0,1,1,0,0,1,0,0,3,17.15,Job-Ready Mid-Level
CP-4380,1.0,M.Tech/M.S,Tier 3 (Affiliated Colleges),Full Stack Web,Tier 2 City,0,1,142.0,1,1,1,1,0,0,0,0,3,9.91,Junior Associate
CP-4381,1.2,B.Tech/B.E,Tier 3 (Affiliated Colleges),Full Stack Web,Tier 2 City,1,3,109.0,0,1,1,0,0,0,0,0,2,8.43,Entry-Level Learner
CP-4382,0.1,B.Tech/B.E,Tier 2 (Top State/Private),Cloud & DevOps,Tier 1 Tech Hub (Bengaluru/NCR/Hyd),2,6,29.0,2,1,0,1,1,0,0,1,4,15.39,Job-Ready Mid-Level
CP-4383,0.7,B.Tech/B.E,Tier 3 (Affiliated Colleges),Data Science & AI/ML,Tier 1 Tech Hub (Bengaluru/NCR/Hyd),1,5,235.0,0,0,1,0,1,0,1,0,3,17.33,Job-Ready Mid-Level
CP-4384,0.1,Non-CS Degree,Tier 3 (Affiliated Colleges),Data Science & AI/ML,Tier 1 Tech Hub (Bengaluru/NCR/Hyd),2,6,,1,0,1,0,1,1,0,0,3,15.16,Job-Ready Mid-Level
CP-4385,4.6,Non-CS Degree,Tier 2 (Top State/Private),Backend Systems,Tier 2 City,0,3,205.0,1,0,1,1,0,1,0,0,3,17.92,Job-Ready Mid-Level
CP-4386,0.6,B.Tech/B.E,Tier 1 (IIT/NIT/BITS),Cloud & DevOps,Tier 2 City,2,3,,0,0,0,0,1,1,0,1,3,14.97,Junior Associate
CP-4387,1.8,B.Tech/B.E,Tier 3 (Affiliated Colleges),Data Science & AI/ML,Tier 1 Tech Hub (Bengaluru/NCR/Hyd),0,3,153.0,2,0,1,1,1,1,1,0,5,22.55,Job-Ready Mid-Level
CP-4388,0.1,B.Tech/B.E,Tier 3 (Affiliated Colleges),Data Science & AI/ML,Tier 2 City,2,7,133.0,1,1,0,1,1,0,1,1,5,16.44,Job-Ready Mid-Level
CP-4389,2.4,B.Tech/B.E,Tier 3 (Affiliated Colleges),Cloud & DevOps,Tier 1 Tech Hub (Bengaluru/NCR/Hyd),1,3,31.0,0,0,1,1,0,0,0,0,2,14.42,Junior Associate
CP-4390,0.9,B.Tech/B.E,Tier 3 (Affiliated Colleges),Data Analytics & BI,Tier 2 City,2,5,363.0,2,0,0,0,0,1,1,0,2,14.57,Junior Associate
CP-4391,5.0,MCA,Tier 2 (Top State/Private),Data Analytics & BI,Remote Global,1,2,33.0,2,1,0,1,0,0,0,0,2,23.56,Job-Ready Mid-Level
CP-4392,4.8,Non-CS Degree,Tier 3 (Affiliated Colleges),Full Stack Web,Remote Global,0,5,20.0,1,1,0,1,0,1,0,0,3,22.15,Job-Ready Mid-Level
CP-4393,0.9,B.Tech/B.E,Tier 2 (Top State/Private),Backend Systems,Tier 2 City,2,9,31.0,0,1,1,1,1,0,1,0,5,16.71,Job-Ready Mid-Level
CP-4394,5.1,B.Tech/B.E,Tier 1 (IIT/NIT/BITS),Cloud & DevOps,Tier 1 Tech Hub (Bengaluru/NCR/Hyd),0,4,52.0,0,1,0,0,0,0,1,1,3,28.18,High-Demand Specialist
CP-4395,9.5,MCA,Tier 3 (Affiliated Colleges),Cloud & DevOps,Remote Global,0,1,214.0,1,0,1,0,0,0,0,0,1,35.65,High-Demand Specialist
CP-4396,3.8,M.Tech/M.S,Tier 2 (Top State/Private),Cloud & DevOps,Tier 1 Tech Hub (Bengaluru/NCR/Hyd),2,5,40.0,0,0,1,0,0,0,1,0,2,24.0,High-Demand Specialist
CP-4397,4.1,B.Tech/B.E,Tier 3 (Affiliated Colleges),Data Science & AI/ML,Tier 2 City,0,5,34.0,1,1,1,0,0,0,1,0,3,16.02,Job-Ready Mid-Level
CP-4398,0.6,B.Tech/B.E,Tier 2 (Top State/Private),Backend Systems,Tier 1 Tech Hub (Bengaluru/NCR/Hyd),0,3,143.0,1,1,1,1,0,1,1,0,5,18.0,Job-Ready Mid-Level
CP-4399,1.9,B.Tech/B.E,Tier 2 (Top State/Private),Data Science & AI/ML,Remote Global,1,3,10.0,1,1,1,0,0,0,1,0,3,19.53,Job-Ready Mid-Level
CP-4400,0.2,B.Tech/B.E,Tier 2 (Top State/Private),Data Science & AI/ML,Tier 2 City,2,3,138.0,1,1,0,0,0,0,0,0,1,9.86,Junior Associate
CP-4401,0.2,B.Tech/B.E,Tier 2 (Top State/Private),Data Analytics & BI,Tier 2 City,0,1,138.0,2,1,0,0,0,0,1,1,3,8.72,Entry-Level Learner
CP-4402,9.5,B.Tech/B.E,Tier 1 (IIT/NIT/BITS),Cloud & DevOps,Tier 1 Tech Hub (Bengaluru/NCR/Hyd),1,4,64.0,3,0,1,1,0,1,0,1,4,41.2,High-Demand Specialist
CP-4403,0.9,BCA/B.Sc CS,Tier 2 (Top State/Private),Data Analytics & BI,Tier 2 City,1,5,348.0,1,0,1,0,1,0,0,0,2,13.98,Junior Associate
CP-4404,3.0,B.Tech/B.E,Tier 3 (Affiliated Colleges),Full Stack Web,Tier 2 City,2,3,42.0,0,0,1,1,0,0,0,0,2,14.27,Junior Associate
CP-4405,3.6,B.Tech/B.E,Tier 1 (IIT/NIT/BITS),Full Stack Web,Tier 2 City,3,8,105.0,2,0,0,0,0,1,1,1,3,24.6,High-Demand Specialist
CP-4406,4.3,B.Tech/B.E,Tier 2 (Top State/Private),Backend Systems,Tier 1 Tech Hub (Bengaluru/NCR/Hyd),2,4,221.0,0,1,1,0,0,0,1,0,3,27.87,High-Demand Specialist
CP-4407,9.5,M.Tech/M.S,Tier 2 (Top State/Private),Data Science & AI/ML,Tier 1 Tech Hub (Bengaluru/NCR/Hyd),1,3,153.0,0,1,1,1,0,1,0,0,4,40.06,High-Demand Specialist
CP-4408,0.6,MCA,Tier 3 (Affiliated Colleges),Data Analytics & BI,Tier 1 Tech Hub (Bengaluru/NCR/Hyd),1,2,46.0,1,1,1,1,0,1,1,0,5,14.52,Junior Associate
CP-4409,0.1,B.Tech/B.E,Tier 1 (IIT/NIT/BITS),Data Science & AI/ML,Tier 1 Tech Hub (Bengaluru/NCR/Hyd),0,5,21.0,1,1,1,0,0,0,0,1,3,13.3,Junior Associate
CP-4410,1.2,B.Tech/B.E,Tier 3 (Affiliated Colleges),Data Analytics & BI,Tier 1 Tech Hub (Bengaluru/NCR/Hyd),1,2,120.0,1,1,1,1,0,0,0,0,3,13.73,Junior Associate
CP-4411,0.3,Non-CS Degree,Tier 3 (Affiliated Colleges),Data Science & AI/ML,Tier 1 Tech Hub (Bengaluru/NCR/Hyd),3,4,341.0,0,1,1,1,1,1,1,0,6,22.4,Job-Ready Mid-Level
CP-4412,0.0,B.Tech/B.E,Tier 2 (Top State/Private),Cloud & DevOps,Tier 1 Tech Hub (Bengaluru/NCR/Hyd),1,1,39.0,2,1,0,0,1,1,0,0,3,10.07,Junior Associate
CP-4413,1.0,B.Tech/B.E,Tier 2 (Top State/Private),Backend Systems,Tier 1 Tech Hub (Bengaluru/NCR/Hyd),0,3,45.0,2,1,0,1,1,0,1,0,4,16.52,Job-Ready Mid-Level
CP-4414,3.4,B.Tech/B.E,Tier 3 (Affiliated Colleges),Full Stack Web,Tier 1 Tech Hub (Bengaluru/NCR/Hyd),1,5,26.0,1,1,0,0,1,1,1,1,5,26.46,High-Demand Specialist
CP-4415,1.8,B.Tech/B.E,Tier 3 (Affiliated Colleges),Data Analytics & BI,Remote Global,1,5,152.0,0,1,1,0,0,0,0,0,2,16.29,Job-Ready Mid-Level
CP-4416,0.8,B.Tech/B.E,Tier 3 (Affiliated Colleges),Data Analytics & BI,Tier 1 Tech Hub (Bengaluru/NCR/Hyd),1,4,9.0,1,1,1,0,1,0,0,0,3,12.16,Junior Associate
CP-4417,2.3,MCA,Tier 1 (IIT/NIT/BITS),Data Analytics & BI,Tier 1 Tech Hub (Bengaluru/NCR/Hyd),1,3,213.0,0,1,1,1,0,0,0,1,4,25.03,High-Demand Specialist
CP-4418,0.6,BCA/B.Sc CS,Tier 2 (Top State/Private),Backend Systems,Tier 1 Tech Hub (Bengaluru/NCR/Hyd),1,4,224.0,1,1,1,0,1,1,1,0,5,21.62,Job-Ready Mid-Level
CP-4419,0.0,B.Tech/B.E,Tier 2 (Top State/Private),Full Stack Web,Tier 2 City,0,1,74.0,2,0,1,1,0,1,1,0,4,11.42,Junior Associate
CP-4420,3.2,Non-CS Degree,Tier 2 (Top State/Private),Data Science & AI/ML,Remote Global,3,3,0.0,2,1,1,0,0,0,1,1,4,25.26,High-Demand Specialist
CP-4421,2.2,B.Tech/B.E,Tier 2 (Top State/Private),Data Science & AI/ML,Tier 1 Tech Hub (Bengaluru/NCR/Hyd),1,1,125.0,1,1,0,1,1,1,1,0,5,24.26,High-Demand Specialist
CP-4422,3.2,B.Tech/B.E,Tier 3 (Affiliated Colleges),Data Science & AI/ML,Tier 1 Tech Hub (Bengaluru/NCR/Hyd),0,4,0.0,2,0,1,1,0,0,0,0,2,17.31,Job-Ready Mid-Level
CP-4423,0.1,BCA/B.Sc CS,Tier 2 (Top State/Private),Data Science & AI/ML,Remote Global,0,1,54.0,1,1,1,1,1,0,0,0,4,12.66,Junior Associate
CP-4424,4.0,BCA/B.Sc CS,Tier 3 (Affiliated Colleges),Cloud & DevOps,Tier 1 Tech Hub (Bengaluru/NCR/Hyd),2,6,18.0,2,1,1,0,1,0,0,0,3,22.03,Job-Ready Mid-Level
CP-4425,2.1,B.Tech/B.E,Tier 3 (Affiliated Colleges),Data Science & AI/ML,Tier 1 Tech Hub (Bengaluru/NCR/Hyd),2,4,54.0,3,0,1,1,1,0,1,0,4,20.66,Job-Ready Mid-Level
CP-4426,1.8,B.Tech/B.E,Tier 2 (Top State/Private),Data Science & AI/ML,Tier 1 Tech Hub (Bengaluru/NCR/Hyd),1,4,38.0,2,1,0,0,1,0,0,0,2,15.54,Job-Ready Mid-Level
CP-4427,2.2,BCA/B.Sc CS,Tier 3 (Affiliated Colleges),Data Science & AI/ML,Tier 1 Tech Hub (Bengaluru/NCR/Hyd),0,1,226.0,0,1,1,0,0,0,1,0,3,16.78,Job-Ready Mid-Level
CP-4428,4.4,BCA/B.Sc CS,Tier 1 (IIT/NIT/BITS),Data Analytics & BI,Remote Global,0,1,105.0,2,1,1,1,0,0,0,0,3,25.73,High-Demand Specialist
CP-4429,1.9,BCA/B.Sc CS,Tier 3 (Affiliated Colleges),Cloud & DevOps,Tier 1 Tech Hub (Bengaluru/NCR/Hyd),0,1,342.0,0,1,1,1,0,1,0,0,4,16.52,Job-Ready Mid-Level
CP-4430,1.9,B.Tech/B.E,Tier 1 (IIT/NIT/BITS),Full Stack Web,Remote Global,1,4,35.0,1,1,1,1,0,1,0,0,4,22.56,Job-Ready Mid-Level
CP-4431,9.5,B.Tech/B.E,Tier 1 (IIT/NIT/BITS),Backend Systems,Remote Global,1,3,0.0,1,1,1,1,1,0,1,0,5,47.2,High-Demand Specialist
CP-4432,3.1,B.Tech/B.E,Tier 3 (Affiliated Colleges),Data Science & AI/ML,Tier 1 Tech Hub (Bengaluru/NCR/Hyd),1,5,29.0,0,0,1,0,0,0,0,1,2,19.9,Job-Ready Mid-Level
CP-4433,1.3,B.Tech/B.E,Tier 2 (Top State/Private),Backend Systems,Tier 1 Tech Hub (Bengaluru/NCR/Hyd),1,5,29.0,0,1,1,1,0,1,0,1,5,18.68,Job-Ready Mid-Level
CP-4434,2.7,Non-CS Degree,Tier 3 (Affiliated Colleges),Cloud & DevOps,Tier 1 Tech Hub (Bengaluru/NCR/Hyd),0,3,33.0,1,1,0,1,0,0,0,0,2,11.67,Junior Associate
CP-4435,1.1,B.Tech/B.E,Tier 2 (Top State/Private),Data Science & AI/ML,Tier 1 Tech Hub (Bengaluru/NCR/Hyd),0,1,34.0,2,1,1,1,0,1,0,1,5,18.55,Job-Ready Mid-Level
CP-4436,0.6,B.Tech/B.E,Tier 2 (Top State/Private),Cloud & DevOps,Tier 1 Tech Hub (Bengaluru/NCR/Hyd),1,6,63.0,2,1,1,0,0,1,0,0,3,14.49,Junior Associate
CP-4437,2.0,M.Tech/M.S,Tier 2 (Top State/Private),Data Analytics & BI,Tier 2 City,0,5,0.0,1,1,1,0,0,0,0,0,2,10.7,Junior Associate
CP-4438,5.8,B.Tech/B.E,Tier 2 (Top State/Private),Full Stack Web,Tier 1 Tech Hub (Bengaluru/NCR/Hyd),0,3,45.0,2,1,0,1,1,0,1,1,5,31.84,High-Demand Specialist
CP-4439,5.8,B.Tech/B.E,Tier 2 (Top State/Private),Backend Systems,Remote Global,1,3,60.0,2,0,0,0,1,1,0,0,2,31.48,High-Demand Specialist
CP-4440,0.9,M.Tech/M.S,Tier 3 (Affiliated Colleges),Data Science & AI/ML,Tier 1 Tech Hub (Bengaluru/NCR/Hyd),2,8,,0,1,1,1,0,0,0,0,3,15.6,Job-Ready Mid-Level
CP-4441,1.7,MCA,Tier 3 (Affiliated Colleges),Data Science & AI/ML,Tier 2 City,2,4,237.0,0,1,0,0,0,0,1,0,2,14.38,Junior Associate
CP-4442,0.5,BCA/B.Sc CS,Tier 3 (Affiliated Colleges),Data Science & AI/ML,Remote Global,2,5,27.0,0,1,0,0,0,0,0,0,1,9.94,Junior Associate
CP-4443,9.5,B.Tech/B.E,Tier 3 (Affiliated Colleges),Data Science & AI/ML,Tier 1 Tech Hub (Bengaluru/NCR/Hyd),1,3,52.0,0,0,0,0,1,0,0,0,1,33.49,High-Demand Specialist
CP-4444,8.7,BCA/B.Sc CS,Tier 2 (Top State/Private),Data Science & AI/ML,Tier 1 Tech Hub (Bengaluru/NCR/Hyd),1,6,0.0,1,1,0,0,0,1,1,0,3,32.71,High-Demand Specialist
CP-4445,2.3,M.Tech/M.S,Tier 3 (Affiliated Colleges),Backend Systems,Tier 1 Tech Hub (Bengaluru/NCR/Hyd),0,2,29.0,1,0,1,0,1,0,0,0,2,16.04,Job-Ready Mid-Level
CP-4446,3.6,B.Tech/B.E,Tier 2 (Top State/Private),Data Science & AI/ML,Tier 1 Tech Hub (Bengaluru/NCR/Hyd),3,6,215.0,2,1,0,0,0,0,0,0,1,24.04,High-Demand Specialist
CP-4447,2.8,B.Tech/B.E,Tier 3 (Affiliated Colleges),Full Stack Web,Tier 1 Tech Hub (Bengaluru/NCR/Hyd),0,4,64.0,1,1,0,1,1,0,1,0,4,19.46,Job-Ready Mid-Level
CP-4448,2.0,MCA,Tier 2 (Top State/Private),Full Stack Web,Tier 1 Tech Hub (Bengaluru/NCR/Hyd),0,5,133.0,1,1,1,0,0,1,1,0,4,17.96,Job-Ready Mid-Level
CP-4449,0.1,B.Tech/B.E,Tier 3 (Affiliated Colleges),Backend Systems,Tier 1 Tech Hub (Bengaluru/NCR/Hyd),0,1,31.0,0,1,0,0,1,1,0,0,3,10.11,Junior Associate
CP-4450,1.3,M.Tech/M.S,Tier 3 (Affiliated Colleges),Backend Systems,Remote Global,3,7,131.0,1,1,1,1,0,1,0,0,4,24.13,High-Demand Specialist
CP-4451,2.5,B.Tech/B.E,Tier 3 (Affiliated Colleges),Data Analytics & BI,Tier 1 Tech Hub (Bengaluru/NCR/Hyd),3,8,226.0,1,1,0,1,1,0,0,0,3,23.73,Job-Ready Mid-Level
CP-4452,2.5,B.Tech/B.E,Tier 3 (Affiliated Colleges),Backend Systems,Tier 1 Tech Hub (Bengaluru/NCR/Hyd),2,8,235.0,0,1,1,1,1,0,0,0,4,21.83,Job-Ready Mid-Level
CP-4453,1.0,B.Tech/B.E,Tier 3 (Affiliated Colleges),Data Analytics & BI,Tier 1 Tech Hub (Bengaluru/NCR/Hyd),1,5,14.0,3,1,1,0,1,0,1,0,4,16.27,Job-Ready Mid-Level
CP-4454,6.3,M.Tech/M.S,Tier 3 (Affiliated Colleges),Backend Systems,Tier 1 Tech Hub (Bengaluru/NCR/Hyd),1,3,232.0,1,1,0,0,1,0,1,0,3,33.11,High-Demand Specialist
CP-4455,0.4,B.Tech/B.E,Tier 2 (Top State/Private),Cloud & DevOps,Tier 1 Tech Hub (Bengaluru/NCR/Hyd),3,6,44.0,0,1,1,1,0,0,0,0,3,16.82,Job-Ready Mid-Level
CP-4456,1.5,B.Tech/B.E,Tier 2 (Top State/Private),Data Science & AI/ML,Remote Global,1,7,39.0,1,1,1,0,0,1,1,0,4,22.12,Job-Ready Mid-Level
CP-4457,2.6,BCA/B.Sc CS,Tier 2 (Top State/Private),Full Stack Web,Tier 1 Tech Hub (Bengaluru/NCR/Hyd),3,7,119.0,0,0,1,0,0,0,1,0,2,22.68,Job-Ready Mid-Level
CP-4458,2.6,M.Tech/M.S,Tier 1 (IIT/NIT/BITS),Cloud & DevOps,Tier 1 Tech Hub (Bengaluru/NCR/Hyd),0,1,346.0,2,1,0,0,1,0,1,0,3,26.16,High-Demand Specialist
CP-4459,2.3,Non-CS Degree,Tier 2 (Top State/Private),Full Stack Web,Tier 1 Tech Hub (Bengaluru/NCR/Hyd),0,4,1.0,1,1,1,0,1,1,1,0,5,18.55,Job-Ready Mid-Level
CP-4460,0.7,B.Tech/B.E,Tier 2 (Top State/Private),Data Science & AI/ML,Tier 1 Tech Hub (Bengaluru/NCR/Hyd),2,3,127.0,2,1,0,1,0,1,1,0,4,20.49,Job-Ready Mid-Level
CP-4461,0.4,B.Tech/B.E,Tier 2 (Top State/Private),Cloud & DevOps,Tier 1 Tech Hub (Bengaluru/NCR/Hyd),0,3,0.0,0,0,0,0,0,1,0,0,1,9.56,Junior Associate
CP-4462,2.2,Non-CS Degree,Tier 3 (Affiliated Colleges),Backend Systems,Tier 2 City,3,5,69.0,2,1,1,0,0,1,0,1,4,17.07,Job-Ready Mid-Level
CP-4463,2.0,BCA/B.Sc CS,Tier 3 (Affiliated Colleges),Data Science & AI/ML,Tier 1 Tech Hub (Bengaluru/NCR/Hyd),1,5,220.0,1,1,1,0,0,1,0,0,3,17.26,Job-Ready Mid-Level
CP-4464,0.4,B.Tech/B.E,Tier 2 (Top State/Private),Data Analytics & BI,Tier 1 Tech Hub (Bengaluru/NCR/Hyd),2,7,51.0,0,1,1,0,0,1,1,0,4,17.87,Job-Ready Mid-Level
CP-4465,2.7,B.Tech/B.E,Tier 2 (Top State/Private),Data Analytics & BI,Tier 2 City,0,2,7.0,0,1,1,0,1,0,0,0,3,12.34,Junior Associate
CP-4466,1.3,MCA,Tier 2 (Top State/Private),Backend Systems,Tier 1 Tech Hub (Bengaluru/NCR/Hyd),1,3,25.0,0,0,1,1,0,1,1,1,5,19.93,Job-Ready Mid-Level
CP-4467,2.4,B.Tech/B.E,Tier 2 (Top State/Private),Backend Systems,Tier 1 Tech Hub (Bengaluru/NCR/Hyd),1,3,149.0,1,1,1,0,1,0,0,0,3,18.59,Job-Ready Mid-Level
CP-4468,4.0,BCA/B.Sc CS,Tier 3 (Affiliated Colleges),Data Analytics & BI,Remote Global,1,2,31.0,0,1,0,0,0,0,0,0,1,17.06,Job-Ready Mid-Level
CP-4469,0.4,B.Tech/B.E,Tier 2 (Top State/Private),Full Stack Web,Tier 1 Tech Hub (Bengaluru/NCR/Hyd),1,2,29.0,1,1,0,1,0,0,0,1,3,14.78,Junior Associate
CP-4470,0.0,B.Tech/B.E,Tier 2 (Top State/Private),Data Science & AI/ML,Tier 2 City,3,9,63.0,1,1,1,1,1,0,0,0,4,12.21,Junior Associate
CP-4471,3.3,BCA/B.Sc CS,Tier 3 (Affiliated Colleges),Full Stack Web,Tier 1 Tech Hub (Bengaluru/NCR/Hyd),1,5,244.0,1,1,0,0,0,0,0,0,1,17.18,Job-Ready Mid-Level
CP-4472,2.1,B.Tech/B.E,Tier 3 (Affiliated Colleges),Data Analytics & BI,Tier 1 Tech Hub (Bengaluru/NCR/Hyd),0,5,154.0,1,1,1,1,1,0,0,1,5,20.71,Job-Ready Mid-Level
CP-4473,2.6,B.Tech/B.E,Tier 1 (IIT/NIT/BITS),Backend Systems,Tier 1 Tech Hub (Bengaluru/NCR/Hyd),2,5,153.0,1,1,0,0,0,1,0,0,2,24.43,High-Demand Specialist
CP-4474,4.0,B.Tech/B.E,Tier 3 (Affiliated Colleges),Data Analytics & BI,Tier 1 Tech Hub (Bengaluru/NCR/Hyd),0,3,152.0,0,1,1,1,1,0,0,0,4,21.96,Job-Ready Mid-Level
CP-4475,3.6,B.Tech/B.E,Tier 2 (Top State/Private),Data Science & AI/ML,Tier 1 Tech Hub (Bengaluru/NCR/Hyd),1,2,33.0,1,1,1,0,0,0,0,0,2,17.48,Job-Ready Mid-Level
CP-4476,7.1,M.Tech/M.S,Tier 2 (Top State/Private),Cloud & DevOps,Tier 1 Tech Hub (Bengaluru/NCR/Hyd),0,2,64.0,0,0,1,1,0,0,1,0,3,31.33,High-Demand Specialist
CP-4477,1.7,MCA,Tier 1 (IIT/NIT/BITS),Full Stack Web,Remote Global,2,8,63.0,1,1,1,1,1,0,0,0,4,26.96,High-Demand Specialist
CP-4478,1.5,M.Tech/M.S,Tier 2 (Top State/Private),Data Science & AI/ML,Tier 2 City,0,4,2.0,1,0,1,0,0,0,0,0,1,11.48,Junior Associate
CP-4479,1.1,B.Tech/B.E,Tier 2 (Top State/Private),Data Science & AI/ML,Tier 1 Tech Hub (Bengaluru/NCR/Hyd),0,2,20.0,0,1,1,1,1,0,1,0,5,18.12,Job-Ready Mid-Level
CP-4480,0.4,B.Tech/B.E,Tier 2 (Top State/Private),Data Science & AI/ML,Tier 1 Tech Hub (Bengaluru/NCR/Hyd),2,5,126.0,1,1,1,1,0,0,0,0,3,15.12,Job-Ready Mid-Level
CP-4481,1.9,B.Tech/B.E,Tier 3 (Affiliated Colleges),Data Analytics & BI,Remote Global,2,6,0.0,0,1,1,1,0,1,0,0,4,19.7,Job-Ready Mid-Level
CP-4482,0.7,Non-CS Degree,Tier 3 (Affiliated Colleges),Data Science & AI/ML,Tier 2 City,0,4,72.0,1,1,1,0,1,0,1,1,5,12.23,Junior Associate
CP-4483,5.6,MCA,Tier 2 (Top State/Private),Full Stack Web,Tier 1 Tech Hub (Bengaluru/NCR/Hyd),2,3,50.0,1,1,1,1,1,0,0,1,5,29.54,High-Demand Specialist
CP-4484,1.9,MCA,Tier 1 (IIT/NIT/BITS),Backend Systems,Remote Global,2,5,34.0,0,0,0,0,0,0,1,1,2,25.24,High-Demand Specialist
CP-4485,2.0,B.Tech/B.E,Tier 3 (Affiliated Colleges),Full Stack Web,Tier 1 Tech Hub (Bengaluru/NCR/Hyd),0,3,56.0,2,0,1,1,0,0,1,1,4,19.74,Job-Ready Mid-Level
CP-4486,1.0,B.Tech/B.E,Tier 1 (IIT/NIT/BITS),Data Science & AI/ML,Tier 1 Tech Hub (Bengaluru/NCR/Hyd),2,8,127.0,2,1,1,0,1,0,0,1,4,22.19,Job-Ready Mid-Level
CP-4487,0.1,B.Tech/B.E,Tier 3 (Affiliated Colleges),Full Stack Web,Tier 1 Tech Hub (Bengaluru/NCR/Hyd),1,2,24.0,0,0,1,0,0,0,0,1,2,9.79,Junior Associate
CP-4488,0.1,B.Tech/B.E,Tier 3 (Affiliated Colleges),Data Science & AI/ML,Remote Global,1,3,30.0,0,1,1,1,1,0,0,0,4,13.91,Junior Associate
CP-4489,1.2,B.Tech/B.E,Tier 2 (Top State/Private),Data Science & AI/ML,Remote Global,1,5,122.0,0,1,1,0,1,1,0,0,4,20.29,Job-Ready Mid-Level
CP-4490,0.2,Non-CS Degree,Tier 2 (Top State/Private),Data Science & AI/ML,Remote Global,1,4,43.0,0,0,1,1,0,0,0,0,2,11.17,Junior Associate
CP-4491,2.1,B.Tech/B.E,Tier 1 (IIT/NIT/BITS),Cloud & DevOps,Tier 1 Tech Hub (Bengaluru/NCR/Hyd),0,3,128.0,0,1,1,0,0,1,1,1,5,24.66,High-Demand Specialist
CP-4492,4.7,B.Tech/B.E,Tier 2 (Top State/Private),Data Science & AI/ML,Remote Global,2,5,0.0,1,1,1,0,0,1,0,0,3,25.31,High-Demand Specialist
CP-4493,4.7,B.Tech/B.E,Tier 1 (IIT/NIT/BITS),Full Stack Web,Tier 1 Tech Hub (Bengaluru/NCR/Hyd),0,2,150.0,0,0,0,1,1,0,0,1,3,29.58,High-Demand Specialist
CP-4494,2.4,Non-CS Degree,Tier 3 (Affiliated Colleges),Backend Systems,Tier 1 Tech Hub (Bengaluru/NCR/Hyd),1,6,26.0,0,0,1,0,0,1,1,0,3,17.26,Job-Ready Mid-Level
CP-4495,0.5,BCA/B.Sc CS,Tier 2 (Top State/Private),Full Stack Web,Tier 1 Tech Hub (Bengaluru/NCR/Hyd),0,3,,1,1,1,0,0,0,1,0,3,12.36,Junior Associate
CP-4496,4.4,BCA/B.Sc CS,Tier 2 (Top State/Private),Backend Systems,Tier 1 Tech Hub (Bengaluru/NCR/Hyd),2,4,33.0,0,1,1,0,1,0,1,1,5,27.73,High-Demand Specialist
CP-4497,4.8,MCA,Tier 2 (Top State/Private),Full Stack Web,Tier 2 City,0,4,22.0,0,0,1,1,0,0,1,1,4,19.94,Job-Ready Mid-Level
CP-4498,0.5,B.Tech/B.E,Tier 2 (Top State/Private),Full Stack Web,Tier 1 Tech Hub (Bengaluru/NCR/Hyd),1,3,135.0,0,0,1,0,0,1,1,0,3,16.37,Job-Ready Mid-Level
CP-4499,2.9,BCA/B.Sc CS,Tier 1 (IIT/NIT/BITS),Data Analytics & BI,Remote Global,1,3,24.0,1,0,1,0,1,1,0,1,4,28.1,High-Demand Specialist
